SampleID	Sample_Plate	Sample_Well	Nitrite_input	Nitrate_input	Ammonium_input	Soil	Soil_ID	Sample_label2	Sample_type	Titration_type	Unit	Concentration_M	Added_ul	Chloramphenicol	Cycloheximide	Time_point	Sample_label	Replicate	ReplicateID	Soil_and_pH	Time	Soil_pH	Reads_sample	Reads_ecoli	Reads_parabac	Reads_spikein	Reads_sample_only	pH	pH_micro_T0	pH_control_T9	Biomass_proxy
Soil11_SampleB1	SetB	A01	0	2	0	Soil11	Soil11_CE234	Soil11_T9_Slurry_None_None_-100	Slurry	HCl_NaOH	-100	-10	20	None	None	Soil11_T9	Soil11_A01_-100_None	1	Soil11_T9_Slurry_None_None_-100_R1	Soil11_pH6.19	T9	6.19	60125	2243	3007	5250	54875	8.58	4.323333333	4.483333333	10.45238095
Soil11_SampleB10	SetB	A10	0	2	0	Soil11	Soil11_CE234	Soil11_T9_Slurry_CHL_None_-8	Slurry	HCl_NaOH	-8	-0.8	20	CHL	None	Soil11_T9	Soil11_A10_-8_CHL	1	Soil11_T9_Slurry_CHL_None_-8_R1	Soil11_pH6.19	T9	6.19	34084	1813	1885	3698	30386	5.348348348	4.316666667	4.426666667	8.216873986
Soil11_SampleB11	SetB	A11	0	2	0	Soil11	Soil11_CE234	Soil11_T9_Slurry_CHL_None_-3	Slurry	HCl_NaOH	-3	-0.3	20	CHL	None	Soil11_T9	Soil11_A11_-3_CHL	1	Soil11_T9_Slurry_CHL_None_-3_R1	Soil11_pH6.19	T9	6.19	58315	2909	3358	6267	52048	4.807807808	4.316666667	4.426666667	8.305090155
Soil11_SampleB12	SetB	A12	0	2	0	Soil11	Soil11_CE234	Soil11_T9_Slurry_CHL_None_9	Slurry	HCl_NaOH	9	0.9	20	CHL	None	Soil11_T9	Soil11_A12_9_CHL	1	Soil11_T9_Slurry_CHL_None_9_R1	Soil11_pH6.19	T9	6.19	70073	4849	6841	11690	58383	3.846846847	4.316666667	4.426666667	4.994268606
Soil11_SampleB13	SetB	B01	0	2	0	Soil11	Soil11_CE234	Soil11_T9_Slurry_None_None_-50	Slurry	HCl_NaOH	-50	-5	20	None	None	Soil11_T9	Soil11_B01_-50_None	1	Soil11_T9_Slurry_None_None_-50_R1	Soil11_pH6.19	T9	6.19	67313	1746	2165	3911	63402	8.147147147	4.323333333	4.483333333	16.21119918
Soil11_SampleB14	SetB	B02	0	2	0	Soil11	Soil11_CE234	Soil11_T9_Slurry_None_None_-18	Slurry	HCl_NaOH	-18	-1.8	20	None	None	Soil11_T9	Soil11_B02_-18_None	1	Soil11_T9_Slurry_None_None_-18_R1	Soil11_pH6.19	T9	6.19	41047	1034	1214	2248	38799	6.84	4.323333333	4.483333333	17.25934164
Soil11_SampleB15	SetB	B03	0	2	0	Soil11	Soil11_CE234	Soil11_T9_Slurry_None_None_-10	Slurry	HCl_NaOH	-10	-1	20	None	None	Soil11_T9	Soil11_B03_-10_None	1	Soil11_T9_Slurry_None_None_-10_R1	Soil11_pH6.19	T9	6.19	76178	1944	2100	4044	72134	5.888888889	4.323333333	4.483333333	17.83728981
Soil11_SampleB16	SetB	B04	0	2	0	Soil11	Soil11_CE234	Soil11_T9_Slurry_None_None_-5	Slurry	HCl_NaOH	-5	-0.5	20	None	None	Soil11_T9	Soil11_B04_-5_None	1	Soil11_T9_Slurry_None_None_-5_R1	Soil11_pH6.19	T9	6.19	26504	787	907	1694	24810	5.12012012	4.323333333	4.483333333	14.64580874
Soil11_SampleB17	SetB	B05	0	2	0	Soil11	Soil11_CE234	Soil11_T9_Slurry_None_None_3	Slurry	HCl_NaOH	3	0.3	20	None	None	Soil11_T9	Soil11_B05_3_None	1	Soil11_T9_Slurry_None_None_3_R1	Soil11_pH6.19	T9	6.19	17643	758	865	1623	16020	4.255255255	4.323333333	4.483333333	9.870609982
Soil11_SampleB18	SetB	B06	0	2	0	Soil11	Soil11_CE234	Soil11_T9_Slurry_None_None_30	Slurry	HCl_NaOH	30	3	20	None	None	Soil11_T9	Soil11_B06_30_None	1	Soil11_T9_Slurry_None_None_30_R1	Soil11_pH6.19	T9	6.19	62385	11122	13162	24284	38101	3.23	4.323333333	4.483333333	1.568975457
Soil11_SampleB19	SetB	B07	0	2	0	Soil11	Soil11_CE234	Soil11_T9_Slurry_CHL_None_-50	Slurry	HCl_NaOH	-50	-5	20	CHL	None	Soil11_T9	Soil11_B07_-50_CHL	1	Soil11_T9_Slurry_CHL_None_-50_R1	Soil11_pH6.19	T9	6.19	40716	1714	1768	3482	37234	8.099099099	4.316666667	4.426666667	10.69327972
Soil11_SampleB2	SetB	A02	0	2	0	Soil11	Soil11_CE234	Soil11_T9_Slurry_None_None_-25	Slurry	HCl_NaOH	-25	-2.5	20	None	None	Soil11_T9	Soil11_A02_-25_None	1	Soil11_T9_Slurry_None_None_-25_R1	Soil11_pH6.19	T9	6.19	43170	977	1168	2145	41025	7.498498498	4.323333333	4.483333333	19.12587413
Soil11_SampleB20	SetB	B08	0	2	0	Soil11	Soil11_CE234	Soil11_T9_Slurry_CHL_None_-18	Slurry	HCl_NaOH	-18	-1.8	20	CHL	None	Soil11_T9	Soil11_B08_-18_CHL	1	Soil11_T9_Slurry_CHL_None_-18_R1	Soil11_pH6.19	T9	6.19	20945	876	1106	1982	18963	6.777777778	4.316666667	4.426666667	9.567608476
Soil11_SampleB21	SetB	B09	0	2	0	Soil11	Soil11_CE234	Soil11_T9_Slurry_CHL_None_-10	Slurry	HCl_NaOH	-10	-1	20	CHL	None	Soil11_T9	Soil11_B09_-10_CHL	1	Soil11_T9_Slurry_CHL_None_-10_R1	Soil11_pH6.19	T9	6.19	50502	2243	2591	4834	45668	5.696696697	4.316666667	4.426666667	9.447248655
Soil11_SampleB22	SetB	B10	0	2	0	Soil11	Soil11_CE234	Soil11_T9_Slurry_CHL_None_-5	Slurry	HCl_NaOH	-5	-0.5	20	CHL	None	Soil11_T9	Soil11_B10_-5_CHL	1	Soil11_T9_Slurry_CHL_None_-5_R1	Soil11_pH6.19	T9	6.19	29244	1448	1658	3106	26138	5	4.316666667	4.426666667	8.415325177
Soil11_SampleB23	SetB	B11	0	2	0	Soil11	Soil11_CE234	Soil11_T9_Slurry_CHL_None_3	Slurry	HCl_NaOH	3	0.3	20	CHL	None	Soil11_T9	Soil11_B11_3_CHL	1	Soil11_T9_Slurry_CHL_None_3_R1	Soil11_pH6.19	T9	6.19	60889	3342	3579	6921	53968	4.231231231	4.316666667	4.426666667	7.797717093
Soil11_SampleB24	SetB	B12	0	2	0	Soil11	Soil11_CE234	Soil11_T9_Slurry_CHL_None_30	Slurry	HCl_NaOH	30	3	20	CHL	None	Soil11_T9	Soil11_B12_30_CHL	1	Soil11_T9_Slurry_CHL_None_30_R1	Soil11_pH6.19	T9	6.19	59715	11706	14592	26298	33417	3.306306306	4.316666667	4.426666667	1.270704997
Soil11_SampleB25	SetB	C01	0	2	0	Soil11	Soil11_CE234	Soil11_T9_Slurry_None_None_-100	Slurry	HCl_NaOH	-100	-10	20	None	None	Soil11_T9	Soil11_C01_-100_None	2	Soil11_T9_Slurry_None_None_-100_R2	Soil11_pH6.19	T9	6.19	49956	1535	2088	3623	46333	8.58	4.323333333	4.483333333	12.78857301
Soil11_SampleB26	SetB	C02	0	2	0	Soil11	Soil11_CE234	Soil11_T9_Slurry_None_None_-25	Slurry	HCl_NaOH	-25	-2.5	20	None	None	Soil11_T9	Soil11_C02_-25_None	2	Soil11_T9_Slurry_None_None_-25_R2	Soil11_pH6.19	T9	6.19	39871	817	925	1742	38129	7.498498498	4.323333333	4.483333333	21.8880597
Soil11_SampleB27	SetB	C03	0	2	0	Soil11	Soil11_CE234	Soil11_T9_Slurry_None_None_-14	Slurry	HCl_NaOH	-14	-1.4	20	None	None	Soil11_T9	Soil11_C03_-14_None	2	Soil11_T9_Slurry_None_None_-14_R2	Soil11_pH6.19	T9	6.19	62786	1502	1647	3149	59637	6.537537538	4.323333333	4.483333333	18.93839314
Soil11_SampleB28	SetB	C04	0	2	0	Soil11	Soil11_CE234	Soil11_T9_Slurry_None_None_-8	Slurry	HCl_NaOH	-8	-0.8	20	None	None	Soil11_T9	Soil11_C04_-8_None	2	Soil11_T9_Slurry_None_None_-8_R2	Soil11_pH6.19	T9	6.19	30700	871	1029	1900	28800	5.21	4.323333333	4.483333333	15.15789474
Soil11_SampleB29	SetB	C05	0	2	0	Soil11	Soil11_CE234	Soil11_T9_Slurry_None_None_-3	Slurry	HCl_NaOH	-3	-0.3	20	None	None	Soil11_T9	Soil11_C05_-3_None	2	Soil11_T9_Slurry_None_None_-3_R2	Soil11_pH6.19	T9	6.19	25505	769	857	1626	23879	4.783783784	4.323333333	4.483333333	14.68573186
Soil11_SampleB3	SetB	A03	0	2	0	Soil11	Soil11_CE234	Soil11_T9_Slurry_None_None_-14	Slurry	HCl_NaOH	-14	-1.4	20	None	None	Soil11_T9	Soil11_A03_-14_None	1	Soil11_T9_Slurry_None_None_-14_R1	Soil11_pH6.19	T9	6.19	63901	1555	1735	3290	60611	6.537537538	4.323333333	4.483333333	18.42279635
Soil11_SampleB30	SetB	C06	0	2	0	Soil11	Soil11_CE234	Soil11_T9_Slurry_None_None_9	Slurry	HCl_NaOH	9	0.9	20	None	None	Soil11_T9	Soil11_C06_9_None	2	Soil11_T9_Slurry_None_None_9_R2	Soil11_pH6.19	T9	6.19	61175	3613	3854	7467	53708	3.882882883	4.323333333	4.483333333	7.192714611
Soil11_SampleB31	SetB	C07	0	2	0	Soil11	Soil11_CE234	Soil11_T9_Slurry_CHL_None_-100	Slurry	HCl_NaOH	-100	-10	20	CHL	None	Soil11_T9	Soil11_C07_-100_CHL	2	Soil11_T9_Slurry_CHL_None_-100_R2	Soil11_pH6.19	T9	6.19	42314	1999	2141	4140	38174	8.55	4.316666667	4.426666667	9.220772947
Soil11_SampleB32	SetB	C08	0	2	0	Soil11	Soil11_CE234	Soil11_T9_Slurry_CHL_None_-25	Slurry	HCl_NaOH	-25	-2.5	20	CHL	None	Soil11_T9	Soil11_C08_-25_CHL	2	Soil11_T9_Slurry_CHL_None_-25_R2	Soil11_pH6.19	T9	6.19	28723	1398	1512	2910	25813	7.294294294	4.316666667	4.426666667	8.870446735
Soil11_SampleB33	SetB	C09	0	2	0	Soil11	Soil11_CE234	Soil11_T9_Slurry_CHL_None_-14	Slurry	HCl_NaOH	-14	-1.4	20	CHL	None	Soil11_T9	Soil11_C09_-14_CHL	2	Soil11_T9_Slurry_CHL_None_-14_R2	Soil11_pH6.19	T9	6.19	45627	1745	2218	3963	41664	6.249249249	4.316666667	4.426666667	10.51324754
Soil11_SampleB34	SetB	C10	0	2	0	Soil11	Soil11_CE234	Soil11_T9_Slurry_CHL_None_-8	Slurry	HCl_NaOH	-8	-0.8	20	CHL	None	Soil11_T9	Soil11_C10_-8_CHL	2	Soil11_T9_Slurry_CHL_None_-8_R2	Soil11_pH6.19	T9	6.19	34361	1486	1794	3280	31081	5.348348348	4.316666667	4.426666667	9.475914634
Soil11_SampleB35	SetB	C11	0	2	0	Soil11	Soil11_CE234	Soil11_T9_Slurry_CHL_None_-3	Slurry	HCl_NaOH	-3	-0.3	20	CHL	None	Soil11_T9	Soil11_C11_-3_CHL	2	Soil11_T9_Slurry_CHL_None_-3_R2	Soil11_pH6.19	T9	6.19	59833	2824	3188	6012	53821	4.807807808	4.316666667	4.426666667	8.952262142
Soil11_SampleB36	SetB	C12	0	2	0	Soil11	Soil11_CE234	Soil11_T9_Slurry_CHL_None_9	Slurry	HCl_NaOH	9	0.9	20	CHL	None	Soil11_T9	Soil11_C12_9_CHL	2	Soil11_T9_Slurry_CHL_None_9_R2	Soil11_pH6.19	T9	6.19	58635	4519	5541	10060	48575	3.846846847	4.316666667	4.426666667	4.828528827
Soil11_SampleB37	SetB	D01	0	2	0	Soil11	Soil11_CE234	Soil11_T9_Slurry_None_None_-50	Slurry	HCl_NaOH	-50	-5	20	None	None	Soil11_T9	Soil11_D01_-50_None	2	Soil11_T9_Slurry_None_None_-50_R2	Soil11_pH6.19	T9	6.19	52078	1349	1713	3062	49016	8.147147147	4.323333333	4.483333333	16.00783801
Soil11_SampleB38	SetB	D02	0	2	0	Soil11	Soil11_CE234	Soil11_T9_Slurry_None_None_-18	Slurry	HCl_NaOH	-18	-1.8	20	None	None	Soil11_T9	Soil11_D02_-18_None	2	Soil11_T9_Slurry_None_None_-18_R2	Soil11_pH6.19	T9	6.19	38768	972	1160	2132	36636	6.84	4.323333333	4.483333333	17.18386492
Soil11_SampleB39	SetB	D03	0	2	0	Soil11	Soil11_CE234	Soil11_T9_Slurry_None_None_-10	Slurry	HCl_NaOH	-10	-1	20	None	None	Soil11_T9	Soil11_D03_-10_None	2	Soil11_T9_Slurry_None_None_-10_R2	Soil11_pH6.19	T9	6.19	90663	2397	2687	5084	85579	5.888888889	4.323333333	4.483333333	16.83300551
Soil11_SampleB4	SetB	A04	0	2	0	Soil11	Soil11_CE234	Soil11_T9_Slurry_None_None_-8	Slurry	HCl_NaOH	-8	-0.8	20	None	None	Soil11_T9	Soil11_A04_-8_None	1	Soil11_T9_Slurry_None_None_-8_R1	Soil11_pH6.19	T9	6.19	30558	899	948	1847	28711	5.21	4.323333333	4.483333333	15.54466703
Soil11_SampleB40	SetB	D04	0	2	0	Soil11	Soil11_CE234	Soil11_T9_Slurry_None_None_-5	Slurry	HCl_NaOH	-5	-0.5	20	None	None	Soil11_T9	Soil11_D04_-5_None	2	Soil11_T9_Slurry_None_None_-5_R2	Soil11_pH6.19	T9	6.19	29027	875	939	1814	27213	5.12012012	4.323333333	4.483333333	15.0016538
Soil11_SampleB41	SetB	D05	0	2	0	Soil11	Soil11_CE234	Soil11_T9_Slurry_None_None_3	Slurry	HCl_NaOH	3	0.3	20	None	None	Soil11_T9	Soil11_D05_3_None	2	Soil11_T9_Slurry_None_None_3_R2	Soil11_pH6.19	T9	6.19	21833	929	994	1923	19910	4.255255255	4.323333333	4.483333333	10.35361414
Soil11_SampleB42	SetB	D06	0	2	0	Soil11	Soil11_CE234	Soil11_T9_Slurry_None_None_30	Slurry	HCl_NaOH	30	3	20	None	None	Soil11_T9	Soil11_D06_30_None	2	Soil11_T9_Slurry_None_None_30_R2	Soil11_pH6.19	T9	6.19	64655	11954	13801	25755	38900	3.23	4.323333333	4.483333333	1.510386333
Soil11_SampleB43	SetB	D07	0	2	0	Soil11	Soil11_CE234	Soil11_T9_Slurry_CHL_None_-50	Slurry	HCl_NaOH	-50	-5	20	CHL	None	Soil11_T9	Soil11_D07_-50_CHL	2	Soil11_T9_Slurry_CHL_None_-50_R2	Soil11_pH6.19	T9	6.19	40686	1755	1918	3673	37013	8.099099099	4.316666667	4.426666667	10.07704873
Soil11_SampleB44	SetB	D08	0	2	0	Soil11	Soil11_CE234	Soil11_T9_Slurry_CHL_None_-18	Slurry	HCl_NaOH	-18	-1.8	20	CHL	None	Soil11_T9	Soil11_D08_-18_CHL	2	Soil11_T9_Slurry_CHL_None_-18_R2	Soil11_pH6.19	T9	6.19	38517	1581	1828	3409	35108	6.777777778	4.316666667	4.426666667	10.2986213
Soil11_SampleB45	SetB	D09	0	2	0	Soil11	Soil11_CE234	Soil11_T9_Slurry_CHL_None_-10	Slurry	HCl_NaOH	-10	-1	20	CHL	None	Soil11_T9	Soil11_D09_-10_CHL	2	Soil11_T9_Slurry_CHL_None_-10_R2	Soil11_pH6.19	T9	6.19	67126	2812	3123	5935	61191	5.696696697	4.316666667	4.426666667	10.31019377
Soil11_SampleB46	SetB	D10	0	2	0	Soil11	Soil11_CE234	Soil11_T9_Slurry_CHL_None_-5	Slurry	HCl_NaOH	-5	-0.5	20	CHL	None	Soil11_T9	Soil11_D10_-5_CHL	2	Soil11_T9_Slurry_CHL_None_-5_R2	Soil11_pH6.19	T9	6.19	40116	2146	2454	4600	35516	5	4.316666667	4.426666667	7.720869565
Soil11_SampleB47	SetB	D11	0	2	0	Soil11	Soil11_CE234	Soil11_T9_Slurry_CHL_None_3	Slurry	HCl_NaOH	3	0.3	20	CHL	None	Soil11_T9	Soil11_D11_3_CHL	2	Soil11_T9_Slurry_CHL_None_3_R2	Soil11_pH6.19	T9	6.19	48547	2718	2723	5441	43106	4.231231231	4.316666667	4.426666667	7.922440728
Soil11_SampleB48	SetB	D12	0	2	0	Soil11	Soil11_CE234	Soil11_T9_Slurry_CHL_None_30	Slurry	HCl_NaOH	30	3	20	CHL	None	Soil11_T9	Soil11_D12_30_CHL	2	Soil11_T9_Slurry_CHL_None_30_R2	Soil11_pH6.19	T9	6.19	83116	16565	21229	37794	45322	3.306306306	4.316666667	4.426666667	1.199185056
Soil11_SampleB49	SetB	E01	0	2	0	Soil11	Soil11_CE234	Soil11_T9_Slurry_None_None_-100	Slurry	HCl_NaOH	-100	-10	20	None	None	Soil11_T9	Soil11_E01_-100_None	3	Soil11_T9_Slurry_None_None_-100_R3	Soil11_pH6.19	T9	6.19	58856	1380	1905	3285	55571	8.58	4.323333333	4.483333333	16.91659056
Soil11_SampleB5	SetB	A05	0	2	0	Soil11	Soil11_CE234	Soil11_T9_Slurry_None_None_-3	Slurry	HCl_NaOH	-3	-0.3	20	None	None	Soil11_T9	Soil11_A05_-3_None	1	Soil11_T9_Slurry_None_None_-3_R1	Soil11_pH6.19	T9	6.19	29093	946	1277	2223	26870	4.783783784	4.323333333	4.483333333	12.08726946
Soil11_SampleB50	SetB	E02	0	2	0	Soil11	Soil11_CE234	Soil11_T9_Slurry_None_None_-25	Slurry	HCl_NaOH	-25	-2.5	20	None	None	Soil11_T9	Soil11_E02_-25_None	3	Soil11_T9_Slurry_None_None_-25_R3	Soil11_pH6.19	T9	6.19	41229	849	996	1845	39384	7.498498498	4.323333333	4.483333333	21.34634146
Soil11_SampleB51	SetB	E03	0	2	0	Soil11	Soil11_CE234	Soil11_T9_Slurry_None_None_-14	Slurry	HCl_NaOH	-14	-1.4	20	None	None	Soil11_T9	Soil11_E03_-14_None	3	Soil11_T9_Slurry_None_None_-14_R3	Soil11_pH6.19	T9	6.19	74193	1731	1905	3636	70557	6.537537538	4.323333333	4.483333333	19.40511551
Soil11_SampleB52	SetB	E04	0	2	0	Soil11	Soil11_CE234	Soil11_T9_Slurry_None_None_-8	Slurry	HCl_NaOH	-8	-0.8	20	None	None	Soil11_T9	Soil11_E04_-8_None	3	Soil11_T9_Slurry_None_None_-8_R3	Soil11_pH6.19	T9	6.19	27272	761	869	1630	25642	5.21	4.323333333	4.483333333	15.73128834
Soil11_SampleB53	SetB	E05	0	2	0	Soil11	Soil11_CE234	Soil11_T9_Slurry_None_None_-3	Slurry	HCl_NaOH	-3	-0.3	20	None	None	Soil11_T9	Soil11_E05_-3_None	3	Soil11_T9_Slurry_None_None_-3_R3	Soil11_pH6.19	T9	6.19	35178	951	1238	2189	32989	4.783783784	4.323333333	4.483333333	15.07035176
Soil11_SampleB54	SetB	E06	0	2	0	Soil11	Soil11_CE234	Soil11_T9_Slurry_None_None_9	Slurry	HCl_NaOH	9	0.9	20	None	None	Soil11_T9	Soil11_E06_9_None	3	Soil11_T9_Slurry_None_None_9_R3	Soil11_pH6.19	T9	6.19	67779	4119	4653	8772	59007	3.882882883	4.323333333	4.483333333	6.726744186
Soil11_SampleB55	SetB	E07	0	2	0	Soil11	Soil11_CE234	Soil11_T9_Slurry_CHL_None_-100	Slurry	HCl_NaOH	-100	-10	20	CHL	None	Soil11_T9	Soil11_E07_-100_CHL	3	Soil11_T9_Slurry_CHL_None_-100_R3	Soil11_pH6.19	T9	6.19	54297	2414	2859	5273	49024	8.55	4.316666667	4.426666667	9.297174284
Soil11_SampleB56	SetB	E08	0	2	0	Soil11	Soil11_CE234	Soil11_T9_Slurry_CHL_None_-25	Slurry	HCl_NaOH	-25	-2.5	20	CHL	None	Soil11_T9	Soil11_E08_-25_CHL	3	Soil11_T9_Slurry_CHL_None_-25_R3	Soil11_pH6.19	T9	6.19	44840	1695	1974	3669	41171	7.294294294	4.316666667	4.426666667	11.22131371
Soil11_SampleB57	SetB	E09	0	2	0	Soil11	Soil11_CE234	Soil11_T9_Slurry_CHL_None_-14	Slurry	HCl_NaOH	-14	-1.4	20	CHL	None	Soil11_T9	Soil11_E09_-14_CHL	3	Soil11_T9_Slurry_CHL_None_-14_R3	Soil11_pH6.19	T9	6.19	39662	1718	2015	3733	35929	6.249249249	4.316666667	4.426666667	9.624698634
Soil11_SampleB58	SetB	E10	0	2	0	Soil11	Soil11_CE234	Soil11_T9_Slurry_CHL_None_-8	Slurry	HCl_NaOH	-8	-0.8	20	CHL	None	Soil11_T9	Soil11_E10_-8_CHL	3	Soil11_T9_Slurry_CHL_None_-8_R3	Soil11_pH6.19	T9	6.19	35545	1557	1795	3352	32193	5.348348348	4.316666667	4.426666667	9.604116945
Soil11_SampleB59	SetB	E11	0	2	0	Soil11	Soil11_CE234	Soil11_T9_Slurry_CHL_None_-3	Slurry	HCl_NaOH	-3	-0.3	20	CHL	None	Soil11_T9	Soil11_E11_-3_CHL	3	Soil11_T9_Slurry_CHL_None_-3_R3	Soil11_pH6.19	T9	6.19	64593	3158	3502	6660	57933	4.807807808	4.316666667	4.426666667	8.698648649
Soil11_SampleB6	SetB	A06	0	2	0	Soil11	Soil11_CE234	Soil11_T9_Slurry_None_None_9	Slurry	HCl_NaOH	9	0.9	20	None	None	Soil11_T9	Soil11_A06_9_None	1	Soil11_T9_Slurry_None_None_9_R1	Soil11_pH6.19	T9	6.19	59114	3978	4620	8598	50516	3.882882883	4.323333333	4.483333333	5.875319842
Soil11_SampleB60	SetB	E12	0	2	0	Soil11	Soil11_CE234	Soil11_T9_Slurry_CHL_None_9	Slurry	HCl_NaOH	9	0.9	20	CHL	None	Soil11_T9	Soil11_E12_9_CHL	3	Soil11_T9_Slurry_CHL_None_9_R3	Soil11_pH6.19	T9	6.19	66221	5652	6933	12585	53636	3.846846847	4.316666667	4.426666667	4.261899086
Soil11_SampleB61	SetB	F01	0	2	0	Soil11	Soil11_CE234	Soil11_T9_Slurry_None_None_-50	Slurry	HCl_NaOH	-50	-5	20	None	None	Soil11_T9	Soil11_F01_-50_None	3	Soil11_T9_Slurry_None_None_-50_R3	Soil11_pH6.19	T9	6.19	63564	1866	2377	4243	59321	8.147147147	4.323333333	4.483333333	13.98090973
Soil11_SampleB62	SetB	F02	0	2	0	Soil11	Soil11_CE234	Soil11_T9_Slurry_None_None_-18	Slurry	HCl_NaOH	-18	-1.8	20	None	None	Soil11_T9	Soil11_F02_-18_None	3	Soil11_T9_Slurry_None_None_-18_R3	Soil11_pH6.19	T9	6.19	39791	1036	1074	2110	37681	6.84	4.323333333	4.483333333	17.85829384
Soil11_SampleB63	SetB	F03	0	2	0	Soil11	Soil11_CE234	Soil11_T9_Slurry_None_None_-10	Slurry	HCl_NaOH	-10	-1	20	None	None	Soil11_T9	Soil11_F03_-10_None	3	Soil11_T9_Slurry_None_None_-10_R3	Soil11_pH6.19	T9	6.19	84250	2254	2342	4596	79654	5.888888889	4.323333333	4.483333333	17.33115753
Soil11_SampleB64	SetB	F04	0	2	0	Soil11	Soil11_CE234	Soil11_T9_Slurry_None_None_-5	Slurry	HCl_NaOH	-5	-0.5	20	None	None	Soil11_T9	Soil11_F04_-5_None	3	Soil11_T9_Slurry_None_None_-5_R3	Soil11_pH6.19	T9	6.19	25782	818	952	1770	24012	5.12012012	4.323333333	4.483333333	13.56610169
Soil11_SampleB65	SetB	F05	0	2	0	Soil11	Soil11_CE234	Soil11_T9_Slurry_None_None_3	Slurry	HCl_NaOH	3	0.3	20	None	None	Soil11_T9	Soil11_F05_3_None	3	Soil11_T9_Slurry_None_None_3_R3	Soil11_pH6.19	T9	6.19	32131	1241	1529	2770	29361	4.255255255	4.323333333	4.483333333	10.59963899
Soil11_SampleB66	SetB	F06	0	2	0	Soil11	Soil11_CE234	Soil11_T9_Slurry_None_None_30	Slurry	HCl_NaOH	30	3	20	None	None	Soil11_T9	Soil11_F06_30_None	3	Soil11_T9_Slurry_None_None_30_R3	Soil11_pH6.19	T9	6.19	73796	13501	15864	29365	44431	3.23	4.323333333	4.483333333	1.513059765
Soil11_SampleB67	SetB	F07	0	2	0	Soil11	Soil11_CE234	Soil11_T9_Slurry_CHL_None_-50	Slurry	HCl_NaOH	-50	-5	20	CHL	None	Soil11_T9	Soil11_F07_-50_CHL	3	Soil11_T9_Slurry_CHL_None_-50_R3	Soil11_pH6.19	T9	6.19	43569	1915	1973	3888	39681	8.099099099	4.316666667	4.426666667	10.20601852
Soil11_SampleB68	SetB	F08	0	2	0	Soil11	Soil11_CE234	Soil11_T9_Slurry_CHL_None_-18	Slurry	HCl_NaOH	-18	-1.8	20	CHL	None	Soil11_T9	Soil11_F08_-18_CHL	3	Soil11_T9_Slurry_CHL_None_-18_R3	Soil11_pH6.19	T9	6.19	32255	1287	1540	2827	29428	6.777777778	4.316666667	4.426666667	10.40962151
Soil11_SampleB69	SetB	F09	0	2	0	Soil11	Soil11_CE234	Soil11_T9_Slurry_CHL_None_-10	Slurry	HCl_NaOH	-10	-1	20	CHL	None	Soil11_T9	Soil11_F09_-10_CHL	3	Soil11_T9_Slurry_CHL_None_-10_R3	Soil11_pH6.19	T9	6.19	55615	2442	2760	5202	50413	5.696696697	4.316666667	4.426666667	9.691080354
Soil11_SampleB7	SetB	A07	0	2	0	Soil11	Soil11_CE234	Soil11_T9_Slurry_CHL_None_-100	Slurry	HCl_NaOH	-100	-10	20	CHL	None	Soil11_T9	Soil11_A07_-100_CHL	1	Soil11_T9_Slurry_CHL_None_-100_R1	Soil11_pH6.19	T9	6.19	51438	2552	3084	5636	45802	8.55	4.316666667	4.426666667	8.126685593
Soil11_SampleB70	SetB	F10	0	2	0	Soil11	Soil11_CE234	Soil11_T9_Slurry_CHL_None_-5	Slurry	HCl_NaOH	-5	-0.5	20	CHL	None	Soil11_T9	Soil11_F10_-5_CHL	3	Soil11_T9_Slurry_CHL_None_-5_R3	Soil11_pH6.19	T9	6.19	41327	1960	2142	4102	37225	5	4.316666667	4.426666667	9.074841541
Soil11_SampleB71	SetB	F11	0	2	0	Soil11	Soil11_CE234	Soil11_T9_Slurry_CHL_None_3	Slurry	HCl_NaOH	3	0.3	20	CHL	None	Soil11_T9	Soil11_F11_3_CHL	3	Soil11_T9_Slurry_CHL_None_3_R3	Soil11_pH6.19	T9	6.19	41650	2509	2698	5207	36443	4.231231231	4.316666667	4.426666667	6.998847705
Soil11_SampleB72	SetB	F12	0	2	0	Soil11	Soil11_CE234	Soil11_T9_Slurry_CHL_None_30	Slurry	HCl_NaOH	30	3	20	CHL	None	Soil11_T9	Soil11_F12_30_CHL	3	Soil11_T9_Slurry_CHL_None_30_R3	Soil11_pH6.19	T9	6.19	65664	12791	18261	31052	34612	3.306306306	4.316666667	4.426666667	1.1146464
Soil11_SampleB75	SetB	G03	0	0	0	Soil11	Soil11_CE234	Soil11_T9_No_Nitrate_None_None_0	No_Nitrate	No_Nitrate	0	0	20	None	None	Soil11_T9	Soil11_G03_0_None	2	Soil11_T9_No_Nitrate_None_None_0_R2	Soil11_pH6.19	T9	6.19	84859	2596	2893	5489	79370	4.483333333	4.323333333	4.483333333	14.45982875
Soil11_SampleB76	SetB	G04	0	2	0	Soil11	Soil11_CE234	Soil11_T9_Slurry_None_None_0	Slurry	HCl_NaOH	0	0	20	None	None	Soil11_T9	Soil11_G04_0_None	1	Soil11_T9_Slurry_None_None_0_R1	Soil11_pH6.19	T9	6.19	28345	962	1053	2015	26330	4.483333333	4.323333333	4.483333333	13.06699752
Soil11_SampleB77	SetB	G05	0	2	0	Soil11	Soil11_CE234	Soil11_T9_Slurry_None_None_0	Slurry	HCl_NaOH	0	0	20	None	None	Soil11_T9	Soil11_G05_0_None	3	Soil11_T9_Slurry_None_None_0_R3	Soil11_pH6.19	T9	6.19	19652	616	710	1326	18326	4.483333333	4.323333333	4.483333333	13.82051282
Soil11_SampleB78	SetB	G06	0	2	0	Soil11	Soil11_CE234	Soil11_T0	Slurry_T0	Nitrate	0	0	20	None	None	Soil11_T0	Soil11_T0	2	Soil11_T0_Slurry_T0_None_None_0_R2	Soil11_pH6.19	T0	6.19	60032	1955	2298	4253	55779	4.483333333	4.323333333	4.483333333	13.11521279
Soil11_SampleB8	SetB	A08	0	2	0	Soil11	Soil11_CE234	Soil11_T9_Slurry_CHL_None_-25	Slurry	HCl_NaOH	-25	-2.5	20	CHL	None	Soil11_T9	Soil11_A08_-25_CHL	1	Soil11_T9_Slurry_CHL_None_-25_R1	Soil11_pH6.19	T9	6.19	26885	1409	1391	2800	24085	7.294294294	4.316666667	4.426666667	8.601785714
Soil11_SampleB81	SetB	G09	0	0	0	Soil11	Soil11_CE234	Soil11_T9_No_Nitrate_CHL_None_0	No_Nitrate	No_Nitrate	0	0	20	CHL	None	Soil11_T9	Soil11_G09_0_CHL	2	Soil11_T9_No_Nitrate_CHL_None_0_R2	Soil11_pH6.19	T9	6.19	40321	1715	1829	3544	36777	4.426666667	4.316666667	4.426666667	10.37725734
Soil11_SampleB82	SetB	G10	0	2	0	Soil11	Soil11_CE234	Soil11_T9_Slurry_CHL_None_0	Slurry	HCl_NaOH	0	0	20	CHL	None	Soil11_T9	Soil11_G10_0_CHL	1	Soil11_T9_Slurry_CHL_None_0_R1	Soil11_pH6.19	T9	6.19	27184	1265	1552	2817	24367	4.426666667	4.316666667	4.426666667	8.649982251
Soil11_SampleB83	SetB	G11	0	2	0	Soil11	Soil11_CE234	Soil11_T9_Slurry_CHL_None_0	Slurry	HCl_NaOH	0	0	20	CHL	None	Soil11_T9	Soil11_G11_0_CHL	3	Soil11_T9_Slurry_CHL_None_0_R3	Soil11_pH6.19	T9	6.19	32612	1450	1763	3213	29399	4.426666667	4.316666667	4.426666667	9.150015562
Soil11_SampleB86	SetB	H02	0	0	0	Soil11	Soil11_CE234	Soil11_T9_No_Nitrate_None_None_0	No_Nitrate	No_Nitrate	0	0	20	None	None	Soil11_T9	Soil11_H02_0_None	1	Soil11_T9_No_Nitrate_None_None_0_R1	Soil11_pH6.19	T9	6.19	27618	962	1020	1982	25636	4.483333333	4.323333333	4.483333333	12.93440969
Soil11_SampleB87	SetB	H03	0	0	0	Soil11	Soil11_CE234	Soil11_T9_No_Nitrate_None_None_0	No_Nitrate	No_Nitrate	0	0	20	None	None	Soil11_T9	Soil11_H03_0_None	3	Soil11_T9_No_Nitrate_None_None_0_R3	Soil11_pH6.19	T9	6.19	69864	2423	2524	4947	64917	4.483333333	4.323333333	4.483333333	13.12249848
Soil11_SampleB88	SetB	H04	0	2	0	Soil11	Soil11_CE234	Soil11_T9_Slurry_None_None_0	Slurry	HCl_NaOH	0	0	20	None	None	Soil11_T9	Soil11_H04_0_None	2	Soil11_T9_Slurry_None_None_0_R2	Soil11_pH6.19	T9	6.19	30153	1102	1120	2222	27931	4.483333333	4.323333333	4.483333333	12.57020702
Soil11_SampleB89	SetB	H05	2	0	0	Soil11	Soil11_CE234	Soil11_T0	Slurry_T0	Nitrite	0	0	20	None	None	Soil11_T0	Soil11_T0	1	Soil11_T0_Slurry_T0_None_None_0_R1	Soil11_pH6.19	T0	6.19	19435	657	864	1521	17914	4.483333333	4.323333333	4.483333333	11.77777778
Soil11_SampleB9	SetB	A09	0	2	0	Soil11	Soil11_CE234	Soil11_T9_Slurry_CHL_None_-14	Slurry	HCl_NaOH	-14	-1.4	20	CHL	None	Soil11_T9	Soil11_A09_-14_CHL	1	Soil11_T9_Slurry_CHL_None_-14_R1	Soil11_pH6.19	T9	6.19	66239	2830	3348	6178	60061	6.249249249	4.316666667	4.426666667	9.721754613
Soil11_SampleB90	SetB	H06	0	0	2	Soil11	Soil11_CE234	Soil11_T0	Slurry_T0	Ammonium	0	0	20	None	None	Soil11_T0	Soil11_T0	3	Soil11_T0_Slurry_T0_None_None_0_R3	Soil11_pH6.19	T0	6.19	69892	2459	2836	5295	64597	4.483333333	4.323333333	4.483333333	12.19962229
Soil11_SampleB92	SetB	H08	0	0	0	Soil11	Soil11_CE234	Soil11_T9_No_Nitrate_CHL_None_0	No_Nitrate	No_Nitrate	0	0	20	CHL	None	Soil11_T9	Soil11_H08_0_CHL	1	Soil11_T9_No_Nitrate_CHL_None_0_R1	Soil11_pH6.19	T9	6.19	28219	1166	1314	2480	25739	4.426666667	4.316666667	4.426666667	10.37862903
Soil11_SampleB93	SetB	H09	0	0	0	Soil11	Soil11_CE234	Soil11_T9_No_Nitrate_CHL_None_0	No_Nitrate	No_Nitrate	0	0	20	CHL	None	Soil11_T9	Soil11_H09_0_CHL	3	Soil11_T9_No_Nitrate_CHL_None_0_R3	Soil11_pH6.19	T9	6.19	48803	1872	2290	4162	44641	4.426666667	4.316666667	4.426666667	10.72585296
Soil11_SampleB94	SetB	H10	0	2	0	Soil11	Soil11_CE234	Soil11_T9_Slurry_CHL_None_0	Slurry	HCl_NaOH	0	0	20	CHL	None	Soil11_T9	Soil11_H10_0_CHL	2	Soil11_T9_Slurry_CHL_None_0_R2	Soil11_pH6.19	T9	6.19	17773	876	1017	1893	15880	4.426666667	4.316666667	4.426666667	8.388800845
Soil3_SampleA1	SetA	A01	0	2	0	Soil3	Soil3_CE239	Soil3_T9_Slurry_None_None_-85	Slurry	HCl_NaOH	-85	-8.5	20	None	None	Soil3_T9	Soil3_A01_-85_None	1	Soil3_T9_Slurry_None_None_-85_R1	Soil3_pH4.99	T9	4.99	69374	3223	5010	8233	61141	8.48	4.006666667	3.933333333	7.42633305
Soil3_SampleA10	SetA	A10	0	2	0	Soil3	Soil3_CE239	Soil3_T9_Slurry_CHL_None_-16	Slurry	HCl_NaOH	-16	-1.6	20	CHL	None	Soil3_T9	Soil3_A10_-16_CHL	1	Soil3_T9_Slurry_CHL_None_-16_R1	Soil3_pH4.99	T9	4.99	108855	5365	6208	11573	97282	5.12012012	3.993333333	3.92	8.405944872
Soil3_SampleA11	SetA	A11	0	2	0	Soil3	Soil3_CE239	Soil3_T9_Slurry_CHL_None_-11	Slurry	HCl_NaOH	-11	-1.1	20	CHL	None	Soil3_T9	Soil3_A11_-11_CHL	1	Soil3_T9_Slurry_CHL_None_-11_R1	Soil3_pH4.99	T9	4.99	73479	3847	4141	7988	65491	4.627627628	3.993333333	3.92	8.19867301
Soil3_SampleA12	SetA	A12	0	2	0	Soil3	Soil3_CE239	Soil3_T9_Slurry_CHL_None_9	Slurry	HCl_NaOH	9	0.9	20	CHL	None	Soil3_T9	Soil3_A12_9_CHL	1	Soil3_T9_Slurry_CHL_None_9_R1	Soil3_pH4.99	T9	4.99	99300	13157	16610	29767	69533	3.486486486	3.993333333	3.92	2.335908892
Soil3_SampleA13	SetA	B01	0	2	0	Soil3	Soil3_CE239	Soil3_T9_Slurry_None_None_-50	Slurry	HCl_NaOH	-50	-5	20	None	None	Soil3_T9	Soil3_B01_-50_None	1	Soil3_T9_Slurry_None_None_-50_R1	Soil3_pH4.99	T9	4.99	79526	1966	3211	5177	74349	8.22	4.006666667	3.933333333	14.36140622
Soil3_SampleA14	SetA	B02	0	2	0	Soil3	Soil3_CE239	Soil3_T9_Slurry_None_None_-26	Slurry	HCl_NaOH	-26	-2.6	20	None	None	Soil3_T9	Soil3_B02_-26_None	1	Soil3_T9_Slurry_None_None_-26_R1	Soil3_pH4.99	T9	4.99	44052	568	974	1542	42510	7.174174174	4.006666667	3.933333333	27.56809339
Soil3_SampleA15	SetA	B03	0	2	0	Soil3	Soil3_CE239	Soil3_T9_Slurry_None_None_-19	Slurry	HCl_NaOH	-19	-1.9	20	None	None	Soil3_T9	Soil3_B03_-19_None	1	Soil3_T9_Slurry_None_None_-19_R1	Soil3_pH4.99	T9	4.99	98868	1916	2818	4734	94134	6.381381381	4.006666667	3.933333333	19.88466413
Soil3_SampleA16	SetA	B04	0	2	0	Soil3	Soil3_CE239	Soil3_T9_Slurry_None_None_-14	Slurry	HCl_NaOH	-14	-1.4	20	None	None	Soil3_T9	Soil3_B04_-14_None	1	Soil3_T9_Slurry_None_None_-14_R1	Soil3_pH4.99	T9	4.99	36331	876	1017	1893	34438	4.975975976	4.006666667	3.933333333	18.19228737
Soil3_SampleA17	SetA	B05	0	2	0	Soil3	Soil3_CE239	Soil3_T9_Slurry_None_None_-7	Slurry	HCl_NaOH	-7	-0.7	20	None	None	Soil3_T9	Soil3_B05_-7_None	1	Soil3_T9_Slurry_None_None_-7_R1	Soil3_pH4.99	T9	4.99	63987	2008	2414	4422	59565	4.315315315	4.006666667	3.933333333	13.47014925
Soil3_SampleA18	SetA	B06	0	2	0	Soil3	Soil3_CE239	Soil3_T9_Slurry_None_None_32	Slurry	HCl_NaOH	32	3.2	20	None	None	Soil3_T9	Soil3_B06_32_None	1	Soil3_T9_Slurry_None_None_32_R1	Soil3_pH4.99	T9	4.99	95875	20532	24131	44663	51212	3.07	4.006666667	3.933333333	1.14663144
Soil3_SampleA19	SetA	B07	0	2	0	Soil3	Soil3_CE239	Soil3_T9_Slurry_CHL_None_-50	Slurry	HCl_NaOH	-50	-5	20	CHL	None	Soil3_T9	Soil3_B07_-50_CHL	1	Soil3_T9_Slurry_CHL_None_-50_R1	Soil3_pH4.99	T9	4.99	72576	2751	3362	6113	66463	8.015015015	3.993333333	3.92	10.87240308
Soil3_SampleA2	SetA	A02	0	2	0	Soil3	Soil3_CE239	Soil3_T9_Slurry_None_None_-32	Slurry	HCl_NaOH	-32	-3.2	20	None	None	Soil3_T9	Soil3_A02_-32_None	1	Soil3_T9_Slurry_None_None_-32_R1	Soil3_pH4.99	T9	4.99	40475	1137	1739	2876	37599	7.642642643	4.006666667	3.933333333	13.07336579
Soil3_SampleA20	SetA	B08	0	2	0	Soil3	Soil3_CE239	Soil3_T9_Slurry_CHL_None_-26	Slurry	HCl_NaOH	-26	-2.6	20	CHL	None	Soil3_T9	Soil3_B08_-26_CHL	1	Soil3_T9_Slurry_CHL_None_-26_R1	Soil3_pH4.99	T9	4.99	40284	1345	1854	3199	37085	6.837837838	3.993333333	3.92	11.59268521
Soil3_SampleA21	SetA	B09	0	2	0	Soil3	Soil3_CE239	Soil3_T9_Slurry_CHL_None_-19	Slurry	HCl_NaOH	-19	-1.9	20	CHL	None	Soil3_T9	Soil3_B09_-19_CHL	1	Soil3_T9_Slurry_CHL_None_-19_R1	Soil3_pH4.99	T9	4.99	80524	3322	3908	7230	73294	5.600600601	3.993333333	3.92	10.13748271
Soil3_SampleA22	SetA	B10	0	2	0	Soil3	Soil3_CE239	Soil3_T9_Slurry_CHL_None_-14	Slurry	HCl_NaOH	-14	-1.4	20	CHL	None	Soil3_T9	Soil3_B10_-14_CHL	1	Soil3_T9_Slurry_CHL_None_-14_R1	Soil3_pH4.99	T9	4.99	76058	3286	3752	7038	69020	4.855855856	3.993333333	3.92	9.806763285
Soil3_SampleA23	SetA	B11	0	2	0	Soil3	Soil3_CE239	Soil3_T9_Slurry_CHL_None_-7	Slurry	HCl_NaOH	-7	-0.7	20	CHL	None	Soil3_T9	Soil3_B11_-7_CHL	1	Soil3_T9_Slurry_CHL_None_-7_R1	Soil3_pH4.99	T9	4.99	68069	3610	4268	7878	60191	4.327327327	3.993333333	3.92	7.640390962
Soil3_SampleA24	SetA	B12	0	2	0	Soil3	Soil3_CE239	Soil3_T9_Slurry_CHL_None_32	Slurry	HCl_NaOH	32	3.2	20	CHL	None	Soil3_T9	Soil3_B12_32_CHL	1	Soil3_T9_Slurry_CHL_None_32_R1	Soil3_pH4.99	T9	4.99	87805	20479	24155	44634	43171	3.078078078	3.993333333	3.92	0.9672222969
Soil3_SampleA25	SetA	C01	0	2	0	Soil3	Soil3_CE239	Soil3_T9_Slurry_None_None_-85	Slurry	HCl_NaOH	-85	-8.5	20	None	None	Soil3_T9	Soil3_C01_-85_None	2	Soil3_T9_Slurry_None_None_-85_R2	Soil3_pH4.99	T9	4.99	67307	2742	3964	6706	60601	8.48	4.006666667	3.933333333	9.036832687
Soil3_SampleA26	SetA	C02	0	2	0	Soil3	Soil3_CE239	Soil3_T9_Slurry_None_None_-32	Slurry	HCl_NaOH	-32	-3.2	20	None	None	Soil3_T9	Soil3_C02_-32_None	2	Soil3_T9_Slurry_None_None_-32_R2	Soil3_pH4.99	T9	4.99	37351	1373	1804	3177	34174	7.642642643	4.006666667	3.933333333	10.7566887
Soil3_SampleA27	SetA	C03	0	2	0	Soil3	Soil3_CE239	Soil3_T9_Slurry_None_None_-22	Slurry	HCl_NaOH	-22	-2.2	20	None	None	Soil3_T9	Soil3_C03_-22_None	2	Soil3_T9_Slurry_None_None_-22_R2	Soil3_pH4.99	T9	4.99	72620	1422	1846	3268	69352	6.777777778	4.006666667	3.933333333	21.22154223
Soil3_SampleA28	SetA	C04	0	2	0	Soil3	Soil3_CE239	Soil3_T9_Slurry_None_None_-16	Slurry	HCl_NaOH	-16	-1.6	20	None	None	Soil3_T9	Soil3_C04_-16_None	2	Soil3_T9_Slurry_None_None_-16_R2	Soil3_pH4.99	T9	4.99	36629	906	950	1856	34773	5.444444444	4.006666667	3.933333333	18.73545259
Soil3_SampleA29	SetA	C05	0	2	0	Soil3	Soil3_CE239	Soil3_T9_Slurry_None_None_-11	Slurry	HCl_NaOH	-11	-1.1	20	None	None	Soil3_T9	Soil3_C05_-11_None	2	Soil3_T9_Slurry_None_None_-11_R2	Soil3_pH4.99	T9	4.99	68422	1673	2060	3733	64689	4.711711712	4.006666667	3.933333333	17.32895794
Soil3_SampleA3	SetA	A03	0	2	0	Soil3	Soil3_CE239	Soil3_T9_Slurry_None_None_-22	Slurry	HCl_NaOH	-22	-2.2	20	None	None	Soil3_T9	Soil3_A03_-22_None	1	Soil3_T9_Slurry_None_None_-22_R1	Soil3_pH4.99	T9	4.99	115101	2293	3378	5671	109430	6.777777778	4.006666667	3.933333333	19.29642038
Soil3_SampleA30	SetA	C06	0	2	0	Soil3	Soil3_CE239	Soil3_T9_Slurry_None_None_9	Slurry	HCl_NaOH	9	0.9	20	None	None	Soil3_T9	Soil3_C06_9_None	2	Soil3_T9_Slurry_None_None_9_R2	Soil3_pH4.99	T9	4.99	77120	7786	9585	17371	59749	3.486486486	4.006666667	3.933333333	3.439583213
Soil3_SampleA31	SetA	C07	0	2	0	Soil3	Soil3_CE239	Soil3_T9_Slurry_CHL_None_-85	Slurry	HCl_NaOH	-85	-8.5	20	CHL	None	Soil3_T9	Soil3_C07_-85_CHL	2	Soil3_T9_Slurry_CHL_None_-85_R2	Soil3_pH4.99	T9	4.99	63368	2602	3381	5983	57385	8.44	3.993333333	3.92	9.591342136
Soil3_SampleA32	SetA	C08	0	2	0	Soil3	Soil3_CE239	Soil3_T9_Slurry_CHL_None_-32	Slurry	HCl_NaOH	-32	-3.2	20	CHL	None	Soil3_T9	Soil3_C08_-32_CHL	2	Soil3_T9_Slurry_CHL_None_-32_R2	Soil3_pH4.99	T9	4.99	35546	1236	1468	2704	32842	6.945945946	3.993333333	3.92	12.14571006
Soil3_SampleA33	SetA	C09	0	2	0	Soil3	Soil3_CE239	Soil3_T9_Slurry_CHL_None_-22	Slurry	HCl_NaOH	-22	-2.2	20	CHL	None	Soil3_T9	Soil3_C09_-22_CHL	2	Soil3_T9_Slurry_CHL_None_-22_R2	Soil3_pH4.99	T9	4.99	77829	2925	3239	6164	71665	6.345345345	3.993333333	3.92	11.62637897
Soil3_SampleA34	SetA	C10	0	2	0	Soil3	Soil3_CE239	Soil3_T9_Slurry_CHL_None_-16	Slurry	HCl_NaOH	-16	-1.6	20	CHL	None	Soil3_T9	Soil3_C10_-16_CHL	2	Soil3_T9_Slurry_CHL_None_-16_R2	Soil3_pH4.99	T9	4.99	126305	5113	5933	11046	115259	5.12012012	3.993333333	3.92	10.43445591
Soil3_SampleA35	SetA	C11	0	2	0	Soil3	Soil3_CE239	Soil3_T9_Slurry_CHL_None_-11	Slurry	HCl_NaOH	-11	-1.1	20	CHL	None	Soil3_T9	Soil3_C11_-11_CHL	2	Soil3_T9_Slurry_CHL_None_-11_R2	Soil3_pH4.99	T9	4.99	91352	4195	4973	9168	82184	4.627627628	3.993333333	3.92	8.964223386
Soil3_SampleA36	SetA	C12	0	2	0	Soil3	Soil3_CE239	Soil3_T9_Slurry_CHL_None_9	Slurry	HCl_NaOH	9	0.9	20	CHL	None	Soil3_T9	Soil3_C12_9_CHL	2	Soil3_T9_Slurry_CHL_None_9_R2	Soil3_pH4.99	T9	4.99	87054	10535	12696	23231	63823	3.486486486	3.993333333	3.92	2.747320391
Soil3_SampleA37	SetA	D01	0	2	0	Soil3	Soil3_CE239	Soil3_T9_Slurry_None_None_-50	Slurry	HCl_NaOH	-50	-5	20	None	None	Soil3_T9	Soil3_D01_-50_None	2	Soil3_T9_Slurry_None_None_-50_R2	Soil3_pH4.99	T9	4.99	80230	2292	3482	5774	74456	8.22	4.006666667	3.933333333	12.89504676
Soil3_SampleA38	SetA	D02	0	2	0	Soil3	Soil3_CE239	Soil3_T9_Slurry_None_None_-26	Slurry	HCl_NaOH	-26	-2.6	20	None	None	Soil3_T9	Soil3_D02_-26_None	2	Soil3_T9_Slurry_None_None_-26_R2	Soil3_pH4.99	T9	4.99	39999	522	886	1408	38591	7.174174174	4.006666667	3.933333333	27.40838068
Soil3_SampleA39	SetA	D03	0	2	0	Soil3	Soil3_CE239	Soil3_T9_Slurry_None_None_-19	Slurry	HCl_NaOH	-19	-1.9	20	None	None	Soil3_T9	Soil3_D03_-19_None	2	Soil3_T9_Slurry_None_None_-19_R2	Soil3_pH4.99	T9	4.99	81239	1779	2339	4118	77121	6.381381381	4.006666667	3.933333333	18.72778048
Soil3_SampleA4	SetA	A04	0	2	0	Soil3	Soil3_CE239	Soil3_T9_Slurry_None_None_-16	Slurry	HCl_NaOH	-16	-1.6	20	None	None	Soil3_T9	Soil3_A04_-16_None	1	Soil3_T9_Slurry_None_None_-16_R1	Soil3_pH4.99	T9	4.99	44184	1079	1362	2441	41743	5.444444444	4.006666667	3.933333333	17.10077837
Soil3_SampleA40	SetA	D04	0	2	0	Soil3	Soil3_CE239	Soil3_T9_Slurry_None_None_-14	Slurry	HCl_NaOH	-14	-1.4	20	None	None	Soil3_T9	Soil3_D04_-14_None	2	Soil3_T9_Slurry_None_None_-14_R2	Soil3_pH4.99	T9	4.99	45580	1036	1386	2422	43158	4.975975976	4.006666667	3.933333333	17.81915772
Soil3_SampleA41	SetA	D05	0	2	0	Soil3	Soil3_CE239	Soil3_T9_Slurry_None_None_-7	Slurry	HCl_NaOH	-7	-0.7	20	None	None	Soil3_T9	Soil3_D05_-7_None	2	Soil3_T9_Slurry_None_None_-7_R2	Soil3_pH4.99	T9	4.99	55707	1679	2132	3811	51896	4.315315315	4.006666667	3.933333333	13.61742325
Soil3_SampleA42	SetA	D06	0	2	0	Soil3	Soil3_CE239	Soil3_T9_Slurry_None_None_32	Slurry	HCl_NaOH	32	3.2	20	None	None	Soil3_T9	Soil3_D06_32_None	2	Soil3_T9_Slurry_None_None_32_R2	Soil3_pH4.99	T9	4.99	82821	16612	19964	36576	46245	3.07	4.006666667	3.933333333	1.264353675
Soil3_SampleA43	SetA	D07	0	2	0	Soil3	Soil3_CE239	Soil3_T9_Slurry_CHL_None_-50	Slurry	HCl_NaOH	-50	-5	20	CHL	None	Soil3_T9	Soil3_D07_-50_CHL	2	Soil3_T9_Slurry_CHL_None_-50_R2	Soil3_pH4.99	T9	4.99	71650	2949	3275	6224	65426	8.015015015	3.993333333	3.92	10.51188946
Soil3_SampleA44	SetA	D08	0	2	0	Soil3	Soil3_CE239	Soil3_T9_Slurry_CHL_None_-26	Slurry	HCl_NaOH	-26	-2.6	20	CHL	None	Soil3_T9	Soil3_D08_-26_CHL	2	Soil3_T9_Slurry_CHL_None_-26_R2	Soil3_pH4.99	T9	4.99	31870	1156	1315	2471	29399	6.837837838	3.993333333	3.92	11.8976123
Soil3_SampleA45	SetA	D09	0	2	0	Soil3	Soil3_CE239	Soil3_T9_Slurry_CHL_None_-19	Slurry	HCl_NaOH	-19	-1.9	20	CHL	None	Soil3_T9	Soil3_D09_-19_CHL	2	Soil3_T9_Slurry_CHL_None_-19_R2	Soil3_pH4.99	T9	4.99	77313	3124	3583	6707	70606	5.600600601	3.993333333	3.92	10.52721038
Soil3_SampleA46	SetA	D10	0	2	0	Soil3	Soil3_CE239	Soil3_T9_Slurry_CHL_None_-14	Slurry	HCl_NaOH	-14	-1.4	20	CHL	None	Soil3_T9	Soil3_D10_-14_CHL	2	Soil3_T9_Slurry_CHL_None_-14_R2	Soil3_pH4.99	T9	4.99	86769	3766	4451	8217	78552	4.855855856	3.993333333	3.92	9.559693319
Soil3_SampleA47	SetA	D11	0	2	0	Soil3	Soil3_CE239	Soil3_T9_Slurry_CHL_None_-7	Slurry	HCl_NaOH	-7	-0.7	20	CHL	None	Soil3_T9	Soil3_D11_-7_CHL	2	Soil3_T9_Slurry_CHL_None_-7_R2	Soil3_pH4.99	T9	4.99	66905	3524	4050	7574	59331	4.327327327	3.993333333	3.92	7.833509374
Soil3_SampleA48	SetA	D12	0	2	0	Soil3	Soil3_CE239	Soil3_T9_Slurry_CHL_None_32	Slurry	HCl_NaOH	32	3.2	20	CHL	None	Soil3_T9	Soil3_D12_32_CHL	2	Soil3_T9_Slurry_CHL_None_32_R2	Soil3_pH4.99	T9	4.99	78985	19285	22083	41368	37617	3.078078078	3.993333333	3.92	0.9093260491
Soil3_SampleA49	SetA	E01	0	2	0	Soil3	Soil3_CE239	Soil3_T9_Slurry_None_None_-85	Slurry	HCl_NaOH	-85	-8.5	20	None	None	Soil3_T9	Soil3_E01_-85_None	3	Soil3_T9_Slurry_None_None_-85_R3	Soil3_pH4.99	T9	4.99	75879	2786	4172	6958	68921	8.48	4.006666667	3.933333333	9.905288876
Soil3_SampleA5	SetA	A05	0	2	0	Soil3	Soil3_CE239	Soil3_T9_Slurry_None_None_-11	Slurry	HCl_NaOH	-11	-1.1	20	None	None	Soil3_T9	Soil3_A05_-11_None	1	Soil3_T9_Slurry_None_None_-11_R1	Soil3_pH4.99	T9	4.99	88929	2318	3038	5356	83573	4.711711712	4.006666667	3.933333333	15.60362211
Soil3_SampleA50	SetA	E02	0	2	0	Soil3	Soil3_CE239	Soil3_T9_Slurry_None_None_-32	Slurry	HCl_NaOH	-32	-3.2	20	None	None	Soil3_T9	Soil3_E02_-32_None	3	Soil3_T9_Slurry_None_None_-32_R3	Soil3_pH4.99	T9	4.99	52530	640	995	1635	50895	7.642642643	4.006666667	3.933333333	31.12844037
Soil3_SampleA51	SetA	E03	0	2	0	Soil3	Soil3_CE239	Soil3_T9_Slurry_None_None_-22	Slurry	HCl_NaOH	-22	-2.2	20	None	None	Soil3_T9	Soil3_E03_-22_None	3	Soil3_T9_Slurry_None_None_-22_R3	Soil3_pH4.99	T9	4.99	93354	1878	2495	4373	88981	6.777777778	4.006666667	3.933333333	20.34781614
Soil3_SampleA52	SetA	E04	0	2	0	Soil3	Soil3_CE239	Soil3_T9_Slurry_None_None_-16	Slurry	HCl_NaOH	-16	-1.6	20	None	None	Soil3_T9	Soil3_E04_-16_None	3	Soil3_T9_Slurry_None_None_-16_R3	Soil3_pH4.99	T9	4.99	30662	772	746	1518	29144	5.444444444	4.006666667	3.933333333	19.19894598
Soil3_SampleA53	SetA	E05	0	2	0	Soil3	Soil3_CE239	Soil3_T9_Slurry_None_None_-11	Slurry	HCl_NaOH	-11	-1.1	20	None	None	Soil3_T9	Soil3_E05_-11_None	3	Soil3_T9_Slurry_None_None_-11_R3	Soil3_pH4.99	T9	4.99	78077	1931	2398	4329	73748	4.711711712	4.006666667	3.933333333	17.03580504
Soil3_SampleA54	SetA	E06	0	2	0	Soil3	Soil3_CE239	Soil3_T9_Slurry_None_None_9	Slurry	HCl_NaOH	9	0.9	20	None	None	Soil3_T9	Soil3_E06_9_None	3	Soil3_T9_Slurry_None_None_9_R3	Soil3_pH4.99	T9	4.99	99643	10282	12893	23175	76468	3.486486486	4.006666667	3.933333333	3.299590076
Soil3_SampleA55	SetA	E07	0	2	0	Soil3	Soil3_CE239	Soil3_T9_Slurry_CHL_None_-85	Slurry	HCl_NaOH	-85	-8.5	20	CHL	None	Soil3_T9	Soil3_E07_-85_CHL	3	Soil3_T9_Slurry_CHL_None_-85_R3	Soil3_pH4.99	T9	4.99	72596	2884	3710	6594	66002	8.44	3.993333333	3.92	10.00940249
Soil3_SampleA56	SetA	E08	0	2	0	Soil3	Soil3_CE239	Soil3_T9_Slurry_CHL_None_-32	Slurry	HCl_NaOH	-32	-3.2	20	CHL	None	Soil3_T9	Soil3_E08_-32_CHL	3	Soil3_T9_Slurry_CHL_None_-32_R3	Soil3_pH4.99	T9	4.99	55558	1858	2218	4076	51482	6.945945946	3.993333333	3.92	12.63052012
Soil3_SampleA57	SetA	E09	0	2	0	Soil3	Soil3_CE239	Soil3_T9_Slurry_CHL_None_-22	Slurry	HCl_NaOH	-22	-2.2	20	CHL	None	Soil3_T9	Soil3_E09_-22_CHL	3	Soil3_T9_Slurry_CHL_None_-22_R3	Soil3_pH4.99	T9	4.99	79971	2946	3508	6454	73517	6.345345345	3.993333333	3.92	11.39092036
Soil3_SampleA58	SetA	E10	0	2	0	Soil3	Soil3_CE239	Soil3_T9_Slurry_CHL_None_-16	Slurry	HCl_NaOH	-16	-1.6	20	CHL	None	Soil3_T9	Soil3_E10_-16_CHL	3	Soil3_T9_Slurry_CHL_None_-16_R3	Soil3_pH4.99	T9	4.99	126849	5219	6090	11309	115540	5.12012012	3.993333333	3.92	10.21664161
Soil3_SampleA59	SetA	E11	0	2	0	Soil3	Soil3_CE239	Soil3_T9_Slurry_CHL_None_-11	Slurry	HCl_NaOH	-11	-1.1	20	CHL	None	Soil3_T9	Soil3_E11_-11_CHL	3	Soil3_T9_Slurry_CHL_None_-11_R3	Soil3_pH4.99	T9	4.99	103347	4902	5279	10181	93166	4.627627628	3.993333333	3.92	9.150967488
Soil3_SampleA6	SetA	A06	0	2	0	Soil3	Soil3_CE239	Soil3_T9_Slurry_None_None_9	Slurry	HCl_NaOH	9	0.9	20	None	None	Soil3_T9	Soil3_A06_9_None	1	Soil3_T9_Slurry_None_None_9_R1	Soil3_pH4.99	T9	4.99	81195	8372	10670	19042	62153	3.486486486	4.006666667	3.933333333	3.263995379
Soil3_SampleA60	SetA	E12	0	2	0	Soil3	Soil3_CE239	Soil3_T9_Slurry_CHL_None_9	Slurry	HCl_NaOH	9	0.9	20	CHL	None	Soil3_T9	Soil3_E12_9_CHL	3	Soil3_T9_Slurry_CHL_None_9_R3	Soil3_pH4.99	T9	4.99	72360	9378	11491	20869	51491	3.486486486	3.993333333	3.92	2.467343907
Soil3_SampleA61	SetA	F01	0	2	0	Soil3	Soil3_CE239	Soil3_T9_Slurry_None_None_-50	Slurry	HCl_NaOH	-50	-5	20	None	None	Soil3_T9	Soil3_F01_-50_None	3	Soil3_T9_Slurry_None_None_-50_R3	Soil3_pH4.99	T9	4.99	63164	1758	2800	4558	58606	8.22	4.006666667	3.933333333	12.85783238
Soil3_SampleA62	SetA	F02	0	2	0	Soil3	Soil3_CE239	Soil3_T9_Slurry_None_None_-26	Slurry	HCl_NaOH	-26	-2.6	20	None	None	Soil3_T9	Soil3_F02_-26_None	3	Soil3_T9_Slurry_None_None_-26_R3	Soil3_pH4.99	T9	4.99	33870	507	727	1234	32636	7.174174174	4.006666667	3.933333333	26.44732577
Soil3_SampleA63	SetA	F03	0	2	0	Soil3	Soil3_CE239	Soil3_T9_Slurry_None_None_-19	Slurry	HCl_NaOH	-19	-1.9	20	None	None	Soil3_T9	Soil3_F03_-19_None	3	Soil3_T9_Slurry_None_None_-19_R3	Soil3_pH4.99	T9	4.99	83909	1701	2391	4092	79817	6.381381381	4.006666667	3.933333333	19.50562072
Soil3_SampleA64	SetA	F04	0	2	0	Soil3	Soil3_CE239	Soil3_T9_Slurry_None_None_-14	Slurry	HCl_NaOH	-14	-1.4	20	None	None	Soil3_T9	Soil3_F04_-14_None	3	Soil3_T9_Slurry_None_None_-14_R3	Soil3_pH4.99	T9	4.99	56592	1138	1541	2679	53913	4.975975976	4.006666667	3.933333333	20.12430011
Soil3_SampleA65	SetA	F05	0	2	0	Soil3	Soil3_CE239	Soil3_T9_Slurry_None_None_-7	Slurry	HCl_NaOH	-7	-0.7	20	None	None	Soil3_T9	Soil3_F05_-7_None	3	Soil3_T9_Slurry_None_None_-7_R3	Soil3_pH4.99	T9	4.99	74087	2054	2546	4600	69487	4.315315315	4.006666667	3.933333333	15.10586957
Soil3_SampleA66	SetA	F06	0	2	0	Soil3	Soil3_CE239	Soil3_T9_Slurry_None_None_32	Slurry	HCl_NaOH	32	3.2	20	None	None	Soil3_T9	Soil3_F06_32_None	3	Soil3_T9_Slurry_None_None_32_R3	Soil3_pH4.99	T9	4.99	81673	16974	19997	36971	44702	3.07	4.006666667	3.933333333	1.209109843
Soil3_SampleA67	SetA	F07	0	2	0	Soil3	Soil3_CE239	Soil3_T9_Slurry_CHL_None_-50	Slurry	HCl_NaOH	-50	-5	20	CHL	None	Soil3_T9	Soil3_F07_-50_CHL	3	Soil3_T9_Slurry_CHL_None_-50_R3	Soil3_pH4.99	T9	4.99	83711	3251	4045	7296	76415	8.015015015	3.993333333	3.92	10.47354715
Soil3_SampleA68	SetA	F08	0	2	0	Soil3	Soil3_CE239	Soil3_T9_Slurry_CHL_None_-26	Slurry	HCl_NaOH	-26	-2.6	20	CHL	None	Soil3_T9	Soil3_F08_-26_CHL	3	Soil3_T9_Slurry_CHL_None_-26_R3	Soil3_pH4.99	T9	4.99	42889	1488	1741	3229	39660	6.837837838	3.993333333	3.92	12.28244038
Soil3_SampleA69	SetA	F09	0	2	0	Soil3	Soil3_CE239	Soil3_T9_Slurry_CHL_None_-19	Slurry	HCl_NaOH	-19	-1.9	20	CHL	None	Soil3_T9	Soil3_F09_-19_CHL	3	Soil3_T9_Slurry_CHL_None_-19_R3	Soil3_pH4.99	T9	4.99	72587	2921	3319	6240	66347	5.600600601	3.993333333	3.92	10.63253205
Soil3_SampleA7	SetA	A07	0	2	0	Soil3	Soil3_CE239	Soil3_T9_Slurry_CHL_None_-85	Slurry	HCl_NaOH	-85	-8.5	20	CHL	None	Soil3_T9	Soil3_A07_-85_CHL	1	Soil3_T9_Slurry_CHL_None_-85_R1	Soil3_pH4.99	T9	4.99	109816	4676	6323	10999	98817	8.44	3.993333333	3.92	8.98418038
Soil3_SampleA70	SetA	F10	0	2	0	Soil3	Soil3_CE239	Soil3_T9_Slurry_CHL_None_-14	Slurry	HCl_NaOH	-14	-1.4	20	CHL	None	Soil3_T9	Soil3_F10_-14_CHL	3	Soil3_T9_Slurry_CHL_None_-14_R3	Soil3_pH4.99	T9	4.99	129348	5480	6139	11619	117729	4.855855856	3.993333333	3.92	10.13245546
Soil3_SampleA71	SetA	F11	0	2	0	Soil3	Soil3_CE239	Soil3_T9_Slurry_CHL_None_-7	Slurry	HCl_NaOH	-7	-0.7	20	CHL	None	Soil3_T9	Soil3_F11_-7_CHL	3	Soil3_T9_Slurry_CHL_None_-7_R3	Soil3_pH4.99	T9	4.99	78168	4240	4888	9128	69040	4.327327327	3.993333333	3.92	7.563540754
Soil3_SampleA72	SetA	F12	0	2	0	Soil3	Soil3_CE239	Soil3_T9_Slurry_CHL_None_32	Slurry	HCl_NaOH	32	3.2	20	CHL	None	Soil3_T9	Soil3_F12_32_CHL	3	Soil3_T9_Slurry_CHL_None_32_R3	Soil3_pH4.99	T9	4.99	92187	22519	24766	47285	44902	3.078078078	3.993333333	3.92	0.9496034683
Soil3_SampleA75	SetA	G03	0	0	0	Soil3	Soil3_CE239	Soil3_T9_No_Nitrate_None_None_0	No_Nitrate	No_Nitrate	0	0	20	None	None	Soil3_T9	Soil3_G03_0_None	2	Soil3_T9_No_Nitrate_None_None_0_R2	Soil3_pH4.99	T9	4.99	76972	3712	5227	8939	68033	3.933333333	4.006666667	3.933333333	7.610806578
Soil3_SampleA76	SetA	G04	0	2	0	Soil3	Soil3_CE239	Soil3_T9_Slurry_None_None_0	Slurry	HCl_NaOH	0	0	20	None	None	Soil3_T9	Soil3_G04_0_None	1	Soil3_T9_Slurry_None_None_0_R1	Soil3_pH4.99	T9	4.99	41069	2041	2618	4659	36410	3.933333333	4.006666667	3.933333333	7.814981756
Soil3_SampleA77	SetA	G05	0	2	0	Soil3	Soil3_CE239	Soil3_T9_Slurry_None_None_0	Slurry	HCl_NaOH	0	0	20	None	None	Soil3_T9	Soil3_G05_0_None	3	Soil3_T9_Slurry_None_None_0_R3	Soil3_pH4.99	T9	4.99	67920	3618	4377	7995	59925	3.933333333	4.006666667	3.933333333	7.495309568
Soil3_SampleA78	SetA	G06	0	2	0	Soil3	Soil3_CE239	Soil3_T0	Slurry_T0	Nitrate	0	0	20	None	None	Soil3_T0	Soil3_T0	2	Soil3_T0_Slurry_T0_None_None_0_R2	Soil3_pH4.99	T0	4.99	95987	3618	4542	8160	87827	3.933333333	4.006666667	3.933333333	10.76311275
Soil3_SampleA8	SetA	A08	0	2	0	Soil3	Soil3_CE239	Soil3_T9_Slurry_CHL_None_-32	Slurry	HCl_NaOH	-32	-3.2	20	CHL	None	Soil3_T9	Soil3_A08_-32_CHL	1	Soil3_T9_Slurry_CHL_None_-32_R1	Soil3_pH4.99	T9	4.99	41051	1592	1956	3548	37503	6.945945946	3.993333333	3.92	10.57018038
Soil3_SampleA81	SetA	G09	0	0	0	Soil3	Soil3_CE239	Soil3_T9_No_Nitrate_CHL_None_0	No_Nitrate	No_Nitrate	0	0	20	CHL	None	Soil3_T9	Soil3_G09_0_CHL	2	Soil3_T9_No_Nitrate_CHL_None_0_R2	Soil3_pH4.99	T9	4.99	88304	5503	7015	12518	75786	3.92	3.993333333	3.92	6.054162007
Soil3_SampleA82	SetA	G10	0	2	0	Soil3	Soil3_CE239	Soil3_T9_Slurry_CHL_None_0	Slurry	HCl_NaOH	0	0	20	CHL	None	Soil3_T9	Soil3_G10_0_CHL	1	Soil3_T9_Slurry_CHL_None_0_R1	Soil3_pH4.99	T9	4.99	95064	8681	10638	19319	75745	3.92	3.993333333	3.92	3.920751592
Soil3_SampleA83	SetA	G11	0	2	0	Soil3	Soil3_CE239	Soil3_T9_Slurry_CHL_None_0	Slurry	HCl_NaOH	0	0	20	CHL	None	Soil3_T9	Soil3_G11_0_CHL	3	Soil3_T9_Slurry_CHL_None_0_R3	Soil3_pH4.99	T9	4.99	84375	5875	7514	13389	70986	3.92	3.993333333	3.92	5.301814923
Soil3_SampleA86	SetA	H02	0	0	0	Soil3	Soil3_CE239	Soil3_T9_No_Nitrate_None_None_0	No_Nitrate	No_Nitrate	0	0	20	None	None	Soil3_T9	Soil3_H02_0_None	1	Soil3_T9_No_Nitrate_None_None_0_R1	Soil3_pH4.99	T9	4.99	35890	1884	2228	4112	31778	3.933333333	4.006666667	3.933333333	7.72811284
Soil3_SampleA87	SetA	H03	0	0	0	Soil3	Soil3_CE239	Soil3_T9_No_Nitrate_None_None_0	No_Nitrate	No_Nitrate	0	0	20	None	None	Soil3_T9	Soil3_H03_0_None	3	Soil3_T9_No_Nitrate_None_None_0_R3	Soil3_pH4.99	T9	4.99	72337	3564	4693	8257	64080	3.933333333	4.006666667	3.933333333	7.760687901
Soil3_SampleA88	SetA	H04	0	2	0	Soil3	Soil3_CE239	Soil3_T9_Slurry_None_None_0	Slurry	HCl_NaOH	0	0	20	None	None	Soil3_T9	Soil3_H04_0_None	2	Soil3_T9_Slurry_None_None_0_R2	Soil3_pH4.99	T9	4.99	43976	2446	2952	5398	38578	3.933333333	4.006666667	3.933333333	7.146721008
Soil3_SampleA89	SetA	H05	2	0	0	Soil3	Soil3_CE239	Soil3_T0	Slurry_T0	Nitrite	0	0	20	None	None	Soil3_T0	Soil3_T0	1	Soil3_T0_Slurry_T0_None_None_0_R1	Soil3_pH4.99	T0	4.99	88860	3665	4698	8363	80497	3.933333333	4.006666667	3.933333333	9.62537367
Soil3_SampleA9	SetA	A09	0	2	0	Soil3	Soil3_CE239	Soil3_T9_Slurry_CHL_None_-22	Slurry	HCl_NaOH	-22	-2.2	20	CHL	None	Soil3_T9	Soil3_A09_-22_CHL	1	Soil3_T9_Slurry_CHL_None_-22_R1	Soil3_pH4.99	T9	4.99	92375	3720	4356	8076	84299	6.345345345	3.993333333	3.92	10.43821199
Soil3_SampleA90	SetA	H06	0	0	2	Soil3	Soil3_CE239	Soil3_T0	Slurry_T0	Ammonium	0	0	20	None	None	Soil3_T0	Soil3_T0	3	Soil3_T0_Slurry_T0_None_None_0_R3	Soil3_pH4.99	T0	4.99	95432	3732	4755	8487	86945	3.933333333	4.006666667	3.933333333	10.24449158
Soil3_SampleA92	SetA	H08	0	0	0	Soil3	Soil3_CE239	Soil3_T9_No_Nitrate_CHL_None_0	No_Nitrate	No_Nitrate	0	0	20	CHL	None	Soil3_T9	Soil3_H08_0_CHL	1	Soil3_T9_No_Nitrate_CHL_None_0_R1	Soil3_pH4.99	T9	4.99	35290	2173	2419	4592	30698	3.92	3.993333333	3.92	6.68510453
Soil3_SampleA93	SetA	H09	0	0	0	Soil3	Soil3_CE239	Soil3_T9_No_Nitrate_CHL_None_0	No_Nitrate	No_Nitrate	0	0	20	CHL	None	Soil3_T9	Soil3_H09_0_CHL	3	Soil3_T9_No_Nitrate_CHL_None_0_R3	Soil3_pH4.99	T9	4.99	85944	5908	7893	13801	72143	3.92	3.993333333	3.92	5.227374828
Soil3_SampleA94	SetA	H10	0	2	0	Soil3	Soil3_CE239	Soil3_T9_Slurry_CHL_None_0	Slurry	HCl_NaOH	0	0	20	CHL	None	Soil3_T9	Soil3_H10_0_CHL	2	Soil3_T9_Slurry_CHL_None_0_R2	Soil3_pH4.99	T9	4.99	86578	6001	7000	13001	73577	3.92	3.993333333	3.92	5.659333897
Soil15_SampleB10	SetB	A10	0	2	0	Soil15	Soil15_Neutral5	Soil15_T9_Slurry_CHL_None_22	Slurry	HCl_NaOH	22	2.2	20	CHL	None	Soil15_T9	Soil15_A10_22_CHL	1	Soil15_T9_Slurry_CHL_None_22_R1	Soil15_pH6.79	T9	6.79	97607	4281	4695	8976	88631	5.204204204	7.293333333	7.916666667	9.874220143
Soil15_SampleB11	SetB	A11	0	2	0	Soil15	Soil15_Neutral5	Soil15_T9_Slurry_CHL_None_30	Slurry	HCl_NaOH	30	3	20	CHL	None	Soil15_T9	Soil15_A11_30_CHL	1	Soil15_T9_Slurry_CHL_None_30_R1	Soil15_pH6.79	T9	6.79	109601	6456	6987	13443	96158	4.423423423	7.293333333	7.916666667	7.15301644
Soil15_SampleB12	SetB	A12	0	2	0	Soil15	Soil15_Neutral5	Soil15_T9_Slurry_CHL_None_40	Slurry	HCl_NaOH	40	4	20	CHL	None	Soil15_T9	Soil15_A12_40_CHL	1	Soil15_T9_Slurry_CHL_None_40_R1	Soil15_pH6.79	T9	6.79	150236	13604	19303	32907	117329	3.942942943	7.293333333	7.916666667	3.565472392
Soil15_SampleB19	SetB	B07	0	2	0	Soil15	Soil15_Neutral5	Soil15_T9_Slurry_CHL_None_-65	Slurry	HCl_NaOH	-65	-6.5	20	CHL	None	Soil15_T9	Soil15_B07_-65_CHL	1	Soil15_T9_Slurry_CHL_None_-65_R1	Soil15_pH6.79	T9	6.79	106235	7136	7699	14835	91400	8.423423423	7.293333333	7.916666667	6.161105494
Soil15_SampleB20	SetB	B08	0	2	0	Soil15	Soil15_Neutral5	Soil15_T9_Slurry_CHL_None_12	Slurry	HCl_NaOH	12	1.2	20	CHL	None	Soil15_T9	Soil15_B08_12_CHL	1	Soil15_T9_Slurry_CHL_None_12_R1	Soil15_pH6.79	T9	6.79	92988	3593	3826	7419	85569	7.102102102	7.293333333	7.916666667	11.53376466
Soil15_SampleB21	SetB	B09	0	2	0	Soil15	Soil15_Neutral5	Soil15_T9_Slurry_CHL_None_20	Slurry	HCl_NaOH	20	2	20	CHL	None	Soil15_T9	Soil15_B09_20_CHL	1	Soil15_T9_Slurry_CHL_None_20_R1	Soil15_pH6.79	T9	6.79	91792	2923	3458	6381	85411	5.672672673	7.293333333	7.916666667	13.38520608
Soil15_SampleB22	SetB	B10	0	2	0	Soil15	Soil15_Neutral5	Soil15_T9_Slurry_CHL_None_26	Slurry	HCl_NaOH	26	2.6	20	CHL	None	Soil15_T9	Soil15_B10_26_CHL	1	Soil15_T9_Slurry_CHL_None_26_R1	Soil15_pH6.79	T9	6.79	80665	4336	4689	9025	71640	4.6996997	7.293333333	7.916666667	7.937950139
Soil15_SampleB23	SetB	B11	0	2	0	Soil15	Soil15_Neutral5	Soil15_T9_Slurry_CHL_None_34	Slurry	HCl_NaOH	34	3.4	20	CHL	None	Soil15_T9	Soil15_B11_34_CHL	1	Soil15_T9_Slurry_CHL_None_34_R1	Soil15_pH6.79	T9	6.79	88785	6302	7160	13462	75323	4.159159159	7.293333333	7.916666667	5.595231021
Soil15_SampleB24	SetB	B12	0	2	0	Soil15	Soil15_Neutral5	Soil15_T9_Slurry_CHL_None_65	Slurry	HCl_NaOH	65	6.5	20	CHL	None	Soil15_T9	Soil15_B12_65_CHL	1	Soil15_T9_Slurry_CHL_None_65_R1	Soil15_pH6.79	T9	6.79	159207	24971	31836	56807	102400	3.462462462	7.293333333	7.916666667	1.802594751
Soil15_SampleB31	SetB	C07	0	2	0	Soil15	Soil15_Neutral5	Soil15_T9_Slurry_CHL_None_-100	Slurry	HCl_NaOH	-100	-10	20	CHL	None	Soil15_T9	Soil15_C07_-100_CHL	2	Soil15_T9_Slurry_CHL_None_-100_R2	Soil15_pH6.79	T9	6.79	108614	8040	7822	15862	92752	8.52	7.293333333	7.916666667	5.847434119
Soil15_SampleB32	SetB	C08	0	2	0	Soil15	Soil15_Neutral5	Soil15_T9_Slurry_CHL_None_7	Slurry	HCl_NaOH	7	0.7	20	CHL	None	Soil15_T9	Soil15_C08_7_CHL	2	Soil15_T9_Slurry_CHL_None_7_R2	Soil15_pH6.79	T9	6.79	89434	3157	3486	6643	82791	7.354354354	7.293333333	7.916666667	12.46289327
Soil15_SampleB33	SetB	C09	0	2	0	Soil15	Soil15_Neutral5	Soil15_T9_Slurry_CHL_None_16	Slurry	HCl_NaOH	16	1.6	20	CHL	None	Soil15_T9	Soil15_C09_16_CHL	2	Soil15_T9_Slurry_CHL_None_16_R2	Soil15_pH6.79	T9	6.79	111308	3397	3753	7150	104158	5.852852853	7.293333333	7.916666667	14.56755245
Soil15_SampleB34	SetB	C10	0	2	0	Soil15	Soil15_Neutral5	Soil15_T9_Slurry_CHL_None_22	Slurry	HCl_NaOH	22	2.2	20	CHL	None	Soil15_T9	Soil15_C10_22_CHL	2	Soil15_T9_Slurry_CHL_None_22_R2	Soil15_pH6.79	T9	6.79	128375	5014	5414	10428	117947	5.204204204	7.293333333	7.916666667	11.31060606
Soil15_SampleB35	SetB	C11	0	2	0	Soil15	Soil15_Neutral5	Soil15_T9_Slurry_CHL_None_30	Slurry	HCl_NaOH	30	3	20	CHL	None	Soil15_T9	Soil15_C11_30_CHL	2	Soil15_T9_Slurry_CHL_None_30_R2	Soil15_pH6.79	T9	6.79	101543	5210	5920	11130	90413	4.423423423	7.293333333	7.916666667	8.123360288
Soil15_SampleB36	SetB	C12	0	2	0	Soil15	Soil15_Neutral5	Soil15_T9_Slurry_CHL_None_40	Slurry	HCl_NaOH	40	4	20	CHL	None	Soil15_T9	Soil15_C12_40_CHL	2	Soil15_T9_Slurry_CHL_None_40_R2	Soil15_pH6.79	T9	6.79	130319	5521	6239	11760	118559	3.942942943	7.293333333	7.916666667	10.08154762
Soil15_SampleB43	SetB	D07	0	2	0	Soil15	Soil15_Neutral5	Soil15_T9_Slurry_CHL_None_-65	Slurry	HCl_NaOH	-65	-6.5	20	CHL	None	Soil15_T9	Soil15_D07_-65_CHL	2	Soil15_T9_Slurry_CHL_None_-65_R2	Soil15_pH6.79	T9	6.79	82692	5549	5904	11453	71239	8.423423423	7.293333333	7.916666667	6.220117
Soil15_SampleB45	SetB	D09	0	2	0	Soil15	Soil15_Neutral5	Soil15_T9_Slurry_CHL_None_20	Slurry	HCl_NaOH	20	2	20	CHL	None	Soil15_T9	Soil15_D09_20_CHL	2	Soil15_T9_Slurry_CHL_None_20_R2	Soil15_pH6.79	T9	6.79	96479	3314	3656	6970	89509	5.672672673	7.293333333	7.916666667	12.8420373
Soil15_SampleB46	SetB	D10	0	2	0	Soil15	Soil15_Neutral5	Soil15_T9_Slurry_CHL_None_26	Slurry	HCl_NaOH	26	2.6	20	CHL	None	Soil15_T9	Soil15_D10_26_CHL	2	Soil15_T9_Slurry_CHL_None_26_R2	Soil15_pH6.79	T9	6.79	111169	4704	5179	9883	101286	4.6996997	7.293333333	7.916666667	10.24850754
Soil15_SampleB47	SetB	D11	0	2	0	Soil15	Soil15_Neutral5	Soil15_T9_Slurry_CHL_None_34	Slurry	HCl_NaOH	34	3.4	20	CHL	None	Soil15_T9	Soil15_D11_34_CHL	2	Soil15_T9_Slurry_CHL_None_34_R2	Soil15_pH6.79	T9	6.79	75323	4676	4970	9646	65677	4.159159159	7.293333333	7.916666667	6.808729007
Soil15_SampleB48	SetB	D12	0	2	0	Soil15	Soil15_Neutral5	Soil15_T9_Slurry_CHL_None_65	Slurry	HCl_NaOH	65	6.5	20	CHL	None	Soil15_T9	Soil15_D12_65_CHL	2	Soil15_T9_Slurry_CHL_None_65_R2	Soil15_pH6.79	T9	6.79	92676	5083	4522	9605	83071	3.462462462	7.293333333	7.916666667	8.648724623
Soil15_SampleB55	SetB	E07	0	2	0	Soil15	Soil15_Neutral5	Soil15_T9_Slurry_CHL_None_-100	Slurry	HCl_NaOH	-100	-10	20	CHL	None	Soil15_T9	Soil15_E07_-100_CHL	3	Soil15_T9_Slurry_CHL_None_-100_R3	Soil15_pH6.79	T9	6.79	87520	6993	7224	14217	73303	8.52	7.293333333	7.916666667	5.15601041
Soil15_SampleB56	SetB	E08	0	2	0	Soil15	Soil15_Neutral5	Soil15_T9_Slurry_CHL_None_7	Slurry	HCl_NaOH	7	0.7	20	CHL	None	Soil15_T9	Soil15_E08_7_CHL	3	Soil15_T9_Slurry_CHL_None_7_R3	Soil15_pH6.79	T9	6.79	75849	2788	2970	5758	70091	7.354354354	7.293333333	7.916666667	12.17280306
Soil15_SampleB57	SetB	E09	0	2	0	Soil15	Soil15_Neutral5	Soil15_T9_Slurry_CHL_None_16	Slurry	HCl_NaOH	16	1.6	20	CHL	None	Soil15_T9	Soil15_E09_16_CHL	3	Soil15_T9_Slurry_CHL_None_16_R3	Soil15_pH6.79	T9	6.79	80830	2939	3230	6169	74661	5.852852853	7.293333333	7.916666667	12.10260982
Soil15_SampleB58	SetB	E10	0	2	0	Soil15	Soil15_Neutral5	Soil15_T9_Slurry_CHL_None_22	Slurry	HCl_NaOH	22	2.2	20	CHL	None	Soil15_T9	Soil15_E10_22_CHL	3	Soil15_T9_Slurry_CHL_None_22_R3	Soil15_pH6.79	T9	6.79	114480	4552	4693	9245	105235	5.204204204	7.293333333	7.916666667	11.38290968
Soil15_SampleB59	SetB	E11	0	2	0	Soil15	Soil15_Neutral5	Soil15_T9_Slurry_CHL_None_30	Slurry	HCl_NaOH	30	3	20	CHL	None	Soil15_T9	Soil15_E11_30_CHL	3	Soil15_T9_Slurry_CHL_None_30_R3	Soil15_pH6.79	T9	6.79	81476	4243	4696	8939	72537	4.423423423	7.293333333	7.916666667	8.11466607
Soil15_SampleB60	SetB	E12	0	2	0	Soil15	Soil15_Neutral5	Soil15_T9_Slurry_CHL_None_40	Slurry	HCl_NaOH	40	4	20	CHL	None	Soil15_T9	Soil15_E12_40_CHL	3	Soil15_T9_Slurry_CHL_None_40_R3	Soil15_pH6.79	T9	6.79	148095	7777	8618	16395	131700	3.942942943	7.293333333	7.916666667	8.032936871
Soil15_SampleB67	SetB	F07	0	2	0	Soil15	Soil15_Neutral5	Soil15_T9_Slurry_CHL_None_-65	Slurry	HCl_NaOH	-65	-6.5	20	CHL	None	Soil15_T9	Soil15_F07_-65_CHL	3	Soil15_T9_Slurry_CHL_None_-65_R3	Soil15_pH6.79	T9	6.79	87127	5822	6565	12387	74740	8.423423423	7.293333333	7.916666667	6.033745055
Soil15_SampleB68	SetB	F08	0	2	0	Soil15	Soil15_Neutral5	Soil15_T9_Slurry_CHL_None_12	Slurry	HCl_NaOH	12	1.2	20	CHL	None	Soil15_T9	Soil15_F08_12_CHL	3	Soil15_T9_Slurry_CHL_None_12_R3	Soil15_pH6.79	T9	6.79	66330	2659	2801	5460	60870	7.102102102	7.293333333	7.916666667	11.14835165
Soil15_SampleB69	SetB	F09	0	2	0	Soil15	Soil15_Neutral5	Soil15_T9_Slurry_CHL_None_20	Slurry	HCl_NaOH	20	2	20	CHL	None	Soil15_T9	Soil15_F09_20_CHL	3	Soil15_T9_Slurry_CHL_None_20_R3	Soil15_pH6.79	T9	6.79	85187	2994	3364	6358	78829	5.672672673	7.293333333	7.916666667	12.39839572
Soil15_SampleB7	SetB	A07	0	2	0	Soil15	Soil15_Neutral5	Soil15_T9_Slurry_CHL_None_-100	Slurry	HCl_NaOH	-100	-10	20	CHL	None	Soil15_T9	Soil15_A07_-100_CHL	1	Soil15_T9_Slurry_CHL_None_-100_R1	Soil15_pH6.79	T9	6.79	86970	7091	7179	14270	72700	8.52	7.293333333	7.916666667	5.094604064
Soil15_SampleB70	SetB	F10	0	2	0	Soil15	Soil15_Neutral5	Soil15_T9_Slurry_CHL_None_26	Slurry	HCl_NaOH	26	2.6	20	CHL	None	Soil15_T9	Soil15_F10_26_CHL	3	Soil15_T9_Slurry_CHL_None_26_R3	Soil15_pH6.79	T9	6.79	111126	4821	5706	10527	100599	4.6996997	7.293333333	7.916666667	9.556283842
Soil15_SampleB71	SetB	F11	0	2	0	Soil15	Soil15_Neutral5	Soil15_T9_Slurry_CHL_None_34	Slurry	HCl_NaOH	34	3.4	20	CHL	None	Soil15_T9	Soil15_F11_34_CHL	3	Soil15_T9_Slurry_CHL_None_34_R3	Soil15_pH6.79	T9	6.79	88651	6765	7661	14426	74225	4.159159159	7.293333333	7.916666667	5.145223901
Soil15_SampleB72	SetB	F12	0	2	0	Soil15	Soil15_Neutral5	Soil15_T9_Slurry_CHL_None_65	Slurry	HCl_NaOH	65	6.5	20	CHL	None	Soil15_T9	Soil15_F12_65_CHL	3	Soil15_T9_Slurry_CHL_None_65_R3	Soil15_pH6.79	T9	6.79	106913	7788	8242	16030	90883	3.462462462	7.293333333	7.916666667	5.66955708
Soil15_SampleB8	SetB	A08	0	2	0	Soil15	Soil15_Neutral5	Soil15_T9_Slurry_CHL_None_7	Slurry	HCl_NaOH	7	0.7	20	CHL	None	Soil15_T9	Soil15_A08_7_CHL	1	Soil15_T9_Slurry_CHL_None_7_R1	Soil15_pH6.79	T9	6.79	91977	3582	3842	7424	84553	7.354354354	7.293333333	7.916666667	11.38914332
Soil15_SampleB81	SetB	G09	0	0	0	Soil15	Soil15_Neutral5	Soil15_T9_No_Nitrate_CHL_None_0	No_Nitrate	No_Nitrate	0	0	20	CHL	None	Soil15_T9	Soil15_G09_0_CHL	2	Soil15_T9_No_Nitrate_CHL_None_0_R2	Soil15_pH6.79	T9	6.79	105449	3824	4084	7908	97541	7.916666667	7.293333333	7.916666667	12.33447142
Soil15_SampleB82	SetB	G10	0	2	0	Soil15	Soil15_Neutral5	Soil15_T9_Slurry_CHL_None_0	Slurry	HCl_NaOH	0	0	20	CHL	None	Soil15_T9	Soil15_G10_0_CHL	1	Soil15_T9_Slurry_CHL_None_0_R1	Soil15_pH6.79	T9	6.79	93295	3526	3934	7460	85835	7.916666667	7.293333333	7.916666667	11.50603217
Soil15_SampleB83	SetB	G11	0	2	0	Soil15	Soil15_Neutral5	Soil15_T9_Slurry_CHL_None_0	Slurry	HCl_NaOH	0	0	20	CHL	None	Soil15_T9	Soil15_G11_0_CHL	3	Soil15_T9_Slurry_CHL_None_0_R3	Soil15_pH6.79	T9	6.79	70620	2562	2768	5330	65290	7.916666667	7.293333333	7.916666667	12.24953096
Soil15_SampleB9	SetB	A09	0	2	0	Soil15	Soil15_Neutral5	Soil15_T9_Slurry_CHL_None_16	Slurry	HCl_NaOH	16	1.6	20	CHL	None	Soil15_T9	Soil15_A09_16_CHL	1	Soil15_T9_Slurry_CHL_None_16_R1	Soil15_pH6.79	T9	6.79	123484	4185	4569	8754	114730	5.852852853	7.293333333	7.916666667	13.10600868
Soil15_SampleB92	SetB	H08	0	0	0	Soil15	Soil15_Neutral5	Soil15_T9_No_Nitrate_CHL_None_0	No_Nitrate	No_Nitrate	0	0	20	CHL	None	Soil15_T9	Soil15_H08_0_CHL	1	Soil15_T9_No_Nitrate_CHL_None_0_R1	Soil15_pH6.79	T9	6.79	68788	2401	2693	5094	63694	7.916666667	7.293333333	7.916666667	12.50372988
Soil15_SampleB93	SetB	H09	0	0	0	Soil15	Soil15_Neutral5	Soil15_T9_No_Nitrate_CHL_None_0	No_Nitrate	No_Nitrate	0	0	20	CHL	None	Soil15_T9	Soil15_H09_0_CHL	3	Soil15_T9_No_Nitrate_CHL_None_0_R3	Soil15_pH6.79	T9	6.79	93770	3510	3911	7421	86349	7.916666667	7.293333333	7.916666667	11.63576337
Soil15_SampleB94	SetB	H10	0	2	0	Soil15	Soil15_Neutral5	Soil15_T9_Slurry_CHL_None_0	Slurry	HCl_NaOH	0	0	20	CHL	None	Soil15_T9	Soil15_H10_0_CHL	2	Soil15_T9_Slurry_CHL_None_0_R2	Soil15_pH6.79	T9	6.79	82708	3356	3641	6997	75711	7.916666667	7.293333333	7.916666667	10.8204945
Soil6_SampleA1	SetA	A01	0	2	0	Soil6	Soil6_CE73	Soil6_T9_Slurry_None_None_-70	Slurry	HCl_NaOH	-70	-7	20	None	None	Soil6_T9	Soil6_A01_-70_None	1	Soil6_T9_Slurry_None_None_-70_R1	Soil6_pH5.4	T9	5.4	64666	2316	3349	5665	59001	8.48	4.186666667	4.25	10.41500441
Soil6_SampleA10	SetA	A10	0	2	0	Soil6	Soil6_CE73	Soil6_T9_Slurry_CHL_None_-11	Slurry	HCl_NaOH	-11	-1.1	20	CHL	None	Soil6_T9	Soil6_A10_-11_CHL	1	Soil6_T9_Slurry_CHL_None_-11_R1	Soil6_pH5.4	T9	5.4	72973	3424	3920	7344	65629	5.252252252	4.143333333	4.243333333	8.936410675
Soil6_SampleA11	SetA	A11	0	2	0	Soil6	Soil6_CE73	Soil6_T9_Slurry_CHL_None_-4	Slurry	HCl_NaOH	-4	-0.4	20	CHL	None	Soil6_T9	Soil6_A11_-4_CHL	1	Soil6_T9_Slurry_CHL_None_-4_R1	Soil6_pH5.4	T9	5.4	84699	4259	4579	8838	75861	4.603603604	4.143333333	4.243333333	8.583503055
Soil6_SampleA12	SetA	A12	0	2	0	Soil6	Soil6_CE73	Soil6_T9_Slurry_CHL_None_22	Slurry	HCl_NaOH	22	2.2	20	CHL	None	Soil6_T9	Soil6_A12_22_CHL	1	Soil6_T9_Slurry_CHL_None_22_R1	Soil6_pH5.4	T9	5.4	72310	16336	16043	32379	39931	3.426426426	4.143333333	4.243333333	1.233237592
Soil6_SampleA13	SetA	B01	0	2	0	Soil6	Soil6_CE73	Soil6_T9_Slurry_None_None_-40	Slurry	HCl_NaOH	-40	-4	20	None	None	Soil6_T9	Soil6_B01_-40_None	1	Soil6_T9_Slurry_None_None_-40_R1	Soil6_pH5.4	T9	5.4	65017	1770	2575	4345	60672	7.930930931	4.186666667	4.25	13.96363636
Soil6_SampleA14	SetA	B02	0	2	0	Soil6	Soil6_CE73	Soil6_T9_Slurry_None_None_-21	Slurry	HCl_NaOH	-21	-2.1	20	None	None	Soil6_T9	Soil6_B02_-21_None	1	Soil6_T9_Slurry_None_None_-21_R1	Soil6_pH5.4	T9	5.4	25311	566	741	1307	24004	6.933933934	4.186666667	4.25	18.36572303
Soil6_SampleA15	SetA	B03	0	2	0	Soil6	Soil6_CE73	Soil6_T9_Slurry_None_None_-14	Slurry	HCl_NaOH	-14	-1.4	20	None	None	Soil6_T9	Soil6_B03_-14_None	1	Soil6_T9_Slurry_None_None_-14_R1	Soil6_pH5.4	T9	5.4	73980	1839	2161	4000	69980	6.093093093	4.186666667	4.25	17.495
Soil6_SampleA16	SetA	B04	0	2	0	Soil6	Soil6_CE73	Soil6_T9_Slurry_None_None_-7	Slurry	HCl_NaOH	-7	-0.7	20	None	None	Soil6_T9	Soil6_B04_-7_None	1	Soil6_T9_Slurry_None_None_-7_R1	Soil6_pH5.4	T9	5.4	31228	917	1069	1986	29242	4.903903904	4.186666667	4.25	14.72406848
Soil6_SampleA17	SetA	B05	0	2	0	Soil6	Soil6_CE73	Soil6_T9_Slurry_None_None_7	Slurry	HCl_NaOH	7	0.7	20	None	None	Soil6_T9	Soil6_B05_7_None	1	Soil6_T9_Slurry_None_None_7_R1	Soil6_pH5.4	T9	5.4	56284	3586	4181	7767	48517	3.846846847	4.186666667	4.25	6.246555942
Soil6_SampleA18	SetA	B06	0	2	0	Soil6	Soil6_CE73	Soil6_T9_Slurry_None_None_60	Slurry	HCl_NaOH	60	6	20	None	None	Soil6_T9	Soil6_B06_60_None	1	Soil6_T9_Slurry_None_None_60_R1	Soil6_pH5.4	T9	5.4	56897	14097	14842	28939	27958	2.82	4.186666667	4.25	0.9661011092
Soil6_SampleA19	SetA	B07	0	2	0	Soil6	Soil6_CE73	Soil6_T9_Slurry_CHL_None_-40	Slurry	HCl_NaOH	-40	-4	20	CHL	None	Soil6_T9	Soil6_B07_-40_CHL	1	Soil6_T9_Slurry_CHL_None_-40_R1	Soil6_pH5.4	T9	5.4	57607	1783	1913	3696	53911	7.846846847	4.143333333	4.243333333	14.58630952
Soil6_SampleA2	SetA	A02	0	2	0	Soil6	Soil6_CE73	Soil6_T9_Slurry_None_None_-26	Slurry	HCl_NaOH	-26	-2.6	20	None	None	Soil6_T9	Soil6_A02_-26_None	1	Soil6_T9_Slurry_None_None_-26_R1	Soil6_pH5.4	T9	5.4	23041	491	638	1129	21912	7.318318318	4.186666667	4.25	19.40832595
Soil6_SampleA20	SetA	B08	0	2	0	Soil6	Soil6_CE73	Soil6_T9_Slurry_CHL_None_-21	Slurry	HCl_NaOH	-21	-2.1	20	CHL	None	Soil6_T9	Soil6_B08_-21_CHL	1	Soil6_T9_Slurry_CHL_None_-21_R1	Soil6_pH5.4	T9	5.4	19025	746	787	1533	17492	6.585585586	4.143333333	4.243333333	11.41030659
Soil6_SampleA21	SetA	B09	0	2	0	Soil6	Soil6_CE73	Soil6_T9_Slurry_CHL_None_-14	Slurry	HCl_NaOH	-14	-1.4	20	CHL	None	Soil6_T9	Soil6_B09_-14_CHL	1	Soil6_T9_Slurry_CHL_None_-14_R1	Soil6_pH5.4	T9	5.4	64309	2822	3264	6086	58223	5.804804805	4.143333333	4.243333333	9.566710483
Soil6_SampleA22	SetA	B10	0	2	0	Soil6	Soil6_CE73	Soil6_T9_Slurry_CHL_None_-7	Slurry	HCl_NaOH	-7	-0.7	20	CHL	None	Soil6_T9	Soil6_B10_-7_CHL	1	Soil6_T9_Slurry_CHL_None_-7_R1	Soil6_pH5.4	T9	5.4	66084	2753	3272	6025	60059	4.81981982	4.143333333	4.243333333	9.968298755
Soil6_SampleA23	SetA	B11	0	2	0	Soil6	Soil6_CE73	Soil6_T9_Slurry_CHL_None_7	Slurry	HCl_NaOH	7	0.7	20	CHL	None	Soil6_T9	Soil6_B11_7_CHL	1	Soil6_T9_Slurry_CHL_None_7_R1	Soil6_pH5.4	T9	5.4	65554	7841	8643	16484	49070	3.870870871	4.143333333	4.243333333	2.976826013
Soil6_SampleA24	SetA	B12	0	2	0	Soil6	Soil6_CE73	Soil6_T9_Slurry_CHL_None_60	Slurry	HCl_NaOH	60	6	20	CHL	None	Soil6_T9	Soil6_B12_60_CHL	1	Soil6_T9_Slurry_CHL_None_60_R1	Soil6_pH5.4	T9	5.4	54972	15324	14989	30313	24659	2.88	4.143333333	4.243333333	0.8134793653
Soil6_SampleA25	SetA	C01	0	2	0	Soil6	Soil6_CE73	Soil6_T9_Slurry_None_None_-70	Slurry	HCl_NaOH	-70	-7	20	None	None	Soil6_T9	Soil6_C01_-70_None	2	Soil6_T9_Slurry_None_None_-70_R2	Soil6_pH5.4	T9	5.4	76780	2546	3452	5998	70782	8.48	4.186666667	4.25	11.80093364
Soil6_SampleA26	SetA	C02	0	2	0	Soil6	Soil6_CE73	Soil6_T9_Slurry_None_None_-26	Slurry	HCl_NaOH	-26	-2.6	20	None	None	Soil6_T9	Soil6_C02_-26_None	2	Soil6_T9_Slurry_None_None_-26_R2	Soil6_pH5.4	T9	5.4	23332	439	654	1093	22239	7.318318318	4.186666667	4.25	20.34675206
Soil6_SampleA27	SetA	C03	0	2	0	Soil6	Soil6_CE73	Soil6_T9_Slurry_None_None_-17	Slurry	HCl_NaOH	-17	-1.7	20	None	None	Soil6_T9	Soil6_C03_-17_None	2	Soil6_T9_Slurry_None_None_-17_R2	Soil6_pH5.4	T9	5.4	91164	2075	2721	4796	86368	6.501501502	4.186666667	4.25	18.00834028
Soil6_SampleA28	SetA	C04	0	2	0	Soil6	Soil6_CE73	Soil6_T9_Slurry_None_None_-11	Slurry	HCl_NaOH	-11	-1.1	20	None	None	Soil6_T9	Soil6_C04_-11_None	2	Soil6_T9_Slurry_None_None_-11_R2	Soil6_pH5.4	T9	5.4	27595	731	798	1529	26066	5.492492492	4.186666667	4.25	17.04774362
Soil6_SampleA29	SetA	C05	0	2	0	Soil6	Soil6_CE73	Soil6_T9_Slurry_None_None_-4	Slurry	HCl_NaOH	-4	-0.4	20	None	None	Soil6_T9	Soil6_C05_-4_None	2	Soil6_T9_Slurry_None_None_-4_R2	Soil6_pH5.4	T9	5.4	56732	1685	1946	3631	53101	4.627627628	4.186666667	4.25	14.62434591
Soil6_SampleA3	SetA	A03	0	2	0	Soil6	Soil6_CE73	Soil6_T9_Slurry_None_None_-17	Slurry	HCl_NaOH	-17	-1.7	20	None	None	Soil6_T9	Soil6_A03_-17_None	1	Soil6_T9_Slurry_None_None_-17_R1	Soil6_pH5.4	T9	5.4	79597	1894	2546	4440	75157	6.501501502	4.186666667	4.25	16.92725225
Soil6_SampleA30	SetA	C06	0	2	0	Soil6	Soil6_CE73	Soil6_T9_Slurry_None_None_22	Slurry	HCl_NaOH	22	2.2	20	None	None	Soil6_T9	Soil6_C06_22_None	2	Soil6_T9_Slurry_None_None_22_R2	Soil6_pH5.4	T9	5.4	76852	12251	14107	26358	50494	3.378378378	4.186666667	4.25	1.915699218
Soil6_SampleA31	SetA	C07	0	2	0	Soil6	Soil6_CE73	Soil6_T9_Slurry_CHL_None_-70	Slurry	HCl_NaOH	-70	-7	20	CHL	None	Soil6_T9	Soil6_C07_-70_CHL	2	Soil6_T9_Slurry_CHL_None_-70_R2	Soil6_pH5.4	T9	5.4	63057	2095	2490	4585	58472	8.42	4.143333333	4.243333333	12.75288986
Soil6_SampleA32	SetA	C08	0	2	0	Soil6	Soil6_CE73	Soil6_T9_Slurry_CHL_None_-26	Slurry	HCl_NaOH	-26	-2.6	20	CHL	None	Soil6_T9	Soil6_C08_-26_CHL	2	Soil6_T9_Slurry_CHL_None_-26_R2	Soil6_pH5.4	T9	5.4	28293	958	982	1940	26353	7.102102102	4.143333333	4.243333333	13.58402062
Soil6_SampleA33	SetA	C09	0	2	0	Soil6	Soil6_CE73	Soil6_T9_Slurry_CHL_None_-17	Slurry	HCl_NaOH	-17	-1.7	20	CHL	None	Soil6_T9	Soil6_C09_-17_CHL	2	Soil6_T9_Slurry_CHL_None_-17_R2	Soil6_pH5.4	T9	5.4	84605	3313	3656	6969	77636	6.213213213	4.143333333	4.243333333	11.14019228
Soil6_SampleA34	SetA	C10	0	2	0	Soil6	Soil6_CE73	Soil6_T9_Slurry_CHL_None_-11	Slurry	HCl_NaOH	-11	-1.1	20	CHL	None	Soil6_T9	Soil6_C10_-11_CHL	2	Soil6_T9_Slurry_CHL_None_-11_R2	Soil6_pH5.4	T9	5.4	91649	3864	4353	8217	83432	5.252252252	4.143333333	4.243333333	10.15358403
Soil6_SampleA35	SetA	C11	0	2	0	Soil6	Soil6_CE73	Soil6_T9_Slurry_CHL_None_-4	Slurry	HCl_NaOH	-4	-0.4	20	CHL	None	Soil6_T9	Soil6_C11_-4_CHL	2	Soil6_T9_Slurry_CHL_None_-4_R2	Soil6_pH5.4	T9	5.4	91806	3962	4369	8331	83475	4.603603604	4.143333333	4.243333333	10.01980555
Soil6_SampleA36	SetA	C12	0	2	0	Soil6	Soil6_CE73	Soil6_T9_Slurry_CHL_None_22	Slurry	HCl_NaOH	22	2.2	20	CHL	None	Soil6_T9	Soil6_C12_22_CHL	2	Soil6_T9_Slurry_CHL_None_22_R2	Soil6_pH5.4	T9	5.4	74418	14021	15452	29473	44945	3.426426426	4.143333333	4.243333333	1.524955044
Soil6_SampleA37	SetA	D01	0	2	0	Soil6	Soil6_CE73	Soil6_T9_Slurry_None_None_-40	Slurry	HCl_NaOH	-40	-4	20	None	None	Soil6_T9	Soil6_D01_-40_None	2	Soil6_T9_Slurry_None_None_-40_R2	Soil6_pH5.4	T9	5.4	79550	1893	2611	4504	75046	7.930930931	4.186666667	4.25	16.66207815
Soil6_SampleA38	SetA	D02	0	2	0	Soil6	Soil6_CE73	Soil6_T9_Slurry_None_None_-21	Slurry	HCl_NaOH	-21	-2.1	20	None	None	Soil6_T9	Soil6_D02_-21_None	2	Soil6_T9_Slurry_None_None_-21_R2	Soil6_pH5.4	T9	5.4	19500	413	510	923	18577	6.933933934	4.186666667	4.25	20.12676056
Soil6_SampleA39	SetA	D03	0	2	0	Soil6	Soil6_CE73	Soil6_T9_Slurry_None_None_-14	Slurry	HCl_NaOH	-14	-1.4	20	None	None	Soil6_T9	Soil6_D03_-14_None	2	Soil6_T9_Slurry_None_None_-14_R2	Soil6_pH5.4	T9	5.4	71817	1834	2205	4039	67778	6.093093093	4.186666667	4.25	16.78088636
Soil6_SampleA4	SetA	A04	0	2	0	Soil6	Soil6_CE73	Soil6_T9_Slurry_None_None_-11	Slurry	HCl_NaOH	-11	-1.1	20	None	None	Soil6_T9	Soil6_A04_-11_None	1	Soil6_T9_Slurry_None_None_-11_R1	Soil6_pH5.4	T9	5.4	50305	1470	1667	3137	47168	5.492492492	4.186666667	4.25	15.03602168
Soil6_SampleA40	SetA	D04	0	2	0	Soil6	Soil6_CE73	Soil6_T9_Slurry_None_None_-7	Slurry	HCl_NaOH	-7	-0.7	20	None	None	Soil6_T9	Soil6_D04_-7_None	2	Soil6_T9_Slurry_None_None_-7_R2	Soil6_pH5.4	T9	5.4	33392	1015	1099	2114	31278	4.903903904	4.186666667	4.25	14.79564806
Soil6_SampleA41	SetA	D05	0	2	0	Soil6	Soil6_CE73	Soil6_T9_Slurry_None_None_7	Slurry	HCl_NaOH	7	0.7	20	None	None	Soil6_T9	Soil6_D05_7_None	2	Soil6_T9_Slurry_None_None_7_R2	Soil6_pH5.4	T9	5.4	62042	3706	4159	7865	54177	3.846846847	4.186666667	4.25	6.888366179
Soil6_SampleA42	SetA	D06	0	2	0	Soil6	Soil6_CE73	Soil6_T9_Slurry_None_None_60	Slurry	HCl_NaOH	60	6	20	None	None	Soil6_T9	Soil6_D06_60_None	2	Soil6_T9_Slurry_None_None_60_R2	Soil6_pH5.4	T9	5.4	70489	17048	18818	35866	34623	2.82	4.186666667	4.25	0.965343222
Soil6_SampleA43	SetA	D07	0	2	0	Soil6	Soil6_CE73	Soil6_T9_Slurry_CHL_None_-40	Slurry	HCl_NaOH	-40	-4	20	CHL	None	Soil6_T9	Soil6_D07_-40_CHL	2	Soil6_T9_Slurry_CHL_None_-40_R2	Soil6_pH5.4	T9	5.4	58316	1758	1954	3712	54604	7.846846847	4.143333333	4.243333333	14.71012931
Soil6_SampleA44	SetA	D08	0	2	0	Soil6	Soil6_CE73	Soil6_T9_Slurry_CHL_None_-21	Slurry	HCl_NaOH	-21	-2.1	20	CHL	None	Soil6_T9	Soil6_D08_-21_CHL	2	Soil6_T9_Slurry_CHL_None_-21_R2	Soil6_pH5.4	T9	5.4	24051	914	968	1882	22169	6.585585586	4.143333333	4.243333333	11.7794899
Soil6_SampleA45	SetA	D09	0	2	0	Soil6	Soil6_CE73	Soil6_T9_Slurry_CHL_None_-14	Slurry	HCl_NaOH	-14	-1.4	20	CHL	None	Soil6_T9	Soil6_D09_-14_CHL	2	Soil6_T9_Slurry_CHL_None_-14_R2	Soil6_pH5.4	T9	5.4	69065	2936	3388	6324	62741	5.804804805	4.143333333	4.243333333	9.921094244
Soil6_SampleA46	SetA	D10	0	2	0	Soil6	Soil6_CE73	Soil6_T9_Slurry_CHL_None_-7	Slurry	HCl_NaOH	-7	-0.7	20	CHL	None	Soil6_T9	Soil6_D10_-7_CHL	2	Soil6_T9_Slurry_CHL_None_-7_R2	Soil6_pH5.4	T9	5.4	87626	4136	4401	8537	79089	4.81981982	4.143333333	4.243333333	9.26426145
Soil6_SampleA47	SetA	D11	0	2	0	Soil6	Soil6_CE73	Soil6_T9_Slurry_CHL_None_7	Slurry	HCl_NaOH	7	0.7	20	CHL	None	Soil6_T9	Soil6_D11_7_CHL	2	Soil6_T9_Slurry_CHL_None_7_R2	Soil6_pH5.4	T9	5.4	75125	7166	7860	15026	60099	3.870870871	4.143333333	4.243333333	3.999667243
Soil6_SampleA48	SetA	D12	0	2	0	Soil6	Soil6_CE73	Soil6_T9_Slurry_CHL_None_60	Slurry	HCl_NaOH	60	6	20	CHL	None	Soil6_T9	Soil6_D12_60_CHL	2	Soil6_T9_Slurry_CHL_None_60_R2	Soil6_pH5.4	T9	5.4	63059	18080	18528	36608	26451	2.88	4.143333333	4.243333333	0.7225469843
Soil6_SampleA49	SetA	E01	0	2	0	Soil6	Soil6_CE73	Soil6_T9_Slurry_None_None_-70	Slurry	HCl_NaOH	-70	-7	20	None	None	Soil6_T9	Soil6_E01_-70_None	3	Soil6_T9_Slurry_None_None_-70_R3	Soil6_pH5.4	T9	5.4	62663	2115	2696	4811	57852	8.48	4.186666667	4.25	12.02494284
Soil6_SampleA5	SetA	A05	0	2	0	Soil6	Soil6_CE73	Soil6_T9_Slurry_None_None_-4	Slurry	HCl_NaOH	-4	-0.4	20	None	None	Soil6_T9	Soil6_A05_-4_None	1	Soil6_T9_Slurry_None_None_-4_R1	Soil6_pH5.4	T9	5.4	51485	1612	1981	3593	47892	4.627627628	4.186666667	4.25	13.32925132
Soil6_SampleA50	SetA	E02	0	2	0	Soil6	Soil6_CE73	Soil6_T9_Slurry_None_None_-26	Slurry	HCl_NaOH	-26	-2.6	20	None	None	Soil6_T9	Soil6_E02_-26_None	3	Soil6_T9_Slurry_None_None_-26_R3	Soil6_pH5.4	T9	5.4	21542	374	544	918	20624	7.318318318	4.186666667	4.25	22.46623094
Soil6_SampleA51	SetA	E03	0	2	0	Soil6	Soil6_CE73	Soil6_T9_Slurry_None_None_-17	Slurry	HCl_NaOH	-17	-1.7	20	None	None	Soil6_T9	Soil6_E03_-17_None	3	Soil6_T9_Slurry_None_None_-17_R3	Soil6_pH5.4	T9	5.4	82648	1904	2186	4090	78558	6.501501502	4.186666667	4.25	19.20733496
Soil6_SampleA52	SetA	E04	0	2	0	Soil6	Soil6_CE73	Soil6_T9_Slurry_None_None_-11	Slurry	HCl_NaOH	-11	-1.1	20	None	None	Soil6_T9	Soil6_E04_-11_None	3	Soil6_T9_Slurry_None_None_-11_R3	Soil6_pH5.4	T9	5.4	11544	454	284	738	10806	5.492492492	4.186666667	4.25	14.64227642
Soil6_SampleA53	SetA	E05	0	2	0	Soil6	Soil6_CE73	Soil6_T9_Slurry_None_None_-4	Slurry	HCl_NaOH	-4	-0.4	20	None	None	Soil6_T9	Soil6_E05_-4_None	3	Soil6_T9_Slurry_None_None_-4_R3	Soil6_pH5.4	T9	5.4	62366	1779	2180	3959	58407	4.627627628	4.186666667	4.25	14.75296792
Soil6_SampleA54	SetA	E06	0	2	0	Soil6	Soil6_CE73	Soil6_T9_Slurry_None_None_22	Slurry	HCl_NaOH	22	2.2	20	None	None	Soil6_T9	Soil6_E06_22_None	3	Soil6_T9_Slurry_None_None_22_R3	Soil6_pH5.4	T9	5.4	61348	9195	10228	19423	41925	3.378378378	4.186666667	4.25	2.1585234
Soil6_SampleA55	SetA	E07	0	2	0	Soil6	Soil6_CE73	Soil6_T9_Slurry_CHL_None_-70	Slurry	HCl_NaOH	-70	-7	20	CHL	None	Soil6_T9	Soil6_E07_-70_CHL	3	Soil6_T9_Slurry_CHL_None_-70_R3	Soil6_pH5.4	T9	5.4	53325	1905	2039	3944	49381	8.42	4.143333333	4.243333333	12.52053753
Soil6_SampleA56	SetA	E08	0	2	0	Soil6	Soil6_CE73	Soil6_T9_Slurry_CHL_None_-26	Slurry	HCl_NaOH	-26	-2.6	20	CHL	None	Soil6_T9	Soil6_E08_-26_CHL	3	Soil6_T9_Slurry_CHL_None_-26_R3	Soil6_pH5.4	T9	5.4	22864	719	765	1484	21380	7.102102102	4.143333333	4.243333333	14.40700809
Soil6_SampleA57	SetA	E09	0	2	0	Soil6	Soil6_CE73	Soil6_T9_Slurry_CHL_None_-17	Slurry	HCl_NaOH	-17	-1.7	20	CHL	None	Soil6_T9	Soil6_E09_-17_CHL	3	Soil6_T9_Slurry_CHL_None_-17_R3	Soil6_pH5.4	T9	5.4	70248	2741	3036	5777	64471	6.213213213	4.143333333	4.243333333	11.15994461
Soil6_SampleA58	SetA	E10	0	2	0	Soil6	Soil6_CE73	Soil6_T9_Slurry_CHL_None_-11	Slurry	HCl_NaOH	-11	-1.1	20	CHL	None	Soil6_T9	Soil6_E10_-11_CHL	3	Soil6_T9_Slurry_CHL_None_-11_R3	Soil6_pH5.4	T9	5.4	79447	3360	3548	6908	72539	5.252252252	4.143333333	4.243333333	10.5007238
Soil6_SampleA59	SetA	E11	0	2	0	Soil6	Soil6_CE73	Soil6_T9_Slurry_CHL_None_-4	Slurry	HCl_NaOH	-4	-0.4	20	CHL	None	Soil6_T9	Soil6_E11_-4_CHL	3	Soil6_T9_Slurry_CHL_None_-4_R3	Soil6_pH5.4	T9	5.4	77332	3856	4115	7971	69361	4.603603604	4.143333333	4.243333333	8.701668548
Soil6_SampleA6	SetA	A06	0	2	0	Soil6	Soil6_CE73	Soil6_T9_Slurry_None_None_22	Slurry	HCl_NaOH	22	2.2	20	None	None	Soil6_T9	Soil6_A06_22_None	1	Soil6_T9_Slurry_None_None_22_R1	Soil6_pH5.4	T9	5.4	58541	9058	10740	19798	38743	3.378378378	4.186666667	4.25	1.95691484
Soil6_SampleA60	SetA	E12	0	2	0	Soil6	Soil6_CE73	Soil6_T9_Slurry_CHL_None_22	Slurry	HCl_NaOH	22	2.2	20	CHL	None	Soil6_T9	Soil6_E12_22_CHL	3	Soil6_T9_Slurry_CHL_None_22_R3	Soil6_pH5.4	T9	5.4	54690	11052	11584	22636	32054	3.426426426	4.143333333	4.243333333	1.416062909
Soil6_SampleA61	SetA	F01	0	2	0	Soil6	Soil6_CE73	Soil6_T9_Slurry_None_None_-40	Slurry	HCl_NaOH	-40	-4	20	None	None	Soil6_T9	Soil6_F01_-40_None	3	Soil6_T9_Slurry_None_None_-40_R3	Soil6_pH5.4	T9	5.4	50577	1230	1621	2851	47726	7.930930931	4.186666667	4.25	16.7400912
Soil6_SampleA62	SetA	F02	0	2	0	Soil6	Soil6_CE73	Soil6_T9_Slurry_None_None_-21	Slurry	HCl_NaOH	-21	-2.1	20	None	None	Soil6_T9	Soil6_F02_-21_None	3	Soil6_T9_Slurry_None_None_-21_R3	Soil6_pH5.4	T9	5.4	21567	463	565	1028	20539	6.933933934	4.186666667	4.25	19.97957198
Soil6_SampleA63	SetA	F03	0	2	0	Soil6	Soil6_CE73	Soil6_T9_Slurry_None_None_-14	Slurry	HCl_NaOH	-14	-1.4	20	None	None	Soil6_T9	Soil6_F03_-14_None	3	Soil6_T9_Slurry_None_None_-14_R3	Soil6_pH5.4	T9	5.4	72763	1833	2010	3843	68920	6.093093093	4.186666667	4.25	17.9339058
Soil6_SampleA64	SetA	F04	0	2	0	Soil6	Soil6_CE73	Soil6_T9_Slurry_None_None_-7	Slurry	HCl_NaOH	-7	-0.7	20	None	None	Soil6_T9	Soil6_F04_-7_None	3	Soil6_T9_Slurry_None_None_-7_R3	Soil6_pH5.4	T9	5.4	26315	749	837	1586	24729	4.903903904	4.186666667	4.25	15.59205549
Soil6_SampleA65	SetA	F05	0	2	0	Soil6	Soil6_CE73	Soil6_T9_Slurry_None_None_7	Slurry	HCl_NaOH	7	0.7	20	None	None	Soil6_T9	Soil6_F05_7_None	3	Soil6_T9_Slurry_None_None_7_R3	Soil6_pH5.4	T9	5.4	62781	3430	3992	7422	55359	3.846846847	4.186666667	4.25	7.458771221
Soil6_SampleA66	SetA	F06	0	2	0	Soil6	Soil6_CE73	Soil6_T9_Slurry_None_None_60	Slurry	HCl_NaOH	60	6	20	None	None	Soil6_T9	Soil6_F06_60_None	3	Soil6_T9_Slurry_None_None_60_R3	Soil6_pH5.4	T9	5.4	52255	12339	13139	25478	26777	2.82	4.186666667	4.25	1.050985164
Soil6_SampleA67	SetA	F07	0	2	0	Soil6	Soil6_CE73	Soil6_T9_Slurry_CHL_None_-40	Slurry	HCl_NaOH	-40	-4	20	CHL	None	Soil6_T9	Soil6_F07_-40_CHL	3	Soil6_T9_Slurry_CHL_None_-40_R3	Soil6_pH5.4	T9	5.4	67110	1978	2289	4267	62843	7.846846847	4.143333333	4.243333333	14.72767753
Soil6_SampleA68	SetA	F08	0	2	0	Soil6	Soil6_CE73	Soil6_T9_Slurry_CHL_None_-21	Slurry	HCl_NaOH	-21	-2.1	20	CHL	None	Soil6_T9	Soil6_F08_-21_CHL	3	Soil6_T9_Slurry_CHL_None_-21_R3	Soil6_pH5.4	T9	5.4	23751	827	864	1691	22060	6.585585586	4.143333333	4.243333333	13.04553519
Soil6_SampleA69	SetA	F09	0	2	0	Soil6	Soil6_CE73	Soil6_T9_Slurry_CHL_None_-14	Slurry	HCl_NaOH	-14	-1.4	20	CHL	None	Soil6_T9	Soil6_F09_-14_CHL	3	Soil6_T9_Slurry_CHL_None_-14_R3	Soil6_pH5.4	T9	5.4	81536	3447	4075	7522	74014	5.804804805	4.143333333	4.243333333	9.8396703
Soil6_SampleA7	SetA	A07	0	2	0	Soil6	Soil6_CE73	Soil6_T9_Slurry_CHL_None_-70	Slurry	HCl_NaOH	-70	-7	20	CHL	None	Soil6_T9	Soil6_A07_-70_CHL	1	Soil6_T9_Slurry_CHL_None_-70_R1	Soil6_pH5.4	T9	5.4	75497	2830	3258	6088	69409	8.42	4.143333333	4.243333333	11.40095269
Soil6_SampleA70	SetA	F10	0	2	0	Soil6	Soil6_CE73	Soil6_T9_Slurry_CHL_None_-7	Slurry	HCl_NaOH	-7	-0.7	20	CHL	None	Soil6_T9	Soil6_F10_-7_CHL	3	Soil6_T9_Slurry_CHL_None_-7_R3	Soil6_pH5.4	T9	5.4	80389	3721	4001	7722	72667	4.81981982	4.143333333	4.243333333	9.41038591
Soil6_SampleA71	SetA	F11	0	2	0	Soil6	Soil6_CE73	Soil6_T9_Slurry_CHL_None_7	Slurry	HCl_NaOH	7	0.7	20	CHL	None	Soil6_T9	Soil6_F11_7_CHL	3	Soil6_T9_Slurry_CHL_None_7_R3	Soil6_pH5.4	T9	5.4	78000	8156	8965	17121	60879	3.870870871	4.143333333	4.243333333	3.555808656
Soil6_SampleA72	SetA	F12	0	2	0	Soil6	Soil6_CE73	Soil6_T9_Slurry_CHL_None_60	Slurry	HCl_NaOH	60	6	20	CHL	None	Soil6_T9	Soil6_F12_60_CHL	3	Soil6_T9_Slurry_CHL_None_60_R3	Soil6_pH5.4	T9	5.4	70427	20372	20894	41266	29161	2.88	4.143333333	4.243333333	0.7066592352
Soil6_SampleA75	SetA	G03	0	0	0	Soil6	Soil6_CE73	Soil6_T9_No_Nitrate_None_None_0	No_Nitrate	No_Nitrate	0	0	20	None	None	Soil6_T9	Soil6_G03_0_None	2	Soil6_T9_No_Nitrate_None_None_0_R2	Soil6_pH5.4	T9	5.4	61998	2135	2350	4485	57513	4.25	4.186666667	4.25	12.82341137
Soil6_SampleA76	SetA	G04	0	2	0	Soil6	Soil6_CE73	Soil6_T9_Slurry_None_None_0	Slurry	HCl_NaOH	0	0	20	None	None	Soil6_T9	Soil6_G04_0_None	1	Soil6_T9_Slurry_None_None_0_R1	Soil6_pH5.4	T9	5.4	28251	1040	1156	2196	26055	4.25	4.186666667	4.25	11.8647541
Soil6_SampleA77	SetA	G05	0	2	0	Soil6	Soil6_CE73	Soil6_T9_Slurry_None_None_0	Slurry	HCl_NaOH	0	0	20	None	None	Soil6_T9	Soil6_G05_0_None	3	Soil6_T9_Slurry_None_None_0_R3	Soil6_pH5.4	T9	5.4	47297	1662	1701	3363	43934	4.25	4.186666667	4.25	13.06393101
Soil6_SampleA78	SetA	G06	0	2	0	Soil6	Soil6_CE73	Soil6_T0	Slurry_T0	Nitrate	0	0	20	None	None	Soil6_T0	Soil6_T0	2	Soil6_T0_Slurry_T0_None_None_0_R2	Soil6_pH5.4	T0	5.4	59637	2095	2415	4510	55127	4.25	4.186666667	4.25	12.2232816
Soil6_SampleA8	SetA	A08	0	2	0	Soil6	Soil6_CE73	Soil6_T9_Slurry_CHL_None_-26	Slurry	HCl_NaOH	-26	-2.6	20	CHL	None	Soil6_T9	Soil6_A08_-26_CHL	1	Soil6_T9_Slurry_CHL_None_-26_R1	Soil6_pH5.4	T9	5.4	19446	652	720	1372	18074	7.102102102	4.143333333	4.243333333	13.17346939
Soil6_SampleA81	SetA	G09	0	0	0	Soil6	Soil6_CE73	Soil6_T9_No_Nitrate_CHL_None_0	No_Nitrate	No_Nitrate	0	0	20	CHL	None	Soil6_T9	Soil6_G09_0_CHL	2	Soil6_T9_No_Nitrate_CHL_None_0_R2	Soil6_pH5.4	T9	5.4	66684	2916	3317	6233	60451	4.243333333	4.143333333	4.243333333	9.698540029
Soil6_SampleA82	SetA	G10	0	2	0	Soil6	Soil6_CE73	Soil6_T9_Slurry_CHL_None_0	Slurry	HCl_NaOH	0	0	20	CHL	None	Soil6_T9	Soil6_G10_0_CHL	1	Soil6_T9_Slurry_CHL_None_0_R1	Soil6_pH5.4	T9	5.4	79199	4104	4303	8407	70792	4.243333333	4.143333333	4.243333333	8.420601879
Soil6_SampleA83	SetA	G11	0	2	0	Soil6	Soil6_CE73	Soil6_T9_Slurry_CHL_None_0	Slurry	HCl_NaOH	0	0	20	CHL	None	Soil6_T9	Soil6_G11_0_CHL	3	Soil6_T9_Slurry_CHL_None_0_R3	Soil6_pH5.4	T9	5.4	68879	3291	3905	7196	61683	4.243333333	4.143333333	4.243333333	8.57184547
Soil6_SampleA86	SetA	H02	0	0	0	Soil6	Soil6_CE73	Soil6_T9_No_Nitrate_None_None_0	No_Nitrate	No_Nitrate	0	0	20	None	None	Soil6_T9	Soil6_H02_0_None	1	Soil6_T9_No_Nitrate_None_None_0_R1	Soil6_pH5.4	T9	5.4	27756	1062	1167	2229	25527	4.25	4.186666667	4.25	11.45222073
Soil6_SampleA87	SetA	H03	0	0	0	Soil6	Soil6_CE73	Soil6_T9_No_Nitrate_None_None_0	No_Nitrate	No_Nitrate	0	0	20	None	None	Soil6_T9	Soil6_H03_0_None	3	Soil6_T9_No_Nitrate_None_None_0_R3	Soil6_pH5.4	T9	5.4	75380	2884	3090	5974	69406	4.25	4.186666667	4.25	11.61801138
Soil6_SampleA88	SetA	H04	0	2	0	Soil6	Soil6_CE73	Soil6_T9_Slurry_None_None_0	Slurry	HCl_NaOH	0	0	20	None	None	Soil6_T9	Soil6_H04_0_None	2	Soil6_T9_Slurry_None_None_0_R2	Soil6_pH5.4	T9	5.4	33503	1225	1660	2885	30618	4.25	4.186666667	4.25	10.61282496
Soil6_SampleA89	SetA	H05	2	0	0	Soil6	Soil6_CE73	Soil6_T0	Slurry_T0	Nitrite	0	0	20	None	None	Soil6_T0	Soil6_T0	1	Soil6_T0_Slurry_T0_None_None_0_R1	Soil6_pH5.4	T0	5.4	66307	2422	2703	5125	61182	4.25	4.186666667	4.25	11.93795122
Soil6_SampleA9	SetA	A09	0	2	0	Soil6	Soil6_CE73	Soil6_T9_Slurry_CHL_None_-17	Slurry	HCl_NaOH	-17	-1.7	20	CHL	None	Soil6_T9	Soil6_A09_-17_CHL	1	Soil6_T9_Slurry_CHL_None_-17_R1	Soil6_pH5.4	T9	5.4	56647	2529	2854	5383	51264	6.213213213	4.143333333	4.243333333	9.523314137
Soil6_SampleA90	SetA	H06	0	0	2	Soil6	Soil6_CE73	Soil6_T0	Slurry_T0	Ammonium	0	0	20	None	None	Soil6_T0	Soil6_T0	3	Soil6_T0_Slurry_T0_None_None_0_R3	Soil6_pH5.4	T0	5.4	68307	2527	2676	5203	63104	4.25	4.186666667	4.25	12.12838747
Soil6_SampleA92	SetA	H08	0	0	0	Soil6	Soil6_CE73	Soil6_T9_No_Nitrate_CHL_None_0	No_Nitrate	No_Nitrate	0	0	20	CHL	None	Soil6_T9	Soil6_H08_0_CHL	1	Soil6_T9_No_Nitrate_CHL_None_0_R1	Soil6_pH5.4	T9	5.4	27833	1361	1456	2817	25016	4.243333333	4.143333333	4.243333333	8.880369187
Soil6_SampleA93	SetA	H09	0	0	0	Soil6	Soil6_CE73	Soil6_T9_No_Nitrate_CHL_None_0	No_Nitrate	No_Nitrate	0	0	20	CHL	None	Soil6_T9	Soil6_H09_0_CHL	3	Soil6_T9_No_Nitrate_CHL_None_0_R3	Soil6_pH5.4	T9	5.4	60365	3001	3338	6339	54026	4.243333333	4.143333333	4.243333333	8.522795394
Soil6_SampleA94	SetA	H10	0	2	0	Soil6	Soil6_CE73	Soil6_T9_Slurry_CHL_None_0	Slurry	HCl_NaOH	0	0	20	CHL	None	Soil6_T9	Soil6_H10_0_CHL	2	Soil6_T9_Slurry_CHL_None_0_R2	Soil6_pH5.4	T9	5.4	57893	3088	3003	6091	51802	4.243333333	4.143333333	4.243333333	8.504679035
Soil15_SampleB1	SetB	A01	0	2	0	Soil15	Soil15_Neutral5	Soil15_T9_Slurry_None_None_-100	Slurry	HCl_NaOH	-100	-10	20	None	None	Soil15_T9	Soil15_A01_-100_None	1	Soil15_T9_Slurry_None_None_-100_R1	Soil15_pH6.79	T9	6.79	79730	3074	4071	7145	72585	8.59	7.3	8.033333333	10.15885234
Soil15_SampleB13	SetB	B01	0	2	0	Soil15	Soil15_Neutral5	Soil15_T9_Slurry_None_None_-65	Slurry	HCl_NaOH	-65	-6.5	20	None	None	Soil15_T9	Soil15_B01_-65_None	1	Soil15_T9_Slurry_None_None_-65_R1	Soil15_pH6.79	T9	6.79	78789	3008	3441	6449	72340	8.507507508	7.3	8.033333333	11.21724298
Soil15_SampleB14	SetB	B02	0	2	0	Soil15	Soil15_Neutral5	Soil15_T9_Slurry_None_None_12	Slurry	HCl_NaOH	12	1.2	20	None	None	Soil15_T9	Soil15_B02_12_None	1	Soil15_T9_Slurry_None_None_12_R1	Soil15_pH6.79	T9	6.79	48490	1488	1688	3176	45314	6.681681682	7.3	8.033333333	14.26763224
Soil15_SampleB15	SetB	B03	0	2	0	Soil15	Soil15_Neutral5	Soil15_T9_Slurry_None_None_20	Slurry	HCl_NaOH	20	2	20	None	None	Soil15_T9	Soil15_B03_20_None	1	Soil15_T9_Slurry_None_None_20_R1	Soil15_pH6.79	T9	6.79	83231	2223	2388	4611	78620	5.564564565	7.3	8.033333333	17.05053134
Soil15_SampleB16	SetB	B04	0	2	0	Soil15	Soil15_Neutral5	Soil15_T9_Slurry_None_None_26	Slurry	HCl_NaOH	26	2.6	20	None	None	Soil15_T9	Soil15_B04_26_None	1	Soil15_T9_Slurry_None_None_26_R1	Soil15_pH6.79	T9	6.79	61519	2418	2524	4942	56577	4.771771772	7.3	8.033333333	11.44819911
Soil15_SampleB17	SetB	B05	0	2	0	Soil15	Soil15_Neutral5	Soil15_T9_Slurry_None_None_34	Slurry	HCl_NaOH	34	3.4	20	None	None	Soil15_T9	Soil15_B05_34_None	1	Soil15_T9_Slurry_None_None_34_R1	Soil15_pH6.79	T9	6.79	68017	3884	4477	8361	59656	4.279279279	7.3	8.033333333	7.135031695
Soil15_SampleB18	SetB	B06	0	2	0	Soil15	Soil15_Neutral5	Soil15_T9_Slurry_None_None_65	Slurry	HCl_NaOH	65	6.5	20	None	None	Soil15_T9	Soil15_B06_65_None	1	Soil15_T9_Slurry_None_None_65_R1	Soil15_pH6.79	T9	6.79	66676	7697	9720	17417	49259	3.28	7.3	8.033333333	2.828213814
Soil15_SampleB2	SetB	A02	0	2	0	Soil15	Soil15_Neutral5	Soil15_T9_Slurry_None_None_7	Slurry	HCl_NaOH	7	0.7	20	None	None	Soil15_T9	Soil15_A02_7_None	1	Soil15_T9_Slurry_None_None_7_R1	Soil15_pH6.79	T9	6.79	56514	1705	1943	3648	52866	7.534534535	7.3	8.033333333	14.49177632
Soil15_SampleB25	SetB	C01	0	2	0	Soil15	Soil15_Neutral5	Soil15_T9_Slurry_None_None_-100	Slurry	HCl_NaOH	-100	-10	20	None	None	Soil15_T9	Soil15_C01_-100_None	2	Soil15_T9_Slurry_None_None_-100_R2	Soil15_pH6.79	T9	6.79	73667	3087	3685	6772	66895	8.59	7.3	8.033333333	9.878174838
Soil15_SampleB26	SetB	C02	0	2	0	Soil15	Soil15_Neutral5	Soil15_T9_Slurry_None_None_7	Slurry	HCl_NaOH	7	0.7	20	None	None	Soil15_T9	Soil15_C02_7_None	2	Soil15_T9_Slurry_None_None_7_R2	Soil15_pH6.79	T9	6.79	48437	1322	1407	2729	45708	7.534534535	7.3	8.033333333	16.7489923
Soil15_SampleB27	SetB	C03	0	2	0	Soil15	Soil15_Neutral5	Soil15_T9_Slurry_None_None_16	Slurry	HCl_NaOH	16	1.6	20	None	None	Soil15_T9	Soil15_C03_16_None	2	Soil15_T9_Slurry_None_None_16_R2	Soil15_pH6.79	T9	6.79	66615	1767	1872	3639	62976	6.129129129	7.3	8.033333333	17.30585326
Soil15_SampleB28	SetB	C04	0	2	0	Soil15	Soil15_Neutral5	Soil15_T9_Slurry_None_None_22	Slurry	HCl_NaOH	22	2.2	20	None	None	Soil15_T9	Soil15_C04_22_None	2	Soil15_T9_Slurry_None_None_22_R2	Soil15_pH6.79	T9	6.79	44878	1294	1318	2612	42266	5.18018018	7.3	8.033333333	16.18147014
Soil15_SampleB29	SetB	C05	0	2	0	Soil15	Soil15_Neutral5	Soil15_T9_Slurry_None_None_30	Slurry	HCl_NaOH	30	3	20	None	None	Soil15_T9	Soil15_C05_30_None	2	Soil15_T9_Slurry_None_None_30_R2	Soil15_pH6.79	T9	6.79	61100	2076	2582	4658	56442	4.555555556	7.3	8.033333333	12.11721769
Soil15_SampleB3	SetB	A03	0	2	0	Soil15	Soil15_Neutral5	Soil15_T9_Slurry_None_None_16	Slurry	HCl_NaOH	16	1.6	20	None	None	Soil15_T9	Soil15_A03_16_None	1	Soil15_T9_Slurry_None_None_16_R1	Soil15_pH6.79	T9	6.79	92002	2377	2541	4918	87084	6.129129129	7.3	8.033333333	17.70719805
Soil15_SampleB30	SetB	C06	0	2	0	Soil15	Soil15_Neutral5	Soil15_T9_Slurry_None_None_40	Slurry	HCl_NaOH	40	4	20	None	None	Soil15_T9	Soil15_C06_40_None	2	Soil15_T9_Slurry_None_None_40_R2	Soil15_pH6.79	T9	6.79	79427	5388	6134	11522	67905	3.930930931	7.3	8.033333333	5.893508072
Soil15_SampleB37	SetB	D01	0	2	0	Soil15	Soil15_Neutral5	Soil15_T9_Slurry_None_None_-65	Slurry	HCl_NaOH	-65	-6.5	20	None	None	Soil15_T9	Soil15_D01_-65_None	2	Soil15_T9_Slurry_None_None_-65_R2	Soil15_pH6.79	T9	6.79	58946	2541	3121	5662	53284	8.507507508	7.3	8.033333333	9.410808901
Soil15_SampleB38	SetB	D02	0	2	0	Soil15	Soil15_Neutral5	Soil15_T9_Slurry_None_None_12	Slurry	HCl_NaOH	12	1.2	20	None	None	Soil15_T9	Soil15_D02_12_None	2	Soil15_T9_Slurry_None_None_12_R2	Soil15_pH6.79	T9	6.79	55691	1521	1707	3228	52463	6.681681682	7.3	8.033333333	16.25247831
Soil15_SampleB39	SetB	D03	0	2	0	Soil15	Soil15_Neutral5	Soil15_T9_Slurry_None_None_20	Slurry	HCl_NaOH	20	2	20	None	None	Soil15_T9	Soil15_D03_20_None	2	Soil15_T9_Slurry_None_None_20_R2	Soil15_pH6.79	T9	6.79	78753	2204	2410	4614	74139	5.564564565	7.3	8.033333333	16.06827048
Soil15_SampleB4	SetB	A04	0	2	0	Soil15	Soil15_Neutral5	Soil15_T9_Slurry_None_None_22	Slurry	HCl_NaOH	22	2.2	20	None	None	Soil15_T9	Soil15_A04_22_None	1	Soil15_T9_Slurry_None_None_22_R1	Soil15_pH6.79	T9	6.79	57926	1765	2027	3792	54134	5.18018018	7.3	8.033333333	14.27584388
Soil15_SampleB40	SetB	D04	0	2	0	Soil15	Soil15_Neutral5	Soil15_T9_Slurry_None_None_26	Slurry	HCl_NaOH	26	2.6	20	None	None	Soil15_T9	Soil15_D04_26_None	2	Soil15_T9_Slurry_None_None_26_R2	Soil15_pH6.79	T9	6.79	59296	1866	2145	4011	55285	4.771771772	7.3	8.033333333	13.7833458
Soil15_SampleB41	SetB	D05	0	2	0	Soil15	Soil15_Neutral5	Soil15_T9_Slurry_None_None_34	Slurry	HCl_NaOH	34	3.4	20	None	None	Soil15_T9	Soil15_D05_34_None	2	Soil15_T9_Slurry_None_None_34_R2	Soil15_pH6.79	T9	6.79	41813	1264	1568	2832	38981	4.279279279	7.3	8.033333333	13.7644774
Soil15_SampleB42	SetB	D06	0	2	0	Soil15	Soil15_Neutral5	Soil15_T9_Slurry_None_None_65	Slurry	HCl_NaOH	65	6.5	20	None	None	Soil15_T9	Soil15_D06_65_None	2	Soil15_T9_Slurry_None_None_65_R2	Soil15_pH6.79	T9	6.79	60299	3244	3389	6633	53666	3.28	7.3	8.033333333	8.09075833
Soil15_SampleB49	SetB	E01	0	2	0	Soil15	Soil15_Neutral5	Soil15_T9_Slurry_None_None_-100	Slurry	HCl_NaOH	-100	-10	20	None	None	Soil15_T9	Soil15_E01_-100_None	3	Soil15_T9_Slurry_None_None_-100_R3	Soil15_pH6.79	T9	6.79	65006	2567	2879	5446	59560	8.59	7.3	8.033333333	10.93646713
Soil15_SampleB5	SetB	A05	0	2	0	Soil15	Soil15_Neutral5	Soil15_T9_Slurry_None_None_30	Slurry	HCl_NaOH	30	3	20	None	None	Soil15_T9	Soil15_A05_30_None	1	Soil15_T9_Slurry_None_None_30_R1	Soil15_pH6.79	T9	6.79	74061	2986	3881	6867	67194	4.555555556	7.3	8.033333333	9.785058978
Soil15_SampleB50	SetB	E02	0	2	0	Soil15	Soil15_Neutral5	Soil15_T9_Slurry_None_None_7	Slurry	HCl_NaOH	7	0.7	20	None	None	Soil15_T9	Soil15_E02_7_None	3	Soil15_T9_Slurry_None_None_7_R3	Soil15_pH6.79	T9	6.79	51677	1461	1456	2917	48760	7.534534535	7.3	8.033333333	16.71580391
Soil15_SampleB51	SetB	E03	0	2	0	Soil15	Soil15_Neutral5	Soil15_T9_Slurry_None_None_16	Slurry	HCl_NaOH	16	1.6	20	None	None	Soil15_T9	Soil15_E03_16_None	3	Soil15_T9_Slurry_None_None_16_R3	Soil15_pH6.79	T9	6.79	79347	2196	2319	4515	74832	6.129129129	7.3	8.033333333	16.57408638
Soil15_SampleB52	SetB	E04	0	2	0	Soil15	Soil15_Neutral5	Soil15_T9_Slurry_None_None_22	Slurry	HCl_NaOH	22	2.2	20	None	None	Soil15_T9	Soil15_E04_22_None	3	Soil15_T9_Slurry_None_None_22_R3	Soil15_pH6.79	T9	6.79	42714	1128	1173	2301	40413	5.18018018	7.3	8.033333333	17.56323338
Soil15_SampleB53	SetB	E05	0	2	0	Soil15	Soil15_Neutral5	Soil15_T9_Slurry_None_None_30	Slurry	HCl_NaOH	30	3	20	None	None	Soil15_T9	Soil15_E05_30_None	3	Soil15_T9_Slurry_None_None_30_R3	Soil15_pH6.79	T9	6.79	45975	1749	2211	3960	42015	4.555555556	7.3	8.033333333	10.60984848
Soil15_SampleB54	SetB	E06	0	2	0	Soil15	Soil15_Neutral5	Soil15_T9_Slurry_None_None_40	Slurry	HCl_NaOH	40	4	20	None	None	Soil15_T9	Soil15_E06_40_None	3	Soil15_T9_Slurry_None_None_40_R3	Soil15_pH6.79	T9	6.79	67351	5910	6918	12828	54523	3.930930931	7.3	8.033333333	4.250311818
Soil15_SampleB6	SetB	A06	0	2	0	Soil15	Soil15_Neutral5	Soil15_T9_Slurry_None_None_40	Slurry	HCl_NaOH	40	4	20	None	None	Soil15_T9	Soil15_A06_40_None	1	Soil15_T9_Slurry_None_None_40_R1	Soil15_pH6.79	T9	6.79	76795	6938	8017	14955	61840	3.930930931	7.3	8.033333333	4.135071882
Soil15_SampleB61	SetB	F01	0	2	0	Soil15	Soil15_Neutral5	Soil15_T9_Slurry_None_None_-65	Slurry	HCl_NaOH	-65	-6.5	20	None	None	Soil15_T9	Soil15_F01_-65_None	3	Soil15_T9_Slurry_None_None_-65_R3	Soil15_pH6.79	T9	6.79	85612	2985	3319	6304	79308	8.507507508	7.3	8.033333333	12.58058376
Soil15_SampleB62	SetB	F02	0	2	0	Soil15	Soil15_Neutral5	Soil15_T9_Slurry_None_None_12	Slurry	HCl_NaOH	12	1.2	20	None	None	Soil15_T9	Soil15_F02_12_None	3	Soil15_T9_Slurry_None_None_12_R3	Soil15_pH6.79	T9	6.79	64859	1859	2016	3875	60984	6.681681682	7.3	8.033333333	15.73780645
Soil15_SampleB63	SetB	F03	0	2	0	Soil15	Soil15_Neutral5	Soil15_T9_Slurry_None_None_20	Slurry	HCl_NaOH	20	2	20	None	None	Soil15_T9	Soil15_F03_20_None	3	Soil15_T9_Slurry_None_None_20_R3	Soil15_pH6.79	T9	6.79	90944	2275	2536	4811	86133	5.564564565	7.3	8.033333333	17.9033465
Soil15_SampleB64	SetB	F04	0	2	0	Soil15	Soil15_Neutral5	Soil15_T9_Slurry_None_None_26	Slurry	HCl_NaOH	26	2.6	20	None	None	Soil15_T9	Soil15_F04_26_None	3	Soil15_T9_Slurry_None_None_26_R3	Soil15_pH6.79	T9	6.79	36674	1200	1244	2444	34230	4.771771772	7.3	8.033333333	14.00572831
Soil15_SampleB65	SetB	F05	0	2	0	Soil15	Soil15_Neutral5	Soil15_T9_Slurry_None_None_34	Slurry	HCl_NaOH	34	3.4	20	None	None	Soil15_T9	Soil15_F05_34_None	3	Soil15_T9_Slurry_None_None_34_R3	Soil15_pH6.79	T9	6.79	44982	2751	3345	6096	38886	4.279279279	7.3	8.033333333	6.378937008
Soil15_SampleB66	SetB	F06	0	2	0	Soil15	Soil15_Neutral5	Soil15_T9_Slurry_None_None_65	Slurry	HCl_NaOH	65	6.5	20	None	None	Soil15_T9	Soil15_F06_65_None	3	Soil15_T9_Slurry_None_None_65_R3	Soil15_pH6.79	T9	6.79	76455	5089	5957	11046	65409	3.28	7.3	8.033333333	5.921510049
Soil15_SampleB75	SetB	G03	0	0	0	Soil15	Soil15_Neutral5	Soil15_T9_No_Nitrate_None_None_0	No_Nitrate	No_Nitrate	0	0	20	None	None	Soil15_T9	Soil15_G03_0_None	2	Soil15_T9_No_Nitrate_None_None_0_R2	Soil15_pH6.79	T9	6.79	47034	1138	1126	2264	44770	8.033333333	7.3	8.033333333	19.77473498
Soil15_SampleB76	SetB	G04	0	2	0	Soil15	Soil15_Neutral5	Soil15_T9_Slurry_None_None_0	Slurry	HCl_NaOH	0	0	20	None	None	Soil15_T9	Soil15_G04_0_None	1	Soil15_T9_Slurry_None_None_0_R1	Soil15_pH6.79	T9	6.79	36387	711	817	1528	34859	8.033333333	7.3	8.033333333	22.81348168
Soil15_SampleB77	SetB	G05	0	2	0	Soil15	Soil15_Neutral5	Soil15_T9_Slurry_None_None_0	Slurry	HCl_NaOH	0	0	20	None	None	Soil15_T9	Soil15_G05_0_None	3	Soil15_T9_Slurry_None_None_0_R3	Soil15_pH6.79	T9	6.79	48537	928	1128	2056	46481	8.033333333	7.3	8.033333333	22.60749027
Soil15_SampleB78	SetB	G06	0	2	0	Soil15	Soil15_Neutral5	Soil15_T0	Slurry_T0	Nitrate	0	0	20	None	None	Soil15_T0	Soil15_T0	2	Soil15_T0_Slurry_T0_None_None_0_R2	Soil15_pH6.79	T0	6.79	45257	1448	1539	2987	42270	8.033333333	7.3	8.033333333	14.1513224
Soil15_SampleB86	SetB	H02	0	0	0	Soil15	Soil15_Neutral5	Soil15_T9_No_Nitrate_None_None_0	No_Nitrate	No_Nitrate	0	0	20	None	None	Soil15_T9	Soil15_H02_0_None	1	Soil15_T9_No_Nitrate_None_None_0_R1	Soil15_pH6.79	T9	6.79	37920	936	941	1877	36043	8.033333333	7.3	8.033333333	19.20245072
Soil15_SampleB87	SetB	H03	0	0	0	Soil15	Soil15_Neutral5	Soil15_T9_No_Nitrate_None_None_0	No_Nitrate	No_Nitrate	0	0	20	None	None	Soil15_T9	Soil15_H03_0_None	3	Soil15_T9_No_Nitrate_None_None_0_R3	Soil15_pH6.79	T9	6.79	83252	1906	1992	3898	79354	8.033333333	7.3	8.033333333	20.35761929
Soil15_SampleB88	SetB	H04	0	2	0	Soil15	Soil15_Neutral5	Soil15_T9_Slurry_None_None_0	Slurry	HCl_NaOH	0	0	20	None	None	Soil15_T9	Soil15_H04_0_None	2	Soil15_T9_Slurry_None_None_0_R2	Soil15_pH6.79	T9	6.79	43026	894	958	1852	41174	8.033333333	7.3	8.033333333	22.23218143
Soil15_SampleB89	SetB	H05	2	0	0	Soil15	Soil15_Neutral5	Soil15_T0	Slurry_T0	Nitrite	0	0	20	None	None	Soil15_T0	Soil15_T0	1	Soil15_T0_Slurry_T0_None_None_0_R1	Soil15_pH6.79	T0	6.79	24907	872	872	1744	23163	8.033333333	7.3	8.033333333	13.2815367
Soil15_SampleB90	SetB	H06	0	0	2	Soil15	Soil15_Neutral5	Soil15_T0	Slurry_T0	Ammonium	0	0	20	None	None	Soil15_T0	Soil15_T0	3	Soil15_T0_Slurry_T0_None_None_0_R3	Soil15_pH6.79	T0	6.79	72310	2390	2445	4835	67475	8.033333333	7.3	8.033333333	13.95553257
Soil9_SampleA1	SetA	A01	0	2	0	Soil9	Soil9_CE277	Soil9_T9_Slurry_None_None_-75	Slurry	HCl_NaOH	-75	-7.5	20	None	None	Soil9_T9	Soil9_A01_-75_None	1	Soil9_T9_Slurry_None_None_-75_R1	Soil9_pH5.82	T9	5.82	47339	949	1171	2120	45219	8.53	4.253333333	4.373333333	21.32971698
Soil9_SampleA10	SetA	A10	0	2	0	Soil9	Soil9_CE277	Soil9_T9_Slurry_CHL_None_-7	Slurry	HCl_NaOH	-7	-0.7	20	CHL	None	Soil9_T9	Soil9_A10_-7_CHL	1	Soil9_T9_Slurry_CHL_None_-7_R1	Soil9_pH5.82	T9	5.82	57946	1408	1341	2749	55197	5.540540541	4.223333333	4.326666667	20.0789378
Soil9_SampleA11	SetA	A11	0	2	0	Soil9	Soil9_CE277	Soil9_T9_Slurry_CHL_None_-2	Slurry	HCl_NaOH	-2	-0.2	20	CHL	None	Soil9_T9	Soil9_A11_-2_CHL	1	Soil9_T9_Slurry_CHL_None_-2_R1	Soil9_pH5.82	T9	5.82	47619	1393	1280	2673	44946	4.615615616	4.223333333	4.326666667	16.81481481
Soil9_SampleA12	SetA	A12	0	2	0	Soil9	Soil9_CE277	Soil9_T9_Slurry_CHL_None_13	Slurry	HCl_NaOH	13	1.3	20	CHL	None	Soil9_T9	Soil9_A12_13_CHL	1	Soil9_T9_Slurry_CHL_None_13_R1	Soil9_pH5.82	T9	5.82	55057	5010	4780	9790	45267	3.558558559	4.223333333	4.326666667	4.623799796
Soil9_SampleA13	SetA	B01	0	2	0	Soil9	Soil9_CE277	Soil9_T9_Slurry_None_None_-28	Slurry	HCl_NaOH	-28	-2.8	20	None	None	Soil9_T9	Soil9_B01_-28_None	1	Soil9_T9_Slurry_None_None_-28_R1	Soil9_pH5.82	T9	5.82	38118	526	463	989	37129	7.870870871	4.253333333	4.373333333	37.54196158
Soil9_SampleA14	SetA	B02	0	2	0	Soil9	Soil9_CE277	Soil9_T9_Slurry_None_None_-16	Slurry	HCl_NaOH	-16	-1.6	20	None	None	Soil9_T9	Soil9_B02_-16_None	1	Soil9_T9_Slurry_None_None_-16_R1	Soil9_pH5.82	T9	5.82	9102	146	139	285	8817	7.066066066	4.253333333	4.373333333	30.93684211
Soil9_SampleA15	SetA	B03	0	2	0	Soil9	Soil9_CE277	Soil9_T9_Slurry_None_None_-10	Slurry	HCl_NaOH	-10	-1	20	None	None	Soil9_T9	Soil9_B03_-10_None	1	Soil9_T9_Slurry_None_None_-10_R1	Soil9_pH5.82	T9	5.82	28969	554	524	1078	27891	6.393393393	4.253333333	4.373333333	25.8729128
Soil9_SampleA16	SetA	B04	0	2	0	Soil9	Soil9_CE277	Soil9_T9_Slurry_None_None_-5	Slurry	HCl_NaOH	-5	-0.5	20	None	None	Soil9_T9	Soil9_B04_-5_None	1	Soil9_T9_Slurry_None_None_-5_R1	Soil9_pH5.82	T9	5.82	14751	270	263	533	14218	5.144144144	4.253333333	4.373333333	26.67542214
Soil9_SampleA17	SetA	B05	0	2	0	Soil9	Soil9_CE277	Soil9_T9_Slurry_None_None_4	Slurry	HCl_NaOH	4	0.4	20	None	None	Soil9_T9	Soil9_B05_4_None	1	Soil9_T9_Slurry_None_None_4_R1	Soil9_pH5.82	T9	5.82	30211	835	778	1613	28598	4.051051051	4.253333333	4.373333333	17.72969622
Soil9_SampleA18	SetA	B06	0	2	0	Soil9	Soil9_CE277	Soil9_T9_Slurry_None_None_38	Slurry	HCl_NaOH	38	3.8	20	None	None	Soil9_T9	Soil9_B06_38_None	1	Soil9_T9_Slurry_None_None_38_R1	Soil9_pH5.82	T9	5.82	26938	4948	4334	9282	17656	3.06	4.253333333	4.373333333	1.902176255
Soil9_SampleA19	SetA	B07	0	2	0	Soil9	Soil9_CE277	Soil9_T9_Slurry_CHL_None_-28	Slurry	HCl_NaOH	-28	-2.8	20	CHL	None	Soil9_T9	Soil9_B07_-28_CHL	1	Soil9_T9_Slurry_CHL_None_-28_R1	Soil9_pH5.82	T9	5.82	49237	1364	1293	2657	46580	7.738738739	4.223333333	4.326666667	17.53105006
Soil9_SampleA2	SetA	A02	0	2	0	Soil9	Soil9_CE277	Soil9_T9_Slurry_None_None_-20	Slurry	HCl_NaOH	-20	-2	20	None	None	Soil9_T9	Soil9_A02_-20_None	1	Soil9_T9_Slurry_None_None_-20_R1	Soil9_pH5.82	T9	5.82	15879	284	243	527	15352	7.498498498	4.253333333	4.373333333	29.13092979
Soil9_SampleA20	SetA	B08	0	2	0	Soil9	Soil9_CE277	Soil9_T9_Slurry_CHL_None_-16	Slurry	HCl_NaOH	-16	-1.6	20	CHL	None	Soil9_T9	Soil9_B08_-16_CHL	1	Soil9_T9_Slurry_CHL_None_-16_R1	Soil9_pH5.82	T9	5.82	19760	524	469	993	18767	6.873873874	4.223333333	4.326666667	18.89929507
Soil9_SampleA21	SetA	B09	0	2	0	Soil9	Soil9_CE277	Soil9_T9_Slurry_CHL_None_-10	Slurry	HCl_NaOH	-10	-1	20	CHL	None	Soil9_T9	Soil9_B09_-10_CHL	1	Soil9_T9_Slurry_CHL_None_-10_R1	Soil9_pH5.82	T9	5.82	46640	1229	1076	2305	44335	6.057057057	4.223333333	4.326666667	19.23427332
Soil9_SampleA22	SetA	B10	0	2	0	Soil9	Soil9_CE277	Soil9_T9_Slurry_CHL_None_-5	Slurry	HCl_NaOH	-5	-0.5	20	CHL	None	Soil9_T9	Soil9_B10_-5_CHL	1	Soil9_T9_Slurry_CHL_None_-5_R1	Soil9_pH5.82	T9	5.82	51200	1356	1159	2515	48685	5.216216216	4.223333333	4.326666667	19.35785288
Soil9_SampleA23	SetA	B11	0	2	0	Soil9	Soil9_CE277	Soil9_T9_Slurry_CHL_None_4	Slurry	HCl_NaOH	4	0.4	20	CHL	None	Soil9_T9	Soil9_B11_4_CHL	1	Soil9_T9_Slurry_CHL_None_4_R1	Soil9_pH5.82	T9	5.82	46070	1658	1643	3301	42769	3.990990991	4.223333333	4.326666667	12.95637686
Soil9_SampleA24	SetA	B12	0	2	0	Soil9	Soil9_CE277	Soil9_T9_Slurry_CHL_None_38	Slurry	HCl_NaOH	38	3.8	20	CHL	None	Soil9_T9	Soil9_B12_38_CHL	1	Soil9_T9_Slurry_CHL_None_38_R1	Soil9_pH5.82	T9	5.82	55379	11754	10369	22123	33256	3.05	4.223333333	4.326666667	1.503231931
Soil9_SampleA25	SetA	C01	0	2	0	Soil9	Soil9_CE277	Soil9_T9_Slurry_None_None_-75	Slurry	HCl_NaOH	-75	-7.5	20	None	None	Soil9_T9	Soil9_C01_-75_None	2	Soil9_T9_Slurry_None_None_-75_R2	Soil9_pH5.82	T9	5.82	51972	1003	1137	2140	49832	8.53	4.253333333	4.373333333	23.28598131
Soil9_SampleA26	SetA	C02	0	2	0	Soil9	Soil9_CE277	Soil9_T9_Slurry_None_None_-20	Slurry	HCl_NaOH	-20	-2	20	None	None	Soil9_T9	Soil9_C02_-20_None	2	Soil9_T9_Slurry_None_None_-20_R2	Soil9_pH5.82	T9	5.82	13027	185	188	373	12654	7.498498498	4.253333333	4.373333333	33.92493298
Soil9_SampleA27	SetA	C03	0	2	0	Soil9	Soil9_CE277	Soil9_T9_Slurry_None_None_-13	Slurry	HCl_NaOH	-13	-1.3	20	None	None	Soil9_T9	Soil9_C03_-13_None	2	Soil9_T9_Slurry_None_None_-13_R2	Soil9_pH5.82	T9	5.82	44922	792	693	1485	43437	6.861861862	4.253333333	4.373333333	29.25050505
Soil9_SampleA28	SetA	C04	0	2	0	Soil9	Soil9_CE277	Soil9_T9_Slurry_None_None_-7	Slurry	HCl_NaOH	-7	-0.7	20	None	None	Soil9_T9	Soil9_C04_-7_None	2	Soil9_T9_Slurry_None_None_-7_R2	Soil9_pH5.82	T9	5.82	22838	450	426	876	21962	5.660660661	4.253333333	4.373333333	25.07077626
Soil9_SampleA29	SetA	C05	0	2	0	Soil9	Soil9_CE277	Soil9_T9_Slurry_None_None_-2	Slurry	HCl_NaOH	-2	-0.2	20	None	None	Soil9_T9	Soil9_C05_-2_None	2	Soil9_T9_Slurry_None_None_-2_R2	Soil9_pH5.82	T9	5.82	28358	512	440	952	27406	4.687687688	4.253333333	4.373333333	28.78781513
Soil9_SampleA3	SetA	A03	0	2	0	Soil9	Soil9_CE277	Soil9_T9_Slurry_None_None_-13	Slurry	HCl_NaOH	-13	-1.3	20	None	None	Soil9_T9	Soil9_A03_-13_None	1	Soil9_T9_Slurry_None_None_-13_R1	Soil9_pH5.82	T9	5.82	41568	757	735	1492	40076	6.861861862	4.253333333	4.373333333	26.86058981
Soil9_SampleA30	SetA	C06	0	2	0	Soil9	Soil9_CE277	Soil9_T9_Slurry_None_None_13	Slurry	HCl_NaOH	13	1.3	20	None	None	Soil9_T9	Soil9_C06_13_None	2	Soil9_T9_Slurry_None_None_13_R2	Soil9_pH5.82	T9	5.82	53919	2836	2620	5456	48463	3.606606607	4.253333333	4.373333333	8.882514663
Soil9_SampleA31	SetA	C07	0	2	0	Soil9	Soil9_CE277	Soil9_T9_Slurry_CHL_None_-75	Slurry	HCl_NaOH	-75	-7.5	20	CHL	None	Soil9_T9	Soil9_C07_-75_CHL	2	Soil9_T9_Slurry_CHL_None_-75_R2	Soil9_pH5.82	T9	5.82	46199	1362	1078	2440	43759	8.49	4.223333333	4.326666667	17.93401639
Soil9_SampleA32	SetA	C08	0	2	0	Soil9	Soil9_CE277	Soil9_T9_Slurry_CHL_None_-20	Slurry	HCl_NaOH	-20	-2	20	CHL	None	Soil9_T9	Soil9_C08_-20_CHL	2	Soil9_T9_Slurry_CHL_None_-20_R2	Soil9_pH5.82	T9	5.82	20501	557	499	1056	19445	7.318318318	4.223333333	4.326666667	18.41382576
Soil9_SampleA33	SetA	C09	0	2	0	Soil9	Soil9_CE277	Soil9_T9_Slurry_CHL_None_-13	Slurry	HCl_NaOH	-13	-1.3	20	CHL	None	Soil9_T9	Soil9_C09_-13_CHL	2	Soil9_T9_Slurry_CHL_None_-13_R2	Soil9_pH5.82	T9	5.82	33547	785	769	1554	31993	6.573573574	4.223333333	4.326666667	20.58751609
Soil9_SampleA34	SetA	C10	0	2	0	Soil9	Soil9_CE277	Soil9_T9_Slurry_CHL_None_-7	Slurry	HCl_NaOH	-7	-0.7	20	CHL	None	Soil9_T9	Soil9_C10_-7_CHL	2	Soil9_T9_Slurry_CHL_None_-7_R2	Soil9_pH5.82	T9	5.82	54938	1398	1308	2706	52232	5.540540541	4.223333333	4.326666667	19.3022912
Soil9_SampleA35	SetA	C11	0	2	0	Soil9	Soil9_CE277	Soil9_T9_Slurry_CHL_None_-2	Slurry	HCl_NaOH	-2	-0.2	20	CHL	None	Soil9_T9	Soil9_C11_-2_CHL	2	Soil9_T9_Slurry_CHL_None_-2_R2	Soil9_pH5.82	T9	5.82	49771	1314	1084	2398	47373	4.615615616	4.223333333	4.326666667	19.75521268
Soil9_SampleA36	SetA	C12	0	2	0	Soil9	Soil9_CE277	Soil9_T9_Slurry_CHL_None_13	Slurry	HCl_NaOH	13	1.3	20	CHL	None	Soil9_T9	Soil9_C12_13_CHL	2	Soil9_T9_Slurry_CHL_None_13_R2	Soil9_pH5.82	T9	5.82	50301	4540	4256	8796	41505	3.558558559	4.223333333	4.326666667	4.718622101
Soil9_SampleA37	SetA	D01	0	2	0	Soil9	Soil9_CE277	Soil9_T9_Slurry_None_None_-28	Slurry	HCl_NaOH	-28	-2.8	20	None	None	Soil9_T9	Soil9_D01_-28_None	2	Soil9_T9_Slurry_None_None_-28_R2	Soil9_pH5.82	T9	5.82	35560	447	461	908	34652	7.870870871	4.253333333	4.373333333	38.16299559
Soil9_SampleA38	SetA	D02	0	2	0	Soil9	Soil9_CE277	Soil9_T9_Slurry_None_None_-16	Slurry	HCl_NaOH	-16	-1.6	20	None	None	Soil9_T9	Soil9_D02_-16_None	2	Soil9_T9_Slurry_None_None_-16_R2	Soil9_pH5.82	T9	5.82	6562	78	83	161	6401	7.066066066	4.253333333	4.373333333	39.75776398
Soil9_SampleA39	SetA	D03	0	2	0	Soil9	Soil9_CE277	Soil9_T9_Slurry_None_None_-10	Slurry	HCl_NaOH	-10	-1	20	None	None	Soil9_T9	Soil9_D03_-10_None	2	Soil9_T9_Slurry_None_None_-10_R2	Soil9_pH5.82	T9	5.82	30480	621	459	1080	29400	6.393393393	4.253333333	4.373333333	27.22222222
Soil9_SampleA4	SetA	A04	0	2	0	Soil9	Soil9_CE277	Soil9_T9_Slurry_None_None_-7	Slurry	HCl_NaOH	-7	-0.7	20	None	None	Soil9_T9	Soil9_A04_-7_None	1	Soil9_T9_Slurry_None_None_-7_R1	Soil9_pH5.82	T9	5.82	20286	399	376	775	19511	5.660660661	4.253333333	4.373333333	25.17548387
Soil9_SampleA40	SetA	D04	0	2	0	Soil9	Soil9_CE277	Soil9_T9_Slurry_None_None_-5	Slurry	HCl_NaOH	-5	-0.5	20	None	None	Soil9_T9	Soil9_D04_-5_None	2	Soil9_T9_Slurry_None_None_-5_R2	Soil9_pH5.82	T9	5.82	19120	371	342	713	18407	5.144144144	4.253333333	4.373333333	25.81626928
Soil9_SampleA41	SetA	D05	0	2	0	Soil9	Soil9_CE277	Soil9_T9_Slurry_None_None_4	Slurry	HCl_NaOH	4	0.4	20	None	None	Soil9_T9	Soil9_D05_4_None	2	Soil9_T9_Slurry_None_None_4_R2	Soil9_pH5.82	T9	5.82	22481	583	557	1140	21341	4.051051051	4.253333333	4.373333333	18.72017544
Soil9_SampleA42	SetA	D06	0	2	0	Soil9	Soil9_CE277	Soil9_T9_Slurry_None_None_38	Slurry	HCl_NaOH	38	3.8	20	None	None	Soil9_T9	Soil9_D06_38_None	2	Soil9_T9_Slurry_None_None_38_R2	Soil9_pH5.82	T9	5.82	29626	5427	4835	10262	19364	3.06	4.253333333	4.373333333	1.886961606
Soil9_SampleA43	SetA	D07	0	2	0	Soil9	Soil9_CE277	Soil9_T9_Slurry_CHL_None_-28	Slurry	HCl_NaOH	-28	-2.8	20	CHL	None	Soil9_T9	Soil9_D07_-28_CHL	2	Soil9_T9_Slurry_CHL_None_-28_R2	Soil9_pH5.82	T9	5.82	55746	1550	1314	2864	52882	7.738738739	4.223333333	4.326666667	18.46438547
Soil9_SampleA44	SetA	D08	0	2	0	Soil9	Soil9_CE277	Soil9_T9_Slurry_CHL_None_-16	Slurry	HCl_NaOH	-16	-1.6	20	CHL	None	Soil9_T9	Soil9_D08_-16_CHL	2	Soil9_T9_Slurry_CHL_None_-16_R2	Soil9_pH5.82	T9	5.82	12595	323	360	683	11912	6.873873874	4.223333333	4.326666667	17.44070278
Soil9_SampleA45	SetA	D09	0	2	0	Soil9	Soil9_CE277	Soil9_T9_Slurry_CHL_None_-10	Slurry	HCl_NaOH	-10	-1	20	CHL	None	Soil9_T9	Soil9_D09_-10_CHL	2	Soil9_T9_Slurry_CHL_None_-10_R2	Soil9_pH5.82	T9	5.82	53941	1409	1245	2654	51287	6.057057057	4.223333333	4.326666667	19.32441598
Soil9_SampleA46	SetA	D10	0	2	0	Soil9	Soil9_CE277	Soil9_T9_Slurry_CHL_None_-5	Slurry	HCl_NaOH	-5	-0.5	20	CHL	None	Soil9_T9	Soil9_D10_-5_CHL	2	Soil9_T9_Slurry_CHL_None_-5_R2	Soil9_pH5.82	T9	5.82	55137	1484	1371	2855	52282	5.216216216	4.223333333	4.326666667	18.31243433
Soil9_SampleA47	SetA	D11	0	2	0	Soil9	Soil9_CE277	Soil9_T9_Slurry_CHL_None_4	Slurry	HCl_NaOH	4	0.4	20	CHL	None	Soil9_T9	Soil9_D11_4_CHL	2	Soil9_T9_Slurry_CHL_None_4_R2	Soil9_pH5.82	T9	5.82	48261	1814	1640	3454	44807	3.990990991	4.223333333	4.326666667	12.97249566
Soil9_SampleA48	SetA	D12	0	2	0	Soil9	Soil9_CE277	Soil9_T9_Slurry_CHL_None_38	Slurry	HCl_NaOH	38	3.8	20	CHL	None	Soil9_T9	Soil9_D12_38_CHL	2	Soil9_T9_Slurry_CHL_None_38_R2	Soil9_pH5.82	T9	5.82	66370	13603	11689	25292	41078	3.05	4.223333333	4.326666667	1.624149929
Soil9_SampleA49	SetA	E01	0	2	0	Soil9	Soil9_CE277	Soil9_T9_Slurry_None_None_-75	Slurry	HCl_NaOH	-75	-7.5	20	None	None	Soil9_T9	Soil9_E01_-75_None	3	Soil9_T9_Slurry_None_None_-75_R3	Soil9_pH5.82	T9	5.82	48190	819	835	1654	46536	8.53	4.253333333	4.373333333	28.13542926
Soil9_SampleA5	SetA	A05	0	2	0	Soil9	Soil9_CE277	Soil9_T9_Slurry_None_None_-2	Slurry	HCl_NaOH	-2	-0.2	20	None	None	Soil9_T9	Soil9_A05_-2_None	1	Soil9_T9_Slurry_None_None_-2_R1	Soil9_pH5.82	T9	5.82	43241	673	752	1425	41816	4.687687688	4.253333333	4.373333333	29.3445614
Soil9_SampleA50	SetA	E02	0	2	0	Soil9	Soil9_CE277	Soil9_T9_Slurry_None_None_-20	Slurry	HCl_NaOH	-20	-2	20	None	None	Soil9_T9	Soil9_E02_-20_None	3	Soil9_T9_Slurry_None_None_-20_R3	Soil9_pH5.82	T9	5.82	8897	134	138	272	8625	7.498498498	4.253333333	4.373333333	31.70955882
Soil9_SampleA51	SetA	E03	0	2	0	Soil9	Soil9_CE277	Soil9_T9_Slurry_None_None_-13	Slurry	HCl_NaOH	-13	-1.3	20	None	None	Soil9_T9	Soil9_E03_-13_None	3	Soil9_T9_Slurry_None_None_-13_R3	Soil9_pH5.82	T9	5.82	44134	709	753	1462	42672	6.861861862	4.253333333	4.373333333	29.1874145
Soil9_SampleA52	SetA	E04	0	2	0	Soil9	Soil9_CE277	Soil9_T9_Slurry_None_None_-7	Slurry	HCl_NaOH	-7	-0.7	20	None	None	Soil9_T9	Soil9_E04_-7_None	3	Soil9_T9_Slurry_None_None_-7_R3	Soil9_pH5.82	T9	5.82	12664	319	196	515	12149	5.660660661	4.253333333	4.373333333	23.59029126
Soil9_SampleA53	SetA	E05	0	2	0	Soil9	Soil9_CE277	Soil9_T9_Slurry_None_None_-2	Slurry	HCl_NaOH	-2	-0.2	20	None	None	Soil9_T9	Soil9_E05_-2_None	3	Soil9_T9_Slurry_None_None_-2_R3	Soil9_pH5.82	T9	5.82	33518	606	465	1071	32447	4.687687688	4.253333333	4.373333333	30.29598506
Soil9_SampleA54	SetA	E06	0	2	0	Soil9	Soil9_CE277	Soil9_T9_Slurry_None_None_13	Slurry	HCl_NaOH	13	1.3	20	None	None	Soil9_T9	Soil9_E06_13_None	3	Soil9_T9_Slurry_None_None_13_R3	Soil9_pH5.82	T9	5.82	34261	1735	1474	3209	31052	3.606606607	4.253333333	4.373333333	9.676534746
Soil9_SampleA55	SetA	E07	0	2	0	Soil9	Soil9_CE277	Soil9_T9_Slurry_CHL_None_-75	Slurry	HCl_NaOH	-75	-7.5	20	CHL	None	Soil9_T9	Soil9_E07_-75_CHL	3	Soil9_T9_Slurry_CHL_None_-75_R3	Soil9_pH5.82	T9	5.82	46855	1217	1002	2219	44636	8.49	4.223333333	4.326666667	20.11536728
Soil9_SampleA56	SetA	E08	0	2	0	Soil9	Soil9_CE277	Soil9_T9_Slurry_CHL_None_-20	Slurry	HCl_NaOH	-20	-2	20	CHL	None	Soil9_T9	Soil9_E08_-20_CHL	3	Soil9_T9_Slurry_CHL_None_-20_R3	Soil9_pH5.82	T9	5.82	20772	536	460	996	19776	7.318318318	4.223333333	4.326666667	19.85542169
Soil9_SampleA57	SetA	E09	0	2	0	Soil9	Soil9_CE277	Soil9_T9_Slurry_CHL_None_-13	Slurry	HCl_NaOH	-13	-1.3	20	CHL	None	Soil9_T9	Soil9_E09_-13_CHL	3	Soil9_T9_Slurry_CHL_None_-13_R3	Soil9_pH5.82	T9	5.82	49623	1352	1125	2477	47146	6.573573574	4.223333333	4.326666667	19.03350828
Soil9_SampleA58	SetA	E10	0	2	0	Soil9	Soil9_CE277	Soil9_T9_Slurry_CHL_None_-7	Slurry	HCl_NaOH	-7	-0.7	20	CHL	None	Soil9_T9	Soil9_E10_-7_CHL	3	Soil9_T9_Slurry_CHL_None_-7_R3	Soil9_pH5.82	T9	5.82	61005	1537	1415	2952	58053	5.540540541	4.223333333	4.326666667	19.66565041
Soil9_SampleA59	SetA	E11	0	2	0	Soil9	Soil9_CE277	Soil9_T9_Slurry_CHL_None_-2	Slurry	HCl_NaOH	-2	-0.2	20	CHL	None	Soil9_T9	Soil9_E11_-2_CHL	3	Soil9_T9_Slurry_CHL_None_-2_R3	Soil9_pH5.82	T9	5.82	47287	1163	1142	2305	44982	4.615615616	4.223333333	4.326666667	19.51496746
Soil9_SampleA6	SetA	A06	0	2	0	Soil9	Soil9_CE277	Soil9_T9_Slurry_None_None_13	Slurry	HCl_NaOH	13	1.3	20	None	None	Soil9_T9	Soil9_A06_13_None	1	Soil9_T9_Slurry_None_None_13_R1	Soil9_pH5.82	T9	5.82	54553	2708	2614	5322	49231	3.606606607	4.253333333	4.373333333	9.250469748
Soil9_SampleA60	SetA	E12	0	2	0	Soil9	Soil9_CE277	Soil9_T9_Slurry_CHL_None_13	Slurry	HCl_NaOH	13	1.3	20	CHL	None	Soil9_T9	Soil9_E12_13_CHL	3	Soil9_T9_Slurry_CHL_None_13_R3	Soil9_pH5.82	T9	5.82	50454	3778	3510	7288	43166	3.558558559	4.223333333	4.326666667	5.922886937
Soil9_SampleA61	SetA	F01	0	2	0	Soil9	Soil9_CE277	Soil9_T9_Slurry_None_None_-28	Slurry	HCl_NaOH	-28	-2.8	20	None	None	Soil9_T9	Soil9_F01_-28_None	3	Soil9_T9_Slurry_None_None_-28_R3	Soil9_pH5.82	T9	5.82	30956	427	434	861	30095	7.870870871	4.253333333	4.373333333	34.95354239
Soil9_SampleA62	SetA	F02	0	2	0	Soil9	Soil9_CE277	Soil9_T9_Slurry_None_None_-16	Slurry	HCl_NaOH	-16	-1.6	20	None	None	Soil9_T9	Soil9_F02_-16_None	3	Soil9_T9_Slurry_None_None_-16_R3	Soil9_pH5.82	T9	5.82	5463	82	79	161	5302	7.066066066	4.253333333	4.373333333	32.93167702
Soil9_SampleA63	SetA	F03	0	2	0	Soil9	Soil9_CE277	Soil9_T9_Slurry_None_None_-10	Slurry	HCl_NaOH	-10	-1	20	None	None	Soil9_T9	Soil9_F03_-10_None	3	Soil9_T9_Slurry_None_None_-10_R3	Soil9_pH5.82	T9	5.82	17825	348	329	677	17148	6.393393393	4.253333333	4.373333333	25.32939439
Soil9_SampleA64	SetA	F04	0	2	0	Soil9	Soil9_CE277	Soil9_T9_Slurry_None_None_-5	Slurry	HCl_NaOH	-5	-0.5	20	None	None	Soil9_T9	Soil9_F04_-5_None	3	Soil9_T9_Slurry_None_None_-5_R3	Soil9_pH5.82	T9	5.82	16311	281	293	574	15737	5.144144144	4.253333333	4.373333333	27.41637631
Soil9_SampleA65	SetA	F05	0	2	0	Soil9	Soil9_CE277	Soil9_T9_Slurry_None_None_4	Slurry	HCl_NaOH	4	0.4	20	None	None	Soil9_T9	Soil9_F05_4_None	3	Soil9_T9_Slurry_None_None_4_R3	Soil9_pH5.82	T9	5.82	45800	1089	1090	2179	43621	4.051051051	4.253333333	4.373333333	20.01881597
Soil9_SampleA66	SetA	F06	0	2	0	Soil9	Soil9_CE277	Soil9_T9_Slurry_None_None_38	Slurry	HCl_NaOH	38	3.8	20	None	None	Soil9_T9	Soil9_F06_38_None	3	Soil9_T9_Slurry_None_None_38_R3	Soil9_pH5.82	T9	5.82	27418	4927	4438	9365	18053	3.06	4.253333333	4.373333333	1.927709557
Soil9_SampleA67	SetA	F07	0	2	0	Soil9	Soil9_CE277	Soil9_T9_Slurry_CHL_None_-28	Slurry	HCl_NaOH	-28	-2.8	20	CHL	None	Soil9_T9	Soil9_F07_-28_CHL	3	Soil9_T9_Slurry_CHL_None_-28_R3	Soil9_pH5.82	T9	5.82	61052	1736	1474	3210	57842	7.738738739	4.223333333	4.326666667	18.01931464
Soil9_SampleA68	SetA	F08	0	2	0	Soil9	Soil9_CE277	Soil9_T9_Slurry_CHL_None_-16	Slurry	HCl_NaOH	-16	-1.6	20	CHL	None	Soil9_T9	Soil9_F08_-16_CHL	3	Soil9_T9_Slurry_CHL_None_-16_R3	Soil9_pH5.82	T9	5.82	24298	630	585	1215	23083	6.873873874	4.223333333	4.326666667	18.99835391
Soil9_SampleA69	SetA	F09	0	2	0	Soil9	Soil9_CE277	Soil9_T9_Slurry_CHL_None_-10	Slurry	HCl_NaOH	-10	-1	20	CHL	None	Soil9_T9	Soil9_F09_-10_CHL	3	Soil9_T9_Slurry_CHL_None_-10_R3	Soil9_pH5.82	T9	5.82	65071	1714	1607	3321	61750	6.057057057	4.223333333	4.326666667	18.59379705
Soil9_SampleA7	SetA	A07	0	2	0	Soil9	Soil9_CE277	Soil9_T9_Slurry_CHL_None_-75	Slurry	HCl_NaOH	-75	-7.5	20	CHL	None	Soil9_T9	Soil9_A07_-75_CHL	1	Soil9_T9_Slurry_CHL_None_-75_R1	Soil9_pH5.82	T9	5.82	42233	1163	1057	2220	40013	8.49	4.223333333	4.326666667	18.02387387
Soil9_SampleA70	SetA	F10	0	2	0	Soil9	Soil9_CE277	Soil9_T9_Slurry_CHL_None_-5	Slurry	HCl_NaOH	-5	-0.5	20	CHL	None	Soil9_T9	Soil9_F10_-5_CHL	3	Soil9_T9_Slurry_CHL_None_-5_R3	Soil9_pH5.82	T9	5.82	51306	1420	1251	2671	48635	5.216216216	4.223333333	4.326666667	18.20853613
Soil9_SampleA71	SetA	F11	0	2	0	Soil9	Soil9_CE277	Soil9_T9_Slurry_CHL_None_4	Slurry	HCl_NaOH	4	0.4	20	CHL	None	Soil9_T9	Soil9_F11_4_CHL	3	Soil9_T9_Slurry_CHL_None_4_R3	Soil9_pH5.82	T9	5.82	45961	1646	1424	3070	42891	3.990990991	4.223333333	4.326666667	13.97100977
Soil9_SampleA72	SetA	F12	0	2	0	Soil9	Soil9_CE277	Soil9_T9_Slurry_CHL_None_38	Slurry	HCl_NaOH	38	3.8	20	CHL	None	Soil9_T9	Soil9_F12_38_CHL	3	Soil9_T9_Slurry_CHL_None_38_R3	Soil9_pH5.82	T9	5.82	60126	13521	11483	25004	35122	3.05	4.223333333	4.326666667	1.404655255
Soil9_SampleA75	SetA	G03	0	0	0	Soil9	Soil9_CE277	Soil9_T9_No_Nitrate_None_None_0	No_Nitrate	No_Nitrate	0	0	20	None	None	Soil9_T9	Soil9_G03_0_None	2	Soil9_T9_No_Nitrate_None_None_0_R2	Soil9_pH5.82	T9	5.82	42428	833	738	1571	40857	4.373333333	4.253333333	4.373333333	26.00700191
Soil9_SampleA76	SetA	G04	0	2	0	Soil9	Soil9_CE277	Soil9_T9_Slurry_None_None_0	Slurry	HCl_NaOH	0	0	20	None	None	Soil9_T9	Soil9_G04_0_None	1	Soil9_T9_Slurry_None_None_0_R1	Soil9_pH5.82	T9	5.82	23310	465	474	939	22371	4.373333333	4.253333333	4.373333333	23.82428115
Soil9_SampleA77	SetA	G05	0	2	0	Soil9	Soil9_CE277	Soil9_T9_Slurry_None_None_0	Slurry	HCl_NaOH	0	0	20	None	None	Soil9_T9	Soil9_G05_0_None	3	Soil9_T9_Slurry_None_None_0_R3	Soil9_pH5.82	T9	5.82	37295	667	650	1317	35978	4.373333333	4.253333333	4.373333333	27.3181473
Soil9_SampleA78	SetA	G06	0	2	0	Soil9	Soil9_CE277	Soil9_T0	Slurry_T0	Nitrate	0	0	20	None	None	Soil9_T0	Soil9_T0	2	Soil9_T0_Slurry_T0_None_None_0_R2	Soil9_pH5.82	T0	5.82	50142	1018	965	1983	48159	4.373333333	4.253333333	4.373333333	24.28593041
Soil9_SampleA8	SetA	A08	0	2	0	Soil9	Soil9_CE277	Soil9_T9_Slurry_CHL_None_-20	Slurry	HCl_NaOH	-20	-2	20	CHL	None	Soil9_T9	Soil9_A08_-20_CHL	1	Soil9_T9_Slurry_CHL_None_-20_R1	Soil9_pH5.82	T9	5.82	13324	340	429	769	12555	7.318318318	4.223333333	4.326666667	16.32639792
Soil9_SampleA81	SetA	G09	0	0	0	Soil9	Soil9_CE277	Soil9_T9_No_Nitrate_CHL_None_0	No_Nitrate	No_Nitrate	0	0	20	CHL	None	Soil9_T9	Soil9_G09_0_CHL	2	Soil9_T9_No_Nitrate_CHL_None_0_R2	Soil9_pH5.82	T9	5.82	78039	1734	1577	3311	74728	4.326666667	4.223333333	4.326666667	22.56961643
Soil9_SampleA82	SetA	G10	0	2	0	Soil9	Soil9_CE277	Soil9_T9_Slurry_CHL_None_0	Slurry	HCl_NaOH	0	0	20	CHL	None	Soil9_T9	Soil9_G10_0_CHL	1	Soil9_T9_Slurry_CHL_None_0_R1	Soil9_pH5.82	T9	5.82	88960	2066	2107	4173	84787	4.326666667	4.223333333	4.326666667	20.31799665
Soil9_SampleA83	SetA	G11	0	2	0	Soil9	Soil9_CE277	Soil9_T9_Slurry_CHL_None_0	Slurry	HCl_NaOH	0	0	20	CHL	None	Soil9_T9	Soil9_G11_0_CHL	3	Soil9_T9_Slurry_CHL_None_0_R3	Soil9_pH5.82	T9	5.82	49566	1311	1238	2549	47017	4.326666667	4.223333333	4.326666667	18.44527266
Soil9_SampleA86	SetA	H02	0	0	0	Soil9	Soil9_CE277	Soil9_T9_No_Nitrate_None_None_0	No_Nitrate	No_Nitrate	0	0	20	None	None	Soil9_T9	Soil9_H02_0_None	1	Soil9_T9_No_Nitrate_None_None_0_R1	Soil9_pH5.82	T9	5.82	24705	564	452	1016	23689	4.373333333	4.253333333	4.373333333	23.31594488
Soil9_SampleA87	SetA	H03	0	0	0	Soil9	Soil9_CE277	Soil9_T9_No_Nitrate_None_None_0	No_Nitrate	No_Nitrate	0	0	20	None	None	Soil9_T9	Soil9_H03_0_None	3	Soil9_T9_No_Nitrate_None_None_0_R3	Soil9_pH5.82	T9	5.82	19248	428	498	926	18322	4.373333333	4.253333333	4.373333333	19.78617711
Soil9_SampleA88	SetA	H04	0	2	0	Soil9	Soil9_CE277	Soil9_T9_Slurry_None_None_0	Slurry	HCl_NaOH	0	0	20	None	None	Soil9_T9	Soil9_H04_0_None	2	Soil9_T9_Slurry_None_None_0_R2	Soil9_pH5.82	T9	5.82	14484	319	332	651	13833	4.373333333	4.253333333	4.373333333	21.24884793
Soil9_SampleA89	SetA	H05	2	0	0	Soil9	Soil9_CE277	Soil9_T0	Slurry_T0	Nitrite	0	0	20	None	None	Soil9_T0	Soil9_T0	1	Soil9_T0_Slurry_T0_None_None_0_R1	Soil9_pH5.82	T0	5.82	24028	498	560	1058	22970	4.373333333	4.253333333	4.373333333	21.71077505
Soil9_SampleA9	SetA	A09	0	2	0	Soil9	Soil9_CE277	Soil9_T9_Slurry_CHL_None_-13	Slurry	HCl_NaOH	-13	-1.3	20	CHL	None	Soil9_T9	Soil9_A09_-13_CHL	1	Soil9_T9_Slurry_CHL_None_-13_R1	Soil9_pH5.82	T9	5.82	58236	1491	1403	2894	55342	6.573573574	4.223333333	4.326666667	19.12301313
Soil9_SampleA90	SetA	H06	0	0	2	Soil9	Soil9_CE277	Soil9_T0	Slurry_T0	Ammonium	0	0	20	None	None	Soil9_T0	Soil9_T0	3	Soil9_T0_Slurry_T0_None_None_0_R3	Soil9_pH5.82	T0	5.82	73641	1438	1381	2819	70822	4.373333333	4.253333333	4.373333333	25.1230933
Soil9_SampleA92	SetA	H08	0	0	0	Soil9	Soil9_CE277	Soil9_T9_No_Nitrate_CHL_None_0	No_Nitrate	No_Nitrate	0	0	20	CHL	None	Soil9_T9	Soil9_H08_0_CHL	1	Soil9_T9_No_Nitrate_CHL_None_0_R1	Soil9_pH5.82	T9	5.82	29298	701	619	1320	27978	4.326666667	4.223333333	4.326666667	21.19545455
Soil9_SampleA93	SetA	H09	0	0	0	Soil9	Soil9_CE277	Soil9_T9_No_Nitrate_CHL_None_0	No_Nitrate	No_Nitrate	0	0	20	CHL	None	Soil9_T9	Soil9_H09_0_CHL	3	Soil9_T9_No_Nitrate_CHL_None_0_R3	Soil9_pH5.82	T9	5.82	71533	1674	1679	3353	68180	4.326666667	4.223333333	4.326666667	20.33402923
Soil9_SampleA94	SetA	H10	0	2	0	Soil9	Soil9_CE277	Soil9_T9_Slurry_CHL_None_0	Slurry	HCl_NaOH	0	0	20	CHL	None	Soil9_T9	Soil9_H10_0_CHL	2	Soil9_T9_Slurry_CHL_None_0_R2	Soil9_pH5.82	T9	5.82	63929	1621	1359	2980	60949	4.326666667	4.223333333	4.326666667	20.45268456
Soil14_SampleB1	SetB	A01	0	2	0	Soil14	Soil14_Neutral2	Soil14_T9_Slurry_None_None_-90	Slurry	HCl_NaOH	-90	-9	20	None	None	Soil14_T9	Soil14_A01_-90_None	1	Soil14_T9_Slurry_None_None_-90_R1	Soil14_pH6.54	T9	6.54	62664	680	852	1532	61132	8.63	4.94	6.72	39.90339426
Soil14_SampleB13	SetB	B01	0	2	0	Soil14	Soil14_Neutral2	Soil14_T9_Slurry_None_None_-23	Slurry	HCl_NaOH	-23	-2.3	20	None	None	Soil14_T9	Soil14_B01_-23_None	1	Soil14_T9_Slurry_None_None_-23_R1	Soil14_pH6.54	T9	6.54	58488	471	582	1053	57435	8.279279279	4.94	6.72	54.54415954
Soil14_SampleB14	SetB	B02	0	2	0	Soil14	Soil14_Neutral2	Soil14_T9_Slurry_None_None_-5	Slurry	HCl_NaOH	-5	-0.5	20	None	None	Soil14_T9	Soil14_B02_-5_None	1	Soil14_T9_Slurry_None_None_-5_R1	Soil14_pH6.54	T9	6.54	39109	351	379	730	38379	7.666666667	4.94	6.72	52.5739726
Soil14_SampleB15	SetB	B03	0	2	0	Soil14	Soil14_Neutral2	Soil14_T9_Slurry_None_None_2	Slurry	HCl_NaOH	2	0.2	20	None	None	Soil14_T9	Soil14_B03_2_None	1	Soil14_T9_Slurry_None_None_2_R1	Soil14_pH6.54	T9	6.54	90206	737	905	1642	88564	6.177177177	4.94	6.72	53.93666261
Soil14_SampleB16	SetB	B04	0	2	0	Soil14	Soil14_Neutral2	Soil14_T9_Slurry_None_None_9	Slurry	HCl_NaOH	9	0.9	20	None	None	Soil14_T9	Soil14_B04_9_None	1	Soil14_T9_Slurry_None_None_9_R1	Soil14_pH6.54	T9	6.54	23384	278	364	642	22742	4.747747748	4.94	6.72	35.42367601
Soil14_SampleB17	SetB	B05	0	2	0	Soil14	Soil14_Neutral2	Soil14_T9_Slurry_None_None_22	Slurry	HCl_NaOH	22	2.2	20	None	None	Soil14_T9	Soil14_B05_22_None	1	Soil14_T9_Slurry_None_None_22_R1	Soil14_pH6.54	T9	6.54	14560	686	679	1365	13195	3.882882883	4.94	6.72	9.666666667
Soil14_SampleB18	SetB	B06	0	2	0	Soil14	Soil14_Neutral2	Soil14_T9_Slurry_None_None_80	Slurry	HCl_NaOH	80	8	20	None	None	Soil14_T9	Soil14_B06_80_None	1	Soil14_T9_Slurry_None_None_80_R1	Soil14_pH6.54	T9	6.54	45979	6438	6040	12478	33501	2.95	4.94	6.72	2.684805257
Soil14_SampleB2	SetB	A02	0	2	0	Soil14	Soil14_Neutral2	Soil14_T9_Slurry_None_None_-8	Slurry	HCl_NaOH	-8	-0.8	20	None	None	Soil14_T9	Soil14_A02_-8_None	1	Soil14_T9_Slurry_None_None_-8_R1	Soil14_pH6.54	T9	6.54	41629	340	475	815	40814	7.894894895	4.94	6.72	50.07852761
Soil14_SampleB25	SetB	C01	0	2	0	Soil14	Soil14_Neutral2	Soil14_T9_Slurry_None_None_-90	Slurry	HCl_NaOH	-90	-9	20	None	None	Soil14_T9	Soil14_C01_-90_None	2	Soil14_T9_Slurry_None_None_-90_R2	Soil14_pH6.54	T9	6.54	49464	527	650	1177	48287	8.63	4.94	6.72	41.02548853
Soil14_SampleB26	SetB	C02	0	2	0	Soil14	Soil14_Neutral2	Soil14_T9_Slurry_None_None_-8	Slurry	HCl_NaOH	-8	-0.8	20	None	None	Soil14_T9	Soil14_C02_-8_None	2	Soil14_T9_Slurry_None_None_-8_R2	Soil14_pH6.54	T9	6.54	37990	395	419	814	37176	7.894894895	4.94	6.72	45.67076167
Soil14_SampleB27	SetB	C03	0	2	0	Soil14	Soil14_Neutral2	Soil14_T9_Slurry_None_None_-2	Slurry	HCl_NaOH	-2	-0.2	20	None	None	Soil14_T9	Soil14_C03_-2_None	2	Soil14_T9_Slurry_None_None_-2_R2	Soil14_pH6.54	T9	6.54	68150	683	686	1369	66781	7.222222222	4.94	6.72	48.78086194
Soil14_SampleB28	SetB	C04	0	2	0	Soil14	Soil14_Neutral2	Soil14_T9_Slurry_None_None_5	Slurry	HCl_NaOH	5	0.5	20	None	None	Soil14_T9	Soil14_C04_5_None	2	Soil14_T9_Slurry_None_None_5_R2	Soil14_pH6.54	T9	6.54	21849	309	321	630	21219	5.444444444	4.94	6.72	33.68095238
Soil14_SampleB29	SetB	C05	0	2	0	Soil14	Soil14_Neutral2	Soil14_T9_Slurry_None_None_14	Slurry	HCl_NaOH	14	1.4	20	None	None	Soil14_T9	Soil14_C05_14_None	2	Soil14_T9_Slurry_None_None_14_R2	Soil14_pH6.54	T9	6.54	25912	425	384	809	25103	4.483483483	4.94	6.72	31.02966625
Soil14_SampleB3	SetB	A03	0	2	0	Soil14	Soil14_Neutral2	Soil14_T9_Slurry_None_None_-2	Slurry	HCl_NaOH	-2	-0.2	20	None	None	Soil14_T9	Soil14_A03_-2_None	1	Soil14_T9_Slurry_None_None_-2_R1	Soil14_pH6.54	T9	6.54	80081	448	535	983	79098	7.222222222	4.94	6.72	80.46592065
Soil14_SampleB30	SetB	C06	0	2	0	Soil14	Soil14_Neutral2	Soil14_T9_Slurry_None_None_34	Slurry	HCl_NaOH	34	3.4	20	None	None	Soil14_T9	Soil14_C06_34_None	2	Soil14_T9_Slurry_None_None_34_R2	Soil14_pH6.54	T9	6.54	54469	4948	4392	9340	45129	3.534534535	4.94	6.72	4.831798715
Soil14_SampleB37	SetB	D01	0	2	0	Soil14	Soil14_Neutral2	Soil14_T9_Slurry_None_None_-23	Slurry	HCl_NaOH	-23	-2.3	20	None	None	Soil14_T9	Soil14_D01_-23_None	2	Soil14_T9_Slurry_None_None_-23_R2	Soil14_pH6.54	T9	6.54	64561	529	593	1122	63439	8.279279279	4.94	6.72	56.54099822
Soil14_SampleB38	SetB	D02	0	2	0	Soil14	Soil14_Neutral2	Soil14_T9_Slurry_None_None_-5	Slurry	HCl_NaOH	-5	-0.5	20	None	None	Soil14_T9	Soil14_D02_-5_None	2	Soil14_T9_Slurry_None_None_-5_R2	Soil14_pH6.54	T9	6.54	33415	302	331	633	32782	7.666666667	4.94	6.72	51.78830964
Soil14_SampleB39	SetB	D03	0	2	0	Soil14	Soil14_Neutral2	Soil14_T9_Slurry_None_None_2	Slurry	HCl_NaOH	2	0.2	20	None	None	Soil14_T9	Soil14_D03_2_None	2	Soil14_T9_Slurry_None_None_2_R2	Soil14_pH6.54	T9	6.54	78139	567	633	1200	76939	6.177177177	4.94	6.72	64.11583333
Soil14_SampleB4	SetB	A04	0	2	0	Soil14	Soil14_Neutral2	Soil14_T9_Slurry_None_None_5	Slurry	HCl_NaOH	5	0.5	20	None	None	Soil14_T9	Soil14_A04_5_None	1	Soil14_T9_Slurry_None_None_5_R1	Soil14_pH6.54	T9	6.54	24345	262	305	567	23778	5.444444444	4.94	6.72	41.93650794
Soil14_SampleB40	SetB	D04	0	2	0	Soil14	Soil14_Neutral2	Soil14_T9_Slurry_None_None_9	Slurry	HCl_NaOH	9	0.9	20	None	None	Soil14_T9	Soil14_D04_9_None	2	Soil14_T9_Slurry_None_None_9_R2	Soil14_pH6.54	T9	6.54	17555	287	280	567	16988	4.747747748	4.94	6.72	29.96119929
Soil14_SampleB41	SetB	D05	0	2	0	Soil14	Soil14_Neutral2	Soil14_T9_Slurry_None_None_22	Slurry	HCl_NaOH	22	2.2	20	None	None	Soil14_T9	Soil14_D05_22_None	2	Soil14_T9_Slurry_None_None_22_R2	Soil14_pH6.54	T9	6.54	10989	590	549	1139	9850	3.882882883	4.94	6.72	8.647936787
Soil14_SampleB42	SetB	D06	0	2	0	Soil14	Soil14_Neutral2	Soil14_T9_Slurry_None_None_80	Slurry	HCl_NaOH	80	8	20	None	None	Soil14_T9	Soil14_D06_80_None	2	Soil14_T9_Slurry_None_None_80_R2	Soil14_pH6.54	T9	6.54	40436	5688	5242	10930	29506	2.95	4.94	6.72	2.699542543
Soil14_SampleB49	SetB	E01	0	2	0	Soil14	Soil14_Neutral2	Soil14_T9_Slurry_None_None_-90	Slurry	HCl_NaOH	-90	-9	20	None	None	Soil14_T9	Soil14_E01_-90_None	3	Soil14_T9_Slurry_None_None_-90_R3	Soil14_pH6.54	T9	6.54	46955	483	509	992	45963	8.63	4.94	6.72	46.33366935
Soil14_SampleB5	SetB	A05	0	2	0	Soil14	Soil14_Neutral2	Soil14_T9_Slurry_None_None_14	Slurry	HCl_NaOH	14	1.4	20	None	None	Soil14_T9	Soil14_A05_14_None	1	Soil14_T9_Slurry_None_None_14_R1	Soil14_pH6.54	T9	6.54	37514	649	804	1453	36061	4.483483483	4.94	6.72	24.81830695
Soil14_SampleB50	SetB	E02	0	2	0	Soil14	Soil14_Neutral2	Soil14_T9_Slurry_None_None_-8	Slurry	HCl_NaOH	-8	-0.8	20	None	None	Soil14_T9	Soil14_E02_-8_None	3	Soil14_T9_Slurry_None_None_-8_R3	Soil14_pH6.54	T9	6.54	34231	294	352	646	33585	7.894894895	4.94	6.72	51.98916409
Soil14_SampleB51	SetB	E03	0	2	0	Soil14	Soil14_Neutral2	Soil14_T9_Slurry_None_None_-2	Slurry	HCl_NaOH	-2	-0.2	20	None	None	Soil14_T9	Soil14_E03_-2_None	3	Soil14_T9_Slurry_None_None_-2_R3	Soil14_pH6.54	T9	6.54	69278	565	590	1155	68123	7.222222222	4.94	6.72	58.98095238
Soil14_SampleB52	SetB	E04	0	2	0	Soil14	Soil14_Neutral2	Soil14_T9_Slurry_None_None_5	Slurry	HCl_NaOH	5	0.5	20	None	None	Soil14_T9	Soil14_E04_5_None	3	Soil14_T9_Slurry_None_None_5_R3	Soil14_pH6.54	T9	6.54	19503	321	283	604	18899	5.444444444	4.94	6.72	31.2897351
Soil14_SampleB53	SetB	E05	0	2	0	Soil14	Soil14_Neutral2	Soil14_T9_Slurry_None_None_14	Slurry	HCl_NaOH	14	1.4	20	None	None	Soil14_T9	Soil14_E05_14_None	3	Soil14_T9_Slurry_None_None_14_R3	Soil14_pH6.54	T9	6.54	17616	364	310	674	16942	4.483483483	4.94	6.72	25.13649852
Soil14_SampleB54	SetB	E06	0	2	0	Soil14	Soil14_Neutral2	Soil14_T9_Slurry_None_None_34	Slurry	HCl_NaOH	34	3.4	20	None	None	Soil14_T9	Soil14_E06_34_None	3	Soil14_T9_Slurry_None_None_34_R3	Soil14_pH6.54	T9	6.54	41843	3977	3545	7522	34321	3.534534535	4.94	6.72	4.562749269
Soil14_SampleB6	SetB	A06	0	2	0	Soil14	Soil14_Neutral2	Soil14_T9_Slurry_None_None_34	Slurry	HCl_NaOH	34	3.4	20	None	None	Soil14_T9	Soil14_A06_34_None	1	Soil14_T9_Slurry_None_None_34_R1	Soil14_pH6.54	T9	6.54	72274	6684	6629	13313	58961	3.534534535	4.94	6.72	4.428828964
Soil14_SampleB61	SetB	F01	0	2	0	Soil14	Soil14_Neutral2	Soil14_T9_Slurry_None_None_-23	Slurry	HCl_NaOH	-23	-2.3	20	None	None	Soil14_T9	Soil14_F01_-23_None	3	Soil14_T9_Slurry_None_None_-23_R3	Soil14_pH6.54	T9	6.54	51123	404	529	933	50190	8.279279279	4.94	6.72	53.79421222
Soil14_SampleB62	SetB	F02	0	2	0	Soil14	Soil14_Neutral2	Soil14_T9_Slurry_None_None_-5	Slurry	HCl_NaOH	-5	-0.5	20	None	None	Soil14_T9	Soil14_F02_-5_None	3	Soil14_T9_Slurry_None_None_-5_R3	Soil14_pH6.54	T9	6.54	44846	484	491	975	43871	7.666666667	4.94	6.72	44.99589744
Soil14_SampleB63	SetB	F03	0	2	0	Soil14	Soil14_Neutral2	Soil14_T9_Slurry_None_None_2	Slurry	HCl_NaOH	2	0.2	20	None	None	Soil14_T9	Soil14_F03_2_None	3	Soil14_T9_Slurry_None_None_2_R3	Soil14_pH6.54	T9	6.54	51303	618	713	1331	49972	6.177177177	4.94	6.72	37.54470323
Soil14_SampleB64	SetB	F04	0	2	0	Soil14	Soil14_Neutral2	Soil14_T9_Slurry_None_None_9	Slurry	HCl_NaOH	9	0.9	20	None	None	Soil14_T9	Soil14_F04_9_None	3	Soil14_T9_Slurry_None_None_9_R3	Soil14_pH6.54	T9	6.54	30834	488	424	912	29922	4.747747748	4.94	6.72	32.80921053
Soil14_SampleB65	SetB	F05	0	2	0	Soil14	Soil14_Neutral2	Soil14_T9_Slurry_None_None_22	Slurry	HCl_NaOH	22	2.2	20	None	None	Soil14_T9	Soil14_F05_22_None	3	Soil14_T9_Slurry_None_None_22_R3	Soil14_pH6.54	T9	6.54	22543	1172	1278	2450	20093	3.882882883	4.94	6.72	8.20122449
Soil14_SampleB66	SetB	F06	0	2	0	Soil14	Soil14_Neutral2	Soil14_T9_Slurry_None_None_80	Slurry	HCl_NaOH	80	8	20	None	None	Soil14_T9	Soil14_F06_80_None	3	Soil14_T9_Slurry_None_None_80_R3	Soil14_pH6.54	T9	6.54	68775	10518	9618	20136	48639	2.95	4.94	6.72	2.415524434
Soil14_SampleB75	SetB	G03	0	0	0	Soil14	Soil14_Neutral2	Soil14_T9_No_Nitrate_None_None_0	No_Nitrate	No_Nitrate	0	0	20	None	None	Soil14_T9	Soil14_G03_0_None	2	Soil14_T9_No_Nitrate_None_None_0_R2	Soil14_pH6.54	T9	6.54	68188	823	742	1565	66623	6.72	4.94	6.72	42.57060703
Soil14_SampleB76	SetB	G04	0	2	0	Soil14	Soil14_Neutral2	Soil14_T9_Slurry_None_None_0	Slurry	HCl_NaOH	0	0	20	None	None	Soil14_T9	Soil14_G04_0_None	1	Soil14_T9_Slurry_None_None_0_R1	Soil14_pH6.54	T9	6.54	15988	189	167	356	15632	6.72	4.94	6.72	43.91011236
Soil14_SampleB77	SetB	G05	0	2	0	Soil14	Soil14_Neutral2	Soil14_T9_Slurry_None_None_0	Slurry	HCl_NaOH	0	0	20	None	None	Soil14_T9	Soil14_G05_0_None	3	Soil14_T9_Slurry_None_None_0_R3	Soil14_pH6.54	T9	6.54	14976	165	175	340	14636	6.72	4.94	6.72	43.04705882
Soil14_SampleB78	SetB	G06	0	2	0	Soil14	Soil14_Neutral2	Soil14_T0	Slurry_T0	Nitrate	0	0	20	None	None	Soil14_T0	Soil14_T0	2	Soil14_T0_Slurry_T0_None_None_0_R2	Soil14_pH6.54	T0	6.54	33728	509	504	1013	32715	6.72	4.94	6.72	32.29516288
Soil14_SampleB86	SetB	H02	0	0	0	Soil14	Soil14_Neutral2	Soil14_T9_No_Nitrate_None_None_0	No_Nitrate	No_Nitrate	0	0	20	None	None	Soil14_T9	Soil14_H02_0_None	1	Soil14_T9_No_Nitrate_None_None_0_R1	Soil14_pH6.54	T9	6.54	43293	441	533	974	42319	6.72	4.94	6.72	43.4486653
Soil14_SampleB87	SetB	H03	0	0	0	Soil14	Soil14_Neutral2	Soil14_T9_No_Nitrate_None_None_0	No_Nitrate	No_Nitrate	0	0	20	None	None	Soil14_T9	Soil14_H03_0_None	3	Soil14_T9_No_Nitrate_None_None_0_R3	Soil14_pH6.54	T9	6.54	91134	811	949	1760	89374	6.72	4.94	6.72	50.78068182
Soil14_SampleB88	SetB	H04	0	2	0	Soil14	Soil14_Neutral2	Soil14_T9_Slurry_None_None_0	Slurry	HCl_NaOH	0	0	20	None	None	Soil14_T9	Soil14_H04_0_None	2	Soil14_T9_Slurry_None_None_0_R2	Soil14_pH6.54	T9	6.54	31646	416	345	761	30885	6.72	4.94	6.72	40.5847569
Soil14_SampleB89	SetB	H05	2	0	0	Soil14	Soil14_Neutral2	Soil14_T0	Slurry_T0	Nitrite	0	0	20	None	None	Soil14_T0	Soil14_T0	1	Soil14_T0_Slurry_T0_None_None_0_R1	Soil14_pH6.54	T0	6.54	27436	456	478	934	26502	6.72	4.94	6.72	28.37473233
Soil14_SampleB90	SetB	H06	0	0	2	Soil14	Soil14_Neutral2	Soil14_T0	Slurry_T0	Ammonium	0	0	20	None	None	Soil14_T0	Soil14_T0	3	Soil14_T0_Slurry_T0_None_None_0_R3	Soil14_pH6.54	T0	6.54	60230	1060	938	1998	58232	6.72	4.94	6.72	29.14514515
Soil5_SampleA1	SetA	A01	0	2	0	Soil5	Soil5_CE201	Soil5_T9_Slurry_None_None_-100	Slurry	HCl_NaOH	-100	-10	20	None	None	Soil5_T9	Soil5_A01_-100_None	1	Soil5_T9_Slurry_None_None_-100_R1	Soil5_pH5.32	T9	5.32	84761	1289	2357	3646	81115	8.5	4.096666667	4.163333333	22.24766868
Soil5_SampleA10	SetA	A10	0	2	0	Soil5	Soil5_CE201	Soil5_T9_Slurry_CHL_None_-15	Slurry	HCl_NaOH	-15	-1.5	20	CHL	None	Soil5_T9	Soil5_A10_-15_CHL	1	Soil5_T9_Slurry_CHL_None_-15_R1	Soil5_pH5.32	T9	5.32	102163	3325	3971	7296	94867	5.684684685	4.123333333	4.12	13.00260417
Soil5_SampleA11	SetA	A11	0	2	0	Soil5	Soil5_CE201	Soil5_T9_Slurry_CHL_None_-9	Slurry	HCl_NaOH	-9	-0.9	20	CHL	None	Soil5_T9	Soil5_A11_-9_CHL	1	Soil5_T9_Slurry_CHL_None_-9_R1	Soil5_pH5.32	T9	5.32	103146	3878	4914	8792	94354	4.975975976	4.123333333	4.12	10.73180164
Soil5_SampleA12	SetA	A12	0	2	0	Soil5	Soil5_CE201	Soil5_T9_Slurry_CHL_None_7	Slurry	HCl_NaOH	7	0.7	20	CHL	None	Soil5_T9	Soil5_A12_7_CHL	1	Soil5_T9_Slurry_CHL_None_7_R1	Soil5_pH5.32	T9	5.32	114131	7898	10339	18237	95894	3.642642643	4.123333333	4.12	5.258211329
Soil5_SampleA13	SetA	B01	0	2	0	Soil5	Soil5_CE201	Soil5_T9_Slurry_None_None_-55	Slurry	HCl_NaOH	-55	-5.5	20	None	None	Soil5_T9	Soil5_B01_-55_None	1	Soil5_T9_Slurry_None_None_-55_R1	Soil5_pH5.32	T9	5.32	110595	1539	2496	4035	106560	8.099099099	4.096666667	4.163333333	26.40892193
Soil5_SampleA14	SetA	B02	0	2	0	Soil5	Soil5_CE201	Soil5_T9_Slurry_None_None_-28	Slurry	HCl_NaOH	-28	-2.8	20	None	None	Soil5_T9	Soil5_B02_-28_None	1	Soil5_T9_Slurry_None_None_-28_R1	Soil5_pH5.32	T9	5.32	42319	494	863	1357	40962	7.534534535	4.096666667	4.163333333	30.18570376
Soil5_SampleA15	SetA	B03	0	2	0	Soil5	Soil5_CE201	Soil5_T9_Slurry_None_None_-19	Slurry	HCl_NaOH	-19	-1.9	20	None	None	Soil5_T9	Soil5_B03_-19_None	1	Soil5_T9_Slurry_None_None_-19_R1	Soil5_pH5.32	T9	5.32	126384	1908	2829	4737	121647	6.921921922	4.096666667	4.163333333	25.68017733
Soil5_SampleA16	SetA	B04	0	2	0	Soil5	Soil5_CE201	Soil5_T9_Slurry_None_None_-12	Slurry	HCl_NaOH	-12	-1.2	20	None	None	Soil5_T9	Soil5_B04_-12_None	1	Soil5_T9_Slurry_None_None_-12_R1	Soil5_pH5.32	T9	5.32	70466	1080	1552	2632	67834	5.732732733	4.096666667	4.163333333	25.77279635
Soil5_SampleA17	SetA	B05	0	2	0	Soil5	Soil5_CE201	Soil5_T9_Slurry_None_None_-5	Slurry	HCl_NaOH	-5	-0.5	20	None	None	Soil5_T9	Soil5_B05_-5_None	1	Soil5_T9_Slurry_None_None_-5_R1	Soil5_pH5.32	T9	5.32	70817	1625	2131	3756	67061	4.555555556	4.096666667	4.163333333	17.85436635
Soil5_SampleA18	SetA	B06	0	2	0	Soil5	Soil5_CE201	Soil5_T9_Slurry_None_None_20	Slurry	HCl_NaOH	20	2	20	None	None	Soil5_T9	Soil5_B06_20_None	1	Soil5_T9_Slurry_None_None_20_R1	Soil5_pH5.32	T9	5.32	75486	12395	15707	28102	47384	2.96996997	4.096666667	4.163333333	1.686143335
Soil5_SampleA19	SetA	B07	0	2	0	Soil5	Soil5_CE201	Soil5_T9_Slurry_CHL_None_-55	Slurry	HCl_NaOH	-55	-5.5	20	CHL	None	Soil5_T9	Soil5_B07_-55_CHL	1	Soil5_T9_Slurry_CHL_None_-55_R1	Soil5_pH5.32	T9	5.32	91920	2408	2880	5288	86632	8.123123123	4.123333333	4.12	16.3827534
Soil5_SampleA2	SetA	A02	0	2	0	Soil5	Soil5_CE201	Soil5_T9_Slurry_None_None_-35	Slurry	HCl_NaOH	-35	-3.5	20	None	None	Soil5_T9	Soil5_A02_-35_None	1	Soil5_T9_Slurry_None_None_-35_R1	Soil5_pH5.32	T9	5.32	42504	499	818	1317	41187	7.810810811	4.096666667	4.163333333	31.27334852
Soil5_SampleA20	SetA	B08	0	2	0	Soil5	Soil5_CE201	Soil5_T9_Slurry_CHL_None_-28	Slurry	HCl_NaOH	-28	-2.8	20	CHL	None	Soil5_T9	Soil5_B08_-28_CHL	1	Soil5_T9_Slurry_CHL_None_-28_R1	Soil5_pH5.32	T9	5.32	59301	1316	1701	3017	56284	7.27027027	4.123333333	4.12	18.65561816
Soil5_SampleA21	SetA	B09	0	2	0	Soil5	Soil5_CE201	Soil5_T9_Slurry_CHL_None_-19	Slurry	HCl_NaOH	-19	-1.9	20	CHL	None	Soil5_T9	Soil5_B09_-19_CHL	1	Soil5_T9_Slurry_CHL_None_-19_R1	Soil5_pH5.32	T9	5.32	114606	3065	3899	6964	107642	6.453453453	4.123333333	4.12	15.45692131
Soil5_SampleA22	SetA	B10	0	2	0	Soil5	Soil5_CE201	Soil5_T9_Slurry_CHL_None_-12	Slurry	HCl_NaOH	-12	-1.2	20	CHL	None	Soil5_T9	Soil5_B10_-12_CHL	1	Soil5_T9_Slurry_CHL_None_-12_R1	Soil5_pH5.32	T9	5.32	125696	4184	5076	9260	116436	5.216216216	4.123333333	4.12	12.57408207
Soil5_SampleA23	SetA	B11	0	2	0	Soil5	Soil5_CE201	Soil5_T9_Slurry_CHL_None_-5	Slurry	HCl_NaOH	-5	-0.5	20	CHL	None	Soil5_T9	Soil5_B11_-5_CHL	1	Soil5_T9_Slurry_CHL_None_-5_R1	Soil5_pH5.32	T9	5.32	92622	3349	4315	7664	84958	4.555555556	4.123333333	4.12	11.08533403
Soil5_SampleA24	SetA	B12	0	2	0	Soil5	Soil5_CE201	Soil5_T9_Slurry_CHL_None_20	Slurry	HCl_NaOH	20	2	20	CHL	None	Soil5_T9	Soil5_B12_20_CHL	1	Soil5_T9_Slurry_CHL_None_20_R1	Soil5_pH5.32	T9	5.32	100629	18293	22782	41075	59554	2.981981982	4.123333333	4.12	1.449884358
Soil5_SampleA25	SetA	C01	0	2	0	Soil5	Soil5_CE201	Soil5_T9_Slurry_None_None_-100	Slurry	HCl_NaOH	-100	-10	20	None	None	Soil5_T9	Soil5_C01_-100_None	2	Soil5_T9_Slurry_None_None_-100_R2	Soil5_pH5.32	T9	5.32	81938	1115	2013	3128	78810	8.5	4.096666667	4.163333333	25.19501279
Soil5_SampleA26	SetA	C02	0	2	0	Soil5	Soil5_CE201	Soil5_T9_Slurry_None_None_-35	Slurry	HCl_NaOH	-35	-3.5	20	None	None	Soil5_T9	Soil5_C02_-35_None	2	Soil5_T9_Slurry_None_None_-35_R2	Soil5_pH5.32	T9	5.32	48971	624	1005	1629	47342	7.810810811	4.096666667	4.163333333	29.06200123
Soil5_SampleA27	SetA	C03	0	2	0	Soil5	Soil5_CE201	Soil5_T9_Slurry_None_None_-23	Slurry	HCl_NaOH	-23	-2.3	20	None	None	Soil5_T9	Soil5_C03_-23_None	2	Soil5_T9_Slurry_None_None_-23_R2	Soil5_pH5.32	T9	5.32	89926	1221	1986	3207	86719	7.21021021	4.096666667	4.163333333	27.04053633
Soil5_SampleA28	SetA	C04	0	2	0	Soil5	Soil5_CE201	Soil5_T9_Slurry_None_None_-15	Slurry	HCl_NaOH	-15	-1.5	20	None	None	Soil5_T9	Soil5_C04_-15_None	2	Soil5_T9_Slurry_None_None_-15_R2	Soil5_pH5.32	T9	5.32	41636	666	887	1553	40083	6.333333333	4.096666667	4.163333333	25.81004507
Soil5_SampleA29	SetA	C05	0	2	0	Soil5	Soil5_CE201	Soil5_T9_Slurry_None_None_-9	Slurry	HCl_NaOH	-9	-0.9	20	None	None	Soil5_T9	Soil5_C05_-9_None	2	Soil5_T9_Slurry_None_None_-9_R2	Soil5_pH5.32	T9	5.32	72739	1253	1662	2915	69824	5.156156156	4.096666667	4.163333333	23.95334477
Soil5_SampleA3	SetA	A03	0	2	0	Soil5	Soil5_CE201	Soil5_T9_Slurry_None_None_-23	Slurry	HCl_NaOH	-23	-2.3	20	None	None	Soil5_T9	Soil5_A03_-23_None	1	Soil5_T9_Slurry_None_None_-23_R1	Soil5_pH5.32	T9	5.32	99944	1357	2344	3701	96243	7.21021021	4.096666667	4.163333333	26.00459335
Soil5_SampleA30	SetA	C06	0	2	0	Soil5	Soil5_CE201	Soil5_T9_Slurry_None_None_7	Slurry	HCl_NaOH	7	0.7	20	None	None	Soil5_T9	Soil5_C06_7_None	2	Soil5_T9_Slurry_None_None_7_R2	Soil5_pH5.32	T9	5.32	97626	3731	4315	8046	89580	3.774774775	4.096666667	4.163333333	11.13348248
Soil5_SampleA31	SetA	C07	0	2	0	Soil5	Soil5_CE201	Soil5_T9_Slurry_CHL_None_-100	Slurry	HCl_NaOH	-100	-10	20	CHL	None	Soil5_T9	Soil5_C07_-100_CHL	2	Soil5_T9_Slurry_CHL_None_-100_R2	Soil5_pH5.32	T9	5.32	70096	2271	2845	5116	64980	8.49	4.123333333	4.12	12.70132916
Soil5_SampleA32	SetA	C08	0	2	0	Soil5	Soil5_CE201	Soil5_T9_Slurry_CHL_None_-35	Slurry	HCl_NaOH	-35	-3.5	20	CHL	None	Soil5_T9	Soil5_C08_-35_CHL	2	Soil5_T9_Slurry_CHL_None_-35_R2	Soil5_pH5.32	T9	5.32	49340	1193	1412	2605	46735	7.702702703	4.123333333	4.12	17.94049904
Soil5_SampleA33	SetA	C09	0	2	0	Soil5	Soil5_CE201	Soil5_T9_Slurry_CHL_None_-23	Slurry	HCl_NaOH	-23	-2.3	20	CHL	None	Soil5_T9	Soil5_C09_-23_CHL	2	Soil5_T9_Slurry_CHL_None_-23_R2	Soil5_pH5.32	T9	5.32	107506	2765	3111	5876	101630	6.933933934	4.123333333	4.12	17.29577944
Soil5_SampleA34	SetA	C10	0	2	0	Soil5	Soil5_CE201	Soil5_T9_Slurry_CHL_None_-15	Slurry	HCl_NaOH	-15	-1.5	20	CHL	None	Soil5_T9	Soil5_C10_-15_CHL	2	Soil5_T9_Slurry_CHL_None_-15_R2	Soil5_pH5.32	T9	5.32	98548	3096	3419	6515	92033	5.684684685	4.123333333	4.12	14.12632387
Soil5_SampleA35	SetA	C11	0	2	0	Soil5	Soil5_CE201	Soil5_T9_Slurry_CHL_None_-9	Slurry	HCl_NaOH	-9	-0.9	20	CHL	None	Soil5_T9	Soil5_C11_-9_CHL	2	Soil5_T9_Slurry_CHL_None_-9_R2	Soil5_pH5.32	T9	5.32	103557	3493	4114	7607	95950	4.975975976	4.123333333	4.12	12.61338241
Soil5_SampleA36	SetA	C12	0	2	0	Soil5	Soil5_CE201	Soil5_T9_Slurry_CHL_None_7	Slurry	HCl_NaOH	7	0.7	20	CHL	None	Soil5_T9	Soil5_C12_7_CHL	2	Soil5_T9_Slurry_CHL_None_7_R2	Soil5_pH5.32	T9	5.32	114457	9528	12033	21561	92896	3.642642643	4.123333333	4.12	4.308520013
Soil5_SampleA37	SetA	D01	0	2	0	Soil5	Soil5_CE201	Soil5_T9_Slurry_None_None_-55	Slurry	HCl_NaOH	-55	-5.5	20	None	None	Soil5_T9	Soil5_D01_-55_None	2	Soil5_T9_Slurry_None_None_-55_R2	Soil5_pH5.32	T9	5.32	96456	1344	1906	3250	93206	8.099099099	4.096666667	4.163333333	28.67876923
Soil5_SampleA38	SetA	D02	0	2	0	Soil5	Soil5_CE201	Soil5_T9_Slurry_None_None_-28	Slurry	HCl_NaOH	-28	-2.8	20	None	None	Soil5_T9	Soil5_D02_-28_None	2	Soil5_T9_Slurry_None_None_-28_R2	Soil5_pH5.32	T9	5.32	40744	497	727	1224	39520	7.534534535	4.096666667	4.163333333	32.2875817
Soil5_SampleA39	SetA	D03	0	2	0	Soil5	Soil5_CE201	Soil5_T9_Slurry_None_None_-19	Slurry	HCl_NaOH	-19	-1.9	20	None	None	Soil5_T9	Soil5_D03_-19_None	2	Soil5_T9_Slurry_None_None_-19_R2	Soil5_pH5.32	T9	5.32	151191	2119	3209	5328	145863	6.921921922	4.096666667	4.163333333	27.37668919
Soil5_SampleA4	SetA	A04	0	2	0	Soil5	Soil5_CE201	Soil5_T9_Slurry_None_None_-15	Slurry	HCl_NaOH	-15	-1.5	20	None	None	Soil5_T9	Soil5_A04_-15_None	1	Soil5_T9_Slurry_None_None_-15_R1	Soil5_pH5.32	T9	5.32	54466	885	1388	2273	52193	6.333333333	4.096666667	4.163333333	22.96216454
Soil5_SampleA40	SetA	D04	0	2	0	Soil5	Soil5_CE201	Soil5_T9_Slurry_None_None_-12	Slurry	HCl_NaOH	-12	-1.2	20	None	None	Soil5_T9	Soil5_D04_-12_None	2	Soil5_T9_Slurry_None_None_-12_R2	Soil5_pH5.32	T9	5.32	66376	1061	1552	2613	63763	5.732732733	4.096666667	4.163333333	24.40221967
Soil5_SampleA41	SetA	D05	0	2	0	Soil5	Soil5_CE201	Soil5_T9_Slurry_None_None_-5	Slurry	HCl_NaOH	-5	-0.5	20	None	None	Soil5_T9	Soil5_D05_-5_None	2	Soil5_T9_Slurry_None_None_-5_R2	Soil5_pH5.32	T9	5.32	131621	3104	3851	6955	124666	4.555555556	4.096666667	4.163333333	17.92465852
Soil5_SampleA42	SetA	D06	0	2	0	Soil5	Soil5_CE201	Soil5_T9_Slurry_None_None_20	Slurry	HCl_NaOH	20	2	20	None	None	Soil5_T9	Soil5_D06_20_None	2	Soil5_T9_Slurry_None_None_20_R2	Soil5_pH5.32	T9	5.32	86081	9351	11155	20506	65575	2.96996997	4.096666667	4.163333333	3.197844533
Soil5_SampleA43	SetA	D07	0	2	0	Soil5	Soil5_CE201	Soil5_T9_Slurry_CHL_None_-55	Slurry	HCl_NaOH	-55	-5.5	20	CHL	None	Soil5_T9	Soil5_D07_-55_CHL	2	Soil5_T9_Slurry_CHL_None_-55_R2	Soil5_pH5.32	T9	5.32	95205	2493	2914	5407	89798	8.123123123	4.123333333	4.12	16.60773072
Soil5_SampleA44	SetA	D08	0	2	0	Soil5	Soil5_CE201	Soil5_T9_Slurry_CHL_None_-28	Slurry	HCl_NaOH	-28	-2.8	20	CHL	None	Soil5_T9	Soil5_D08_-28_CHL	2	Soil5_T9_Slurry_CHL_None_-28_R2	Soil5_pH5.32	T9	5.32	52167	1142	1521	2663	49504	7.27027027	4.123333333	4.12	18.58956065
Soil5_SampleA45	SetA	D09	0	2	0	Soil5	Soil5_CE201	Soil5_T9_Slurry_CHL_None_-19	Slurry	HCl_NaOH	-19	-1.9	20	CHL	None	Soil5_T9	Soil5_D09_-19_CHL	2	Soil5_T9_Slurry_CHL_None_-19_R2	Soil5_pH5.32	T9	5.32	81536	2363	2649	5012	76524	6.453453453	4.123333333	4.12	15.26815642
Soil5_SampleA46	SetA	D10	0	2	0	Soil5	Soil5_CE201	Soil5_T9_Slurry_CHL_None_-12	Slurry	HCl_NaOH	-12	-1.2	20	CHL	None	Soil5_T9	Soil5_D10_-12_CHL	2	Soil5_T9_Slurry_CHL_None_-12_R2	Soil5_pH5.32	T9	5.32	116555	3945	4587	8532	108023	5.216216216	4.123333333	4.12	12.66092358
Soil5_SampleA47	SetA	D11	0	2	0	Soil5	Soil5_CE201	Soil5_T9_Slurry_CHL_None_-5	Slurry	HCl_NaOH	-5	-0.5	20	CHL	None	Soil5_T9	Soil5_D11_-5_CHL	2	Soil5_T9_Slurry_CHL_None_-5_R2	Soil5_pH5.32	T9	5.32	110721	4117	4967	9084	101637	4.555555556	4.123333333	4.12	11.18857332
Soil5_SampleA48	SetA	D12	0	2	0	Soil5	Soil5_CE201	Soil5_T9_Slurry_CHL_None_20	Slurry	HCl_NaOH	20	2	20	CHL	None	Soil5_T9	Soil5_D12_20_CHL	2	Soil5_T9_Slurry_CHL_None_20_R2	Soil5_pH5.32	T9	5.32	98142	11891	14508	26399	71743	2.981981982	4.123333333	4.12	2.71764082
Soil5_SampleA49	SetA	E01	0	2	0	Soil5	Soil5_CE201	Soil5_T9_Slurry_None_None_-100	Slurry	HCl_NaOH	-100	-10	20	None	None	Soil5_T9	Soil5_E01_-100_None	3	Soil5_T9_Slurry_None_None_-100_R3	Soil5_pH5.32	T9	5.32	103952	1696	2704	4400	99552	8.5	4.096666667	4.163333333	22.62545455
Soil5_SampleA5	SetA	A05	0	2	0	Soil5	Soil5_CE201	Soil5_T9_Slurry_None_None_-9	Slurry	HCl_NaOH	-9	-0.9	20	None	None	Soil5_T9	Soil5_A05_-9_None	1	Soil5_T9_Slurry_None_None_-9_R1	Soil5_pH5.32	T9	5.32	98010	1882	2609	4491	93519	5.156156156	4.096666667	4.163333333	20.82364729
Soil5_SampleA50	SetA	E02	0	2	0	Soil5	Soil5_CE201	Soil5_T9_Slurry_None_None_-35	Slurry	HCl_NaOH	-35	-3.5	20	None	None	Soil5_T9	Soil5_E02_-35_None	3	Soil5_T9_Slurry_None_None_-35_R3	Soil5_pH5.32	T9	5.32	62735	814	1235	2049	60686	7.810810811	4.096666667	4.163333333	29.61737433
Soil5_SampleA51	SetA	E03	0	2	0	Soil5	Soil5_CE201	Soil5_T9_Slurry_None_None_-23	Slurry	HCl_NaOH	-23	-2.3	20	None	None	Soil5_T9	Soil5_E03_-23_None	3	Soil5_T9_Slurry_None_None_-23_R3	Soil5_pH5.32	T9	5.32	120613	1592	2585	4177	116436	7.21021021	4.096666667	4.163333333	27.87550874
Soil5_SampleA52	SetA	E04	0	2	0	Soil5	Soil5_CE201	Soil5_T9_Slurry_None_None_-15	Slurry	HCl_NaOH	-15	-1.5	20	None	None	Soil5_T9	Soil5_E04_-15_None	3	Soil5_T9_Slurry_None_None_-15_R3	Soil5_pH5.32	T9	5.32	26979	595	527	1122	25857	6.333333333	4.096666667	4.163333333	23.04545455
Soil5_SampleA53	SetA	E05	0	2	0	Soil5	Soil5_CE201	Soil5_T9_Slurry_None_None_-9	Slurry	HCl_NaOH	-9	-0.9	20	None	None	Soil5_T9	Soil5_E05_-9_None	3	Soil5_T9_Slurry_None_None_-9_R3	Soil5_pH5.32	T9	5.32	90589	1755	2106	3861	86728	5.156156156	4.096666667	4.163333333	22.46257446
Soil5_SampleA54	SetA	E06	0	2	0	Soil5	Soil5_CE201	Soil5_T9_Slurry_None_None_7	Slurry	HCl_NaOH	7	0.7	20	None	None	Soil5_T9	Soil5_E06_7_None	3	Soil5_T9_Slurry_None_None_7_R3	Soil5_pH5.32	T9	5.32	112330	4522	5750	10272	102058	3.774774775	4.096666667	4.163333333	9.93555296
Soil5_SampleA55	SetA	E07	0	2	0	Soil5	Soil5_CE201	Soil5_T9_Slurry_CHL_None_-100	Slurry	HCl_NaOH	-100	-10	20	CHL	None	Soil5_T9	Soil5_E07_-100_CHL	3	Soil5_T9_Slurry_CHL_None_-100_R3	Soil5_pH5.32	T9	5.32	113527	3537	4627	8164	105363	8.49	4.123333333	4.12	12.90580598
Soil5_SampleA56	SetA	E08	0	2	0	Soil5	Soil5_CE201	Soil5_T9_Slurry_CHL_None_-35	Slurry	HCl_NaOH	-35	-3.5	20	CHL	None	Soil5_T9	Soil5_E08_-35_CHL	3	Soil5_T9_Slurry_CHL_None_-35_R3	Soil5_pH5.32	T9	5.32	48069	1241	1409	2650	45419	7.702702703	4.123333333	4.12	17.13924528
Soil5_SampleA57	SetA	E09	0	2	0	Soil5	Soil5_CE201	Soil5_T9_Slurry_CHL_None_-23	Slurry	HCl_NaOH	-23	-2.3	20	CHL	None	Soil5_T9	Soil5_E09_-23_CHL	3	Soil5_T9_Slurry_CHL_None_-23_R3	Soil5_pH5.32	T9	5.32	95730	2555	3058	5613	90117	6.933933934	4.123333333	4.12	16.05505077
Soil5_SampleA58	SetA	E10	0	2	0	Soil5	Soil5_CE201	Soil5_T9_Slurry_CHL_None_-15	Slurry	HCl_NaOH	-15	-1.5	20	CHL	None	Soil5_T9	Soil5_E10_-15_CHL	3	Soil5_T9_Slurry_CHL_None_-15_R3	Soil5_pH5.32	T9	5.32	150809	4786	5334	10120	140689	5.684684685	4.123333333	4.12	13.9020751
Soil5_SampleA59	SetA	E11	0	2	0	Soil5	Soil5_CE201	Soil5_T9_Slurry_CHL_None_-9	Slurry	HCl_NaOH	-9	-0.9	20	CHL	None	Soil5_T9	Soil5_E11_-9_CHL	3	Soil5_T9_Slurry_CHL_None_-9_R3	Soil5_pH5.32	T9	5.32	128078	4596	5169	9765	118313	4.975975976	4.123333333	4.12	12.11602663
Soil5_SampleA6	SetA	A06	0	2	0	Soil5	Soil5_CE201	Soil5_T9_Slurry_None_None_7	Slurry	HCl_NaOH	7	0.7	20	None	None	Soil5_T9	Soil5_A06_7_None	1	Soil5_T9_Slurry_None_None_7_R1	Soil5_pH5.32	T9	5.32	87578	3047	3825	6872	80706	3.774774775	4.096666667	4.163333333	11.74417928
Soil5_SampleA60	SetA	E12	0	2	0	Soil5	Soil5_CE201	Soil5_T9_Slurry_CHL_None_7	Slurry	HCl_NaOH	7	0.7	20	CHL	None	Soil5_T9	Soil5_E12_7_CHL	3	Soil5_T9_Slurry_CHL_None_7_R3	Soil5_pH5.32	T9	5.32	112317	7208	9359	16567	95750	3.642642643	4.123333333	4.12	5.779561779
Soil5_SampleA61	SetA	F01	0	2	0	Soil5	Soil5_CE201	Soil5_T9_Slurry_None_None_-55	Slurry	HCl_NaOH	-55	-5.5	20	None	None	Soil5_T9	Soil5_F01_-55_None	3	Soil5_T9_Slurry_None_None_-55_R3	Soil5_pH5.32	T9	5.32	61072	958	1840	2798	58274	8.099099099	4.096666667	4.163333333	20.8270193
Soil5_SampleA62	SetA	F02	0	2	0	Soil5	Soil5_CE201	Soil5_T9_Slurry_None_None_-28	Slurry	HCl_NaOH	-28	-2.8	20	None	None	Soil5_T9	Soil5_F02_-28_None	3	Soil5_T9_Slurry_None_None_-28_R3	Soil5_pH5.32	T9	5.32	46137	531	934	1465	44672	7.534534535	4.096666667	4.163333333	30.49283276
Soil5_SampleA63	SetA	F03	0	2	0	Soil5	Soil5_CE201	Soil5_T9_Slurry_None_None_-19	Slurry	HCl_NaOH	-19	-1.9	20	None	None	Soil5_T9	Soil5_F03_-19_None	3	Soil5_T9_Slurry_None_None_-19_R3	Soil5_pH5.32	T9	5.32	76922	1100	1607	2707	74215	6.921921922	4.096666667	4.163333333	27.41595863
Soil5_SampleA64	SetA	F04	0	2	0	Soil5	Soil5_CE201	Soil5_T9_Slurry_None_None_-12	Slurry	HCl_NaOH	-12	-1.2	20	None	None	Soil5_T9	Soil5_F04_-12_None	3	Soil5_T9_Slurry_None_None_-12_R3	Soil5_pH5.32	T9	5.32	43191	759	1099	1858	41333	5.732732733	4.096666667	4.163333333	22.2459634
Soil5_SampleA65	SetA	F05	0	2	0	Soil5	Soil5_CE201	Soil5_T9_Slurry_None_None_-5	Slurry	HCl_NaOH	-5	-0.5	20	None	None	Soil5_T9	Soil5_F05_-5_None	3	Soil5_T9_Slurry_None_None_-5_R3	Soil5_pH5.32	T9	5.32	70301	1582	2021	3603	66698	4.555555556	4.096666667	4.163333333	18.51179573
Soil5_SampleA66	SetA	F06	0	2	0	Soil5	Soil5_CE201	Soil5_T9_Slurry_None_None_20	Slurry	HCl_NaOH	20	2	20	None	None	Soil5_T9	Soil5_F06_20_None	3	Soil5_T9_Slurry_None_None_20_R3	Soil5_pH5.32	T9	5.32	61342	6341	7244	13585	47757	2.96996997	4.096666667	4.163333333	3.515421421
Soil5_SampleA67	SetA	F07	0	2	0	Soil5	Soil5_CE201	Soil5_T9_Slurry_CHL_None_-55	Slurry	HCl_NaOH	-55	-5.5	20	CHL	None	Soil5_T9	Soil5_F07_-55_CHL	3	Soil5_T9_Slurry_CHL_None_-55_R3	Soil5_pH5.32	T9	5.32	91770	2475	3646	6121	85649	8.123123123	4.123333333	4.12	13.99264826
Soil5_SampleA68	SetA	F08	0	2	0	Soil5	Soil5_CE201	Soil5_T9_Slurry_CHL_None_-28	Slurry	HCl_NaOH	-28	-2.8	20	CHL	None	Soil5_T9	Soil5_F08_-28_CHL	3	Soil5_T9_Slurry_CHL_None_-28_R3	Soil5_pH5.32	T9	5.32	38280	855	1160	2015	36265	7.27027027	4.123333333	4.12	17.99751861
Soil5_SampleA69	SetA	F09	0	2	0	Soil5	Soil5_CE201	Soil5_T9_Slurry_CHL_None_-19	Slurry	HCl_NaOH	-19	-1.9	20	CHL	None	Soil5_T9	Soil5_F09_-19_CHL	3	Soil5_T9_Slurry_CHL_None_-19_R3	Soil5_pH5.32	T9	5.32	67896	2339	2361	4700	63196	6.453453453	4.123333333	4.12	13.44595745
Soil5_SampleA7	SetA	A07	0	2	0	Soil5	Soil5_CE201	Soil5_T9_Slurry_CHL_None_-100	Slurry	HCl_NaOH	-100	-10	20	CHL	None	Soil5_T9	Soil5_A07_-100_CHL	1	Soil5_T9_Slurry_CHL_None_-100_R1	Soil5_pH5.32	T9	5.32	104763	3831	5558	9389	95374	8.49	4.123333333	4.12	10.1580573
Soil5_SampleA70	SetA	F10	0	2	0	Soil5	Soil5_CE201	Soil5_T9_Slurry_CHL_None_-12	Slurry	HCl_NaOH	-12	-1.2	20	CHL	None	Soil5_T9	Soil5_F10_-12_CHL	3	Soil5_T9_Slurry_CHL_None_-12_R3	Soil5_pH5.32	T9	5.32	81317	2830	3176	6006	75311	5.216216216	4.123333333	4.12	12.53929404
Soil5_SampleA71	SetA	F11	0	2	0	Soil5	Soil5_CE201	Soil5_T9_Slurry_CHL_None_-5	Slurry	HCl_NaOH	-5	-0.5	20	CHL	None	Soil5_T9	Soil5_F11_-5_CHL	3	Soil5_T9_Slurry_CHL_None_-5_R3	Soil5_pH5.32	T9	5.32	74773	2774	3351	6125	68648	4.555555556	4.123333333	4.12	11.20783673
Soil5_SampleA72	SetA	F12	0	2	0	Soil5	Soil5_CE201	Soil5_T9_Slurry_CHL_None_20	Slurry	HCl_NaOH	20	2	20	CHL	None	Soil5_T9	Soil5_F12_20_CHL	3	Soil5_T9_Slurry_CHL_None_20_R3	Soil5_pH5.32	T9	5.32	93313	12125	15026	27151	66162	2.981981982	4.123333333	4.12	2.436816324
Soil5_SampleA75	SetA	G03	0	0	0	Soil5	Soil5_CE201	Soil5_T9_No_Nitrate_None_None_0	No_Nitrate	No_Nitrate	0	0	20	None	None	Soil5_T9	Soil5_G03_0_None	2	Soil5_T9_No_Nitrate_None_None_0_R2	Soil5_pH5.32	T9	5.32	81864	2018	3148	5166	76698	4.163333333	4.096666667	4.163333333	14.8466899
Soil5_SampleA76	SetA	G04	0	2	0	Soil5	Soil5_CE201	Soil5_T9_Slurry_None_None_0	Slurry	HCl_NaOH	0	0	20	None	None	Soil5_T9	Soil5_G04_0_None	1	Soil5_T9_Slurry_None_None_0_R1	Soil5_pH5.32	T9	5.32	39374	1187	1823	3010	36364	4.163333333	4.096666667	4.163333333	12.08106312
Soil5_SampleA77	SetA	G05	0	2	0	Soil5	Soil5_CE201	Soil5_T9_Slurry_None_None_0	Slurry	HCl_NaOH	0	0	20	None	None	Soil5_T9	Soil5_G05_0_None	3	Soil5_T9_Slurry_None_None_0_R3	Soil5_pH5.32	T9	5.32	64947	1726	2296	4022	60925	4.163333333	4.096666667	4.163333333	15.14793635
Soil5_SampleA78	SetA	G06	0	2	0	Soil5	Soil5_CE201	Soil5_T0	Slurry_T0	Nitrate	0	0	20	None	None	Soil5_T0	Soil5_T0	2	Soil5_T0_Slurry_T0_None_None_0_R2	Soil5_pH5.32	T0	5.32	61963	1549	2038	3587	58376	4.163333333	4.096666667	4.163333333	16.27432395
Soil5_SampleA8	SetA	A08	0	2	0	Soil5	Soil5_CE201	Soil5_T9_Slurry_CHL_None_-35	Slurry	HCl_NaOH	-35	-3.5	20	CHL	None	Soil5_T9	Soil5_A08_-35_CHL	1	Soil5_T9_Slurry_CHL_None_-35_R1	Soil5_pH5.32	T9	5.32	44911	1139	1435	2574	42337	7.702702703	4.123333333	4.12	16.44794095
Soil5_SampleA81	SetA	G09	0	0	0	Soil5	Soil5_CE201	Soil5_T9_No_Nitrate_CHL_None_0	No_Nitrate	No_Nitrate	0	0	20	CHL	None	Soil5_T9	Soil5_G09_0_CHL	2	Soil5_T9_No_Nitrate_CHL_None_0_R2	Soil5_pH5.32	T9	5.32	88868	3212	3967	7179	81689	4.12	4.123333333	4.12	11.37888285
Soil5_SampleA82	SetA	G10	0	2	0	Soil5	Soil5_CE201	Soil5_T9_Slurry_CHL_None_0	Slurry	HCl_NaOH	0	0	20	CHL	None	Soil5_T9	Soil5_G10_0_CHL	1	Soil5_T9_Slurry_CHL_None_0_R1	Soil5_pH5.32	T9	5.32	79877	3007	3690	6697	73180	4.12	4.123333333	4.12	10.92728087
Soil5_SampleA83	SetA	G11	0	2	0	Soil5	Soil5_CE201	Soil5_T9_Slurry_CHL_None_0	Slurry	HCl_NaOH	0	0	20	CHL	None	Soil5_T9	Soil5_G11_0_CHL	3	Soil5_T9_Slurry_CHL_None_0_R3	Soil5_pH5.32	T9	5.32	73397	3064	3582	6646	66751	4.12	4.123333333	4.12	10.04378574
Soil5_SampleA86	SetA	H02	0	0	0	Soil5	Soil5_CE201	Soil5_T9_No_Nitrate_None_None_0	No_Nitrate	No_Nitrate	0	0	20	None	None	Soil5_T9	Soil5_H02_0_None	1	Soil5_T9_No_Nitrate_None_None_0_R1	Soil5_pH5.32	T9	5.32	56417	1455	2019	3474	52943	4.163333333	4.096666667	4.163333333	15.23978123
Soil5_SampleA87	SetA	H03	0	0	0	Soil5	Soil5_CE201	Soil5_T9_No_Nitrate_None_None_0	No_Nitrate	No_Nitrate	0	0	20	None	None	Soil5_T9	Soil5_H03_0_None	3	Soil5_T9_No_Nitrate_None_None_0_R3	Soil5_pH5.32	T9	5.32	108663	2821	4117	6938	101725	4.163333333	4.096666667	4.163333333	14.66200634
Soil5_SampleA88	SetA	H04	0	2	0	Soil5	Soil5_CE201	Soil5_T9_Slurry_None_None_0	Slurry	HCl_NaOH	0	0	20	None	None	Soil5_T9	Soil5_H04_0_None	2	Soil5_T9_Slurry_None_None_0_R2	Soil5_pH5.32	T9	5.32	46336	1474	2162	3636	42700	4.163333333	4.096666667	4.163333333	11.74367437
Soil5_SampleA89	SetA	H05	2	0	0	Soil5	Soil5_CE201	Soil5_T0	Slurry_T0	Nitrite	0	0	20	None	None	Soil5_T0	Soil5_T0	1	Soil5_T0_Slurry_T0_None_None_0_R1	Soil5_pH5.32	T0	5.32	68637	1884	2335	4219	64418	4.163333333	4.096666667	4.163333333	15.26854705
Soil5_SampleA9	SetA	A09	0	2	0	Soil5	Soil5_CE201	Soil5_T9_Slurry_CHL_None_-23	Slurry	HCl_NaOH	-23	-2.3	20	CHL	None	Soil5_T9	Soil5_A09_-23_CHL	1	Soil5_T9_Slurry_CHL_None_-23_R1	Soil5_pH5.32	T9	5.32	99600	2922	3441	6363	93237	6.933933934	4.123333333	4.12	14.65299387
Soil5_SampleA90	SetA	H06	0	0	2	Soil5	Soil5_CE201	Soil5_T0	Slurry_T0	Ammonium	0	0	20	None	None	Soil5_T0	Soil5_T0	3	Soil5_T0_Slurry_T0_None_None_0_R3	Soil5_pH5.32	T0	5.32	86259	2317	2714	5031	81228	4.163333333	4.096666667	4.163333333	16.14549791
Soil5_SampleA92	SetA	H08	0	0	0	Soil5	Soil5_CE201	Soil5_T9_No_Nitrate_CHL_None_0	No_Nitrate	No_Nitrate	0	0	20	CHL	None	Soil5_T9	Soil5_H08_0_CHL	1	Soil5_T9_No_Nitrate_CHL_None_0_R1	Soil5_pH5.32	T9	5.32	68817	2459	3118	5577	63240	4.12	4.123333333	4.12	11.3394298
Soil5_SampleA93	SetA	H09	0	0	0	Soil5	Soil5_CE201	Soil5_T9_No_Nitrate_CHL_None_0	No_Nitrate	No_Nitrate	0	0	20	CHL	None	Soil5_T9	Soil5_H09_0_CHL	3	Soil5_T9_No_Nitrate_CHL_None_0_R3	Soil5_pH5.32	T9	5.32	111944	4383	5611	9994	101950	4.12	4.123333333	4.12	10.20112067
Soil5_SampleA94	SetA	H10	0	2	0	Soil5	Soil5_CE201	Soil5_T9_Slurry_CHL_None_0	Slurry	HCl_NaOH	0	0	20	CHL	None	Soil5_T9	Soil5_H10_0_CHL	2	Soil5_T9_Slurry_CHL_None_0_R2	Soil5_pH5.32	T9	5.32	85140	3535	3815	7350	77790	4.12	4.123333333	4.12	10.58367347
Soil14_SampleB10	SetB	A10	0	2	0	Soil14	Soil14_Neutral2	Soil14_T9_Slurry_CHL_None_5	Slurry	HCl_NaOH	5	0.5	20	CHL	None	Soil14_T9	Soil14_A10_5_CHL	1	Soil14_T9_Slurry_CHL_None_5_R1	Soil14_pH6.54	T9	6.54	45152	864	909	1773	43379	5.12012012	4.906666667	5.716666667	24.46644106
Soil14_SampleB11	SetB	A11	0	2	0	Soil14	Soil14_Neutral2	Soil14_T9_Slurry_CHL_None_14	Slurry	HCl_NaOH	14	1.4	20	CHL	None	Soil14_T9	Soil14_A11_14_CHL	1	Soil14_T9_Slurry_CHL_None_14_R1	Soil14_pH6.54	T9	6.54	49641	1716	1829	3545	46096	4.051051051	4.906666667	5.716666667	13.00310296
Soil14_SampleB12	SetB	A12	0	2	0	Soil14	Soil14_Neutral2	Soil14_T9_Slurry_CHL_None_34	Slurry	HCl_NaOH	34	3.4	20	CHL	None	Soil14_T9	Soil14_A12_34_CHL	1	Soil14_T9_Slurry_CHL_None_34_R1	Soil14_pH6.54	T9	6.54	86851	7988	10427	18415	68436	3.282282282	4.906666667	5.716666667	3.716318219
Soil14_SampleB19	SetB	B07	0	2	0	Soil14	Soil14_Neutral2	Soil14_T9_Slurry_CHL_None_-23	Slurry	HCl_NaOH	-23	-2.3	20	CHL	None	Soil14_T9	Soil14_B07_-23_CHL	1	Soil14_T9_Slurry_CHL_None_-23_R1	Soil14_pH6.54	T9	6.54	31432	804	807	1611	29821	7.942942943	4.906666667	5.716666667	18.51086282
Soil14_SampleB20	SetB	B08	0	2	0	Soil14	Soil14_Neutral2	Soil14_T9_Slurry_CHL_None_-5	Slurry	HCl_NaOH	-5	-0.5	20	CHL	None	Soil14_T9	Soil14_B08_-5_CHL	1	Soil14_T9_Slurry_CHL_None_-5_R1	Soil14_pH6.54	T9	6.54	28309	572	574	1146	27163	6.873873874	4.906666667	5.716666667	23.70244328
Soil14_SampleB21	SetB	B09	0	2	0	Soil14	Soil14_Neutral2	Soil14_T9_Slurry_CHL_None_2	Slurry	HCl_NaOH	2	0.2	20	CHL	None	Soil14_T9	Soil14_B09_2_CHL	1	Soil14_T9_Slurry_CHL_None_2_R1	Soil14_pH6.54	T9	6.54	23636	383	454	837	22799	5.384384384	4.906666667	5.716666667	27.23894863
Soil14_SampleB22	SetB	B10	0	2	0	Soil14	Soil14_Neutral2	Soil14_T9_Slurry_CHL_None_9	Slurry	HCl_NaOH	9	0.9	20	CHL	None	Soil14_T9	Soil14_B10_9_CHL	1	Soil14_T9_Slurry_CHL_None_9_R1	Soil14_pH6.54	T9	6.54	29754	583	691	1274	28480	4.483483483	4.906666667	5.716666667	22.35478807
Soil14_SampleB23	SetB	B11	0	2	0	Soil14	Soil14_Neutral2	Soil14_T9_Slurry_CHL_None_22	Slurry	HCl_NaOH	22	2.2	20	CHL	None	Soil14_T9	Soil14_B11_22_CHL	1	Soil14_T9_Slurry_CHL_None_22_R1	Soil14_pH6.54	T9	6.54	36997	1999	2197	4196	32801	3.594594595	4.906666667	5.716666667	7.817206864
Soil14_SampleB24	SetB	B12	0	2	0	Soil14	Soil14_Neutral2	Soil14_T9_Slurry_CHL_None_80	Slurry	HCl_NaOH	80	8	20	CHL	None	Soil14_T9	Soil14_B12_80_CHL	1	Soil14_T9_Slurry_CHL_None_80_R1	Soil14_pH6.54	T9	6.54	62210	9470	11039	20509	41701	2.897897898	4.906666667	5.716666667	2.033302453
Soil14_SampleB31	SetB	C07	0	2	0	Soil14	Soil14_Neutral2	Soil14_T9_Slurry_CHL_None_-90	Slurry	HCl_NaOH	-90	-9	20	CHL	None	Soil14_T9	Soil14_C07_-90_CHL	2	Soil14_T9_Slurry_CHL_None_-90_R2	Soil14_pH6.54	T9	6.54	44921	1650	1701	3351	41570	8.62	4.906666667	5.716666667	12.40525216
Soil14_SampleB32	SetB	C08	0	2	0	Soil14	Soil14_Neutral2	Soil14_T9_Slurry_CHL_None_-8	Slurry	HCl_NaOH	-8	-0.8	20	CHL	None	Soil14_T9	Soil14_C08_-8_CHL	2	Soil14_T9_Slurry_CHL_None_-8_R2	Soil14_pH6.54	T9	6.54	36751	688	707	1395	35356	7.318318318	4.906666667	5.716666667	25.34480287
Soil14_SampleB33	SetB	C09	0	2	0	Soil14	Soil14_Neutral2	Soil14_T9_Slurry_CHL_None_-2	Slurry	HCl_NaOH	-2	-0.2	20	CHL	None	Soil14_T9	Soil14_C09_-2_CHL	2	Soil14_T9_Slurry_CHL_None_-2_R2	Soil14_pH6.54	T9	6.54	40717	616	610	1226	39491	6.225225225	4.906666667	5.716666667	32.21125612
Soil14_SampleB34	SetB	C10	0	2	0	Soil14	Soil14_Neutral2	Soil14_T9_Slurry_CHL_None_5	Slurry	HCl_NaOH	5	0.5	20	CHL	None	Soil14_T9	Soil14_C10_5_CHL	2	Soil14_T9_Slurry_CHL_None_5_R2	Soil14_pH6.54	T9	6.54	51590	835	963	1798	49792	5.12012012	4.906666667	5.716666667	27.69299221
Soil14_SampleB35	SetB	C11	0	2	0	Soil14	Soil14_Neutral2	Soil14_T9_Slurry_CHL_None_14	Slurry	HCl_NaOH	14	1.4	20	CHL	None	Soil14_T9	Soil14_C11_14_CHL	2	Soil14_T9_Slurry_CHL_None_14_R2	Soil14_pH6.54	T9	6.54	46290	1527	1450	2977	43313	4.051051051	4.906666667	5.716666667	14.54921061
Soil14_SampleB36	SetB	C12	0	2	0	Soil14	Soil14_Neutral2	Soil14_T9_Slurry_CHL_None_34	Slurry	HCl_NaOH	34	3.4	20	CHL	None	Soil14_T9	Soil14_C12_34_CHL	2	Soil14_T9_Slurry_CHL_None_34_R2	Soil14_pH6.54	T9	6.54	61036	5918	6580	12498	48538	3.282282282	4.906666667	5.716666667	3.883661386
Soil14_SampleB43	SetB	D07	0	2	0	Soil14	Soil14_Neutral2	Soil14_T9_Slurry_CHL_None_-23	Slurry	HCl_NaOH	-23	-2.3	20	CHL	None	Soil14_T9	Soil14_D07_-23_CHL	2	Soil14_T9_Slurry_CHL_None_-23_R2	Soil14_pH6.54	T9	6.54	25519	666	691	1357	24162	7.942942943	4.906666667	5.716666667	17.80545321
Soil14_SampleB44	SetB	D08	0	2	0	Soil14	Soil14_Neutral2	Soil14_T9_Slurry_CHL_None_-5	Slurry	HCl_NaOH	-5	-0.5	20	CHL	None	Soil14_T9	Soil14_D08_-5_CHL	2	Soil14_T9_Slurry_CHL_None_-5_R2	Soil14_pH6.54	T9	6.54	28244	513	561	1074	27170	6.873873874	4.906666667	5.716666667	25.29795158
Soil14_SampleB45	SetB	D09	0	2	0	Soil14	Soil14_Neutral2	Soil14_T9_Slurry_CHL_None_2	Slurry	HCl_NaOH	2	0.2	20	CHL	None	Soil14_T9	Soil14_D09_2_CHL	2	Soil14_T9_Slurry_CHL_None_2_R2	Soil14_pH6.54	T9	6.54	25199	401	518	919	24280	5.384384384	4.906666667	5.716666667	26.42002176
Soil14_SampleB46	SetB	D10	0	2	0	Soil14	Soil14_Neutral2	Soil14_T9_Slurry_CHL_None_9	Slurry	HCl_NaOH	9	0.9	20	CHL	None	Soil14_T9	Soil14_D10_9_CHL	2	Soil14_T9_Slurry_CHL_None_9_R2	Soil14_pH6.54	T9	6.54	32327	729	761	1490	30837	4.483483483	4.906666667	5.716666667	20.69597315
Soil14_SampleB47	SetB	D11	0	2	0	Soil14	Soil14_Neutral2	Soil14_T9_Slurry_CHL_None_22	Slurry	HCl_NaOH	22	2.2	20	CHL	None	Soil14_T9	Soil14_D11_22_CHL	2	Soil14_T9_Slurry_CHL_None_22_R2	Soil14_pH6.54	T9	6.54	22561	1407	1460	2867	19694	3.594594595	4.906666667	5.716666667	6.869201256
Soil14_SampleB48	SetB	D12	0	2	0	Soil14	Soil14_Neutral2	Soil14_T9_Slurry_CHL_None_80	Slurry	HCl_NaOH	80	8	20	CHL	None	Soil14_T9	Soil14_D12_80_CHL	2	Soil14_T9_Slurry_CHL_None_80_R2	Soil14_pH6.54	T9	6.54	49844	7027	8329	15356	34488	2.897897898	4.906666667	5.716666667	2.245897369
Soil14_SampleB55	SetB	E07	0	2	0	Soil14	Soil14_Neutral2	Soil14_T9_Slurry_CHL_None_-90	Slurry	HCl_NaOH	-90	-9	20	CHL	None	Soil14_T9	Soil14_E07_-90_CHL	3	Soil14_T9_Slurry_CHL_None_-90_R3	Soil14_pH6.54	T9	6.54	31877	1123	1185	2308	29569	8.62	4.906666667	5.716666667	12.81152513
Soil14_SampleB56	SetB	E08	0	2	0	Soil14	Soil14_Neutral2	Soil14_T9_Slurry_CHL_None_-8	Slurry	HCl_NaOH	-8	-0.8	20	CHL	None	Soil14_T9	Soil14_E08_-8_CHL	3	Soil14_T9_Slurry_CHL_None_-8_R3	Soil14_pH6.54	T9	6.54	34857	710	745	1455	33402	7.318318318	4.906666667	5.716666667	22.95670103
Soil14_SampleB57	SetB	E09	0	2	0	Soil14	Soil14_Neutral2	Soil14_T9_Slurry_CHL_None_-2	Slurry	HCl_NaOH	-2	-0.2	20	CHL	None	Soil14_T9	Soil14_E09_-2_CHL	3	Soil14_T9_Slurry_CHL_None_-2_R3	Soil14_pH6.54	T9	6.54	41022	744	692	1436	39586	6.225225225	4.906666667	5.716666667	27.56685237
Soil14_SampleB58	SetB	E10	0	2	0	Soil14	Soil14_Neutral2	Soil14_T9_Slurry_CHL_None_5	Slurry	HCl_NaOH	5	0.5	20	CHL	None	Soil14_T9	Soil14_E10_5_CHL	3	Soil14_T9_Slurry_CHL_None_5_R3	Soil14_pH6.54	T9	6.54	30581	612	579	1191	29390	5.12012012	4.906666667	5.716666667	24.67674223
Soil14_SampleB59	SetB	E11	0	2	0	Soil14	Soil14_Neutral2	Soil14_T9_Slurry_CHL_None_14	Slurry	HCl_NaOH	14	1.4	20	CHL	None	Soil14_T9	Soil14_E11_14_CHL	3	Soil14_T9_Slurry_CHL_None_14_R3	Soil14_pH6.54	T9	6.54	22556	682	716	1398	21158	4.051051051	4.906666667	5.716666667	15.13447783
Soil14_SampleB60	SetB	E12	0	2	0	Soil14	Soil14_Neutral2	Soil14_T9_Slurry_CHL_None_34	Slurry	HCl_NaOH	34	3.4	20	CHL	None	Soil14_T9	Soil14_E12_34_CHL	3	Soil14_T9_Slurry_CHL_None_34_R3	Soil14_pH6.54	T9	6.54	61800	6494	6928	13422	48378	3.282282282	4.906666667	5.716666667	3.604380867
Soil14_SampleB67	SetB	F07	0	2	0	Soil14	Soil14_Neutral2	Soil14_T9_Slurry_CHL_None_-23	Slurry	HCl_NaOH	-23	-2.3	20	CHL	None	Soil14_T9	Soil14_F07_-23_CHL	3	Soil14_T9_Slurry_CHL_None_-23_R3	Soil14_pH6.54	T9	6.54	40689	1099	1085	2184	38505	7.942942943	4.906666667	5.716666667	17.63049451
Soil14_SampleB68	SetB	F08	0	2	0	Soil14	Soil14_Neutral2	Soil14_T9_Slurry_CHL_None_-5	Slurry	HCl_NaOH	-5	-0.5	20	CHL	None	Soil14_T9	Soil14_F08_-5_CHL	3	Soil14_T9_Slurry_CHL_None_-5_R3	Soil14_pH6.54	T9	6.54	42028	740	776	1516	40512	6.873873874	4.906666667	5.716666667	26.72295515
Soil14_SampleB69	SetB	F09	0	2	0	Soil14	Soil14_Neutral2	Soil14_T9_Slurry_CHL_None_2	Slurry	HCl_NaOH	2	0.2	20	CHL	None	Soil14_T9	Soil14_F09_2_CHL	3	Soil14_T9_Slurry_CHL_None_2_R3	Soil14_pH6.54	T9	6.54	28496	628	596	1224	27272	5.384384384	4.906666667	5.716666667	22.28104575
Soil14_SampleB7	SetB	A07	0	2	0	Soil14	Soil14_Neutral2	Soil14_T9_Slurry_CHL_None_-90	Slurry	HCl_NaOH	-90	-9	20	CHL	None	Soil14_T9	Soil14_A07_-90_CHL	1	Soil14_T9_Slurry_CHL_None_-90_R1	Soil14_pH6.54	T9	6.54	46504	1782	2202	3984	42520	8.62	4.906666667	5.716666667	10.67269076
Soil14_SampleB70	SetB	F10	0	2	0	Soil14	Soil14_Neutral2	Soil14_T9_Slurry_CHL_None_9	Slurry	HCl_NaOH	9	0.9	20	CHL	None	Soil14_T9	Soil14_F10_9_CHL	3	Soil14_T9_Slurry_CHL_None_9_R3	Soil14_pH6.54	T9	6.54	39944	957	938	1895	38049	4.483483483	4.906666667	5.716666667	20.07862797
Soil14_SampleB71	SetB	F11	0	2	0	Soil14	Soil14_Neutral2	Soil14_T9_Slurry_CHL_None_22	Slurry	HCl_NaOH	22	2.2	20	CHL	None	Soil14_T9	Soil14_F11_22_CHL	3	Soil14_T9_Slurry_CHL_None_22_R3	Soil14_pH6.54	T9	6.54	22753	1409	1466	2875	19878	3.594594595	4.906666667	5.716666667	6.914086957
Soil14_SampleB72	SetB	F12	0	2	0	Soil14	Soil14_Neutral2	Soil14_T9_Slurry_CHL_None_80	Slurry	HCl_NaOH	80	8	20	CHL	None	Soil14_T9	Soil14_F12_80_CHL	3	Soil14_T9_Slurry_CHL_None_80_R3	Soil14_pH6.54	T9	6.54	35937	5463	6624	12087	23850	2.897897898	4.906666667	5.716666667	1.973194341
Soil14_SampleB8	SetB	A08	0	2	0	Soil14	Soil14_Neutral2	Soil14_T9_Slurry_CHL_None_-8	Slurry	HCl_NaOH	-8	-0.8	20	CHL	None	Soil14_T9	Soil14_A08_-8_CHL	1	Soil14_T9_Slurry_CHL_None_-8_R1	Soil14_pH6.54	T9	6.54	26375	516	671	1187	25188	7.318318318	4.906666667	5.716666667	21.21988206
Soil14_SampleB81	SetB	G09	0	0	0	Soil14	Soil14_Neutral2	Soil14_T9_No_Nitrate_CHL_None_0	No_Nitrate	No_Nitrate	0	0	20	CHL	None	Soil14_T9	Soil14_G09_0_CHL	2	Soil14_T9_No_Nitrate_CHL_None_0_R2	Soil14_pH6.54	T9	6.54	25851	464	517	981	24870	5.716666667	4.906666667	5.716666667	25.35168196
Soil14_SampleB82	SetB	G10	0	2	0	Soil14	Soil14_Neutral2	Soil14_T9_Slurry_CHL_None_0	Slurry	HCl_NaOH	0	0	20	CHL	None	Soil14_T9	Soil14_G10_0_CHL	1	Soil14_T9_Slurry_CHL_None_0_R1	Soil14_pH6.54	T9	6.54	28003	496	610	1106	26897	5.716666667	4.906666667	5.716666667	24.31916817
Soil14_SampleB83	SetB	G11	0	2	0	Soil14	Soil14_Neutral2	Soil14_T9_Slurry_CHL_None_0	Slurry	HCl_NaOH	0	0	20	CHL	None	Soil14_T9	Soil14_G11_0_CHL	3	Soil14_T9_Slurry_CHL_None_0_R3	Soil14_pH6.54	T9	6.54	36616	654	736	1390	35226	5.716666667	4.906666667	5.716666667	25.34244604
Soil14_SampleB9	SetB	A09	0	2	0	Soil14	Soil14_Neutral2	Soil14_T9_Slurry_CHL_None_-2	Slurry	HCl_NaOH	-2	-0.2	20	CHL	None	Soil14_T9	Soil14_A09_-2_CHL	1	Soil14_T9_Slurry_CHL_None_-2_R1	Soil14_pH6.54	T9	6.54	30951	536	549	1085	29866	6.225225225	4.906666667	5.716666667	27.52626728
Soil14_SampleB92	SetB	H08	0	0	0	Soil14	Soil14_Neutral2	Soil14_T9_No_Nitrate_CHL_None_0	No_Nitrate	No_Nitrate	0	0	20	CHL	None	Soil14_T9	Soil14_H08_0_CHL	1	Soil14_T9_No_Nitrate_CHL_None_0_R1	Soil14_pH6.54	T9	6.54	36035	705	743	1448	34587	5.716666667	4.906666667	5.716666667	23.88604972
Soil14_SampleB93	SetB	H09	0	0	0	Soil14	Soil14_Neutral2	Soil14_T9_No_Nitrate_CHL_None_0	No_Nitrate	No_Nitrate	0	0	20	CHL	None	Soil14_T9	Soil14_H09_0_CHL	3	Soil14_T9_No_Nitrate_CHL_None_0_R3	Soil14_pH6.54	T9	6.54	55442	967	1088	2055	53387	5.716666667	4.906666667	5.716666667	25.97907543
Soil14_SampleB94	SetB	H10	0	2	0	Soil14	Soil14_Neutral2	Soil14_T9_Slurry_CHL_None_0	Slurry	HCl_NaOH	0	0	20	CHL	None	Soil14_T9	Soil14_H10_0_CHL	2	Soil14_T9_Slurry_CHL_None_0_R2	Soil14_pH6.54	T9	6.54	52497	1041	1069	2110	50387	5.716666667	4.906666667	5.716666667	23.88009479
Soil12_SampleA1	SetA	A01	0	2	0	Soil12	Soil12_CE229	Soil12_T9_Slurry_None_None_-100	Slurry	HCl_NaOH	-100	-10	20	None	None	Soil12_T9	Soil12_A01_-100_None	1	Soil12_T9_Slurry_None_None_-100_R1	Soil12_pH6.26	T9	6.26	58725	1372	1784	3156	55569	8.243243243	4.64	4.836666667	17.60741445
Soil12_SampleA13	SetA	B01	0	2	0	Soil12	Soil12_CE229	Soil12_T9_Slurry_None_None_-32	Slurry	HCl_NaOH	-32	-3.2	20	None	None	Soil12_T9	Soil12_B01_-32_None	1	Soil12_T9_Slurry_None_None_-32_R1	Soil12_pH6.26	T9	6.26	61456	1019	1196	2215	59241	8.075075075	4.64	4.836666667	26.74537246
Soil12_SampleA14	SetA	B02	0	2	0	Soil12	Soil12_CE229	Soil12_T9_Slurry_None_None_-9	Slurry	HCl_NaOH	-9	-0.9	20	None	None	Soil12_T9	Soil12_B02_-9_None	1	Soil12_T9_Slurry_None_None_-9_R1	Soil12_pH6.26	T9	6.26	10785	181	230	411	10374	6.90990991	4.64	4.836666667	25.24087591
Soil12_SampleA15	SetA	B03	0	2	0	Soil12	Soil12_CE229	Soil12_T9_Slurry_None_None_-4	Slurry	HCl_NaOH	-4	-0.4	20	None	None	Soil12_T9	Soil12_B03_-4_None	1	Soil12_T9_Slurry_None_None_-4_R1	Soil12_pH6.26	T9	6.26	54637	1065	1201	2266	52371	6.009009009	4.64	4.836666667	23.11165049
Soil12_SampleA16	SetA	B04	0	2	0	Soil12	Soil12_CE229	Soil12_T9_Slurry_None_None_3	Slurry	HCl_NaOH	3	0.3	20	None	None	Soil12_T9	Soil12_B04_3_None	1	Soil12_T9_Slurry_None_None_3_R1	Soil12_pH6.26	T9	6.26	21713	397	459	856	20857	4.723723724	4.64	4.836666667	24.36565421
Soil12_SampleA17	SetA	B05	0	2	0	Soil12	Soil12_CE229	Soil12_T9_Slurry_None_None_10	Slurry	HCl_NaOH	10	1	20	None	None	Soil12_T9	Soil12_B05_10_None	1	Soil12_T9_Slurry_None_None_10_R1	Soil12_pH6.26	T9	6.26	44153	1188	1398	2586	41567	4.051051051	4.64	4.836666667	16.07385924
Soil12_SampleA18	SetA	B06	0	2	0	Soil12	Soil12_CE229	Soil12_T9_Slurry_None_None_40	Slurry	HCl_NaOH	40	4	20	None	None	Soil12_T9	Soil12_B06_40_None	1	Soil12_T9_Slurry_None_None_40_R1	Soil12_pH6.26	T9	6.26	68971	11021	14789	25810	43161	3.186186186	4.64	4.836666667	1.672258814
Soil12_SampleA2	SetA	A02	0	2	0	Soil12	Soil12_CE229	Soil12_T9_Slurry_None_None_-13	Slurry	HCl_NaOH	-13	-1.3	20	None	None	Soil12_T9	Soil12_A02_-13_None	1	Soil12_T9_Slurry_None_None_-13_R1	Soil12_pH6.26	T9	6.26	18099	326	414	740	17359	7.426426426	4.64	4.836666667	23.45810811
Soil12_SampleA25	SetA	C01	0	2	0	Soil12	Soil12_CE229	Soil12_T9_Slurry_None_None_-100	Slurry	HCl_NaOH	-100	-10	20	None	None	Soil12_T9	Soil12_C01_-100_None	2	Soil12_T9_Slurry_None_None_-100_R2	Soil12_pH6.26	T9	6.26	61815	1232	1403	2635	59180	8.243243243	4.64	4.836666667	22.45920304
Soil12_SampleA26	SetA	C02	0	2	0	Soil12	Soil12_CE229	Soil12_T9_Slurry_None_None_-13	Slurry	HCl_NaOH	-13	-1.3	20	None	None	Soil12_T9	Soil12_C02_-13_None	2	Soil12_T9_Slurry_None_None_-13_R2	Soil12_pH6.26	T9	6.26	5624	108	93	201	5423	7.426426426	4.64	4.836666667	26.9800995
Soil12_SampleA27	SetA	C03	0	2	0	Soil12	Soil12_CE229	Soil12_T9_Slurry_None_None_-6	Slurry	HCl_NaOH	-6	-0.6	20	None	None	Soil12_T9	Soil12_C03_-6_None	2	Soil12_T9_Slurry_None_None_-6_R2	Soil12_pH6.26	T9	6.26	41381	745	827	1572	39809	6.441441441	4.64	4.836666667	25.32379135
Soil12_SampleA28	SetA	C04	0	2	0	Soil12	Soil12_CE229	Soil12_T9_Slurry_None_None_-2	Slurry	HCl_NaOH	-2	-0.2	20	None	None	Soil12_T9	Soil12_C04_-2_None	2	Soil12_T9_Slurry_None_None_-2_R2	Soil12_pH6.26	T9	6.26	18656	359	343	702	17954	5.528528529	4.64	4.836666667	25.57549858
Soil12_SampleA29	SetA	C05	0	2	0	Soil12	Soil12_CE229	Soil12_T9_Slurry_None_None_6	Slurry	HCl_NaOH	6	0.6	20	None	None	Soil12_T9	Soil12_C05_6_None	2	Soil12_T9_Slurry_None_None_6_R2	Soil12_pH6.26	T9	6.26	40028	707	894	1601	38427	4.363363363	4.64	4.836666667	24.00187383
Soil12_SampleA3	SetA	A03	0	2	0	Soil12	Soil12_CE229	Soil12_T9_Slurry_None_None_-6	Slurry	HCl_NaOH	-6	-0.6	20	None	None	Soil12_T9	Soil12_A03_-6_None	1	Soil12_T9_Slurry_None_None_-6_R1	Soil12_pH6.26	T9	6.26	57070	1042	1166	2208	54862	6.441441441	4.64	4.836666667	24.84692029
Soil12_SampleA30	SetA	C06	0	2	0	Soil12	Soil12_CE229	Soil12_T9_Slurry_None_None_20	Slurry	HCl_NaOH	20	2	20	None	None	Soil12_T9	Soil12_C06_20_None	2	Soil12_T9_Slurry_None_None_20_R2	Soil12_pH6.26	T9	6.26	51566	3988	4548	8536	43030	3.606606607	4.64	4.836666667	5.041002812
Soil12_SampleA37	SetA	D01	0	2	0	Soil12	Soil12_CE229	Soil12_T9_Slurry_None_None_-32	Slurry	HCl_NaOH	-32	-3.2	20	None	None	Soil12_T9	Soil12_D01_-32_None	2	Soil12_T9_Slurry_None_None_-32_R2	Soil12_pH6.26	T9	6.26	75612	1126	1326	2452	73160	8.075075075	4.64	4.836666667	29.83686786
Soil12_SampleA38	SetA	D02	0	2	0	Soil12	Soil12_CE229	Soil12_T9_Slurry_None_None_-9	Slurry	HCl_NaOH	-9	-0.9	20	None	None	Soil12_T9	Soil12_D02_-9_None	2	Soil12_T9_Slurry_None_None_-9_R2	Soil12_pH6.26	T9	6.26	7823	118	155	273	7550	6.90990991	4.64	4.836666667	27.65567766
Soil12_SampleA39	SetA	D03	0	2	0	Soil12	Soil12_CE229	Soil12_T9_Slurry_None_None_-4	Slurry	HCl_NaOH	-4	-0.4	20	None	None	Soil12_T9	Soil12_D03_-4_None	2	Soil12_T9_Slurry_None_None_-4_R2	Soil12_pH6.26	T9	6.26	42946	782	862	1644	41302	6.009009009	4.64	4.836666667	25.12287105
Soil12_SampleA4	SetA	A04	0	2	0	Soil12	Soil12_CE229	Soil12_T9_Slurry_None_None_-2	Slurry	HCl_NaOH	-2	-0.2	20	None	None	Soil12_T9	Soil12_A04_-2_None	1	Soil12_T9_Slurry_None_None_-2_R1	Soil12_pH6.26	T9	6.26	23898	407	427	834	23064	5.528528529	4.64	4.836666667	27.65467626
Soil12_SampleA40	SetA	D04	0	2	0	Soil12	Soil12_CE229	Soil12_T9_Slurry_None_None_3	Slurry	HCl_NaOH	3	0.3	20	None	None	Soil12_T9	Soil12_D04_3_None	2	Soil12_T9_Slurry_None_None_3_R2	Soil12_pH6.26	T9	6.26	22591	388	501	889	21702	4.723723724	4.64	4.836666667	24.41169854
Soil12_SampleA41	SetA	D05	0	2	0	Soil12	Soil12_CE229	Soil12_T9_Slurry_None_None_10	Slurry	HCl_NaOH	10	1	20	None	None	Soil12_T9	Soil12_D05_10_None	2	Soil12_T9_Slurry_None_None_10_R2	Soil12_pH6.26	T9	6.26	48900	1476	1804	3280	45620	4.051051051	4.64	4.836666667	13.90853659
Soil12_SampleA42	SetA	D06	0	2	0	Soil12	Soil12_CE229	Soil12_T9_Slurry_None_None_40	Slurry	HCl_NaOH	40	4	20	None	None	Soil12_T9	Soil12_D06_40_None	2	Soil12_T9_Slurry_None_None_40_R2	Soil12_pH6.26	T9	6.26	51537	8767	11380	20147	31390	3.186186186	4.64	4.836666667	1.558048345
Soil12_SampleA49	SetA	E01	0	2	0	Soil12	Soil12_CE229	Soil12_T9_Slurry_None_None_-100	Slurry	HCl_NaOH	-100	-10	20	None	None	Soil12_T9	Soil12_E01_-100_None	3	Soil12_T9_Slurry_None_None_-100_R3	Soil12_pH6.26	T9	6.26	50530	1030	1271	2301	48229	8.243243243	4.64	4.836666667	20.96001738
Soil12_SampleA5	SetA	A05	0	2	0	Soil12	Soil12_CE229	Soil12_T9_Slurry_None_None_6	Slurry	HCl_NaOH	6	0.6	20	None	None	Soil12_T9	Soil12_A05_6_None	1	Soil12_T9_Slurry_None_None_6_R1	Soil12_pH6.26	T9	6.26	43909	764	881	1645	42264	4.363363363	4.64	4.836666667	25.69240122
Soil12_SampleA50	SetA	E02	0	2	0	Soil12	Soil12_CE229	Soil12_T9_Slurry_None_None_-13	Slurry	HCl_NaOH	-13	-1.3	20	None	None	Soil12_T9	Soil12_E02_-13_None	3	Soil12_T9_Slurry_None_None_-13_R3	Soil12_pH6.26	T9	6.26	8420	167	139	306	8114	7.426426426	4.64	4.836666667	26.51633987
Soil12_SampleA51	SetA	E03	0	2	0	Soil12	Soil12_CE229	Soil12_T9_Slurry_None_None_-6	Slurry	HCl_NaOH	-6	-0.6	20	None	None	Soil12_T9	Soil12_E03_-6_None	3	Soil12_T9_Slurry_None_None_-6_R3	Soil12_pH6.26	T9	6.26	51417	960	989	1949	49468	6.441441441	4.64	4.836666667	25.38122114
Soil12_SampleA52	SetA	E04	0	2	0	Soil12	Soil12_CE229	Soil12_T9_Slurry_None_None_-2	Slurry	HCl_NaOH	-2	-0.2	20	None	None	Soil12_T9	Soil12_E04_-2_None	3	Soil12_T9_Slurry_None_None_-2_R3	Soil12_pH6.26	T9	6.26	13352	304	217	521	12831	5.528528529	4.64	4.836666667	24.62763916
Soil12_SampleA53	SetA	E05	0	2	0	Soil12	Soil12_CE229	Soil12_T9_Slurry_None_None_6	Slurry	HCl_NaOH	6	0.6	20	None	None	Soil12_T9	Soil12_E05_6_None	3	Soil12_T9_Slurry_None_None_6_R3	Soil12_pH6.26	T9	6.26	47468	939	1017	1956	45512	4.363363363	4.64	4.836666667	23.26789366
Soil12_SampleA54	SetA	E06	0	2	0	Soil12	Soil12_CE229	Soil12_T9_Slurry_None_None_20	Slurry	HCl_NaOH	20	2	20	None	None	Soil12_T9	Soil12_E06_20_None	3	Soil12_T9_Slurry_None_None_20_R3	Soil12_pH6.26	T9	6.26	54584	4557	5074	9631	44953	3.606606607	4.64	4.836666667	4.667531928
Soil12_SampleA6	SetA	A06	0	2	0	Soil12	Soil12_CE229	Soil12_T9_Slurry_None_None_20	Slurry	HCl_NaOH	20	2	20	None	None	Soil12_T9	Soil12_A06_20_None	1	Soil12_T9_Slurry_None_None_20_R1	Soil12_pH6.26	T9	6.26	53088	4160	4894	9054	44034	3.606606607	4.64	4.836666667	4.863485752
Soil12_SampleA61	SetA	F01	0	2	0	Soil12	Soil12_CE229	Soil12_T9_Slurry_None_None_-32	Slurry	HCl_NaOH	-32	-3.2	20	None	None	Soil12_T9	Soil12_F01_-32_None	3	Soil12_T9_Slurry_None_None_-32_R3	Soil12_pH6.26	T9	6.26	53804	768	912	1680	52124	8.075075075	4.64	4.836666667	31.02619048
Soil12_SampleA62	SetA	F02	0	2	0	Soil12	Soil12_CE229	Soil12_T9_Slurry_None_None_-9	Slurry	HCl_NaOH	-9	-0.9	20	None	None	Soil12_T9	Soil12_F02_-9_None	3	Soil12_T9_Slurry_None_None_-9_R3	Soil12_pH6.26	T9	6.26	15361	227	282	509	14852	6.90990991	4.64	4.836666667	29.17878193
Soil12_SampleA63	SetA	F03	0	2	0	Soil12	Soil12_CE229	Soil12_T9_Slurry_None_None_-4	Slurry	HCl_NaOH	-4	-0.4	20	None	None	Soil12_T9	Soil12_F03_-4_None	3	Soil12_T9_Slurry_None_None_-4_R3	Soil12_pH6.26	T9	6.26	60727	1077	1275	2352	58375	6.009009009	4.64	4.836666667	24.81930272
Soil12_SampleA64	SetA	F04	0	2	0	Soil12	Soil12_CE229	Soil12_T9_Slurry_None_None_3	Slurry	HCl_NaOH	3	0.3	20	None	None	Soil12_T9	Soil12_F04_3_None	3	Soil12_T9_Slurry_None_None_3_R3	Soil12_pH6.26	T9	6.26	24196	456	504	960	23236	4.723723724	4.64	4.836666667	24.20416667
Soil12_SampleA65	SetA	F05	0	2	0	Soil12	Soil12_CE229	Soil12_T9_Slurry_None_None_10	Slurry	HCl_NaOH	10	1	20	None	None	Soil12_T9	Soil12_F05_10_None	3	Soil12_T9_Slurry_None_None_10_R3	Soil12_pH6.26	T9	6.26	50606	1536	1691	3227	47379	4.051051051	4.64	4.836666667	14.68205764
Soil12_SampleA66	SetA	F06	0	2	0	Soil12	Soil12_CE229	Soil12_T9_Slurry_None_None_40	Slurry	HCl_NaOH	40	4	20	None	None	Soil12_T9	Soil12_F06_40_None	3	Soil12_T9_Slurry_None_None_40_R3	Soil12_pH6.26	T9	6.26	64098	11202	14150	25352	38746	3.186186186	4.64	4.836666667	1.528321237
Soil12_SampleA75	SetA	G03	0	0	0	Soil12	Soil12_CE229	Soil12_T9_No_Nitrate_None_None_0	No_Nitrate	No_Nitrate	0	0	20	None	None	Soil12_T9	Soil12_G03_0_None	2	Soil12_T9_No_Nitrate_None_None_0_R2	Soil12_pH6.26	T9	6.26	51473	896	1045	1941	49532	4.836666667	4.64	4.836666667	25.51880474
Soil12_SampleA76	SetA	G04	0	2	0	Soil12	Soil12_CE229	Soil12_T9_Slurry_None_None_0	Slurry	HCl_NaOH	0	0	20	None	None	Soil12_T9	Soil12_G04_0_None	1	Soil12_T9_Slurry_None_None_0_R1	Soil12_pH6.26	T9	6.26	25341	424	492	916	24425	4.836666667	4.64	4.836666667	26.66484716
Soil12_SampleA77	SetA	G05	0	2	0	Soil12	Soil12_CE229	Soil12_T9_Slurry_None_None_0	Slurry	HCl_NaOH	0	0	20	None	None	Soil12_T9	Soil12_G05_0_None	3	Soil12_T9_Slurry_None_None_0_R3	Soil12_pH6.26	T9	6.26	42312	751	814	1565	40747	4.836666667	4.64	4.836666667	26.03642173
Soil12_SampleA78	SetA	G06	0	2	0	Soil12	Soil12_CE229	Soil12_T0	Slurry_T0	Nitrate	0	0	20	None	None	Soil12_T0	Soil12_T0	2	Soil12_T0_Slurry_T0_None_None_0_R2	Soil12_pH6.26	T0	6.26	52054	1101	1229	2330	49724	4.836666667	4.64	4.836666667	21.34077253
Soil12_SampleA86	SetA	H02	0	0	0	Soil12	Soil12_CE229	Soil12_T9_No_Nitrate_None_None_0	No_Nitrate	No_Nitrate	0	0	20	None	None	Soil12_T9	Soil12_H02_0_None	1	Soil12_T9_No_Nitrate_None_None_0_R1	Soil12_pH6.26	T9	6.26	12690	225	243	468	12222	4.836666667	4.64	4.836666667	26.11538462
Soil12_SampleA87	SetA	H03	0	0	0	Soil12	Soil12_CE229	Soil12_T9_No_Nitrate_None_None_0	No_Nitrate	No_Nitrate	0	0	20	None	None	Soil12_T9	Soil12_H03_0_None	3	Soil12_T9_No_Nitrate_None_None_0_R3	Soil12_pH6.26	T9	6.26	74151	1292	1476	2768	71383	4.836666667	4.64	4.836666667	25.78865607
Soil12_SampleA88	SetA	H04	0	2	0	Soil12	Soil12_CE229	Soil12_T9_Slurry_None_None_0	Slurry	HCl_NaOH	0	0	20	None	None	Soil12_T9	Soil12_H04_0_None	2	Soil12_T9_Slurry_None_None_0_R2	Soil12_pH6.26	T9	6.26	26666	559	626	1185	25481	4.836666667	4.64	4.836666667	21.50295359
Soil12_SampleA89	SetA	H05	2	0	0	Soil12	Soil12_CE229	Soil12_T0	Slurry_T0	Nitrite	0	0	20	None	None	Soil12_T0	Soil12_T0	1	Soil12_T0_Slurry_T0_None_None_0_R1	Soil12_pH6.26	T0	6.26	53872	1224	1339	2563	51309	4.836666667	4.64	4.836666667	20.01911822
Soil12_SampleA90	SetA	H06	0	0	2	Soil12	Soil12_CE229	Soil12_T0	Slurry_T0	Ammonium	0	0	20	None	None	Soil12_T0	Soil12_T0	3	Soil12_T0_Slurry_T0_None_None_0_R3	Soil12_pH6.26	T0	6.26	60331	1383	1424	2807	57524	4.836666667	4.64	4.836666667	20.49305308
Soil16_SampleB1	SetB	A01	0	2	0	Soil16	Soil16_Neutral6	Soil16_T9_Slurry_None_None_-100	Slurry	HCl_NaOH	-100	-10	20	None	None	Soil16_T9	Soil16_A01_-100_None	1	Soil16_T9_Slurry_None_None_-100_R1	Soil16_pH6.86	T9	6.86	63201	1106	1307	2413	60788	8.43	5.73	7.496666667	25.19187733
Soil16_SampleB10	SetB	A10	0	2	0	Soil16	Soil16_Neutral6	Soil16_T9_Slurry_CHL_None_14	Slurry	HCl_NaOH	14	1.4	20	CHL	None	Soil16_T9	Soil16_A10_14_CHL	1	Soil16_T9_Slurry_CHL_None_14_R1	Soil16_pH6.86	T9	6.86	44741	945	1071	2016	42725	4.807807808	5.913333333	7.26	21.19295635
Soil16_SampleB11	SetB	A11	0	2	0	Soil16	Soil16_Neutral6	Soil16_T9_Slurry_CHL_None_22	Slurry	HCl_NaOH	22	2.2	20	CHL	None	Soil16_T9	Soil16_A11_22_CHL	1	Soil16_T9_Slurry_CHL_None_22_R1	Soil16_pH6.86	T9	6.86	44867	1776	2124	3900	40967	4.207207207	5.913333333	7.26	10.50435897
Soil16_SampleB12	SetB	A12	0	2	0	Soil16	Soil16_Neutral6	Soil16_T9_Slurry_CHL_None_40	Slurry	HCl_NaOH	40	4	20	CHL	None	Soil16_T9	Soil16_A12_40_CHL	1	Soil16_T9_Slurry_CHL_None_40_R1	Soil16_pH6.86	T9	6.86	111711	8501	12748	21249	90462	3.618618619	5.913333333	7.26	4.257235635
Soil16_SampleB13	SetB	B01	0	2	0	Soil16	Soil16_Neutral6	Soil16_T9_Slurry_None_None_-7	Slurry	HCl_NaOH	-7	-0.7	20	None	None	Soil16_T9	Soil16_B01_-7_None	1	Soil16_T9_Slurry_None_None_-7_R1	Soil16_pH6.86	T9	6.86	55370	666	778	1444	53926	8.075075075	5.73	7.496666667	37.34487535
Soil16_SampleB14	SetB	B02	0	2	0	Soil16	Soil16_Neutral6	Soil16_T9_Slurry_None_None_6	Slurry	HCl_NaOH	6	0.6	20	None	None	Soil16_T9	Soil16_B02_6_None	1	Soil16_T9_Slurry_None_None_6_R1	Soil16_pH6.86	T9	6.86	38691	467	574	1041	37650	6.081081081	5.73	7.496666667	36.16714697
Soil16_SampleB15	SetB	B03	0	2	0	Soil16	Soil16_Neutral6	Soil16_T9_Slurry_None_None_11	Slurry	HCl_NaOH	11	1.1	20	None	None	Soil16_T9	Soil16_B03_11_None	1	Soil16_T9_Slurry_None_None_11_R1	Soil16_pH6.86	T9	6.86	83814	1158	1214	2372	81442	5.504504505	5.73	7.496666667	34.33473862
Soil16_SampleB16	SetB	B04	0	2	0	Soil16	Soil16_Neutral6	Soil16_T9_Slurry_None_None_18	Slurry	HCl_NaOH	18	1.8	20	None	None	Soil16_T9	Soil16_B04_18_None	1	Soil16_T9_Slurry_None_None_18_R1	Soil16_pH6.86	T9	6.86	12213	197	246	443	11770	4.663663664	5.73	7.496666667	26.56884876
Soil16_SampleB17	SetB	B05	0	2	0	Soil16	Soil16_Neutral6	Soil16_T9_Slurry_None_None_28	Slurry	HCl_NaOH	28	2.8	20	None	None	Soil16_T9	Soil16_B05_28_None	1	Soil16_T9_Slurry_None_None_28_R1	Soil16_pH6.86	T9	6.86	22101	837	1150	1987	20114	3.906906907	5.73	7.496666667	10.12279819
Soil16_SampleB18	SetB	B06	0	2	0	Soil16	Soil16_Neutral6	Soil16_T9_Slurry_None_None_90	Slurry	HCl_NaOH	90	9	20	None	None	Soil16_T9	Soil16_B06_90_None	1	Soil16_T9_Slurry_None_None_90_R1	Soil16_pH6.86	T9	6.86	55156	7609	8009	15618	39538	2.93	5.73	7.496666667	2.531566142
Soil16_SampleB19	SetB	B07	0	2	0	Soil16	Soil16_Neutral6	Soil16_T9_Slurry_CHL_None_-7	Slurry	HCl_NaOH	-7	-0.7	20	CHL	None	Soil16_T9	Soil16_B07_-7_CHL	1	Soil16_T9_Slurry_CHL_None_-7_R1	Soil16_pH6.86	T9	6.86	32202	596	683	1279	30923	8.003003003	5.913333333	7.26	24.17748241
Soil16_SampleB2	SetB	A02	0	2	0	Soil16	Soil16_Neutral6	Soil16_T9_Slurry_None_None_3	Slurry	HCl_NaOH	3	0.3	20	None	None	Soil16_T9	Soil16_A02_3_None	1	Soil16_T9_Slurry_None_None_3_R1	Soil16_pH6.86	T9	6.86	48165	559	644	1203	46962	6.777777778	5.73	7.496666667	39.03740648
Soil16_SampleB20	SetB	B08	0	2	0	Soil16	Soil16_Neutral6	Soil16_T9_Slurry_CHL_None_6	Slurry	HCl_NaOH	6	0.6	20	CHL	None	Soil16_T9	Soil16_B08_6_CHL	1	Soil16_T9_Slurry_CHL_None_6_R1	Soil16_pH6.86	T9	6.86	20021	265	278	543	19478	5.912912913	5.913333333	7.26	35.87108656
Soil16_SampleB21	SetB	B09	0	2	0	Soil16	Soil16_Neutral6	Soil16_T9_Slurry_CHL_None_11	Slurry	HCl_NaOH	11	1.1	20	CHL	None	Soil16_T9	Soil16_B09_11_CHL	1	Soil16_T9_Slurry_CHL_None_11_R1	Soil16_pH6.86	T9	6.86	36469	608	708	1316	35153	5.228228228	5.913333333	7.26	26.71200608
Soil16_SampleB22	SetB	B10	0	2	0	Soil16	Soil16_Neutral6	Soil16_T9_Slurry_CHL_None_18	Slurry	HCl_NaOH	18	1.8	20	CHL	None	Soil16_T9	Soil16_B10_18_CHL	1	Soil16_T9_Slurry_CHL_None_18_R1	Soil16_pH6.86	T9	6.86	36673	924	1045	1969	34704	4.459459459	5.913333333	7.26	17.62519045
Soil16_SampleB23	SetB	B11	0	2	0	Soil16	Soil16_Neutral6	Soil16_T9_Slurry_CHL_None_28	Slurry	HCl_NaOH	28	2.8	20	CHL	None	Soil16_T9	Soil16_B11_28_CHL	1	Soil16_T9_Slurry_CHL_None_28_R1	Soil16_pH6.86	T9	6.86	58088	2808	4575	7383	50705	3.918918919	5.913333333	7.26	6.867804416
Soil16_SampleB24	SetB	B12	0	2	0	Soil16	Soil16_Neutral6	Soil16_T9_Slurry_CHL_None_90	Slurry	HCl_NaOH	90	9	20	CHL	None	Soil16_T9	Soil16_B12_90_CHL	1	Soil16_T9_Slurry_CHL_None_90_R1	Soil16_pH6.86	T9	6.86	77212	11588	13250	24838	52374	3.198198198	5.913333333	7.26	2.108623883
Soil16_SampleB25	SetB	C01	0	2	0	Soil16	Soil16_Neutral6	Soil16_T9_Slurry_None_None_-100	Slurry	HCl_NaOH	-100	-10	20	None	None	Soil16_T9	Soil16_C01_-100_None	2	Soil16_T9_Slurry_None_None_-100_R2	Soil16_pH6.86	T9	6.86	58189	1101	1505	2606	55583	8.43	5.73	7.496666667	21.32885649
Soil16_SampleB26	SetB	C02	0	2	0	Soil16	Soil16_Neutral6	Soil16_T9_Slurry_None_None_3	Slurry	HCl_NaOH	3	0.3	20	None	None	Soil16_T9	Soil16_C02_3_None	2	Soil16_T9_Slurry_None_None_3_R2	Soil16_pH6.86	T9	6.86	32737	340	369	709	32028	6.777777778	5.73	7.496666667	45.17348378
Soil16_SampleB27	SetB	C03	0	2	0	Soil16	Soil16_Neutral6	Soil16_T9_Slurry_None_None_8	Slurry	HCl_NaOH	8	0.8	20	None	None	Soil16_T9	Soil16_C03_8_None	2	Soil16_T9_Slurry_None_None_8_R2	Soil16_pH6.86	T9	6.86	79266	861	1059	1920	77346	5.888888889	5.73	7.496666667	40.284375
Soil16_SampleB28	SetB	C04	0	2	0	Soil16	Soil16_Neutral6	Soil16_T9_Slurry_None_None_14	Slurry	HCl_NaOH	14	1.4	20	None	None	Soil16_T9	Soil16_C04_14_None	2	Soil16_T9_Slurry_None_None_14_R2	Soil16_pH6.86	T9	6.86	33156	379	445	824	32332	4.891891892	5.73	7.496666667	39.23786408
Soil16_SampleB29	SetB	C05	0	2	0	Soil16	Soil16_Neutral6	Soil16_T9_Slurry_None_None_22	Slurry	HCl_NaOH	22	2.2	20	None	None	Soil16_T9	Soil16_C05_22_None	2	Soil16_T9_Slurry_None_None_22_R2	Soil16_pH6.86	T9	6.86	37590	1013	1187	2200	35390	4.195195195	5.73	7.496666667	16.08636364
Soil16_SampleB3	SetB	A03	0	2	0	Soil16	Soil16_Neutral6	Soil16_T9_Slurry_None_None_8	Slurry	HCl_NaOH	8	0.8	20	None	None	Soil16_T9	Soil16_A03_8_None	1	Soil16_T9_Slurry_None_None_8_R1	Soil16_pH6.86	T9	6.86	115180	1548	1785	3333	111847	5.888888889	5.73	7.496666667	33.55745575
Soil16_SampleB30	SetB	C06	0	2	0	Soil16	Soil16_Neutral6	Soil16_T9_Slurry_None_None_40	Slurry	HCl_NaOH	40	4	20	None	None	Soil16_T9	Soil16_C06_40_None	2	Soil16_T9_Slurry_None_None_40_R2	Soil16_pH6.86	T9	6.86	64250	5045	6262	11307	52943	3.582582583	5.73	7.496666667	4.682320686
Soil16_SampleB31	SetB	C07	0	2	0	Soil16	Soil16_Neutral6	Soil16_T9_Slurry_CHL_None_-100	Slurry	HCl_NaOH	-100	-10	20	CHL	None	Soil16_T9	Soil16_C07_-100_CHL	2	Soil16_T9_Slurry_CHL_None_-100_R2	Soil16_pH6.86	T9	6.86	37418	1098	1266	2364	35054	8.4	5.913333333	7.26	14.82825719
Soil16_SampleB32	SetB	C08	0	2	0	Soil16	Soil16_Neutral6	Soil16_T9_Slurry_CHL_None_3	Slurry	HCl_NaOH	3	0.3	20	CHL	None	Soil16_T9	Soil16_C08_3_CHL	2	Soil16_T9_Slurry_CHL_None_3_R2	Soil16_pH6.86	T9	6.86	29507	419	470	889	28618	6.513513514	5.913333333	7.26	32.1912261
Soil16_SampleB33	SetB	C09	0	2	0	Soil16	Soil16_Neutral6	Soil16_T9_Slurry_CHL_None_8	Slurry	HCl_NaOH	8	0.8	20	CHL	None	Soil16_T9	Soil16_C09_8_CHL	2	Soil16_T9_Slurry_CHL_None_8_R2	Soil16_pH6.86	T9	6.86	47696	656	742	1398	46298	5.624624625	5.913333333	7.26	33.11731044
Soil16_SampleB34	SetB	C10	0	2	0	Soil16	Soil16_Neutral6	Soil16_T9_Slurry_CHL_None_14	Slurry	HCl_NaOH	14	1.4	20	CHL	None	Soil16_T9	Soil16_C10_14_CHL	2	Soil16_T9_Slurry_CHL_None_14_R2	Soil16_pH6.86	T9	6.86	37417	664	634	1298	36119	4.807807808	5.913333333	7.26	27.82665639
Soil16_SampleB35	SetB	C11	0	2	0	Soil16	Soil16_Neutral6	Soil16_T9_Slurry_CHL_None_22	Slurry	HCl_NaOH	22	2.2	20	CHL	None	Soil16_T9	Soil16_C11_22_CHL	2	Soil16_T9_Slurry_CHL_None_22_R2	Soil16_pH6.86	T9	6.86	46805	1354	1597	2951	43854	4.207207207	5.913333333	7.26	14.86072518
Soil16_SampleB36	SetB	C12	0	2	0	Soil16	Soil16_Neutral6	Soil16_T9_Slurry_CHL_None_40	Slurry	HCl_NaOH	40	4	20	CHL	None	Soil16_T9	Soil16_C12_40_CHL	2	Soil16_T9_Slurry_CHL_None_40_R2	Soil16_pH6.86	T9	6.86	71858	6501	8109	14610	57248	3.618618619	5.913333333	7.26	3.918412047
Soil16_SampleB37	SetB	D01	0	2	0	Soil16	Soil16_Neutral6	Soil16_T9_Slurry_None_None_-7	Slurry	HCl_NaOH	-7	-0.7	20	None	None	Soil16_T9	Soil16_D01_-7_None	2	Soil16_T9_Slurry_None_None_-7_R2	Soil16_pH6.86	T9	6.86	48236	556	717	1273	46963	8.075075075	5.73	7.496666667	36.89159466
Soil16_SampleB38	SetB	D02	0	2	0	Soil16	Soil16_Neutral6	Soil16_T9_Slurry_None_None_6	Slurry	HCl_NaOH	6	0.6	20	None	None	Soil16_T9	Soil16_D02_6_None	2	Soil16_T9_Slurry_None_None_6_R2	Soil16_pH6.86	T9	6.86	35925	366	577	943	34982	6.081081081	5.73	7.496666667	37.09650053
Soil16_SampleB39	SetB	D03	0	2	0	Soil16	Soil16_Neutral6	Soil16_T9_Slurry_None_None_11	Slurry	HCl_NaOH	11	1.1	20	None	None	Soil16_T9	Soil16_D03_11_None	2	Soil16_T9_Slurry_None_None_11_R2	Soil16_pH6.86	T9	6.86	86217	1167	1317	2484	83733	5.504504505	5.73	7.496666667	33.7089372
Soil16_SampleB4	SetB	A04	0	2	0	Soil16	Soil16_Neutral6	Soil16_T9_Slurry_None_None_14	Slurry	HCl_NaOH	14	1.4	20	None	None	Soil16_T9	Soil16_A04_14_None	1	Soil16_T9_Slurry_None_None_14_R1	Soil16_pH6.86	T9	6.86	46210	599	705	1304	44906	4.891891892	5.73	7.496666667	34.43711656
Soil16_SampleB40	SetB	D04	0	2	0	Soil16	Soil16_Neutral6	Soil16_T9_Slurry_None_None_18	Slurry	HCl_NaOH	18	1.8	20	None	None	Soil16_T9	Soil16_D04_18_None	2	Soil16_T9_Slurry_None_None_18_R2	Soil16_pH6.86	T9	6.86	35385	571	725	1296	34089	4.663663664	5.73	7.496666667	26.30324074
Soil16_SampleB41	SetB	D05	0	2	0	Soil16	Soil16_Neutral6	Soil16_T9_Slurry_None_None_28	Slurry	HCl_NaOH	28	2.8	20	None	None	Soil16_T9	Soil16_D05_28_None	2	Soil16_T9_Slurry_None_None_28_R2	Soil16_pH6.86	T9	6.86	20649	1027	1216	2243	18406	3.906906907	5.73	7.496666667	8.205974142
Soil16_SampleB42	SetB	D06	0	2	0	Soil16	Soil16_Neutral6	Soil16_T9_Slurry_None_None_90	Slurry	HCl_NaOH	90	9	20	None	None	Soil16_T9	Soil16_D06_90_None	2	Soil16_T9_Slurry_None_None_90_R2	Soil16_pH6.86	T9	6.86	45868	5607	5959	11566	34302	2.93	5.73	7.496666667	2.965761715
Soil16_SampleB43	SetB	D07	0	2	0	Soil16	Soil16_Neutral6	Soil16_T9_Slurry_CHL_None_-7	Slurry	HCl_NaOH	-7	-0.7	20	CHL	None	Soil16_T9	Soil16_D07_-7_CHL	2	Soil16_T9_Slurry_CHL_None_-7_R2	Soil16_pH6.86	T9	6.86	34553	707	657	1364	33189	8.003003003	5.913333333	7.26	24.33211144
Soil16_SampleB44	SetB	D08	0	2	0	Soil16	Soil16_Neutral6	Soil16_T9_Slurry_CHL_None_6	Slurry	HCl_NaOH	6	0.6	20	CHL	None	Soil16_T9	Soil16_D08_6_CHL	2	Soil16_T9_Slurry_CHL_None_6_R2	Soil16_pH6.86	T9	6.86	26482	394	432	826	25656	5.912912913	5.913333333	7.26	31.06053269
Soil16_SampleB45	SetB	D09	0	2	0	Soil16	Soil16_Neutral6	Soil16_T9_Slurry_CHL_None_11	Slurry	HCl_NaOH	11	1.1	20	CHL	None	Soil16_T9	Soil16_D09_11_CHL	2	Soil16_T9_Slurry_CHL_None_11_R2	Soil16_pH6.86	T9	6.86	46222	806	949	1755	44467	5.228228228	5.913333333	7.26	25.33732194
Soil16_SampleB46	SetB	D10	0	2	0	Soil16	Soil16_Neutral6	Soil16_T9_Slurry_CHL_None_18	Slurry	HCl_NaOH	18	1.8	20	CHL	None	Soil16_T9	Soil16_D10_18_CHL	2	Soil16_T9_Slurry_CHL_None_18_R2	Soil16_pH6.86	T9	6.86	35134	800	899	1699	33435	4.459459459	5.913333333	7.26	19.67922307
Soil16_SampleB47	SetB	D11	0	2	0	Soil16	Soil16_Neutral6	Soil16_T9_Slurry_CHL_None_28	Slurry	HCl_NaOH	28	2.8	20	CHL	None	Soil16_T9	Soil16_D11_28_CHL	2	Soil16_T9_Slurry_CHL_None_28_R2	Soil16_pH6.86	T9	6.86	39048	2053	2307	4360	34688	3.918918919	5.913333333	7.26	7.955963303
Soil16_SampleB48	SetB	D12	0	2	0	Soil16	Soil16_Neutral6	Soil16_T9_Slurry_CHL_None_90	Slurry	HCl_NaOH	90	9	20	CHL	None	Soil16_T9	Soil16_D12_90_CHL	2	Soil16_T9_Slurry_CHL_None_90_R2	Soil16_pH6.86	T9	6.86	81150	10471	11938	22409	58741	3.198198198	5.913333333	7.26	2.621312865
Soil16_SampleB49	SetB	E01	0	2	0	Soil16	Soil16_Neutral6	Soil16_T9_Slurry_None_None_-100	Slurry	HCl_NaOH	-100	-10	20	None	None	Soil16_T9	Soil16_E01_-100_None	3	Soil16_T9_Slurry_None_None_-100_R3	Soil16_pH6.86	T9	6.86	51953	1152	1469	2621	49332	8.43	5.73	7.496666667	18.82182373
Soil16_SampleB5	SetB	A05	0	2	0	Soil16	Soil16_Neutral6	Soil16_T9_Slurry_None_None_22	Slurry	HCl_NaOH	22	2.2	20	None	None	Soil16_T9	Soil16_A05_22_None	1	Soil16_T9_Slurry_None_None_22_R1	Soil16_pH6.86	T9	6.86	28917	902	1172	2074	26843	4.195195195	5.73	7.496666667	12.94262295
Soil16_SampleB50	SetB	E02	0	2	0	Soil16	Soil16_Neutral6	Soil16_T9_Slurry_None_None_3	Slurry	HCl_NaOH	3	0.3	20	None	None	Soil16_T9	Soil16_E02_3_None	3	Soil16_T9_Slurry_None_None_3_R3	Soil16_pH6.86	T9	6.86	31979	348	486	834	31145	6.777777778	5.73	7.496666667	37.3441247
Soil16_SampleB51	SetB	E03	0	2	0	Soil16	Soil16_Neutral6	Soil16_T9_Slurry_None_None_8	Slurry	HCl_NaOH	8	0.8	20	None	None	Soil16_T9	Soil16_E03_8_None	3	Soil16_T9_Slurry_None_None_8_R3	Soil16_pH6.86	T9	6.86	72033	877	991	1868	70165	5.888888889	5.73	7.496666667	37.56156317
Soil16_SampleB52	SetB	E04	0	2	0	Soil16	Soil16_Neutral6	Soil16_T9_Slurry_None_None_14	Slurry	HCl_NaOH	14	1.4	20	None	None	Soil16_T9	Soil16_E04_14_None	3	Soil16_T9_Slurry_None_None_14_R3	Soil16_pH6.86	T9	6.86	37280	449	601	1050	36230	4.891891892	5.73	7.496666667	34.5047619
Soil16_SampleB53	SetB	E05	0	2	0	Soil16	Soil16_Neutral6	Soil16_T9_Slurry_None_None_22	Slurry	HCl_NaOH	22	2.2	20	None	None	Soil16_T9	Soil16_E05_22_None	3	Soil16_T9_Slurry_None_None_22_R3	Soil16_pH6.86	T9	6.86	45347	1636	1943	3579	41768	4.195195195	5.73	7.496666667	11.67029897
Soil16_SampleB54	SetB	E06	0	2	0	Soil16	Soil16_Neutral6	Soil16_T9_Slurry_None_None_40	Slurry	HCl_NaOH	40	4	20	None	None	Soil16_T9	Soil16_E06_40_None	3	Soil16_T9_Slurry_None_None_40_R3	Soil16_pH6.86	T9	6.86	63433	5164	6552	11716	51717	3.582582583	5.73	7.496666667	4.41421987
Soil16_SampleB55	SetB	E07	0	2	0	Soil16	Soil16_Neutral6	Soil16_T9_Slurry_CHL_None_-100	Slurry	HCl_NaOH	-100	-10	20	CHL	None	Soil16_T9	Soil16_E07_-100_CHL	3	Soil16_T9_Slurry_CHL_None_-100_R3	Soil16_pH6.86	T9	6.86	50296	1589	1659	3248	47048	8.4	5.913333333	7.26	14.48522167
Soil16_SampleB56	SetB	E08	0	2	0	Soil16	Soil16_Neutral6	Soil16_T9_Slurry_CHL_None_3	Slurry	HCl_NaOH	3	0.3	20	CHL	None	Soil16_T9	Soil16_E08_3_CHL	3	Soil16_T9_Slurry_CHL_None_3_R3	Soil16_pH6.86	T9	6.86	43451	558	660	1218	42233	6.513513514	5.913333333	7.26	34.67405583
Soil16_SampleB57	SetB	E09	0	2	0	Soil16	Soil16_Neutral6	Soil16_T9_Slurry_CHL_None_8	Slurry	HCl_NaOH	8	0.8	20	CHL	None	Soil16_T9	Soil16_E09_8_CHL	3	Soil16_T9_Slurry_CHL_None_8_R3	Soil16_pH6.86	T9	6.86	51185	840	824	1664	49521	5.624624625	5.913333333	7.26	29.76021635
Soil16_SampleB58	SetB	E10	0	2	0	Soil16	Soil16_Neutral6	Soil16_T9_Slurry_CHL_None_14	Slurry	HCl_NaOH	14	1.4	20	CHL	None	Soil16_T9	Soil16_E10_14_CHL	3	Soil16_T9_Slurry_CHL_None_14_R3	Soil16_pH6.86	T9	6.86	47618	887	1014	1901	45717	4.807807808	5.913333333	7.26	24.04892162
Soil16_SampleB59	SetB	E11	0	2	0	Soil16	Soil16_Neutral6	Soil16_T9_Slurry_CHL_None_22	Slurry	HCl_NaOH	22	2.2	20	CHL	None	Soil16_T9	Soil16_E11_22_CHL	3	Soil16_T9_Slurry_CHL_None_22_R3	Soil16_pH6.86	T9	6.86	35293	1244	1436	2680	32613	4.207207207	5.913333333	7.26	12.16902985
Soil16_SampleB6	SetB	A06	0	2	0	Soil16	Soil16_Neutral6	Soil16_T9_Slurry_None_None_40	Slurry	HCl_NaOH	40	4	20	None	None	Soil16_T9	Soil16_A06_40_None	1	Soil16_T9_Slurry_None_None_40_R1	Soil16_pH6.86	T9	6.86	100488	7304	9583	16887	83601	3.582582583	5.73	7.496666667	4.950612897
Soil16_SampleB60	SetB	E12	0	2	0	Soil16	Soil16_Neutral6	Soil16_T9_Slurry_CHL_None_40	Slurry	HCl_NaOH	40	4	20	CHL	None	Soil16_T9	Soil16_E12_40_CHL	3	Soil16_T9_Slurry_CHL_None_40_R3	Soil16_pH6.86	T9	6.86	89518	8686	10783	19469	70049	3.618618619	5.913333333	7.26	3.59797627
Soil16_SampleB61	SetB	F01	0	2	0	Soil16	Soil16_Neutral6	Soil16_T9_Slurry_None_None_-7	Slurry	HCl_NaOH	-7	-0.7	20	None	None	Soil16_T9	Soil16_F01_-7_None	3	Soil16_T9_Slurry_None_None_-7_R3	Soil16_pH6.86	T9	6.86	81846	889	1266	2155	79691	8.075075075	5.73	7.496666667	36.97958237
Soil16_SampleB62	SetB	F02	0	2	0	Soil16	Soil16_Neutral6	Soil16_T9_Slurry_None_None_6	Slurry	HCl_NaOH	6	0.6	20	None	None	Soil16_T9	Soil16_F02_6_None	3	Soil16_T9_Slurry_None_None_6_R3	Soil16_pH6.86	T9	6.86	44894	575	634	1209	43685	6.081081081	5.73	7.496666667	36.13316791
Soil16_SampleB63	SetB	F03	0	2	0	Soil16	Soil16_Neutral6	Soil16_T9_Slurry_None_None_11	Slurry	HCl_NaOH	11	1.1	20	None	None	Soil16_T9	Soil16_F03_11_None	3	Soil16_T9_Slurry_None_None_11_R3	Soil16_pH6.86	T9	6.86	79900	920	1150	2070	77830	5.504504505	5.73	7.496666667	37.59903382
Soil16_SampleB64	SetB	F04	0	2	0	Soil16	Soil16_Neutral6	Soil16_T9_Slurry_None_None_18	Slurry	HCl_NaOH	18	1.8	20	None	None	Soil16_T9	Soil16_F04_18_None	3	Soil16_T9_Slurry_None_None_18_R3	Soil16_pH6.86	T9	6.86	31148	665	850	1515	29633	4.663663664	5.73	7.496666667	19.55973597
Soil16_SampleB65	SetB	F05	0	2	0	Soil16	Soil16_Neutral6	Soil16_T9_Slurry_None_None_28	Slurry	HCl_NaOH	28	2.8	20	None	None	Soil16_T9	Soil16_F05_28_None	3	Soil16_T9_Slurry_None_None_28_R3	Soil16_pH6.86	T9	6.86	38103	1927	2417	4344	33759	3.906906907	5.73	7.496666667	7.77140884
Soil16_SampleB66	SetB	F06	0	2	0	Soil16	Soil16_Neutral6	Soil16_T9_Slurry_None_None_90	Slurry	HCl_NaOH	90	9	20	None	None	Soil16_T9	Soil16_F06_90_None	3	Soil16_T9_Slurry_None_None_90_R3	Soil16_pH6.86	T9	6.86	64797	7725	7667	15392	49405	2.93	5.73	7.496666667	3.209784304
Soil16_SampleB67	SetB	F07	0	2	0	Soil16	Soil16_Neutral6	Soil16_T9_Slurry_CHL_None_-7	Slurry	HCl_NaOH	-7	-0.7	20	CHL	None	Soil16_T9	Soil16_F07_-7_CHL	3	Soil16_T9_Slurry_CHL_None_-7_R3	Soil16_pH6.86	T9	6.86	51838	1072	1231	2303	49535	8.003003003	5.913333333	7.26	21.50890143
Soil16_SampleB68	SetB	F08	0	2	0	Soil16	Soil16_Neutral6	Soil16_T9_Slurry_CHL_None_6	Slurry	HCl_NaOH	6	0.6	20	CHL	None	Soil16_T9	Soil16_F08_6_CHL	3	Soil16_T9_Slurry_CHL_None_6_R3	Soil16_pH6.86	T9	6.86	48586	678	735	1413	47173	5.912912913	5.913333333	7.26	33.38499646
Soil16_SampleB69	SetB	F09	0	2	0	Soil16	Soil16_Neutral6	Soil16_T9_Slurry_CHL_None_11	Slurry	HCl_NaOH	11	1.1	20	CHL	None	Soil16_T9	Soil16_F09_11_CHL	3	Soil16_T9_Slurry_CHL_None_11_R3	Soil16_pH6.86	T9	6.86	52445	949	989	1938	50507	5.228228228	5.913333333	7.26	26.06140351
Soil16_SampleB7	SetB	A07	0	2	0	Soil16	Soil16_Neutral6	Soil16_T9_Slurry_CHL_None_-100	Slurry	HCl_NaOH	-100	-10	20	CHL	None	Soil16_T9	Soil16_A07_-100_CHL	1	Soil16_T9_Slurry_CHL_None_-100_R1	Soil16_pH6.86	T9	6.86	42627	1512	1726	3238	39389	8.4	5.913333333	7.26	12.16460778
Soil16_SampleB70	SetB	F10	0	2	0	Soil16	Soil16_Neutral6	Soil16_T9_Slurry_CHL_None_18	Slurry	HCl_NaOH	18	1.8	20	CHL	None	Soil16_T9	Soil16_F10_18_CHL	3	Soil16_T9_Slurry_CHL_None_18_R3	Soil16_pH6.86	T9	6.86	55948	1426	1605	3031	52917	4.459459459	5.913333333	7.26	17.45859452
Soil16_SampleB71	SetB	F11	0	2	0	Soil16	Soil16_Neutral6	Soil16_T9_Slurry_CHL_None_28	Slurry	HCl_NaOH	28	2.8	20	CHL	None	Soil16_T9	Soil16_F11_28_CHL	3	Soil16_T9_Slurry_CHL_None_28_R3	Soil16_pH6.86	T9	6.86	61263	3356	3758	7114	54149	3.918918919	5.913333333	7.26	7.611610908
Soil16_SampleB72	SetB	F12	0	2	0	Soil16	Soil16_Neutral6	Soil16_T9_Slurry_CHL_None_90	Slurry	HCl_NaOH	90	9	20	CHL	None	Soil16_T9	Soil16_F12_90_CHL	3	Soil16_T9_Slurry_CHL_None_90_R3	Soil16_pH6.86	T9	6.86	66528	9705	11058	20763	45765	3.198198198	5.913333333	7.26	2.204161248
Soil16_SampleB75	SetB	G03	0	0	0	Soil16	Soil16_Neutral6	Soil16_T9_No_Nitrate_None_None_0	No_Nitrate	No_Nitrate	0	0	20	None	None	Soil16_T9	Soil16_G03_0_None	2	Soil16_T9_No_Nitrate_None_None_0_R2	Soil16_pH6.86	T9	6.86	78431	970	1064	2034	76397	7.496666667	5.73	7.496666667	37.55998033
Soil16_SampleB76	SetB	G04	0	2	0	Soil16	Soil16_Neutral6	Soil16_T9_Slurry_None_None_0	Slurry	HCl_NaOH	0	0	20	None	None	Soil16_T9	Soil16_G04_0_None	1	Soil16_T9_Slurry_None_None_0_R1	Soil16_pH6.86	T9	6.86	34261	336	369	705	33556	7.496666667	5.73	7.496666667	47.59716312
Soil16_SampleB77	SetB	G05	0	2	0	Soil16	Soil16_Neutral6	Soil16_T9_Slurry_None_None_0	Slurry	HCl_NaOH	0	0	20	None	None	Soil16_T9	Soil16_G05_0_None	3	Soil16_T9_Slurry_None_None_0_R3	Soil16_pH6.86	T9	6.86	25101	262	315	577	24524	7.496666667	5.73	7.496666667	42.50259965
Soil16_SampleB78	SetB	G06	0	2	0	Soil16	Soil16_Neutral6	Soil16_T0	Slurry_T0	Nitrate	0	0	20	None	None	Soil16_T0	Soil16_T0	2	Soil16_T0_Slurry_T0_None_None_0_R2	Soil16_pH6.86	T0	6.86	46589	694	799	1493	45096	7.496666667	5.73	7.496666667	30.20495646
Soil16_SampleB8	SetB	A08	0	2	0	Soil16	Soil16_Neutral6	Soil16_T9_Slurry_CHL_None_3	Slurry	HCl_NaOH	3	0.3	20	CHL	None	Soil16_T9	Soil16_A08_3_CHL	1	Soil16_T9_Slurry_CHL_None_3_R1	Soil16_pH6.86	T9	6.86	34736	549	580	1129	33607	6.513513514	5.913333333	7.26	29.76705049
Soil16_SampleB81	SetB	G09	0	0	0	Soil16	Soil16_Neutral6	Soil16_T9_No_Nitrate_CHL_None_0	No_Nitrate	No_Nitrate	0	0	20	CHL	None	Soil16_T9	Soil16_G09_0_CHL	2	Soil16_T9_No_Nitrate_CHL_None_0_R2	Soil16_pH6.86	T9	6.86	36902	649	685	1334	35568	7.26	5.913333333	7.26	26.66266867
Soil16_SampleB82	SetB	G10	0	2	0	Soil16	Soil16_Neutral6	Soil16_T9_Slurry_CHL_None_0	Slurry	HCl_NaOH	0	0	20	CHL	None	Soil16_T9	Soil16_G10_0_CHL	1	Soil16_T9_Slurry_CHL_None_0_R1	Soil16_pH6.86	T9	6.86	34608	537	610	1147	33461	7.26	5.913333333	7.26	29.17262424
Soil16_SampleB83	SetB	G11	0	2	0	Soil16	Soil16_Neutral6	Soil16_T9_Slurry_CHL_None_0	Slurry	HCl_NaOH	0	0	20	CHL	None	Soil16_T9	Soil16_G11_0_CHL	3	Soil16_T9_Slurry_CHL_None_0_R3	Soil16_pH6.86	T9	6.86	39412	664	739	1403	38009	7.26	5.913333333	7.26	27.09123307
Soil16_SampleB86	SetB	H02	0	0	0	Soil16	Soil16_Neutral6	Soil16_T9_No_Nitrate_None_None_0	No_Nitrate	No_Nitrate	0	0	20	None	None	Soil16_T9	Soil16_H02_0_None	1	Soil16_T9_No_Nitrate_None_None_0_R1	Soil16_pH6.86	T9	6.86	31390	359	459	818	30572	7.496666667	5.73	7.496666667	37.37408313
Soil16_SampleB87	SetB	H03	0	0	0	Soil16	Soil16_Neutral6	Soil16_T9_No_Nitrate_None_None_0	No_Nitrate	No_Nitrate	0	0	20	None	None	Soil16_T9	Soil16_H03_0_None	3	Soil16_T9_No_Nitrate_None_None_0_R3	Soil16_pH6.86	T9	6.86	77211	954	1092	2046	75165	7.496666667	5.73	7.496666667	36.73753666
Soil16_SampleB88	SetB	H04	0	2	0	Soil16	Soil16_Neutral6	Soil16_T9_Slurry_None_None_0	Slurry	HCl_NaOH	0	0	20	None	None	Soil16_T9	Soil16_H04_0_None	2	Soil16_T9_Slurry_None_None_0_R2	Soil16_pH6.86	T9	6.86	26603	243	259	502	26101	7.496666667	5.73	7.496666667	51.9940239
Soil16_SampleB89	SetB	H05	2	0	0	Soil16	Soil16_Neutral6	Soil16_T0	Slurry_T0	Nitrite	0	0	20	None	None	Soil16_T0	Soil16_T0	1	Soil16_T0_Slurry_T0_None_None_0_R1	Soil16_pH6.86	T0	6.86	27735	428	522	950	26785	7.496666667	5.73	7.496666667	28.19473684
Soil16_SampleB9	SetB	A09	0	2	0	Soil16	Soil16_Neutral6	Soil16_T9_Slurry_CHL_None_8	Slurry	HCl_NaOH	8	0.8	20	CHL	None	Soil16_T9	Soil16_A09_8_CHL	1	Soil16_T9_Slurry_CHL_None_8_R1	Soil16_pH6.86	T9	6.86	59376	977	1095	2072	57304	5.624624625	5.913333333	7.26	27.65637066
Soil16_SampleB90	SetB	H06	0	0	2	Soil16	Soil16_Neutral6	Soil16_T0	Slurry_T0	Ammonium	0	0	20	None	None	Soil16_T0	Soil16_T0	3	Soil16_T0_Slurry_T0_None_None_0_R3	Soil16_pH6.86	T0	6.86	62034	978	1007	1985	60049	7.496666667	5.73	7.496666667	30.25138539
Soil16_SampleB92	SetB	H08	0	0	0	Soil16	Soil16_Neutral6	Soil16_T9_No_Nitrate_CHL_None_0	No_Nitrate	No_Nitrate	0	0	20	CHL	None	Soil16_T9	Soil16_H08_0_CHL	1	Soil16_T9_No_Nitrate_CHL_None_0_R1	Soil16_pH6.86	T9	6.86	44153	717	821	1538	42615	7.26	5.913333333	7.26	27.70806242
Soil16_SampleB93	SetB	H09	0	0	0	Soil16	Soil16_Neutral6	Soil16_T9_No_Nitrate_CHL_None_0	No_Nitrate	No_Nitrate	0	0	20	CHL	None	Soil16_T9	Soil16_H09_0_CHL	3	Soil16_T9_No_Nitrate_CHL_None_0_R3	Soil16_pH6.86	T9	6.86	56373	980	1039	2019	54354	7.26	5.913333333	7.26	26.92124814
Soil16_SampleB94	SetB	H10	0	2	0	Soil16	Soil16_Neutral6	Soil16_T9_Slurry_CHL_None_0	Slurry	HCl_NaOH	0	0	20	CHL	None	Soil16_T9	Soil16_H10_0_CHL	2	Soil16_T9_Slurry_CHL_None_0_R2	Soil16_pH6.86	T9	6.86	36482	667	674	1341	35141	7.26	5.913333333	7.26	26.20507084
Soil12_SampleA10	SetA	A10	0	2	0	Soil12	Soil12_CE229	Soil12_T9_Slurry_CHL_None_-2	Slurry	HCl_NaOH	-2	-0.2	20	CHL	None	Soil12_T9	Soil12_A10_-2_CHL	1	Soil12_T9_Slurry_CHL_None_-2_R1	Soil12_pH6.26	T9	6.26	61686	1055	1469	2524	59162	5.288288288	4.606666667	4.773333333	23.43977813
Soil12_SampleA11	SetA	A11	0	2	0	Soil12	Soil12_CE229	Soil12_T9_Slurry_CHL_None_6	Slurry	HCl_NaOH	6	0.6	20	CHL	None	Soil12_T9	Soil12_A11_6_CHL	1	Soil12_T9_Slurry_CHL_None_6_R1	Soil12_pH6.26	T9	6.26	42285	1593	1770	3363	38922	4.231231231	4.606666667	4.773333333	11.573595
Soil12_SampleA19	SetA	B07	0	2	0	Soil12	Soil12_CE229	Soil12_T9_Slurry_CHL_None_-32	Slurry	HCl_NaOH	-32	-3.2	20	CHL	None	Soil12_T9	Soil12_B07_-32_CHL	1	Soil12_T9_Slurry_CHL_None_-32_R1	Soil12_pH6.26	T9	6.26	45696	1540	1830	3370	42326	8.015015015	4.606666667	4.773333333	12.55964392
Soil12_SampleA20	SetA	B08	0	2	0	Soil12	Soil12_CE229	Soil12_T9_Slurry_CHL_None_-9	Slurry	HCl_NaOH	-9	-0.9	20	CHL	None	Soil12_T9	Soil12_B08_-9_CHL	1	Soil12_T9_Slurry_CHL_None_-9_R1	Soil12_pH6.26	T9	6.26	15590	465	605	1070	14520	6.585585586	4.606666667	4.773333333	13.57009346
Soil12_SampleA21	SetA	B09	0	2	0	Soil12	Soil12_CE229	Soil12_T9_Slurry_CHL_None_-4	Slurry	HCl_NaOH	-4	-0.4	20	CHL	None	Soil12_T9	Soil12_B09_-4_CHL	1	Soil12_T9_Slurry_CHL_None_-4_R1	Soil12_pH6.26	T9	6.26	53468	1504	1657	3161	50307	5.744744745	4.606666667	4.773333333	15.91490035
Soil12_SampleA22	SetA	B10	0	2	0	Soil12	Soil12_CE229	Soil12_T9_Slurry_CHL_None_3	Slurry	HCl_NaOH	3	0.3	20	CHL	None	Soil12_T9	Soil12_B10_3_CHL	1	Soil12_T9_Slurry_CHL_None_3_R1	Soil12_pH6.26	T9	6.26	60711	1013	1360	2373	58338	4.591591592	4.606666667	4.773333333	24.5840708
Soil12_SampleA23	SetA	B11	0	2	0	Soil12	Soil12_CE229	Soil12_T9_Slurry_CHL_None_10	Slurry	HCl_NaOH	10	1	20	CHL	None	Soil12_T9	Soil12_B11_10_CHL	1	Soil12_T9_Slurry_CHL_None_10_R1	Soil12_pH6.26	T9	6.26	28730	1244	1486	2730	26000	3.990990991	4.606666667	4.773333333	9.523809524
Soil12_SampleA31	SetA	C07	0	2	0	Soil12	Soil12_CE229	Soil12_T9_Slurry_CHL_None_-100	Slurry	HCl_NaOH	-100	-10	20	CHL	None	Soil12_T9	Soil12_C07_-100_CHL	2	Soil12_T9_Slurry_CHL_None_-100_R2	Soil12_pH6.26	T9	6.26	47266	1933	2017	3950	43316	8.231231231	4.606666667	4.773333333	10.96607595
Soil12_SampleA32	SetA	C08	0	2	0	Soil12	Soil12_CE229	Soil12_T9_Slurry_CHL_None_-13	Slurry	HCl_NaOH	-13	-1.3	20	CHL	None	Soil12_T9	Soil12_C08_-13_CHL	2	Soil12_T9_Slurry_CHL_None_-13_R2	Soil12_pH6.26	T9	6.26	23058	604	849	1453	21605	7.102102102	4.606666667	4.773333333	14.86923606
Soil12_SampleA33	SetA	C09	0	2	0	Soil12	Soil12_CE229	Soil12_T9_Slurry_CHL_None_-6	Slurry	HCl_NaOH	-6	-0.6	20	CHL	None	Soil12_T9	Soil12_C09_-6_CHL	2	Soil12_T9_Slurry_CHL_None_-6_R2	Soil12_pH6.26	T9	6.26	37401	1035	1229	2264	35137	6.153153153	4.606666667	4.773333333	15.51987633
Soil12_SampleA34	SetA	C10	0	2	0	Soil12	Soil12_CE229	Soil12_T9_Slurry_CHL_None_-2	Slurry	HCl_NaOH	-2	-0.2	20	CHL	None	Soil12_T9	Soil12_C10_-2_CHL	2	Soil12_T9_Slurry_CHL_None_-2_R2	Soil12_pH6.26	T9	6.26	56401	1017	1245	2262	54139	5.288288288	4.606666667	4.773333333	23.93412909
Soil12_SampleA35	SetA	C11	0	2	0	Soil12	Soil12_CE229	Soil12_T9_Slurry_CHL_None_6	Slurry	HCl_NaOH	6	0.6	20	CHL	None	Soil12_T9	Soil12_C11_6_CHL	2	Soil12_T9_Slurry_CHL_None_6_R2	Soil12_pH6.26	T9	6.26	48303	1855	1792	3647	44656	4.231231231	4.606666667	4.773333333	12.24458459
Soil12_SampleA43	SetA	D07	0	2	0	Soil12	Soil12_CE229	Soil12_T9_Slurry_CHL_None_-32	Slurry	HCl_NaOH	-32	-3.2	20	CHL	None	Soil12_T9	Soil12_D07_-32_CHL	2	Soil12_T9_Slurry_CHL_None_-32_R2	Soil12_pH6.26	T9	6.26	39407	1510	1583	3093	36314	8.015015015	4.606666667	4.773333333	11.74070482
Soil12_SampleA44	SetA	D08	0	2	0	Soil12	Soil12_CE229	Soil12_T9_Slurry_CHL_None_-9	Slurry	HCl_NaOH	-9	-0.9	20	CHL	None	Soil12_T9	Soil12_D08_-9_CHL	2	Soil12_T9_Slurry_CHL_None_-9_R2	Soil12_pH6.26	T9	6.26	16070	467	567	1034	15036	6.585585586	4.606666667	4.773333333	14.54158607
Soil12_SampleA45	SetA	D09	0	2	0	Soil12	Soil12_CE229	Soil12_T9_Slurry_CHL_None_-4	Slurry	HCl_NaOH	-4	-0.4	20	CHL	None	Soil12_T9	Soil12_D09_-4_CHL	2	Soil12_T9_Slurry_CHL_None_-4_R2	Soil12_pH6.26	T9	6.26	34909	1048	1177	2225	32684	5.744744745	4.606666667	4.773333333	14.6894382
Soil12_SampleA46	SetA	D10	0	2	0	Soil12	Soil12_CE229	Soil12_T9_Slurry_CHL_None_3	Slurry	HCl_NaOH	3	0.3	20	CHL	None	Soil12_T9	Soil12_D10_3_CHL	2	Soil12_T9_Slurry_CHL_None_3_R2	Soil12_pH6.26	T9	6.26	81803	1444	2095	3539	78264	4.591591592	4.606666667	4.773333333	22.11472167
Soil12_SampleA47	SetA	D11	0	2	0	Soil12	Soil12_CE229	Soil12_T9_Slurry_CHL_None_10	Slurry	HCl_NaOH	10	1	20	CHL	None	Soil12_T9	Soil12_D11_10_CHL	2	Soil12_T9_Slurry_CHL_None_10_R2	Soil12_pH6.26	T9	6.26	34904	1725	1711	3436	31468	3.990990991	4.606666667	4.773333333	9.158323632
Soil12_SampleA55	SetA	E07	0	2	0	Soil12	Soil12_CE229	Soil12_T9_Slurry_CHL_None_-100	Slurry	HCl_NaOH	-100	-10	20	CHL	None	Soil12_T9	Soil12_E07_-100_CHL	3	Soil12_T9_Slurry_CHL_None_-100_R3	Soil12_pH6.26	T9	6.26	38492	1458	1562	3020	35472	8.231231231	4.606666667	4.773333333	11.74569536
Soil12_SampleA56	SetA	E08	0	2	0	Soil12	Soil12_CE229	Soil12_T9_Slurry_CHL_None_-13	Slurry	HCl_NaOH	-13	-1.3	20	CHL	None	Soil12_T9	Soil12_E08_-13_CHL	3	Soil12_T9_Slurry_CHL_None_-13_R3	Soil12_pH6.26	T9	6.26	16833	546	557	1103	15730	7.102102102	4.606666667	4.773333333	14.26110607
Soil12_SampleA57	SetA	E09	0	2	0	Soil12	Soil12_CE229	Soil12_T9_Slurry_CHL_None_-6	Slurry	HCl_NaOH	-6	-0.6	20	CHL	None	Soil12_T9	Soil12_E09_-6_CHL	3	Soil12_T9_Slurry_CHL_None_-6_R3	Soil12_pH6.26	T9	6.26	35382	1076	1143	2219	33163	6.153153153	4.606666667	4.773333333	14.94502028
Soil12_SampleA58	SetA	E10	0	2	0	Soil12	Soil12_CE229	Soil12_T9_Slurry_CHL_None_-2	Slurry	HCl_NaOH	-2	-0.2	20	CHL	None	Soil12_T9	Soil12_E10_-2_CHL	3	Soil12_T9_Slurry_CHL_None_-2_R3	Soil12_pH6.26	T9	6.26	64695	1052	1765	2817	61878	5.288288288	4.606666667	4.773333333	21.96592119
Soil12_SampleA59	SetA	E11	0	2	0	Soil12	Soil12_CE229	Soil12_T9_Slurry_CHL_None_6	Slurry	HCl_NaOH	6	0.6	20	CHL	None	Soil12_T9	Soil12_E11_6_CHL	3	Soil12_T9_Slurry_CHL_None_6_R3	Soil12_pH6.26	T9	6.26	41383	1532	1617	3149	38234	4.231231231	4.606666667	4.773333333	12.14163226
Soil12_SampleA67	SetA	F07	0	2	0	Soil12	Soil12_CE229	Soil12_T9_Slurry_CHL_None_-32	Slurry	HCl_NaOH	-32	-3.2	20	CHL	None	Soil12_T9	Soil12_F07_-32_CHL	3	Soil12_T9_Slurry_CHL_None_-32_R3	Soil12_pH6.26	T9	6.26	44773	1620	1868	3488	41285	8.015015015	4.606666667	4.773333333	11.83629587
Soil12_SampleA68	SetA	F08	0	2	0	Soil12	Soil12_CE229	Soil12_T9_Slurry_CHL_None_-9	Slurry	HCl_NaOH	-9	-0.9	20	CHL	None	Soil12_T9	Soil12_F08_-9_CHL	3	Soil12_T9_Slurry_CHL_None_-9_R3	Soil12_pH6.26	T9	6.26	26430	689	866	1555	24875	6.585585586	4.606666667	4.773333333	15.99678457
Soil12_SampleA69	SetA	F09	0	2	0	Soil12	Soil12_CE229	Soil12_T9_Slurry_CHL_None_-4	Slurry	HCl_NaOH	-4	-0.4	20	CHL	None	Soil12_T9	Soil12_F09_-4_CHL	3	Soil12_T9_Slurry_CHL_None_-4_R3	Soil12_pH6.26	T9	6.26	28334	983	985	1968	26366	5.744744745	4.606666667	4.773333333	13.39735772
Soil12_SampleA7	SetA	A07	0	2	0	Soil12	Soil12_CE229	Soil12_T9_Slurry_CHL_None_-100	Slurry	HCl_NaOH	-100	-10	20	CHL	None	Soil12_T9	Soil12_A07_-100_CHL	1	Soil12_T9_Slurry_CHL_None_-100_R1	Soil12_pH6.26	T9	6.26	42408	1872	1894	3766	38642	8.231231231	4.606666667	4.773333333	10.26075412
Soil12_SampleA70	SetA	F10	0	2	0	Soil12	Soil12_CE229	Soil12_T9_Slurry_CHL_None_3	Slurry	HCl_NaOH	3	0.3	20	CHL	None	Soil12_T9	Soil12_F10_3_CHL	3	Soil12_T9_Slurry_CHL_None_3_R3	Soil12_pH6.26	T9	6.26	64418	1176	1896	3072	61346	4.591591592	4.606666667	4.773333333	19.96940104
Soil12_SampleA71	SetA	F11	0	2	0	Soil12	Soil12_CE229	Soil12_T9_Slurry_CHL_None_10	Slurry	HCl_NaOH	10	1	20	CHL	None	Soil12_T9	Soil12_F11_10_CHL	3	Soil12_T9_Slurry_CHL_None_10_R3	Soil12_pH6.26	T9	6.26	44321	2005	2257	4262	40059	3.990990991	4.606666667	4.773333333	9.3991084
Soil12_SampleA8	SetA	A08	0	2	0	Soil12	Soil12_CE229	Soil12_T9_Slurry_CHL_None_-13	Slurry	HCl_NaOH	-13	-1.3	20	CHL	None	Soil12_T9	Soil12_A08_-13_CHL	1	Soil12_T9_Slurry_CHL_None_-13_R1	Soil12_pH6.26	T9	6.26	14125	485	502	987	13138	7.102102102	4.606666667	4.773333333	13.31104357
Soil12_SampleA81	SetA	G09	0	0	0	Soil12	Soil12_CE229	Soil12_T9_No_Nitrate_CHL_None_0	No_Nitrate	No_Nitrate	0	0	20	CHL	None	Soil12_T9	Soil12_G09_0_CHL	2	Soil12_T9_No_Nitrate_CHL_None_0_R2	Soil12_pH6.26	T9	6.26	35628	1040	951	1991	33637	4.773333333	4.606666667	4.773333333	16.89452536
Soil12_SampleA82	SetA	G10	0	2	0	Soil12	Soil12_CE229	Soil12_T9_Slurry_CHL_None_0	Slurry	HCl_NaOH	0	0	20	CHL	None	Soil12_T9	Soil12_G10_0_CHL	1	Soil12_T9_Slurry_CHL_None_0_R1	Soil12_pH6.26	T9	6.26	53884	1031	1690	2721	51163	4.773333333	4.606666667	4.773333333	18.8030136
Soil12_SampleA83	SetA	G11	0	2	0	Soil12	Soil12_CE229	Soil12_T9_Slurry_CHL_None_0	Slurry	HCl_NaOH	0	0	20	CHL	None	Soil12_T9	Soil12_G11_0_CHL	3	Soil12_T9_Slurry_CHL_None_0_R3	Soil12_pH6.26	T9	6.26	47029	1214	1410	2624	44405	4.773333333	4.606666667	4.773333333	16.9226372
Soil12_SampleA9	SetA	A09	0	2	0	Soil12	Soil12_CE229	Soil12_T9_Slurry_CHL_None_-6	Slurry	HCl_NaOH	-6	-0.6	20	CHL	None	Soil12_T9	Soil12_A09_-6_CHL	1	Soil12_T9_Slurry_CHL_None_-6_R1	Soil12_pH6.26	T9	6.26	41571	1292	1407	2699	38872	6.153153153	4.606666667	4.773333333	14.40237125
Soil12_SampleA92	SetA	H08	0	0	0	Soil12	Soil12_CE229	Soil12_T9_No_Nitrate_CHL_None_0	No_Nitrate	No_Nitrate	0	0	20	CHL	None	Soil12_T9	Soil12_H08_0_CHL	1	Soil12_T9_No_Nitrate_CHL_None_0_R1	Soil12_pH6.26	T9	6.26	21834	523	649	1172	20662	4.773333333	4.606666667	4.773333333	17.62969283
Soil12_SampleA93	SetA	H09	0	0	0	Soil12	Soil12_CE229	Soil12_T9_No_Nitrate_CHL_None_0	No_Nitrate	No_Nitrate	0	0	20	CHL	None	Soil12_T9	Soil12_H09_0_CHL	3	Soil12_T9_No_Nitrate_CHL_None_0_R3	Soil12_pH6.26	T9	6.26	51802	1323	1423	2746	49056	4.773333333	4.606666667	4.773333333	17.86453023
Soil12_SampleA94	SetA	H10	0	2	0	Soil12	Soil12_CE229	Soil12_T9_Slurry_CHL_None_0	Slurry	HCl_NaOH	0	0	20	CHL	None	Soil12_T9	Soil12_H10_0_CHL	2	Soil12_T9_Slurry_CHL_None_0_R2	Soil12_pH6.26	T9	6.26	30712	526	922	1448	29264	4.773333333	4.606666667	4.773333333	20.20994475
Soil17_SampleB1	SetB	A01	0	2	0	Soil17	Soil17_Neutral3	Soil17_T9_Slurry_None_None_-100	Slurry	HCl_NaOH	-100	-10	20	None	None	Soil17_T9	Soil17_A01_-100_None	1	Soil17_T9_Slurry_None_None_-100_R1	Soil17_pH7.05	T9	7.05	41412	795	758	1553	39859	8.45	6.846666667	7.603333333	25.66580811
Soil17_SampleB10	SetB	A10	0	2	0	Soil17	Soil17_Neutral3	Soil17_T9_Slurry_CHL_None_16	Slurry	HCl_NaOH	16	1.6	20	CHL	None	Soil17_T9	Soil17_A10_16_CHL	1	Soil17_T9_Slurry_CHL_None_16_R1	Soil17_pH7.05	T9	7.05	20633	608	633	1241	19392	4.987987988	6.846666667	7.333333333	15.62610798
Soil17_SampleB11	SetB	A11	0	2	0	Soil17	Soil17_Neutral3	Soil17_T9_Slurry_CHL_None_24	Slurry	HCl_NaOH	24	2.4	20	CHL	None	Soil17_T9	Soil17_A11_24_CHL	1	Soil17_T9_Slurry_CHL_None_24_R1	Soil17_pH7.05	T9	7.05	28698	1225	1374	2599	26099	4.183183183	6.846666667	7.333333333	10.04193921
Soil17_SampleB12	SetB	A12	0	2	0	Soil17	Soil17_Neutral3	Soil17_T9_Slurry_CHL_None_36	Slurry	HCl_NaOH	36	3.6	20	CHL	None	Soil17_T9	Soil17_A12_36_CHL	1	Soil17_T9_Slurry_CHL_None_36_R1	Soil17_pH7.05	T9	7.05	47894	2561	2961	5522	42372	3.666666667	6.846666667	7.333333333	7.673306773
Soil17_SampleB13	SetB	B01	0	2	0	Soil17	Soil17_Neutral3	Soil17_T9_Slurry_None_None_-40	Slurry	HCl_NaOH	-40	-4	20	None	None	Soil17_T9	Soil17_B01_-40_None	1	Soil17_T9_Slurry_None_None_-40_R1	Soil17_pH7.05	T9	7.05	30814	688	688	1376	29438	8.339339339	6.846666667	7.603333333	21.39389535
Soil17_SampleB14	SetB	B02	0	2	0	Soil17	Soil17_Neutral3	Soil17_T9_Slurry_None_None_6	Slurry	HCl_NaOH	6	0.6	20	None	None	Soil17_T9	Soil17_B02_6_None	1	Soil17_T9_Slurry_None_None_6_R1	Soil17_pH7.05	T9	7.05	11531	247	299	546	10985	6.621621622	6.846666667	7.603333333	20.11904762
Soil17_SampleB15	SetB	B03	0	2	0	Soil17	Soil17_Neutral3	Soil17_T9_Slurry_None_None_13	Slurry	HCl_NaOH	13	1.3	20	None	None	Soil17_T9	Soil17_B03_13_None	1	Soil17_T9_Slurry_None_None_13_R1	Soil17_pH7.05	T9	7.05	24397	546	618	1164	23233	5.852852853	6.846666667	7.603333333	19.95962199
Soil17_SampleB16	SetB	B04	0	2	0	Soil17	Soil17_Neutral3	Soil17_T9_Slurry_None_None_20	Slurry	HCl_NaOH	20	2	20	None	None	Soil17_T9	Soil17_B04_20_None	1	Soil17_T9_Slurry_None_None_20_R1	Soil17_pH7.05	T9	7.05	6146	190	157	347	5799	4.891891892	6.846666667	7.603333333	16.71181556
Soil17_SampleB17	SetB	B05	0	2	0	Soil17	Soil17_Neutral3	Soil17_T9_Slurry_None_None_28	Slurry	HCl_NaOH	28	2.8	20	None	None	Soil17_T9	Soil17_B05_28_None	1	Soil17_T9_Slurry_None_None_28_R1	Soil17_pH7.05	T9	7.05	7093	173	192	365	6728	4.135135135	6.846666667	7.603333333	18.43287671
Soil17_SampleB18	SetB	B06	0	2	0	Soil17	Soil17_Neutral3	Soil17_T9_Slurry_None_None_55	Slurry	HCl_NaOH	55	5.5	20	None	None	Soil17_T9	Soil17_B06_55_None	1	Soil17_T9_Slurry_None_None_55_R1	Soil17_pH7.05	T9	7.05	35934	2178	2326	4504	31430	3.07	6.846666667	7.603333333	6.978241563
Soil17_SampleB19	SetB	B07	0	2	0	Soil17	Soil17_Neutral3	Soil17_T9_Slurry_CHL_None_-40	Slurry	HCl_NaOH	-40	-4	20	CHL	None	Soil17_T9	Soil17_B07_-40_CHL	1	Soil17_T9_Slurry_CHL_None_-40_R1	Soil17_pH7.05	T9	7.05	11451	459	473	932	10519	8.279279279	6.846666667	7.333333333	11.28648069
Soil17_SampleB2	SetB	A02	0	2	0	Soil17	Soil17_Neutral3	Soil17_T9_Slurry_None_None_-4	Slurry	HCl_NaOH	-4	-0.4	20	None	None	Soil17_T9	Soil17_A02_-4_None	1	Soil17_T9_Slurry_None_None_-4_R1	Soil17_pH7.05	T9	7.05	13879	251	274	525	13354	7.942942943	6.846666667	7.603333333	25.43619048
Soil17_SampleB20	SetB	B08	0	2	0	Soil17	Soil17_Neutral3	Soil17_T9_Slurry_CHL_None_6	Slurry	HCl_NaOH	6	0.6	20	CHL	None	Soil17_T9	Soil17_B08_6_CHL	1	Soil17_T9_Slurry_CHL_None_6_R1	Soil17_pH7.05	T9	7.05	10808	184	258	442	10366	6.225225225	6.846666667	7.333333333	23.45248869
Soil17_SampleB21	SetB	B09	0	2	0	Soil17	Soil17_Neutral3	Soil17_T9_Slurry_CHL_None_13	Slurry	HCl_NaOH	13	1.3	20	CHL	None	Soil17_T9	Soil17_B09_13_CHL	1	Soil17_T9_Slurry_CHL_None_13_R1	Soil17_pH7.05	T9	7.05	13708	347	345	692	13016	5.42042042	6.846666667	7.333333333	18.80924855
Soil17_SampleB22	SetB	B10	0	2	0	Soil17	Soil17_Neutral3	Soil17_T9_Slurry_CHL_None_20	Slurry	HCl_NaOH	20	2	20	CHL	None	Soil17_T9	Soil17_B10_20_CHL	1	Soil17_T9_Slurry_CHL_None_20_R1	Soil17_pH7.05	T9	7.05	14725	367	388	755	13970	4.603603604	6.846666667	7.333333333	18.50331126
Soil17_SampleB23	SetB	B11	0	2	0	Soil17	Soil17_Neutral3	Soil17_T9_Slurry_CHL_None_28	Slurry	HCl_NaOH	28	2.8	20	CHL	None	Soil17_T9	Soil17_B11_28_CHL	1	Soil17_T9_Slurry_CHL_None_28_R1	Soil17_pH7.05	T9	7.05	22121	1234	1316	2550	19571	3.942942943	6.846666667	7.333333333	7.674901961
Soil17_SampleB24	SetB	B12	0	2	0	Soil17	Soil17_Neutral3	Soil17_T9_Slurry_CHL_None_55	Slurry	HCl_NaOH	55	5.5	20	CHL	None	Soil17_T9	Soil17_B12_55_CHL	1	Soil17_T9_Slurry_CHL_None_55_R1	Soil17_pH7.05	T9	7.05	44628	3867	4285	8152	36476	3.306306306	6.846666667	7.333333333	4.474484789
Soil17_SampleB25	SetB	C01	0	2	0	Soil17	Soil17_Neutral3	Soil17_T9_Slurry_None_None_-100	Slurry	HCl_NaOH	-100	-10	20	None	None	Soil17_T9	Soil17_C01_-100_None	2	Soil17_T9_Slurry_None_None_-100_R2	Soil17_pH7.05	T9	7.05	34065	446	549	995	33070	8.45	6.846666667	7.603333333	33.2361809
Soil17_SampleB26	SetB	C02	0	2	0	Soil17	Soil17_Neutral3	Soil17_T9_Slurry_None_None_-4	Slurry	HCl_NaOH	-4	-0.4	20	None	None	Soil17_T9	Soil17_C02_-4_None	2	Soil17_T9_Slurry_None_None_-4_R2	Soil17_pH7.05	T9	7.05	10634	218	207	425	10209	7.942942943	6.846666667	7.603333333	24.02117647
Soil17_SampleB27	SetB	C03	0	2	0	Soil17	Soil17_Neutral3	Soil17_T9_Slurry_None_None_10	Slurry	HCl_NaOH	10	1	20	None	None	Soil17_T9	Soil17_C03_10_None	2	Soil17_T9_Slurry_None_None_10_R2	Soil17_pH7.05	T9	7.05	24819	483	560	1043	23776	6.201201201	6.846666667	7.603333333	22.7957814
Soil17_SampleB28	SetB	C04	0	2	0	Soil17	Soil17_Neutral3	Soil17_T9_Slurry_None_None_16	Slurry	HCl_NaOH	16	1.6	20	None	None	Soil17_T9	Soil17_C04_16_None	2	Soil17_T9_Slurry_None_None_16_R2	Soil17_pH7.05	T9	7.05	9766	223	174	397	9369	5.552552553	6.846666667	7.603333333	23.59949622
Soil17_SampleB29	SetB	C05	0	2	0	Soil17	Soil17_Neutral3	Soil17_T9_Slurry_None_None_24	Slurry	HCl_NaOH	24	2.4	20	None	None	Soil17_T9	Soil17_C05_24_None	2	Soil17_T9_Slurry_None_None_24_R2	Soil17_pH7.05	T9	7.05	9047	208	232	440	8607	4.495495495	6.846666667	7.603333333	19.56136364
Soil17_SampleB3	SetB	A03	0	2	0	Soil17	Soil17_Neutral3	Soil17_T9_Slurry_None_None_10	Slurry	HCl_NaOH	10	1	20	None	None	Soil17_T9	Soil17_A03_10_None	1	Soil17_T9_Slurry_None_None_10_R1	Soil17_pH7.05	T9	7.05	26857	662	550	1212	25645	6.201201201	6.846666667	7.603333333	21.15924092
Soil17_SampleB30	SetB	C06	0	2	0	Soil17	Soil17_Neutral3	Soil17_T9_Slurry_None_None_36	Slurry	HCl_NaOH	36	3.6	20	None	None	Soil17_T9	Soil17_C06_36_None	2	Soil17_T9_Slurry_None_None_36_R2	Soil17_pH7.05	T9	7.05	27232	928	971	1899	25333	3.726726727	6.846666667	7.603333333	13.34017904
Soil17_SampleB31	SetB	C07	0	2	0	Soil17	Soil17_Neutral3	Soil17_T9_Slurry_CHL_None_-100	Slurry	HCl_NaOH	-100	-10	20	CHL	None	Soil17_T9	Soil17_C07_-100_CHL	2	Soil17_T9_Slurry_CHL_None_-100_R2	Soil17_pH7.05	T9	7.05	15567	836	895	1731	13836	8.37	6.846666667	7.333333333	7.993067591
Soil17_SampleB32	SetB	C08	0	2	0	Soil17	Soil17_Neutral3	Soil17_T9_Slurry_CHL_None_-4	Slurry	HCl_NaOH	-4	-0.4	20	CHL	None	Soil17_T9	Soil17_C08_-4_CHL	2	Soil17_T9_Slurry_CHL_None_-4_R2	Soil17_pH7.05	T9	7.05	12123	233	278	511	11612	7.762762763	6.846666667	7.333333333	22.72407045
Soil17_SampleB33	SetB	C09	0	2	0	Soil17	Soil17_Neutral3	Soil17_T9_Slurry_CHL_None_10	Slurry	HCl_NaOH	10	1	20	CHL	None	Soil17_T9	Soil17_C09_10_CHL	2	Soil17_T9_Slurry_CHL_None_10_R2	Soil17_pH7.05	T9	7.05	16723	406	371	777	15946	5.684684685	6.846666667	7.333333333	20.52252252
Soil17_SampleB34	SetB	C10	0	2	0	Soil17	Soil17_Neutral3	Soil17_T9_Slurry_CHL_None_16	Slurry	HCl_NaOH	16	1.6	20	CHL	None	Soil17_T9	Soil17_C10_16_CHL	2	Soil17_T9_Slurry_CHL_None_16_R2	Soil17_pH7.05	T9	7.05	18152	402	428	830	17322	4.987987988	6.846666667	7.333333333	20.86987952
Soil17_SampleB35	SetB	C11	0	2	0	Soil17	Soil17_Neutral3	Soil17_T9_Slurry_CHL_None_24	Slurry	HCl_NaOH	24	2.4	20	CHL	None	Soil17_T9	Soil17_C11_24_CHL	2	Soil17_T9_Slurry_CHL_None_24_R2	Soil17_pH7.05	T9	7.05	25616	1029	1007	2036	23580	4.183183183	6.846666667	7.333333333	11.58153242
Soil17_SampleB36	SetB	C12	0	2	0	Soil17	Soil17_Neutral3	Soil17_T9_Slurry_CHL_None_36	Slurry	HCl_NaOH	36	3.6	20	CHL	None	Soil17_T9	Soil17_C12_36_CHL	2	Soil17_T9_Slurry_CHL_None_36_R2	Soil17_pH7.05	T9	7.05	42813	2106	2162	4268	38545	3.666666667	6.846666667	7.333333333	9.031162137
Soil17_SampleB37	SetB	D01	0	2	0	Soil17	Soil17_Neutral3	Soil17_T9_Slurry_None_None_-40	Slurry	HCl_NaOH	-40	-4	20	None	None	Soil17_T9	Soil17_D01_-40_None	2	Soil17_T9_Slurry_None_None_-40_R2	Soil17_pH7.05	T9	7.05	30579	628	655	1283	29296	8.339339339	6.846666667	7.603333333	22.83398285
Soil17_SampleB38	SetB	D02	0	2	0	Soil17	Soil17_Neutral3	Soil17_T9_Slurry_None_None_6	Slurry	HCl_NaOH	6	0.6	20	None	None	Soil17_T9	Soil17_D02_6_None	2	Soil17_T9_Slurry_None_None_6_R2	Soil17_pH7.05	T9	7.05	10428	193	186	379	10049	6.621621622	6.846666667	7.603333333	26.51451187
Soil17_SampleB39	SetB	D03	0	2	0	Soil17	Soil17_Neutral3	Soil17_T9_Slurry_None_None_13	Slurry	HCl_NaOH	13	1.3	20	None	None	Soil17_T9	Soil17_D03_13_None	2	Soil17_T9_Slurry_None_None_13_R2	Soil17_pH7.05	T9	7.05	23097	403	545	948	22149	5.852852853	6.846666667	7.603333333	23.36392405
Soil17_SampleB4	SetB	A04	0	2	0	Soil17	Soil17_Neutral3	Soil17_T9_Slurry_None_None_16	Slurry	HCl_NaOH	16	1.6	20	None	None	Soil17_T9	Soil17_A04_16_None	1	Soil17_T9_Slurry_None_None_16_R1	Soil17_pH7.05	T9	7.05	8699	224	215	439	8260	5.552552553	6.846666667	7.603333333	18.81548975
Soil17_SampleB40	SetB	D04	0	2	0	Soil17	Soil17_Neutral3	Soil17_T9_Slurry_None_None_20	Slurry	HCl_NaOH	20	2	20	None	None	Soil17_T9	Soil17_D04_20_None	2	Soil17_T9_Slurry_None_None_20_R2	Soil17_pH7.05	T9	7.05	8188	190	201	391	7797	4.891891892	6.846666667	7.603333333	19.94117647
Soil17_SampleB41	SetB	D05	0	2	0	Soil17	Soil17_Neutral3	Soil17_T9_Slurry_None_None_28	Slurry	HCl_NaOH	28	2.8	20	None	None	Soil17_T9	Soil17_D05_28_None	2	Soil17_T9_Slurry_None_None_28_R2	Soil17_pH7.05	T9	7.05	6679	195	200	395	6284	4.135135135	6.846666667	7.603333333	15.90886076
Soil17_SampleB42	SetB	D06	0	2	0	Soil17	Soil17_Neutral3	Soil17_T9_Slurry_None_None_55	Slurry	HCl_NaOH	55	5.5	20	None	None	Soil17_T9	Soil17_D06_55_None	2	Soil17_T9_Slurry_None_None_55_R2	Soil17_pH7.05	T9	7.05	30653	1265	1290	2555	28098	3.07	6.846666667	7.603333333	10.99726027
Soil17_SampleB43	SetB	D07	0	2	0	Soil17	Soil17_Neutral3	Soil17_T9_Slurry_CHL_None_-40	Slurry	HCl_NaOH	-40	-4	20	CHL	None	Soil17_T9	Soil17_D07_-40_CHL	2	Soil17_T9_Slurry_CHL_None_-40_R2	Soil17_pH7.05	T9	7.05	24405	935	863	1798	22607	8.279279279	6.846666667	7.333333333	12.57341491
Soil17_SampleB44	SetB	D08	0	2	0	Soil17	Soil17_Neutral3	Soil17_T9_Slurry_CHL_None_6	Slurry	HCl_NaOH	6	0.6	20	CHL	None	Soil17_T9	Soil17_D08_6_CHL	2	Soil17_T9_Slurry_CHL_None_6_R2	Soil17_pH7.05	T9	7.05	20925	428	484	912	20013	6.225225225	6.846666667	7.333333333	21.94407895
Soil17_SampleB45	SetB	D09	0	2	0	Soil17	Soil17_Neutral3	Soil17_T9_Slurry_CHL_None_13	Slurry	HCl_NaOH	13	1.3	20	CHL	None	Soil17_T9	Soil17_D09_13_CHL	2	Soil17_T9_Slurry_CHL_None_13_R2	Soil17_pH7.05	T9	7.05	33000	890	907	1797	31203	5.42042042	6.846666667	7.333333333	17.3639399
Soil17_SampleB46	SetB	D10	0	2	0	Soil17	Soil17_Neutral3	Soil17_T9_Slurry_CHL_None_20	Slurry	HCl_NaOH	20	2	20	CHL	None	Soil17_T9	Soil17_D10_20_CHL	2	Soil17_T9_Slurry_CHL_None_20_R2	Soil17_pH7.05	T9	7.05	20997	545	600	1145	19852	4.603603604	6.846666667	7.333333333	17.33799127
Soil17_SampleB47	SetB	D11	0	2	0	Soil17	Soil17_Neutral3	Soil17_T9_Slurry_CHL_None_28	Slurry	HCl_NaOH	28	2.8	20	CHL	None	Soil17_T9	Soil17_D11_28_CHL	2	Soil17_T9_Slurry_CHL_None_28_R2	Soil17_pH7.05	T9	7.05	24192	1050	1132	2182	22010	3.942942943	6.846666667	7.333333333	10.08707608
Soil17_SampleB48	SetB	D12	0	2	0	Soil17	Soil17_Neutral3	Soil17_T9_Slurry_CHL_None_55	Slurry	HCl_NaOH	55	5.5	20	CHL	None	Soil17_T9	Soil17_D12_55_CHL	2	Soil17_T9_Slurry_CHL_None_55_R2	Soil17_pH7.05	T9	7.05	53721	7243	9574	16817	36904	3.306306306	6.846666667	7.333333333	2.194446096
Soil17_SampleB49	SetB	E01	0	2	0	Soil17	Soil17_Neutral3	Soil17_T9_Slurry_None_None_-100	Slurry	HCl_NaOH	-100	-10	20	None	None	Soil17_T9	Soil17_E01_-100_None	3	Soil17_T9_Slurry_None_None_-100_R3	Soil17_pH7.05	T9	7.05	40679	657	749	1406	39273	8.45	6.846666667	7.603333333	27.93243243
Soil17_SampleB5	SetB	A05	0	2	0	Soil17	Soil17_Neutral3	Soil17_T9_Slurry_None_None_24	Slurry	HCl_NaOH	24	2.4	20	None	None	Soil17_T9	Soil17_A05_24_None	1	Soil17_T9_Slurry_None_None_24_R1	Soil17_pH7.05	T9	7.05	8125	292	357	649	7476	4.495495495	6.846666667	7.603333333	11.5192604
Soil17_SampleB50	SetB	E02	0	2	0	Soil17	Soil17_Neutral3	Soil17_T9_Slurry_None_None_-4	Slurry	HCl_NaOH	-4	-0.4	20	None	None	Soil17_T9	Soil17_E02_-4_None	3	Soil17_T9_Slurry_None_None_-4_R3	Soil17_pH7.05	T9	7.05	22540	358	464	822	21718	7.942942943	6.846666667	7.603333333	26.42092457
Soil17_SampleB51	SetB	E03	0	2	0	Soil17	Soil17_Neutral3	Soil17_T9_Slurry_None_None_10	Slurry	HCl_NaOH	10	1	20	None	None	Soil17_T9	Soil17_E03_10_None	3	Soil17_T9_Slurry_None_None_10_R3	Soil17_pH7.05	T9	7.05	38162	741	786	1527	36635	6.201201201	6.846666667	7.603333333	23.99148657
Soil17_SampleB52	SetB	E04	0	2	0	Soil17	Soil17_Neutral3	Soil17_T9_Slurry_None_None_16	Slurry	HCl_NaOH	16	1.6	20	None	None	Soil17_T9	Soil17_E04_16_None	3	Soil17_T9_Slurry_None_None_16_R3	Soil17_pH7.05	T9	7.05	12437	273	235	508	11929	5.552552553	6.846666667	7.603333333	23.48228346
Soil17_SampleB53	SetB	E05	0	2	0	Soil17	Soil17_Neutral3	Soil17_T9_Slurry_None_None_24	Slurry	HCl_NaOH	24	2.4	20	None	None	Soil17_T9	Soil17_E05_24_None	3	Soil17_T9_Slurry_None_None_24_R3	Soil17_pH7.05	T9	7.05	13427	312	251	563	12864	4.495495495	6.846666667	7.603333333	22.84902309
Soil17_SampleB54	SetB	E06	0	2	0	Soil17	Soil17_Neutral3	Soil17_T9_Slurry_None_None_36	Slurry	HCl_NaOH	36	3.6	20	None	None	Soil17_T9	Soil17_E06_36_None	3	Soil17_T9_Slurry_None_None_36_R3	Soil17_pH7.05	T9	7.05	35877	1699	1870	3569	32308	3.726726727	6.846666667	7.603333333	9.052395629
Soil17_SampleB55	SetB	E07	0	2	0	Soil17	Soil17_Neutral3	Soil17_T9_Slurry_CHL_None_-100	Slurry	HCl_NaOH	-100	-10	20	CHL	None	Soil17_T9	Soil17_E07_-100_CHL	3	Soil17_T9_Slurry_CHL_None_-100_R3	Soil17_pH7.05	T9	7.05	14150	866	869	1735	12415	8.37	6.846666667	7.333333333	7.155619597
Soil17_SampleB56	SetB	E08	0	2	0	Soil17	Soil17_Neutral3	Soil17_T9_Slurry_CHL_None_-4	Slurry	HCl_NaOH	-4	-0.4	20	CHL	None	Soil17_T9	Soil17_E08_-4_CHL	3	Soil17_T9_Slurry_CHL_None_-4_R3	Soil17_pH7.05	T9	7.05	14973	374	368	742	14231	7.762762763	6.846666667	7.333333333	19.17924528
Soil17_SampleB57	SetB	E09	0	2	0	Soil17	Soil17_Neutral3	Soil17_T9_Slurry_CHL_None_10	Slurry	HCl_NaOH	10	1	20	CHL	None	Soil17_T9	Soil17_E09_10_CHL	3	Soil17_T9_Slurry_CHL_None_10_R3	Soil17_pH7.05	T9	7.05	15560	334	439	773	14787	5.684684685	6.846666667	7.333333333	19.12936611
Soil17_SampleB58	SetB	E10	0	2	0	Soil17	Soil17_Neutral3	Soil17_T9_Slurry_CHL_None_16	Slurry	HCl_NaOH	16	1.6	20	CHL	None	Soil17_T9	Soil17_E10_16_CHL	3	Soil17_T9_Slurry_CHL_None_16_R3	Soil17_pH7.05	T9	7.05	10599	306	261	567	10032	4.987987988	6.846666667	7.333333333	17.69312169
Soil17_SampleB59	SetB	E11	0	2	0	Soil17	Soil17_Neutral3	Soil17_T9_Slurry_CHL_None_24	Slurry	HCl_NaOH	24	2.4	20	CHL	None	Soil17_T9	Soil17_E11_24_CHL	3	Soil17_T9_Slurry_CHL_None_24_R3	Soil17_pH7.05	T9	7.05	19980	939	908	1847	18133	4.183183183	6.846666667	7.333333333	9.81754196
Soil17_SampleB6	SetB	A06	0	2	0	Soil17	Soil17_Neutral3	Soil17_T9_Slurry_None_None_36	Slurry	HCl_NaOH	36	3.6	20	None	None	Soil17_T9	Soil17_A06_36_None	1	Soil17_T9_Slurry_None_None_36_R1	Soil17_pH7.05	T9	7.05	30160	1264	1282	2546	27614	3.726726727	6.846666667	7.603333333	10.84603299
Soil17_SampleB60	SetB	E12	0	2	0	Soil17	Soil17_Neutral3	Soil17_T9_Slurry_CHL_None_36	Slurry	HCl_NaOH	36	3.6	20	CHL	None	Soil17_T9	Soil17_E12_36_CHL	3	Soil17_T9_Slurry_CHL_None_36_R3	Soil17_pH7.05	T9	7.05	46275	2717	2700	5417	40858	3.666666667	6.846666667	7.333333333	7.542551228
Soil17_SampleB61	SetB	F01	0	2	0	Soil17	Soil17_Neutral3	Soil17_T9_Slurry_None_None_-40	Slurry	HCl_NaOH	-40	-4	20	None	None	Soil17_T9	Soil17_F01_-40_None	3	Soil17_T9_Slurry_None_None_-40_R3	Soil17_pH7.05	T9	7.05	27709	583	633	1216	26493	8.339339339	6.846666667	7.603333333	21.78700658
Soil17_SampleB62	SetB	F02	0	2	0	Soil17	Soil17_Neutral3	Soil17_T9_Slurry_None_None_6	Slurry	HCl_NaOH	6	0.6	20	None	None	Soil17_T9	Soil17_F02_6_None	3	Soil17_T9_Slurry_None_None_6_R3	Soil17_pH7.05	T9	7.05	8773	204	177	381	8392	6.621621622	6.846666667	7.603333333	22.02624672
Soil17_SampleB63	SetB	F03	0	2	0	Soil17	Soil17_Neutral3	Soil17_T9_Slurry_None_None_13	Slurry	HCl_NaOH	13	1.3	20	None	None	Soil17_T9	Soil17_F03_13_None	3	Soil17_T9_Slurry_None_None_13_R3	Soil17_pH7.05	T9	7.05	31491	532	660	1192	30299	5.852852853	6.846666667	7.603333333	25.41862416
Soil17_SampleB64	SetB	F04	0	2	0	Soil17	Soil17_Neutral3	Soil17_T9_Slurry_None_None_20	Slurry	HCl_NaOH	20	2	20	None	None	Soil17_T9	Soil17_F04_20_None	3	Soil17_T9_Slurry_None_None_20_R3	Soil17_pH7.05	T9	7.05	7972	149	201	350	7622	4.891891892	6.846666667	7.603333333	21.77714286
Soil17_SampleB65	SetB	F05	0	2	0	Soil17	Soil17_Neutral3	Soil17_T9_Slurry_None_None_28	Slurry	HCl_NaOH	28	2.8	20	None	None	Soil17_T9	Soil17_F05_28_None	3	Soil17_T9_Slurry_None_None_28_R3	Soil17_pH7.05	T9	7.05	9442	378	414	792	8650	4.135135135	6.846666667	7.603333333	10.92171717
Soil17_SampleB66	SetB	F06	0	2	0	Soil17	Soil17_Neutral3	Soil17_T9_Slurry_None_None_55	Slurry	HCl_NaOH	55	5.5	20	None	None	Soil17_T9	Soil17_F06_55_None	3	Soil17_T9_Slurry_None_None_55_R3	Soil17_pH7.05	T9	7.05	44454	2448	2670	5118	39336	3.07	6.846666667	7.603333333	7.685814771
Soil17_SampleB67	SetB	F07	0	2	0	Soil17	Soil17_Neutral3	Soil17_T9_Slurry_CHL_None_-40	Slurry	HCl_NaOH	-40	-4	20	CHL	None	Soil17_T9	Soil17_F07_-40_CHL	3	Soil17_T9_Slurry_CHL_None_-40_R3	Soil17_pH7.05	T9	7.05	13061	627	521	1148	11913	8.279279279	6.846666667	7.333333333	10.3771777
Soil17_SampleB68	SetB	F08	0	2	0	Soil17	Soil17_Neutral3	Soil17_T9_Slurry_CHL_None_6	Slurry	HCl_NaOH	6	0.6	20	CHL	None	Soil17_T9	Soil17_F08_6_CHL	3	Soil17_T9_Slurry_CHL_None_6_R3	Soil17_pH7.05	T9	7.05	15515	336	421	757	14758	6.225225225	6.846666667	7.333333333	19.49537649
Soil17_SampleB69	SetB	F09	0	2	0	Soil17	Soil17_Neutral3	Soil17_T9_Slurry_CHL_None_13	Slurry	HCl_NaOH	13	1.3	20	CHL	None	Soil17_T9	Soil17_F09_13_CHL	3	Soil17_T9_Slurry_CHL_None_13_R3	Soil17_pH7.05	T9	7.05	8775	240	271	511	8264	5.42042042	6.846666667	7.333333333	16.17221135
Soil17_SampleB7	SetB	A07	0	2	0	Soil17	Soil17_Neutral3	Soil17_T9_Slurry_CHL_None_-100	Slurry	HCl_NaOH	-100	-10	20	CHL	None	Soil17_T9	Soil17_A07_-100_CHL	1	Soil17_T9_Slurry_CHL_None_-100_R1	Soil17_pH7.05	T9	7.05	36388	2099	2325	4424	31964	8.37	6.846666667	7.333333333	7.225135624
Soil17_SampleB70	SetB	F10	0	2	0	Soil17	Soil17_Neutral3	Soil17_T9_Slurry_CHL_None_20	Slurry	HCl_NaOH	20	2	20	CHL	None	Soil17_T9	Soil17_F10_20_CHL	3	Soil17_T9_Slurry_CHL_None_20_R3	Soil17_pH7.05	T9	7.05	15519	574	609	1183	14336	4.603603604	6.846666667	7.333333333	12.1183432
Soil17_SampleB71	SetB	F11	0	2	0	Soil17	Soil17_Neutral3	Soil17_T9_Slurry_CHL_None_28	Slurry	HCl_NaOH	28	2.8	20	CHL	None	Soil17_T9	Soil17_F11_28_CHL	3	Soil17_T9_Slurry_CHL_None_28_R3	Soil17_pH7.05	T9	7.05	22870	812	795	1607	21263	3.942942943	6.846666667	7.333333333	13.23148724
Soil17_SampleB72	SetB	F12	0	2	0	Soil17	Soil17_Neutral3	Soil17_T9_Slurry_CHL_None_55	Slurry	HCl_NaOH	55	5.5	20	CHL	None	Soil17_T9	Soil17_F12_55_CHL	3	Soil17_T9_Slurry_CHL_None_55_R3	Soil17_pH7.05	T9	7.05	43113	4195	4729	8924	34189	3.306306306	6.846666667	7.333333333	3.831129538
Soil17_SampleB75	SetB	G03	0	0	0	Soil17	Soil17_Neutral3	Soil17_T9_No_Nitrate_None_None_0	No_Nitrate	No_Nitrate	0	0	20	None	None	Soil17_T9	Soil17_G03_0_None	2	Soil17_T9_No_Nitrate_None_None_0_R2	Soil17_pH7.05	T9	7.05	21274	422	399	821	20453	7.603333333	6.846666667	7.603333333	24.91230207
Soil17_SampleB76	SetB	G04	0	2	0	Soil17	Soil17_Neutral3	Soil17_T9_Slurry_None_None_0	Slurry	HCl_NaOH	0	0	20	None	None	Soil17_T9	Soil17_G04_0_None	1	Soil17_T9_Slurry_None_None_0_R1	Soil17_pH7.05	T9	7.05	7957	171	131	302	7655	7.603333333	6.846666667	7.603333333	25.34768212
Soil17_SampleB77	SetB	G05	0	2	0	Soil17	Soil17_Neutral3	Soil17_T9_Slurry_None_None_0	Slurry	HCl_NaOH	0	0	20	None	None	Soil17_T9	Soil17_G05_0_None	3	Soil17_T9_Slurry_None_None_0_R3	Soil17_pH7.05	T9	7.05	7554	150	152	302	7252	7.603333333	6.846666667	7.603333333	24.01324503
Soil17_SampleB78	SetB	G06	0	2	0	Soil17	Soil17_Neutral3	Soil17_T0	Slurry_T0	Nitrate	0	0	20	None	None	Soil17_T0	Soil17_T0	2	Soil17_T0_Slurry_T0_None_None_0_R2	Soil17_pH7.05	T0	7.05	35533	979	1061	2040	33493	7.603333333	6.846666667	7.603333333	16.41813725
Soil17_SampleB8	SetB	A08	0	2	0	Soil17	Soil17_Neutral3	Soil17_T9_Slurry_CHL_None_-4	Slurry	HCl_NaOH	-4	-0.4	20	CHL	None	Soil17_T9	Soil17_A08_-4_CHL	1	Soil17_T9_Slurry_CHL_None_-4_R1	Soil17_pH7.05	T9	7.05	15944	337	484	821	15123	7.762762763	6.846666667	7.333333333	18.42021924
Soil17_SampleB81	SetB	G09	0	0	0	Soil17	Soil17_Neutral3	Soil17_T9_No_Nitrate_CHL_None_0	No_Nitrate	No_Nitrate	0	0	20	CHL	None	Soil17_T9	Soil17_G09_0_CHL	2	Soil17_T9_No_Nitrate_CHL_None_0_R2	Soil17_pH7.05	T9	7.05	19770	476	465	941	18829	7.333333333	6.846666667	7.333333333	20.00956429
Soil17_SampleB82	SetB	G10	0	2	0	Soil17	Soil17_Neutral3	Soil17_T9_Slurry_CHL_None_0	Slurry	HCl_NaOH	0	0	20	CHL	None	Soil17_T9	Soil17_G10_0_CHL	1	Soil17_T9_Slurry_CHL_None_0_R1	Soil17_pH7.05	T9	7.05	22201	521	557	1078	21123	7.333333333	6.846666667	7.333333333	19.59461967
Soil17_SampleB83	SetB	G11	0	2	0	Soil17	Soil17_Neutral3	Soil17_T9_Slurry_CHL_None_0	Slurry	HCl_NaOH	0	0	20	CHL	None	Soil17_T9	Soil17_G11_0_CHL	3	Soil17_T9_Slurry_CHL_None_0_R3	Soil17_pH7.05	T9	7.05	24721	630	586	1216	23505	7.333333333	6.846666667	7.333333333	19.32976974
Soil17_SampleB86	SetB	H02	0	0	0	Soil17	Soil17_Neutral3	Soil17_T9_No_Nitrate_None_None_0	No_Nitrate	No_Nitrate	0	0	20	None	None	Soil17_T9	Soil17_H02_0_None	1	Soil17_T9_No_Nitrate_None_None_0_R1	Soil17_pH7.05	T9	7.05	11041	295	276	571	10470	7.603333333	6.846666667	7.603333333	18.33625219
Soil17_SampleB87	SetB	H03	0	0	0	Soil17	Soil17_Neutral3	Soil17_T9_No_Nitrate_None_None_0	No_Nitrate	No_Nitrate	0	0	20	None	None	Soil17_T9	Soil17_H03_0_None	3	Soil17_T9_No_Nitrate_None_None_0_R3	Soil17_pH7.05	T9	7.05	34841	759	701	1460	33381	7.603333333	6.846666667	7.603333333	22.86369863
Soil17_SampleB88	SetB	H04	0	2	0	Soil17	Soil17_Neutral3	Soil17_T9_Slurry_None_None_0	Slurry	HCl_NaOH	0	0	20	None	None	Soil17_T9	Soil17_H04_0_None	2	Soil17_T9_Slurry_None_None_0_R2	Soil17_pH7.05	T9	7.05	8404	166	160	326	8078	7.603333333	6.846666667	7.603333333	24.7791411
Soil17_SampleB89	SetB	H05	2	0	0	Soil17	Soil17_Neutral3	Soil17_T0	Slurry_T0	Nitrite	0	0	20	None	None	Soil17_T0	Soil17_T0	1	Soil17_T0_Slurry_T0_None_None_0_R1	Soil17_pH7.05	T0	7.05	12249	339	265	604	11645	7.603333333	6.846666667	7.603333333	19.27980132
Soil17_SampleB9	SetB	A09	0	2	0	Soil17	Soil17_Neutral3	Soil17_T9_Slurry_CHL_None_10	Slurry	HCl_NaOH	10	1	20	CHL	None	Soil17_T9	Soil17_A09_10_CHL	1	Soil17_T9_Slurry_CHL_None_10_R1	Soil17_pH7.05	T9	7.05	22267	589	554	1143	21124	5.684684685	6.846666667	7.333333333	18.48118985
Soil17_SampleB90	SetB	H06	0	0	2	Soil17	Soil17_Neutral3	Soil17_T0	Slurry_T0	Ammonium	0	0	20	None	None	Soil17_T0	Soil17_T0	3	Soil17_T0_Slurry_T0_None_None_0_R3	Soil17_pH7.05	T0	7.05	27044	625	719	1344	25700	7.603333333	6.846666667	7.603333333	19.12202381
Soil17_SampleB92	SetB	H08	0	0	0	Soil17	Soil17_Neutral3	Soil17_T9_No_Nitrate_CHL_None_0	No_Nitrate	No_Nitrate	0	0	20	CHL	None	Soil17_T9	Soil17_H08_0_CHL	1	Soil17_T9_No_Nitrate_CHL_None_0_R1	Soil17_pH7.05	T9	7.05	24148	512	595	1107	23041	7.333333333	6.846666667	7.333333333	20.81391147
Soil17_SampleB93	SetB	H09	0	0	0	Soil17	Soil17_Neutral3	Soil17_T9_No_Nitrate_CHL_None_0	No_Nitrate	No_Nitrate	0	0	20	CHL	None	Soil17_T9	Soil17_H09_0_CHL	3	Soil17_T9_No_Nitrate_CHL_None_0_R3	Soil17_pH7.05	T9	7.05	28508	653	638	1291	27217	7.333333333	6.846666667	7.333333333	21.08210689
Soil17_SampleB94	SetB	H10	0	2	0	Soil17	Soil17_Neutral3	Soil17_T9_Slurry_CHL_None_0	Slurry	HCl_NaOH	0	0	20	CHL	None	Soil17_T9	Soil17_H10_0_CHL	2	Soil17_T9_Slurry_CHL_None_0_R2	Soil17_pH7.05	T9	7.05	23759	484	591	1075	22684	7.333333333	6.846666667	7.333333333	21.10139535