Well,Nitrite_input,Nitrate_input,Ammonium_input,Soil,Soil_ID,Sample_type,Titration_type,Unit,Concentration_M,Added_ul,Expected_pH,Chloramphenicol,Cycloheximide,Time_point,TOC_OD590,TOC_mgml,Time_minutes,Time_hours,Time_days,H_mol,Soil_name,Depth,Soil_pH,Moisture_percent,Volume,H_Molarity,H_mM,mcf,Evaporation_ratio,pH,Time,TOC_mM,Replicate
A07,0,2,0,Soil1,Soil1_Acidic4,Slurry,HCl_NaOH,-100,-10,20,8.68,CHL,None,Soil1_T9,0.18965,1.701816752,5360,89.3,3.7,-0.0002,Soil1_Acidic4_pH4.7,0_10cm,4.703,25.32855436,1.915292712,-0.1044226811,-104.4226811,1.126642772,1.133263357,8.61,T9,141.8180626,1
A08,0,2,0,Soil1,Soil1_Acidic4,Slurry,HCl_NaOH,-40,-4,20,7.78,CHL,None,Soil1_T9,0.12295,0.9471434079,5360,89.3,3.7,-0.00008,Soil1_Acidic4_pH4.7,0_10cm,4.703,25.32855436,1.915292712,-0.04176907242,-41.76907242,1.126642772,1.133263357,8.027027027,T9,78.92861732,1
A09,0,2,0,Soil1,Soil1_Acidic4,Slurry,HCl_NaOH,-21,-2.1,20,6.88,CHL,None,Soil1_T9,0.08805,0.5515621539,5360,89.3,3.7,-0.000042,Soil1_Acidic4_pH4.7,0_10cm,4.703,25.32855436,1.915292712,-0.02192876302,-21.92876302,1.126642772,1.133263357,7.042042042,T9,45.96351282,1
A10,0,2,0,Soil1,Soil1_Acidic4,Slurry,HCl_NaOH,-14,-1.4,20,5.98,CHL,None,Soil1_T9,0.06695,0.3121631642,5360,89.3,3.7,-0.000028,Soil1_Acidic4_pH4.7,0_10cm,4.703,25.32855436,1.915292712,-0.01461917535,-14.61917535,1.126642772,1.133263357,6.405405405,T9,26.01359702,1
A11,0,2,0,Soil1,Soil1_Acidic4,Slurry,HCl_NaOH,-8,-0.8,20,5.08,CHL,None,Soil1_T9,0.0518,0.1401621366,5360,89.3,3.7,-0.000016,Soil1_Acidic4_pH4.7,0_10cm,4.703,25.32855436,1.915292712,-0.008353814484,-8.353814484,1.126642772,1.133263357,5.720720721,T9,11.68017805,1
A12,0,2,0,Soil1,Soil1_Acidic4,Slurry,HCl_NaOH,6,0.6,20,3.73,CHL,None,Soil1_T9,0.0258,0,5360,89.3,3.7,0.000012,Soil1_Acidic4_pH4.7,0_10cm,4.703,25.32855436,1.915292712,0.006265360863,6.265360863,1.126642772,1.133263357,3.834834835,T9,0,1
B07,0,2,0,Soil1,Soil1_Acidic4,Slurry,HCl_NaOH,-60,-6,20,8.23,CHL,None,Soil1_T9,0.13725,1.10908913,5360,89.3,3.7,-0.00012,Soil1_Acidic4_pH4.7,0_10cm,4.703,25.32855436,1.915292712,-0.06265360863,-62.65360863,1.126642772,1.133263357,8.243243243,T9,92.42409417,1
B08,0,2,0,Soil1,Soil1_Acidic4,Slurry,HCl_NaOH,-26,-2.6,20,7.33,CHL,None,Soil1_T9,0.08905,0.5629036455,5360,89.3,3.7,-0.000052,Soil1_Acidic4_pH4.7,0_10cm,4.703,25.32855436,1.915292712,-0.02714989707,-27.14989707,1.126642772,1.133263357,7.546546547,T9,46.90863712,1
B09,0,2,0,Soil1,Soil1_Acidic4,Slurry,HCl_NaOH,-18,-1.8,20,6.43,CHL,None,Soil1_T9,0.0734,0.3853633327,5360,89.3,3.7,-0.000036,Soil1_Acidic4_pH4.7,0_10cm,4.703,25.32855436,1.915292712,-0.01879608259,-18.79608259,1.126642772,1.133263357,6.645645646,T9,32.11361106,1
B10,0,2,0,Soil1,Soil1_Acidic4,Slurry,HCl_NaOH,-11,-1.1,20,5.53,CHL,None,Soil1_T9,0.05815,0.2122662098,5360,89.3,3.7,-0.000022,Soil1_Acidic4_pH4.7,0_10cm,4.703,25.32855436,1.915292712,-0.01148649492,-11.48649492,1.126642772,1.133263357,6.225225225,T9,17.68885082,1
B11,0,2,0,Soil1,Soil1_Acidic4,Slurry,HCl_NaOH,-5,-0.5,20,4.63,CHL,None,Soil1_T9,0.0382,0,5360,89.3,3.7,-0.00001,Soil1_Acidic4_pH4.7,0_10cm,4.703,25.32855436,1.915292712,-0.005221134053,-5.221134053,1.126642772,1.133263357,5.108108108,T9,0,1
B12,0,2,0,Soil1,Soil1_Acidic4,Slurry,HCl_NaOH,22,2.2,20,3.28,CHL,None,Soil1_T9,0.0212,0,5360,89.3,3.7,0.000044,Soil1_Acidic4_pH4.7,0_10cm,4.703,25.32855436,1.915292712,0.02297298983,22.97298983,1.126642772,1.133263357,3.25,T9,0,1
C07,0,2,0,Soil1,Soil1_Acidic4,Slurry,HCl_NaOH,-100,-10,20,8.68,CHL,None,Soil1_T9,0.16605,1.434998208,5360,89.3,3.7,-0.0002,Soil1_Acidic4_pH4.7,0_10cm,4.703,25.32855436,1.915292712,-0.1044226811,-104.4226811,1.126642772,1.133263357,8.61,T9,119.583184,2
C08,0,2,0,Soil1,Soil1_Acidic4,Slurry,HCl_NaOH,-40,-4,20,7.78,CHL,None,Soil1_T9,0.12355,0.9539399737,5360,89.3,3.7,-0.00008,Soil1_Acidic4_pH4.7,0_10cm,4.703,25.32855436,1.915292712,-0.04176907242,-41.76907242,1.126642772,1.133263357,8.027027027,T9,79.49499781,2
C09,0,2,0,Soil1,Soil1_Acidic4,Slurry,HCl_NaOH,-21,-2.1,20,6.88,CHL,None,Soil1_T9,0.0872,0.5419215709,5360,89.3,3.7,-0.000042,Soil1_Acidic4_pH4.7,0_10cm,4.703,25.32855436,1.915292712,-0.02192876302,-21.92876302,1.126642772,1.133263357,7.042042042,T9,45.16013091,2
C10,0,2,0,Soil1,Soil1_Acidic4,Slurry,HCl_NaOH,-14,-1.4,20,5.98,CHL,None,Soil1_T9,0.07055,0.3530211323,5360,89.3,3.7,-0.000028,Soil1_Acidic4_pH4.7,0_10cm,4.703,25.32855436,1.915292712,-0.01461917535,-14.61917535,1.126642772,1.133263357,6.405405405,T9,29.41842769,2
C11,0,2,0,Soil1,Soil1_Acidic4,Slurry,HCl_NaOH,-8,-0.8,20,5.08,CHL,None,Soil1_T9,0.04615,0.0759929043,5360,89.3,3.7,-0.000016,Soil1_Acidic4_pH4.7,0_10cm,4.703,25.32855436,1.915292712,-0.008353814484,-8.353814484,1.126642772,1.133263357,5.720720721,T9,6.332742025,2
C12,0,2,0,Soil1,Soil1_Acidic4,Slurry,HCl_NaOH,6,0.6,20,3.73,CHL,None,Soil1_T9,0.0219,0,5360,89.3,3.7,0.000012,Soil1_Acidic4_pH4.7,0_10cm,4.703,25.32855436,1.915292712,0.006265360863,6.265360863,1.126642772,1.133263357,3.834834835,T9,0,2
D07,0,2,0,Soil1,Soil1_Acidic4,Slurry,HCl_NaOH,-60,-6,20,8.23,CHL,None,Soil1_T9,0.15125,1.2675584,5360,89.3,3.7,-0.00012,Soil1_Acidic4_pH4.7,0_10cm,4.703,25.32855436,1.915292712,-0.06265360863,-62.65360863,1.126642772,1.133263357,8.243243243,T9,105.6298667,2
D08,0,2,0,Soil1,Soil1_Acidic4,Slurry,HCl_NaOH,-26,-2.6,20,7.33,CHL,None,Soil1_T9,0.0987,0.6723284514,5360,89.3,3.7,-0.000052,Soil1_Acidic4_pH4.7,0_10cm,4.703,25.32855436,1.915292712,-0.02714989707,-27.14989707,1.126642772,1.133263357,7.546546547,T9,56.02737095,2
D09,0,2,0,Soil1,Soil1_Acidic4,Slurry,HCl_NaOH,-18,-1.8,20,6.43,CHL,None,Soil1_T9,0.0789,0.4477688885,5360,89.3,3.7,-0.000036,Soil1_Acidic4_pH4.7,0_10cm,4.703,25.32855436,1.915292712,-0.01879608259,-18.79608259,1.126642772,1.133263357,6.645645646,T9,37.31407404,2
D10,0,2,0,Soil1,Soil1_Acidic4,Slurry,HCl_NaOH,-11,-1.1,20,5.53,CHL,None,Soil1_T9,0.06305,0.2678944904,5360,89.3,3.7,-0.000022,Soil1_Acidic4_pH4.7,0_10cm,4.703,25.32855436,1.915292712,-0.01148649492,-11.48649492,1.126642772,1.133263357,6.225225225,T9,22.32454087,2
D11,0,2,0,Soil1,Soil1_Acidic4,Slurry,HCl_NaOH,-5,-0.5,20,4.63,CHL,None,Soil1_T9,0.0378,0,5360,89.3,3.7,-0.00001,Soil1_Acidic4_pH4.7,0_10cm,4.703,25.32855436,1.915292712,-0.005221134053,-5.221134053,1.126642772,1.133263357,5.108108108,T9,0,2
D12,0,2,0,Soil1,Soil1_Acidic4,Slurry,HCl_NaOH,22,2.2,20,3.28,CHL,None,Soil1_T9,0.02225,0,5360,89.3,3.7,0.000044,Soil1_Acidic4_pH4.7,0_10cm,4.703,25.32855436,1.915292712,0.02297298983,22.97298983,1.126642772,1.133263357,3.25,T9,0,2
E07,0,2,0,Soil1,Soil1_Acidic4,Slurry,HCl_NaOH,-100,-10,20,8.68,CHL,None,Soil1_T9,0.1802,1.595002818,5360,89.3,3.7,-0.0002,Soil1_Acidic4_pH4.7,0_10cm,4.703,25.32855436,1.915292712,-0.1044226811,-104.4226811,1.126642772,1.133263357,8.61,T9,132.9169015,3
E08,0,2,0,Soil1,Soil1_Acidic4,Slurry,HCl_NaOH,-40,-4,20,7.78,CHL,None,Soil1_T9,0.11685,0.8780368269,5360,89.3,3.7,-0.00008,Soil1_Acidic4_pH4.7,0_10cm,4.703,25.32855436,1.915292712,-0.04176907242,-41.76907242,1.126642772,1.133263357,8.027027027,T9,73.16973558,3
E09,0,2,0,Soil1,Soil1_Acidic4,Slurry,HCl_NaOH,-21,-2.1,20,6.88,CHL,None,Soil1_T9,0.0869,0.5385189431,5360,89.3,3.7,-0.000042,Soil1_Acidic4_pH4.7,0_10cm,4.703,25.32855436,1.915292712,-0.02192876302,-21.92876302,1.126642772,1.133263357,7.042042042,T9,44.87657859,3
E10,0,2,0,Soil1,Soil1_Acidic4,Slurry,HCl_NaOH,-14,-1.4,20,5.98,CHL,None,Soil1_T9,0.07545,0.4086250045,5360,89.3,3.7,-0.000028,Soil1_Acidic4_pH4.7,0_10cm,4.703,25.32855436,1.915292712,-0.01461917535,-14.61917535,1.126642772,1.133263357,6.405405405,T9,34.05208371,3
E11,0,2,0,Soil1,Soil1_Acidic4,Slurry,HCl_NaOH,-8,-0.8,20,5.08,CHL,None,Soil1_T9,0.05445,0.1702547848,5360,89.3,3.7,-0.000016,Soil1_Acidic4_pH4.7,0_10cm,4.703,25.32855436,1.915292712,-0.008353814484,-8.353814484,1.126642772,1.133263357,5.720720721,T9,14.18789873,3
E12,0,2,0,Soil1,Soil1_Acidic4,Slurry,HCl_NaOH,6,0.6,20,3.73,CHL,None,Soil1_T9,0.0189,0,5360,89.3,3.7,0.000012,Soil1_Acidic4_pH4.7,0_10cm,4.703,25.32855436,1.915292712,0.006265360863,6.265360863,1.126642772,1.133263357,3.834834835,T9,0,3
F07,0,2,0,Soil1,Soil1_Acidic4,Slurry,HCl_NaOH,-60,-6,20,8.23,CHL,None,Soil1_T9,0.15265,1.283401033,5360,89.3,3.7,-0.00012,Soil1_Acidic4_pH4.7,0_10cm,4.703,25.32855436,1.915292712,-0.06265360863,-62.65360863,1.126642772,1.133263357,8.243243243,T9,106.9500861,3
F08,0,2,0,Soil1,Soil1_Acidic4,Slurry,HCl_NaOH,-26,-2.6,20,7.33,CHL,None,Soil1_T9,0.1098,0.7981492225,5360,89.3,3.7,-0.000052,Soil1_Acidic4_pH4.7,0_10cm,4.703,25.32855436,1.915292712,-0.02714989707,-27.14989707,1.126642772,1.133263357,7.546546547,T9,66.51243521,3
F09,0,2,0,Soil1,Soil1_Acidic4,Slurry,HCl_NaOH,-18,-1.8,20,6.43,CHL,None,Soil1_T9,0.08415,0.5073265066,5360,89.3,3.7,-0.000036,Soil1_Acidic4_pH4.7,0_10cm,4.703,25.32855436,1.915292712,-0.01879608259,-18.79608259,1.126642772,1.133263357,6.645645646,T9,42.27720889,3
F10,0,2,0,Soil1,Soil1_Acidic4,Slurry,HCl_NaOH,-11,-1.1,20,5.53,CHL,None,Soil1_T9,0.069,0.3354301452,5360,89.3,3.7,-0.000022,Soil1_Acidic4_pH4.7,0_10cm,4.703,25.32855436,1.915292712,-0.01148649492,-11.48649492,1.126642772,1.133263357,6.225225225,T9,27.9525121,3
F11,0,2,0,Soil1,Soil1_Acidic4,Slurry,HCl_NaOH,-5,-0.5,20,4.63,CHL,None,Soil1_T9,0.0489,0.1072273214,5360,89.3,3.7,-0.00001,Soil1_Acidic4_pH4.7,0_10cm,4.703,25.32855436,1.915292712,-0.005221134053,-5.221134053,1.126642772,1.133263357,5.108108108,T9,8.935610113,3
F12,0,2,0,Soil1,Soil1_Acidic4,Slurry,HCl_NaOH,22,2.2,20,3.28,CHL,None,Soil1_T9,0.0273,0,5360,89.3,3.7,0.000044,Soil1_Acidic4_pH4.7,0_10cm,4.703,25.32855436,1.915292712,0.02297298983,22.97298983,1.126642772,1.133263357,3.25,T9,0,3
G07,0,2,0,Soil1,Soil1_Acidic4,Slurry,HCl_NaOH,-100,-10,20,8.68,CHL,CHX,Soil1_T9,0.1918,1.726113388,5360,89.3,3.7,-0.0002,Soil1_Acidic4_pH4.7,0_10cm,4.703,25.32855436,1.915292712,-0.1044226811,-104.4226811,1.126642772,1.133263357,8.58,T9,143.8427824,1
G08,0,2,0,Soil1,Soil1_Acidic4,Slurry,HCl_NaOH,0,0,20,4.18,CHL,CHX,Soil1_T9,0.06695,0.3121631642,5360,89.3,3.7,0,Soil1_Acidic4_pH4.7,0_10cm,4.703,25.32855436,1.915292712,0,0,1.126642772,1.133263357,4.459459459,T9,26.01359702,1
G09,0,0,0,Soil1,Soil1_Acidic4,No_Nitrate,No_Nitrate,0,0,20,4.18,CHL,None,Soil1_T9,0.06055,0.2395139205,5360,89.3,3.7,0,Soil1_Acidic4_pH4.7,0_10cm,4.703,25.32855436,1.915292712,0,0,1.126642772,1.133263357,4.263263263,T9,19.95949338,2
G10,0,2,0,Soil1,Soil1_Acidic4,Slurry,HCl_NaOH,0,0,20,4.18,CHL,None,Soil1_T9,0.05625,0.190693463,5360,89.3,3.7,0,Soil1_Acidic4_pH4.7,0_10cm,4.703,25.32855436,1.915292712,0,0,1.126642772,1.133263357,4.29,T9,15.89112192,1
G11,0,2,0,Soil1,Soil1_Acidic4,Slurry,HCl_NaOH,0,0,20,4.18,CHL,None,Soil1_T9,0.0481,0.09814125946,5360,89.3,3.7,0,Soil1_Acidic4_pH4.7,0_10cm,4.703,25.32855436,1.915292712,0,0,1.126642772,1.133263357,4.29,T9,8.178438289,3
H07,0,2,0,Soil1,Soil1_Acidic4,Slurry,HCl_NaOH,22,2.2,20,3.28,CHL,CHX,Soil1_T9,0.0617,0.2525692947,5360,89.3,3.7,0.000044,Soil1_Acidic4_pH4.7,0_10cm,4.703,25.32855436,1.915292712,0.02297298983,22.97298983,1.126642772,1.133263357,3.342342342,T9,21.04744122,1
H08,0,0,0,Soil1,Soil1_Acidic4,No_Nitrate,No_Nitrate,0,0,20,4.18,CHL,None,Soil1_T9,0.0549,0.1753645765,5360,89.3,3.7,0,Soil1_Acidic4_pH4.7,0_10cm,4.703,25.32855436,1.915292712,0,0,1.126642772,1.133263357,4.263263263,T9,14.61371471,1
H09,0,0,0,Soil1,Soil1_Acidic4,No_Nitrate,No_Nitrate,0,0,20,4.18,CHL,None,Soil1_T9,0.0503,0.1231273099,5360,89.3,3.7,0,Soil1_Acidic4_pH4.7,0_10cm,4.703,25.32855436,1.915292712,0,0,1.126642772,1.133263357,4.263263263,T9,10.26060916,3
H10,0,2,0,Soil1,Soil1_Acidic4,Slurry,HCl_NaOH,0,0,20,4.18,CHL,None,Soil1_T9,0.05465,0.1725258134,5360,89.3,3.7,0,Soil1_Acidic4_pH4.7,0_10cm,4.703,25.32855436,1.915292712,0,0,1.126642772,1.133263357,4.29,T9,14.37715111,2
A07,0,2,0,Soil7,Soil7_CE153,Slurry,HCl_NaOH,-85,-8.5,20,8.51,CHL,None,Soil7_T9,0.1698,1.491191315,5480,91.3,3.8,-0.00017,Soil7_CE153_pH5.51,10_20cm,5.514,25.4176611,1.916050119,-0.08872419269,-88.72419269,1.127088305,1.201393109,8.71,T9,124.2659429,1
A08,0,2,0,Soil7,Soil7_CE153,Slurry,HCl_NaOH,-26,-2.6,20,7.61,CHL,None,Soil7_T9,0.0938,0.6427174323,5480,91.3,3.8,-0.000052,Soil7_CE153_pH5.51,10_20cm,5.514,25.4176611,1.916050119,-0.02713916482,-27.13916482,1.127088305,1.201393109,7.522522523,T9,53.55978603,1
A09,0,2,0,Soil7,Soil7_CE153,Slurry,HCl_NaOH,-16,-1.6,20,6.71,CHL,None,Soil7_T9,0.0694,0.3691301525,5480,91.3,3.8,-0.000032,Soil7_CE153_pH5.51,10_20cm,5.514,25.4176611,1.916050119,-0.01670102451,-16.70102451,1.127088305,1.201393109,6.717717718,T9,30.76084604,1
A10,0,2,0,Soil7,Soil7_CE153,Slurry,HCl_NaOH,-9,-0.9,20,5.81,CHL,None,Soil7_T9,0.0517,0.1703038622,5480,91.3,3.8,-0.000018,Soil7_CE153_pH5.51,10_20cm,5.514,25.4176611,1.916050119,-0.009394326285,-9.394326285,1.127088305,1.201393109,5.936936937,T9,14.19198852,1
A11,0,2,0,Soil7,Soil7_CE153,Slurry,HCl_NaOH,-3,-0.3,20,4.91,CHL,None,Soil7_T9,0.033,0,5480,91.3,3.8,-0.000006,Soil7_CE153_pH5.51,10_20cm,5.514,25.4176611,1.916050119,-0.003131442095,-3.131442095,1.127088305,1.201393109,5.072072072,T9,0,1
A12,0,2,0,Soil7,Soil7_CE153,Slurry,HCl_NaOH,14,1.4,20,3.56,CHL,None,Soil7_T9,0.0259,0,5480,91.3,3.8,0.000028,Soil7_CE153_pH5.51,10_20cm,5.514,25.4176611,1.916050119,0.01461339644,14.61339644,1.127088305,1.201393109,3.582582583,T9,0,1
B07,0,2,0,Soil7,Soil7_CE153,Slurry,HCl_NaOH,-45,-4.5,20,8.06,CHL,None,Soil7_T9,0.1142,0.8710110699,5480,91.3,3.8,-0.00009,Soil7_CE153_pH5.51,10_20cm,5.514,25.4176611,1.916050119,-0.04697163143,-46.97163143,1.127088305,1.201393109,8.171171171,T9,72.58425582,1
B08,0,2,0,Soil7,Soil7_CE153,Slurry,HCl_NaOH,-20,-2,20,7.16,CHL,None,Soil7_T9,0.08195,0.5099205326,5480,91.3,3.8,-0.00004,Soil7_CE153_pH5.51,10_20cm,5.514,25.4176611,1.916050119,-0.02087628063,-20.87628063,1.127088305,1.201393109,6.957957958,T9,42.49337772,1
B09,0,2,0,Soil7,Soil7_CE153,Slurry,HCl_NaOH,-13,-1.3,20,6.26,CHL,None,Soil7_T9,0.06005,0.2641386298,5480,91.3,3.8,-0.000026,Soil7_CE153_pH5.51,10_20cm,5.514,25.4176611,1.916050119,-0.01356958241,-13.56958241,1.127088305,1.201393109,6.489489489,T9,22.01155248,1
B10,0,2,0,Soil7,Soil7_CE153,Slurry,HCl_NaOH,-6,-0.6,20,5.36,CHL,None,Soil7_T9,0.04575,0.1033978669,5480,91.3,3.8,-0.000012,Soil7_CE153_pH5.51,10_20cm,5.514,25.4176611,1.916050119,-0.00626288419,-6.26288419,1.127088305,1.201393109,5.588588589,T9,8.616488907,1
B11,0,2,0,Soil7,Soil7_CE153,Slurry,HCl_NaOH,5,0.5,20,4.01,CHL,None,Soil7_T9,0.02645,0,5480,91.3,3.8,0.00001,Soil7_CE153_pH5.51,10_20cm,5.514,25.4176611,1.916050119,0.005219070159,5.219070159,1.127088305,1.201393109,4.111111111,T9,0,1
B12,0,2,0,Soil7,Soil7_CE153,Slurry,HCl_NaOH,38,3.8,20,3.11,CHL,None,Soil7_T9,0.0314,0,5480,91.3,3.8,0.000076,Soil7_CE153_pH5.51,10_20cm,5.514,25.4176611,1.916050119,0.0396649332,39.6649332,1.127088305,1.201393109,3.174174174,T9,0,1
C07,0,2,0,Soil7,Soil7_CE153,Slurry,HCl_NaOH,-85,-8.5,20,8.51,CHL,None,Soil7_T9,0.17705,1.571842604,5480,91.3,3.8,-0.00017,Soil7_CE153_pH5.51,10_20cm,5.514,25.4176611,1.916050119,-0.08872419269,-88.72419269,1.127088305,1.201393109,8.71,T9,130.9868837,2
C08,0,2,0,Soil7,Soil7_CE153,Slurry,HCl_NaOH,-26,-2.6,20,7.61,CHL,None,Soil7_T9,0.09305,0.6343166061,5480,91.3,3.8,-0.000052,Soil7_CE153_pH5.51,10_20cm,5.514,25.4176611,1.916050119,-0.02713916482,-27.13916482,1.127088305,1.201393109,7.522522523,T9,52.85971717,2
C09,0,2,0,Soil7,Soil7_CE153,Slurry,HCl_NaOH,-16,-1.6,20,6.71,CHL,None,Soil7_T9,0.0756,0.4387031446,5480,91.3,3.8,-0.000032,Soil7_CE153_pH5.51,10_20cm,5.514,25.4176611,1.916050119,-0.01670102451,-16.70102451,1.127088305,1.201393109,6.717717718,T9,36.55859538,2
C10,0,2,0,Soil7,Soil7_CE153,Slurry,HCl_NaOH,-9,-0.9,20,5.81,CHL,None,Soil7_T9,0.0494,0.1444451587,5480,91.3,3.8,-0.000018,Soil7_CE153_pH5.51,10_20cm,5.514,25.4176611,1.916050119,-0.009394326285,-9.394326285,1.127088305,1.201393109,5.936936937,T9,12.03709656,2
C11,0,2,0,Soil7,Soil7_CE153,Slurry,HCl_NaOH,-3,-0.3,20,4.91,CHL,None,Soil7_T9,0.0333,0,5480,91.3,3.8,-0.000006,Soil7_CE153_pH5.51,10_20cm,5.514,25.4176611,1.916050119,-0.003131442095,-3.131442095,1.127088305,1.201393109,5.072072072,T9,0,2
C12,0,2,0,Soil7,Soil7_CE153,Slurry,HCl_NaOH,14,1.4,20,3.56,CHL,None,Soil7_T9,0.0312,0,5480,91.3,3.8,0.000028,Soil7_CE153_pH5.51,10_20cm,5.514,25.4176611,1.916050119,0.01461339644,14.61339644,1.127088305,1.201393109,3.582582583,T9,0,2
D07,0,2,0,Soil7,Soil7_CE153,Slurry,HCl_NaOH,-45,-4.5,20,8.06,CHL,None,Soil7_T9,0.1294,1.040851116,5480,91.3,3.8,-0.00009,Soil7_CE153_pH5.51,10_20cm,5.514,25.4176611,1.916050119,-0.04697163143,-46.97163143,1.127088305,1.201393109,8.171171171,T9,86.73759302,2
D08,0,2,0,Soil7,Soil7_CE153,Slurry,HCl_NaOH,-20,-2,20,7.16,CHL,None,Soil7_T9,0.0903,0.6035089079,5480,91.3,3.8,-0.00004,Soil7_CE153_pH5.51,10_20cm,5.514,25.4176611,1.916050119,-0.02087628063,-20.87628063,1.127088305,1.201393109,6.957957958,T9,50.29240899,2
D09,0,2,0,Soil7,Soil7_CE153,Slurry,HCl_NaOH,-13,-1.3,20,6.26,CHL,None,Soil7_T9,0.0727,0.4061656043,5480,91.3,3.8,-0.000026,Soil7_CE153_pH5.51,10_20cm,5.514,25.4176611,1.916050119,-0.01356958241,-13.56958241,1.127088305,1.201393109,6.489489489,T9,33.84713369,2
D10,0,2,0,Soil7,Soil7_CE153,Slurry,HCl_NaOH,-6,-0.6,20,5.36,CHL,None,Soil7_T9,0.04945,0.1450073596,5480,91.3,3.8,-0.000012,Soil7_CE153_pH5.51,10_20cm,5.514,25.4176611,1.916050119,-0.00626288419,-6.26288419,1.127088305,1.201393109,5.588588589,T9,12.08394663,2
D11,0,2,0,Soil7,Soil7_CE153,Slurry,HCl_NaOH,5,0.5,20,4.01,CHL,None,Soil7_T9,0.02975,0,5480,91.3,3.8,0.00001,Soil7_CE153_pH5.51,10_20cm,5.514,25.4176611,1.916050119,0.005219070159,5.219070159,1.127088305,1.201393109,4.111111111,T9,0,2
D12,0,2,0,Soil7,Soil7_CE153,Slurry,HCl_NaOH,38,3.8,20,3.11,CHL,None,Soil7_T9,0.03255,0,5480,91.3,3.8,0.000076,Soil7_CE153_pH5.51,10_20cm,5.514,25.4176611,1.916050119,0.0396649332,39.6649332,1.127088305,1.201393109,3.174174174,T9,0,2
E07,0,2,0,Soil7,Soil7_CE153,Slurry,HCl_NaOH,-85,-8.5,20,8.51,CHL,None,Soil7_T9,0.18925,1.707446698,5480,91.3,3.8,-0.00017,Soil7_CE153_pH5.51,10_20cm,5.514,25.4176611,1.916050119,-0.08872419269,-88.72419269,1.127088305,1.201393109,8.71,T9,142.2872248,3
E08,0,2,0,Soil7,Soil7_CE153,Slurry,HCl_NaOH,-26,-2.6,20,7.61,CHL,None,Soil7_T9,0.10415,0.7585931796,5480,91.3,3.8,-0.000052,Soil7_CE153_pH5.51,10_20cm,5.514,25.4176611,1.916050119,-0.02713916482,-27.13916482,1.127088305,1.201393109,7.522522523,T9,63.2160983,3
E09,0,2,0,Soil7,Soil7_CE153,Slurry,HCl_NaOH,-16,-1.6,20,6.71,CHL,None,Soil7_T9,0.09365,0.6410373107,5480,91.3,3.8,-0.000032,Soil7_CE153_pH5.51,10_20cm,5.514,25.4176611,1.916050119,-0.01670102451,-16.70102451,1.127088305,1.201393109,6.717717718,T9,53.41977589,3
E10,0,2,0,Soil7,Soil7_CE153,Slurry,HCl_NaOH,-9,-0.9,20,5.81,CHL,None,Soil7_T9,0.0674,0.3466792525,5480,91.3,3.8,-0.000018,Soil7_CE153_pH5.51,10_20cm,5.514,25.4176611,1.916050119,-0.009394326285,-9.394326285,1.127088305,1.201393109,5.936936937,T9,28.88993771,3
E11,0,2,0,Soil7,Soil7_CE153,Slurry,HCl_NaOH,-3,-0.3,20,4.91,CHL,None,Soil7_T9,0.04005,0.03927044613,5480,91.3,3.8,-0.000006,Soil7_CE153_pH5.51,10_20cm,5.514,25.4176611,1.916050119,-0.003131442095,-3.131442095,1.127088305,1.201393109,5.072072072,T9,3.272537177,3
E12,0,2,0,Soil7,Soil7_CE153,Slurry,HCl_NaOH,14,1.4,20,3.56,CHL,None,Soil7_T9,0.03055,0,5480,91.3,3.8,0.000028,Soil7_CE153_pH5.51,10_20cm,5.514,25.4176611,1.916050119,0.01461339644,14.61339644,1.127088305,1.201393109,3.582582583,T9,0,3
F07,0,2,0,Soil7,Soil7_CE153,Slurry,HCl_NaOH,-45,-4.5,20,8.06,CHL,None,Soil7_T9,0.14025,1.16194979,5480,91.3,3.8,-0.00009,Soil7_CE153_pH5.51,10_20cm,5.514,25.4176611,1.916050119,-0.04697163143,-46.97163143,1.127088305,1.201393109,8.171171171,T9,96.82914921,3
F08,0,2,0,Soil7,Soil7_CE153,Slurry,HCl_NaOH,-20,-2,20,7.16,CHL,None,Soil7_T9,0.1128,0.8553567126,5480,91.3,3.8,-0.00004,Soil7_CE153_pH5.51,10_20cm,5.514,25.4176611,1.916050119,-0.02087628063,-20.87628063,1.127088305,1.201393109,6.957957958,T9,71.27972605,3
F09,0,2,0,Soil7,Soil7_CE153,Slurry,HCl_NaOH,-13,-1.3,20,6.26,CHL,None,Soil7_T9,0.09465,0.6522377094,5480,91.3,3.8,-0.000026,Soil7_CE153_pH5.51,10_20cm,5.514,25.4176611,1.916050119,-0.01356958241,-13.56958241,1.127088305,1.201393109,6.489489489,T9,54.35314245,3
F10,0,2,0,Soil7,Soil7_CE153,Slurry,HCl_NaOH,-6,-0.6,20,5.36,CHL,None,Soil7_T9,0.0629,0.2961504449,5480,91.3,3.8,-0.000012,Soil7_CE153_pH5.51,10_20cm,5.514,25.4176611,1.916050119,-0.00626288419,-6.26288419,1.127088305,1.201393109,5.588588589,T9,24.67920374,3
F11,0,2,0,Soil7,Soil7_CE153,Slurry,HCl_NaOH,5,0.5,20,4.01,CHL,None,Soil7_T9,0.03545,0,5480,91.3,3.8,0.00001,Soil7_CE153_pH5.51,10_20cm,5.514,25.4176611,1.916050119,0.005219070159,5.219070159,1.127088305,1.201393109,4.111111111,T9,0,3
F12,0,2,0,Soil7,Soil7_CE153,Slurry,HCl_NaOH,38,3.8,20,3.11,CHL,None,Soil7_T9,0.0336,0,5480,91.3,3.8,0.000076,Soil7_CE153_pH5.51,10_20cm,5.514,25.4176611,1.916050119,0.0396649332,39.6649332,1.127088305,1.201393109,3.174174174,T9,0,3
G07,0,2,0,Soil7,Soil7_CE153,Slurry,HCl_NaOH,-85,-8.5,20,8.51,CHL,CHX,Soil7_T9,0.2034,1.864548859,5480,91.3,3.8,-0.00017,Soil7_CE153_pH5.51,10_20cm,5.514,25.4176611,1.916050119,-0.08872419269,-88.72419269,1.127088305,1.201393109,8.71,T9,155.3790715,1
G08,0,2,0,Soil7,Soil7_CE153,Slurry,HCl_NaOH,0,0,20,4.46,CHL,CHX,Soil7_T9,0.0666,0.3376977991,5480,91.3,3.8,0,Soil7_CE153_pH5.51,10_20cm,5.514,25.4176611,1.916050119,0,0,1.127088305,1.201393109,4.603603604,T9,28.14148326,1
G09,0,0,0,Soil7,Soil7_CE153,No_Nitrate,No_Nitrate,0,0,20,4.46,CHL,None,Soil7_T9,0.05545,0.2124536719,5480,91.3,3.8,0,Soil7_CE153_pH5.51,10_20cm,5.514,25.4176611,1.916050119,0,0,1.127088305,1.201393109,4.527527528,T9,17.70447266,2
G10,0,2,0,Soil7,Soil7_CE153,Slurry,HCl_NaOH,0,0,20,4.46,CHL,None,Soil7_T9,0.05065,0.1584994455,5480,91.3,3.8,0,Soil7_CE153_pH5.51,10_20cm,5.514,25.4176611,1.916050119,0,0,1.127088305,1.201393109,4.593333333,T9,13.20828712,1
G11,0,2,0,Soil7,Soil7_CE153,Slurry,HCl_NaOH,0,0,20,4.46,CHL,None,Soil7_T9,0.0432,0.07471323042,5480,91.3,3.8,0,Soil7_CE153_pH5.51,10_20cm,5.514,25.4176611,1.916050119,0,0,1.127088305,1.201393109,4.593333333,T9,6.226102535,3
H07,0,2,0,Soil7,Soil7_CE153,Slurry,HCl_NaOH,38,3.8,20,3.11,CHL,CHX,Soil7_T9,0.07605,0.4437513387,5480,91.3,3.8,0.000076,Soil7_CE153_pH5.51,10_20cm,5.514,25.4176611,1.916050119,0.0396649332,39.6649332,1.127088305,1.201393109,3.222222222,T9,36.97927823,1
H08,0,0,0,Soil7,Soil7_CE153,No_Nitrate,No_Nitrate,0,0,20,4.46,CHL,None,Soil7_T9,0.05625,0.2214438483,5480,91.3,3.8,0,Soil7_CE153_pH5.51,10_20cm,5.514,25.4176611,1.916050119,0,0,1.127088305,1.201393109,4.527527528,T9,18.45365402,1
H09,0,0,0,Soil7,Soil7_CE153,No_Nitrate,No_Nitrate,0,0,20,4.46,CHL,None,Soil7_T9,0.0548,0.2051486921,5480,91.3,3.8,0,Soil7_CE153_pH5.51,10_20cm,5.514,25.4176611,1.916050119,0,0,1.127088305,1.201393109,4.527527528,T9,17.09572434,3
H10,0,2,0,Soil7,Soil7_CE153,Slurry,HCl_NaOH,0,0,20,4.46,CHL,None,Soil7_T9,0.0521,0.1748004985,5480,91.3,3.8,0,Soil7_CE153_pH5.51,10_20cm,5.514,25.4176611,1.916050119,0,0,1.127088305,1.201393109,4.593333333,T9,14.56670821,2
A07,0,2,0,Soil2,Soil2_Acidic12,Slurry,HCl_NaOH,-100,-10,20,8.51,CHL,None,Soil2_T9,0.2857,2.984629561,5360,89.3,3.7,-0.0002,Soil2_Acidic12_pH5.09,0_10cm,5.094,25.1497006,1.913772455,-0.104505632,-104.505632,1.125748503,1.133263357,8.6,T9,248.7191301,1
A08,0,2,0,Soil2,Soil2_Acidic12,Slurry,HCl_NaOH,-32,-3.2,20,7.61,CHL,None,Soil2_T9,0.1562,1.451129398,5360,89.3,3.7,-0.000064,Soil2_Acidic12_pH5.09,0_10cm,5.094,25.1497006,1.913772455,-0.03344180225,-33.44180225,1.125748503,1.133263357,7.714714715,T9,120.9274499,1
A09,0,2,0,Soil2,Soil2_Acidic12,Slurry,HCl_NaOH,-19,-1.9,20,6.71,CHL,None,Soil2_T9,0.1174,0.9877441707,5360,89.3,3.7,-0.000038,Soil2_Acidic12_pH5.09,0_10cm,5.094,25.1497006,1.913772455,-0.01985607009,-19.85607009,1.125748503,1.133263357,6.981981982,T9,82.31201423,1
A10,0,2,0,Soil2,Soil2_Acidic12,Slurry,HCl_NaOH,-11,-1.1,20,5.81,CHL,None,Soil2_T9,0.0885,0.6413933649,5360,89.3,3.7,-0.000022,Soil2_Acidic12_pH5.09,0_10cm,5.094,25.1497006,1.913772455,-0.01149561952,-11.49561952,1.125748503,1.133263357,6.237237237,T9,53.44944707,1
A11,0,2,0,Soil2,Soil2_Acidic12,Slurry,HCl_NaOH,-4,-0.4,20,4.91,CHL,None,Soil2_T9,0.06585,0.3692223188,5360,89.3,3.7,-0.000008,Soil2_Acidic12_pH5.09,0_10cm,5.094,25.1497006,1.913772455,-0.004180225282,-4.180225282,1.125748503,1.133263357,5.108108108,T9,30.76852656,1
A12,0,2,0,Soil2,Soil2_Acidic12,Slurry,HCl_NaOH,14,1.4,20,3.56,CHL,None,Soil2_T9,0.05345,0.2199482411,5360,89.3,3.7,0.000028,Soil2_Acidic12_pH5.09,0_10cm,5.094,25.1497006,1.913772455,0.01463078849,14.63078849,1.125748503,1.133263357,3.666666667,T9,18.3290201,1
B07,0,2,0,Soil2,Soil2_Acidic12,Slurry,HCl_NaOH,-45,-4.5,20,8.06,CHL,None,Soil2_T9,0.17865,1.71841196,5360,89.3,3.7,-0.00009,Soil2_Acidic12_pH5.09,0_10cm,5.094,25.1497006,1.913772455,-0.04702753442,-47.02753442,1.125748503,1.133263357,8.075075075,T9,143.2009967,1
B08,0,2,0,Soil2,Soil2_Acidic12,Slurry,HCl_NaOH,-24,-2.4,20,7.16,CHL,None,Soil2_T9,0.13065,1.146194657,5360,89.3,3.7,-0.000048,Soil2_Acidic12_pH5.09,0_10cm,5.094,25.1497006,1.913772455,-0.02508135169,-25.08135169,1.125748503,1.133263357,7.246246246,T9,95.51622142,1
B09,0,2,0,Soil2,Soil2_Acidic12,Slurry,HCl_NaOH,-15,-1.5,20,6.26,CHL,None,Soil2_T9,0.1018,0.800914658,5360,89.3,3.7,-0.00003,Soil2_Acidic12_pH5.09,0_10cm,5.094,25.1497006,1.913772455,-0.01567584481,-15.67584481,1.125748503,1.133263357,6.633633634,T9,66.74288817,1
B10,0,2,0,Soil2,Soil2_Acidic12,Slurry,HCl_NaOH,-7,-0.7,20,5.36,CHL,None,Soil2_T9,0.07615,0.4930701643,5360,89.3,3.7,-0.000014,Soil2_Acidic12_pH5.09,0_10cm,5.094,25.1497006,1.913772455,-0.007315394243,-7.315394243,1.125748503,1.133263357,5.948948949,T9,41.08918036,1
B11,0,2,0,Soil2,Soil2_Acidic12,Slurry,HCl_NaOH,6,0.6,20,4.01,CHL,None,Soil2_T9,0.05485,0.2368114,5360,89.3,3.7,0.000012,Soil2_Acidic12_pH5.09,0_10cm,5.094,25.1497006,1.913772455,0.006270337922,6.270337922,1.125748503,1.133263357,4.075075075,T9,19.73428334,1
B12,0,2,0,Soil2,Soil2_Acidic12,Slurry,HCl_NaOH,34,3.4,20,3.11,CHL,None,Soil2_T9,0.0598,0.2964150358,5360,89.3,3.7,0.000068,Soil2_Acidic12_pH5.09,0_10cm,5.094,25.1497006,1.913772455,0.03553191489,35.53191489,1.125748503,1.133263357,3.29,T9,24.70125298,1
C07,0,2,0,Soil2,Soil2_Acidic12,Slurry,HCl_NaOH,-100,-10,20,8.51,CHL,None,Soil2_T9,0.27565,2.866331021,5360,89.3,3.7,-0.0002,Soil2_Acidic12_pH5.09,0_10cm,5.094,25.1497006,1.913772455,-0.104505632,-104.505632,1.125748503,1.133263357,8.6,T9,238.8609184,2
C08,0,2,0,Soil2,Soil2_Acidic12,Slurry,HCl_NaOH,-32,-3.2,20,7.61,CHL,None,Soil2_T9,0.1557,1.445169609,5360,89.3,3.7,-0.000064,Soil2_Acidic12_pH5.09,0_10cm,5.094,25.1497006,1.913772455,-0.03344180225,-33.44180225,1.125748503,1.133263357,7.714714715,T9,120.4308007,2
C09,0,2,0,Soil2,Soil2_Acidic12,Slurry,HCl_NaOH,-19,-1.9,20,6.71,CHL,None,Soil2_T9,0.11145,0.9165208215,5360,89.3,3.7,-0.000038,Soil2_Acidic12_pH5.09,0_10cm,5.094,25.1497006,1.913772455,-0.01985607009,-19.85607009,1.125748503,1.133263357,6.981981982,T9,76.37673513,2
C10,0,2,0,Soil2,Soil2_Acidic12,Slurry,HCl_NaOH,-11,-1.1,20,5.81,CHL,None,Soil2_T9,0.0862,0.6137847665,5360,89.3,3.7,-0.000022,Soil2_Acidic12_pH5.09,0_10cm,5.094,25.1497006,1.913772455,-0.01149561952,-11.49561952,1.125748503,1.133263357,6.237237237,T9,51.14873054,2
C11,0,2,0,Soil2,Soil2_Acidic12,Slurry,HCl_NaOH,-4,-0.4,20,4.91,CHL,None,Soil2_T9,0.0629,0.3337269593,5360,89.3,3.7,-0.000008,Soil2_Acidic12_pH5.09,0_10cm,5.094,25.1497006,1.913772455,-0.004180225282,-4.180225282,1.125748503,1.133263357,5.108108108,T9,27.81057994,2
C12,0,2,0,Soil2,Soil2_Acidic12,Slurry,HCl_NaOH,14,1.4,20,3.56,CHL,None,Soil2_T9,0.0538,0.2241642611,5360,89.3,3.7,0.000028,Soil2_Acidic12_pH5.09,0_10cm,5.094,25.1497006,1.913772455,0.01463078849,14.63078849,1.125748503,1.133263357,3.666666667,T9,18.68035509,2
D07,0,2,0,Soil2,Soil2_Acidic12,Slurry,HCl_NaOH,-45,-4.5,20,8.06,CHL,None,Soil2_T9,0.17515,1.676782158,5360,89.3,3.7,-0.00009,Soil2_Acidic12_pH5.09,0_10cm,5.094,25.1497006,1.913772455,-0.04702753442,-47.02753442,1.125748503,1.133263357,8.075075075,T9,139.7318465,2
D08,0,2,0,Soil2,Soil2_Acidic12,Slurry,HCl_NaOH,-24,-2.4,20,7.16,CHL,None,Soil2_T9,0.11865,1.002701529,5360,89.3,3.7,-0.000048,Soil2_Acidic12_pH5.09,0_10cm,5.094,25.1497006,1.913772455,-0.02508135169,-25.08135169,1.125748503,1.133263357,7.246246246,T9,83.55846074,2
D09,0,2,0,Soil2,Soil2_Acidic12,Slurry,HCl_NaOH,-15,-1.5,20,6.26,CHL,None,Soil2_T9,0.0941,0.7085868942,5360,89.3,3.7,-0.00003,Soil2_Acidic12_pH5.09,0_10cm,5.094,25.1497006,1.913772455,-0.01567584481,-15.67584481,1.125748503,1.133263357,6.633633634,T9,59.04890785,2
D10,0,2,0,Soil2,Soil2_Acidic12,Slurry,HCl_NaOH,-7,-0.7,20,5.36,CHL,None,Soil2_T9,0.07135,0.4353711118,5360,89.3,3.7,-0.000014,Soil2_Acidic12_pH5.09,0_10cm,5.094,25.1497006,1.913772455,-0.007315394243,-7.315394243,1.125748503,1.133263357,5.948948949,T9,36.28092598,2
D11,0,2,0,Soil2,Soil2_Acidic12,Slurry,HCl_NaOH,6,0.6,20,4.01,CHL,None,Soil2_T9,0.048,0.1542789747,5360,89.3,3.7,0.000012,Soil2_Acidic12_pH5.09,0_10cm,5.094,25.1497006,1.913772455,0.006270337922,6.270337922,1.125748503,1.133263357,4.075075075,T9,12.85658122,2
D12,0,2,0,Soil2,Soil2_Acidic12,Slurry,HCl_NaOH,34,3.4,20,3.11,CHL,None,Soil2_T9,0.05265,0.2103110478,5360,89.3,3.7,0.000068,Soil2_Acidic12_pH5.09,0_10cm,5.094,25.1497006,1.913772455,0.03553191489,35.53191489,1.125748503,1.133263357,3.29,T9,17.52592065,2
E07,0,2,0,Soil2,Soil2_Acidic12,Slurry,HCl_NaOH,-100,-10,20,8.51,CHL,None,Soil2_T9,0.2616,2.700750179,5360,89.3,3.7,-0.0002,Soil2_Acidic12_pH5.09,0_10cm,5.094,25.1497006,1.913772455,-0.104505632,-104.505632,1.125748503,1.133263357,8.6,T9,225.0625149,3
E08,0,2,0,Soil2,Soil2_Acidic12,Slurry,HCl_NaOH,-32,-3.2,20,7.61,CHL,None,Soil2_T9,0.139,1.24593798,5360,89.3,3.7,-0.000064,Soil2_Acidic12_pH5.09,0_10cm,5.094,25.1497006,1.913772455,-0.03344180225,-33.44180225,1.125748503,1.133263357,7.714714715,T9,103.828165,3
E09,0,2,0,Soil2,Soil2_Acidic12,Slurry,HCl_NaOH,-19,-1.9,20,6.71,CHL,None,Soil2_T9,0.1048,0.836866694,5360,89.3,3.7,-0.000038,Soil2_Acidic12_pH5.09,0_10cm,5.094,25.1497006,1.913772455,-0.01985607009,-19.85607009,1.125748503,1.133263357,6.981981982,T9,69.73889117,3
E10,0,2,0,Soil2,Soil2_Acidic12,Slurry,HCl_NaOH,-11,-1.1,20,5.81,CHL,None,Soil2_T9,0.0841,0.5885711859,5360,89.3,3.7,-0.000022,Soil2_Acidic12_pH5.09,0_10cm,5.094,25.1497006,1.913772455,-0.01149561952,-11.49561952,1.125748503,1.133263357,6.237237237,T9,49.04759883,3
E11,0,2,0,Soil2,Soil2_Acidic12,Slurry,HCl_NaOH,-4,-0.4,20,4.91,CHL,None,Soil2_T9,0.06295,0.3343286661,5360,89.3,3.7,-0.000008,Soil2_Acidic12_pH5.09,0_10cm,5.094,25.1497006,1.913772455,-0.004180225282,-4.180225282,1.125748503,1.133263357,5.108108108,T9,27.86072218,3
E12,0,2,0,Soil2,Soil2_Acidic12,Slurry,HCl_NaOH,14,1.4,20,3.56,CHL,None,Soil2_T9,0.0505,0.1844071157,5360,89.3,3.7,0.000028,Soil2_Acidic12_pH5.09,0_10cm,5.094,25.1497006,1.913772455,0.01463078849,14.63078849,1.125748503,1.133263357,3.666666667,T9,15.36725964,3
F07,0,2,0,Soil2,Soil2_Acidic12,Slurry,HCl_NaOH,-45,-4.5,20,8.06,CHL,None,Soil2_T9,0.1652,1.55835377,5360,89.3,3.7,-0.00009,Soil2_Acidic12_pH5.09,0_10cm,5.094,25.1497006,1.913772455,-0.04702753442,-47.02753442,1.125748503,1.133263357,8.075075075,T9,129.8628141,3
F08,0,2,0,Soil2,Soil2_Acidic12,Slurry,HCl_NaOH,-24,-2.4,20,7.16,CHL,None,Soil2_T9,0.1202,1.021245989,5360,89.3,3.7,-0.000048,Soil2_Acidic12_pH5.09,0_10cm,5.094,25.1497006,1.913772455,-0.02508135169,-25.08135169,1.125748503,1.133263357,7.246246246,T9,85.10383238,3
F09,0,2,0,Soil2,Soil2_Acidic12,Slurry,HCl_NaOH,-15,-1.5,20,6.26,CHL,None,Soil2_T9,0.09475,0.7163836287,5360,89.3,3.7,-0.00003,Soil2_Acidic12_pH5.09,0_10cm,5.094,25.1497006,1.913772455,-0.01567584481,-15.67584481,1.125748503,1.133263357,6.633633634,T9,59.69863572,3
F10,0,2,0,Soil2,Soil2_Acidic12,Slurry,HCl_NaOH,-7,-0.7,20,5.36,CHL,None,Soil2_T9,0.06965,0.4149291488,5360,89.3,3.7,-0.000014,Soil2_Acidic12_pH5.09,0_10cm,5.094,25.1497006,1.913772455,-0.007315394243,-7.315394243,1.125748503,1.133263357,5.948948949,T9,34.57742907,3
F11,0,2,0,Soil2,Soil2_Acidic12,Slurry,HCl_NaOH,6,0.6,20,4.01,CHL,None,Soil2_T9,0.0516,0.1976610143,5360,89.3,3.7,0.000012,Soil2_Acidic12_pH5.09,0_10cm,5.094,25.1497006,1.913772455,0.006270337922,6.270337922,1.125748503,1.133263357,4.075075075,T9,16.47175119,3
F12,0,2,0,Soil2,Soil2_Acidic12,Slurry,HCl_NaOH,34,3.4,20,3.11,CHL,None,Soil2_T9,0.0559,0.2494571582,5360,89.3,3.7,0.000068,Soil2_Acidic12_pH5.09,0_10cm,5.094,25.1497006,1.913772455,0.03553191489,35.53191489,1.125748503,1.133263357,3.29,T9,20.78809652,3
G07,0,2,0,Soil2,Soil2_Acidic12,Slurry,HCl_NaOH,-100,-10,20,8.51,CHL,CHX,Soil2_T9,0.2605,2.68777677,5360,89.3,3.7,-0.0002,Soil2_Acidic12_pH5.09,0_10cm,5.094,25.1497006,1.913772455,-0.104505632,-104.505632,1.125748503,1.133263357,8.62,T9,223.9813975,1
G08,0,2,0,Soil2,Soil2_Acidic12,Slurry,HCl_NaOH,0,0,20,4.46,CHL,CHX,Soil2_T9,0.0698,0.4167329963,5360,89.3,3.7,0,Soil2_Acidic12_pH5.09,0_10cm,5.094,25.1497006,1.913772455,0,0,1.125748503,1.133263357,4.651651652,T9,34.72774969,1
G09,0,0,0,Soil2,Soil2_Acidic12,No_Nitrate,No_Nitrate,0,0,20,4.46,CHL,None,Soil2_T9,0.0534,0.2193459401,5360,89.3,3.7,0,Soil2_Acidic12_pH5.09,0_10cm,5.094,25.1497006,1.913772455,0,0,1.125748503,1.133263357,4.435435435,T9,18.27882834,2
G10,0,2,0,Soil2,Soil2_Acidic12,Slurry,HCl_NaOH,0,0,20,4.46,CHL,None,Soil2_T9,0.05145,0.1958537538,5360,89.3,3.7,0,Soil2_Acidic12_pH5.09,0_10cm,5.094,25.1497006,1.913772455,0,0,1.125748503,1.133263357,4.38,T9,16.32114615,1
G11,0,2,0,Soil2,Soil2_Acidic12,Slurry,HCl_NaOH,0,0,20,4.46,CHL,None,Soil2_T9,0.0526,0.2097086966,5360,89.3,3.7,0,Soil2_Acidic12_pH5.09,0_10cm,5.094,25.1497006,1.913772455,0,0,1.125748503,1.133263357,4.38,T9,17.47572472,3
H07,0,2,0,Soil2,Soil2_Acidic12,Slurry,HCl_NaOH,34,3.4,20,3.11,CHL,CHX,Soil2_T9,0.0609,0.3096561255,5360,89.3,3.7,0.000068,Soil2_Acidic12_pH5.09,0_10cm,5.094,25.1497006,1.913772455,0.03553191489,35.53191489,1.125748503,1.133263357,3.318318318,T9,25.80467712,1
H08,0,0,0,Soil2,Soil2_Acidic12,No_Nitrate,No_Nitrate,0,0,20,4.46,CHL,None,Soil2_T9,0.05185,0.2006730524,5360,89.3,3.7,0,Soil2_Acidic12_pH5.09,0_10cm,5.094,25.1497006,1.913772455,0,0,1.125748503,1.133263357,4.435435435,T9,16.72275437,1
H09,0,0,0,Soil2,Soil2_Acidic12,No_Nitrate,No_Nitrate,0,0,20,4.46,CHL,None,Soil2_T9,0.0498,0.1759720266,5360,89.3,3.7,0,Soil2_Acidic12_pH5.09,0_10cm,5.094,25.1497006,1.913772455,0,0,1.125748503,1.133263357,4.435435435,T9,14.66433555,3
H10,0,2,0,Soil2,Soil2_Acidic12,Slurry,HCl_NaOH,0,0,20,4.46,CHL,None,Soil2_T9,0.0471,0.1434309239,5360,89.3,3.7,0,Soil2_Acidic12_pH5.09,0_10cm,5.094,25.1497006,1.913772455,0,0,1.125748503,1.133263357,4.38,T9,11.95257699,2
A07,0,2,0,Soil4,Soil4_CE56b,Slurry,HCl_NaOH,-100,-10,20,8.68,CHL,None,Soil4_T9,0.18905,1.802789126,5550,92.5,3.9,-0.0002,Soil4_CE56b_pH5.28,10_20cm,5.277,26.47058824,1.925,-0.1038961039,-103.8961039,1.132352941,1.201393109,8.78,T9,150.2324272,1
A08,0,2,0,Soil4,Soil4_CE56b,Slurry,HCl_NaOH,-28,-2.8,20,7.78,CHL,None,Soil4_T9,0.11775,0.9653477692,5550,92.5,3.9,-0.000056,Soil4_CE56b_pH5.28,10_20cm,5.277,26.47058824,1.925,-0.02909090909,-29.09090909,1.132352941,1.201393109,7.834834835,T9,80.44564744,1
A09,0,2,0,Soil4,Soil4_CE56b,Slurry,HCl_NaOH,-17,-1.7,20,6.88,CHL,None,Soil4_T9,0.09805,0.732427806,5550,92.5,3.9,-0.000034,Soil4_CE56b_pH5.28,10_20cm,5.277,26.47058824,1.925,-0.01766233766,-17.66233766,1.132352941,1.201393109,7.138138138,T9,61.0356505,1
A10,0,2,0,Soil4,Soil4_CE56b,Slurry,HCl_NaOH,-11,-1.1,20,5.98,CHL,None,Soil4_T9,0.08395,0.5653036384,5550,92.5,3.9,-0.000022,Soil4_CE56b_pH5.28,10_20cm,5.277,26.47058824,1.925,-0.01142857143,-11.42857143,1.132352941,1.201393109,6.429429429,T9,47.10863653,1
A11,0,2,0,Soil4,Soil4_CE56b,Slurry,HCl_NaOH,-5,-0.5,20,5.08,CHL,None,Soil4_T9,0.0519,0.1841216716,5550,92.5,3.9,-0.00001,Soil4_CE56b_pH5.28,10_20cm,5.277,26.47058824,1.925,-0.005194805195,-5.194805195,1.132352941,1.201393109,6.60960961,T9,15.34347264,1
A12,0,2,0,Soil4,Soil4_CE56b,Slurry,HCl_NaOH,5,0.5,20,3.73,CHL,None,Soil4_T9,0.03255,0,5550,92.5,3.9,0.00001,Soil4_CE56b_pH5.28,10_20cm,5.277,26.47058824,1.925,0.005194805195,5.194805195,1.132352941,1.201393109,3.858858859,T9,0,1
B07,0,2,0,Soil4,Soil4_CE56b,Slurry,HCl_NaOH,-65,-6.5,20,8.23,CHL,None,Soil4_T9,0.15365,1.388085682,5550,92.5,3.9,-0.00013,Soil4_CE56b_pH5.28,10_20cm,5.277,26.47058824,1.925,-0.06753246753,-67.53246753,1.132352941,1.201393109,8.387387387,T9,115.6738069,1
B08,0,2,0,Soil4,Soil4_CE56b,Slurry,HCl_NaOH,-20,-2,20,7.33,CHL,None,Soil4_T9,0.1039,0.801664733,5550,92.5,3.9,-0.00004,Soil4_CE56b_pH5.28,10_20cm,5.277,26.47058824,1.925,-0.02077922078,-20.77922078,1.132352941,1.201393109,7.21021021,T9,66.80539441,1
B09,0,2,0,Soil4,Soil4_CE56b,Slurry,HCl_NaOH,-13,-1.3,20,6.43,CHL,None,Soil4_T9,0.09335,0.6767583556,5550,92.5,3.9,-0.000026,Soil4_CE56b_pH5.28,10_20cm,5.277,26.47058824,1.925,-0.01350649351,-13.50649351,1.132352941,1.201393109,6.585585586,T9,56.39652964,1
B10,0,2,0,Soil4,Soil4_CE56b,Slurry,HCl_NaOH,-8,-0.8,20,5.53,CHL,None,Soil4_T9,0.07025,0.4025866395,5550,92.5,3.9,-0.000016,Soil4_CE56b_pH5.28,10_20cm,5.277,26.47058824,1.925,-0.008311688312,-8.311688312,1.132352941,1.201393109,6.093093093,T9,33.54888663,1
B11,0,2,0,Soil4,Soil4_CE56b,Slurry,HCl_NaOH,-2,-0.2,20,4.63,CHL,None,Soil4_T9,0.0393,0.03376645753,5550,92.5,3.9,-0.000004,Soil4_CE56b_pH5.28,10_20cm,5.277,26.47058824,1.925,-0.002077922078,-2.077922078,1.132352941,1.201393109,4.867867868,T9,2.81387146,1
B12,0,2,0,Soil4,Soil4_CE56b,Slurry,HCl_NaOH,20,2,20,3.28,CHL,None,Soil4_T9,0.0294,0,5550,92.5,3.9,0.00004,Soil4_CE56b_pH5.28,10_20cm,5.277,26.47058824,1.925,0.02077922078,20.77922078,1.132352941,1.201393109,3.318318318,T9,0,1
C07,0,2,0,Soil4,Soil4_CE56b,Slurry,HCl_NaOH,-100,-10,20,8.68,CHL,None,Soil4_T9,0.1654,1.525969148,5550,92.5,3.9,-0.0002,Soil4_CE56b_pH5.28,10_20cm,5.277,26.47058824,1.925,-0.1038961039,-103.8961039,1.132352941,1.201393109,8.78,T9,127.1640957,2
C08,0,2,0,Soil4,Soil4_CE56b,Slurry,HCl_NaOH,-28,-2.8,20,7.78,CHL,None,Soil4_T9,0.11515,0.9346455973,5550,92.5,3.9,-0.000056,Soil4_CE56b_pH5.28,10_20cm,5.277,26.47058824,1.925,-0.02909090909,-29.09090909,1.132352941,1.201393109,7.834834835,T9,77.88713311,2
C09,0,2,0,Soil4,Soil4_CE56b,Slurry,HCl_NaOH,-17,-1.7,20,6.88,CHL,None,Soil4_T9,0.0979,0.7306517166,5550,92.5,3.9,-0.000034,Soil4_CE56b_pH5.28,10_20cm,5.277,26.47058824,1.925,-0.01766233766,-17.66233766,1.132352941,1.201393109,7.138138138,T9,60.88764305,2
C10,0,2,0,Soil4,Soil4_CE56b,Slurry,HCl_NaOH,-11,-1.1,20,5.98,CHL,None,Soil4_T9,0.0777,0.4911123804,5550,92.5,3.9,-0.000022,Soil4_CE56b_pH5.28,10_20cm,5.277,26.47058824,1.925,-0.01142857143,-11.42857143,1.132352941,1.201393109,6.429429429,T9,40.9260317,2
C11,0,2,0,Soil4,Soil4_CE56b,Slurry,HCl_NaOH,-5,-0.5,20,5.08,CHL,None,Soil4_T9,0.0454,0.1065928421,5550,92.5,3.9,-0.00001,Soil4_CE56b_pH5.28,10_20cm,5.277,26.47058824,1.925,-0.005194805195,-5.194805195,1.132352941,1.201393109,6.60960961,T9,8.882736844,2
C12,0,2,0,Soil4,Soil4_CE56b,Slurry,HCl_NaOH,5,0.5,20,3.73,CHL,None,Soil4_T9,0.02725,0,5550,92.5,3.9,0.00001,Soil4_CE56b_pH5.28,10_20cm,5.277,26.47058824,1.925,0.005194805195,5.194805195,1.132352941,1.201393109,3.858858859,T9,0,2
D07,0,2,0,Soil4,Soil4_CE56b,Slurry,HCl_NaOH,-65,-6.5,20,8.23,CHL,None,Soil4_T9,0.13395,1.156383336,5550,92.5,3.9,-0.00013,Soil4_CE56b_pH5.28,10_20cm,5.277,26.47058824,1.925,-0.06753246753,-67.53246753,1.132352941,1.201393109,8.387387387,T9,96.36527804,2
D08,0,2,0,Soil4,Soil4_CE56b,Slurry,HCl_NaOH,-20,-2,20,7.33,CHL,None,Soil4_T9,0.08895,0.6246073124,5550,92.5,3.9,-0.00004,Soil4_CE56b_pH5.28,10_20cm,5.277,26.47058824,1.925,-0.02077922078,-20.77922078,1.132352941,1.201393109,7.21021021,T9,52.05060937,2
D09,0,2,0,Soil4,Soil4_CE56b,Slurry,HCl_NaOH,-13,-1.3,20,6.43,CHL,None,Soil4_T9,0.077,0.4827986852,5550,92.5,3.9,-0.000026,Soil4_CE56b_pH5.28,10_20cm,5.277,26.47058824,1.925,-0.01350649351,-13.50649351,1.132352941,1.201393109,6.585585586,T9,40.23322377,2
D10,0,2,0,Soil4,Soil4_CE56b,Slurry,HCl_NaOH,-8,-0.8,20,5.53,CHL,None,Soil4_T9,0.04955,0.1561007039,5550,92.5,3.9,-0.000016,Soil4_CE56b_pH5.28,10_20cm,5.277,26.47058824,1.925,-0.008311688312,-8.311688312,1.132352941,1.201393109,6.093093093,T9,13.00839199,2
D11,0,2,0,Soil4,Soil4_CE56b,Slurry,HCl_NaOH,-2,-0.2,20,4.63,CHL,None,Soil4_T9,0.02745,0,5550,92.5,3.9,-0.000004,Soil4_CE56b_pH5.28,10_20cm,5.277,26.47058824,1.925,-0.002077922078,-2.077922078,1.132352941,1.201393109,4.867867868,T9,0,2
D12,0,2,0,Soil4,Soil4_CE56b,Slurry,HCl_NaOH,20,2,20,3.28,CHL,None,Soil4_T9,0.02125,0,5550,92.5,3.9,0.00004,Soil4_CE56b_pH5.28,10_20cm,5.277,26.47058824,1.925,0.02077922078,20.77922078,1.132352941,1.201393109,3.318318318,T9,0,2
E07,0,2,0,Soil4,Soil4_CE56b,Slurry,HCl_NaOH,-100,-10,20,8.68,CHL,None,Soil4_T9,0.15195,1.368117168,5550,92.5,3.9,-0.0002,Soil4_CE56b_pH5.28,10_20cm,5.277,26.47058824,1.925,-0.1038961039,-103.8961039,1.132352941,1.201393109,8.78,T9,114.009764,3
E08,0,2,0,Soil4,Soil4_CE56b,Slurry,HCl_NaOH,-28,-2.8,20,7.78,CHL,None,Soil4_T9,0.1158,0.942322236,5550,92.5,3.9,-0.000056,Soil4_CE56b_pH5.28,10_20cm,5.277,26.47058824,1.925,-0.02909090909,-29.09090909,1.132352941,1.201393109,7.834834835,T9,78.526853,3
E09,0,2,0,Soil4,Soil4_CE56b,Slurry,HCl_NaOH,-17,-1.7,20,6.88,CHL,None,Soil4_T9,0.10485,0.8129027177,5550,92.5,3.9,-0.000034,Soil4_CE56b_pH5.28,10_20cm,5.277,26.47058824,1.925,-0.01766233766,-17.66233766,1.132352941,1.201393109,7.138138138,T9,67.74189314,3
E10,0,2,0,Soil4,Soil4_CE56b,Slurry,HCl_NaOH,-11,-1.1,20,5.98,CHL,None,Soil4_T9,0.0791,0.5077371858,5550,92.5,3.9,-0.000022,Soil4_CE56b_pH5.28,10_20cm,5.277,26.47058824,1.925,-0.01142857143,-11.42857143,1.132352941,1.201393109,6.429429429,T9,42.31143215,3
E11,0,2,0,Soil4,Soil4_CE56b,Slurry,HCl_NaOH,-5,-0.5,20,5.08,CHL,None,Soil4_T9,0.03875,0.02719687521,5550,92.5,3.9,-0.00001,Soil4_CE56b_pH5.28,10_20cm,5.277,26.47058824,1.925,-0.005194805195,-5.194805195,1.132352941,1.201393109,6.60960961,T9,2.266406267,3
E12,0,2,0,Soil4,Soil4_CE56b,Slurry,HCl_NaOH,5,0.5,20,3.73,CHL,None,Soil4_T9,0.01995,0,5550,92.5,3.9,0.00001,Soil4_CE56b_pH5.28,10_20cm,5.277,26.47058824,1.925,0.005194805195,5.194805195,1.132352941,1.201393109,3.858858859,T9,0,3
F07,0,2,0,Soil4,Soil4_CE56b,Slurry,HCl_NaOH,-65,-6.5,20,8.23,CHL,None,Soil4_T9,0.1349,1.167572033,5550,92.5,3.9,-0.00013,Soil4_CE56b_pH5.28,10_20cm,5.277,26.47058824,1.925,-0.06753246753,-67.53246753,1.132352941,1.201393109,8.387387387,T9,97.29766942,3
F08,0,2,0,Soil4,Soil4_CE56b,Slurry,HCl_NaOH,-20,-2,20,7.33,CHL,None,Soil4_T9,0.0869,0.6002981026,5550,92.5,3.9,-0.00004,Soil4_CE56b_pH5.28,10_20cm,5.277,26.47058824,1.925,-0.02077922078,-20.77922078,1.132352941,1.201393109,7.21021021,T9,50.02484189,3
F09,0,2,0,Soil4,Soil4_CE56b,Slurry,HCl_NaOH,-13,-1.3,20,6.43,CHL,None,Soil4_T9,0.0836,0.5611507404,5550,92.5,3.9,-0.000026,Soil4_CE56b_pH5.28,10_20cm,5.277,26.47058824,1.925,-0.01350649351,-13.50649351,1.132352941,1.201393109,6.585585586,T9,46.7625617,3
F10,0,2,0,Soil4,Soil4_CE56b,Slurry,HCl_NaOH,-8,-0.8,20,5.53,CHL,None,Soil4_T9,0.0686,0.3829670323,5550,92.5,3.9,-0.000016,Soil4_CE56b_pH5.28,10_20cm,5.277,26.47058824,1.925,-0.008311688312,-8.311688312,1.132352941,1.201393109,6.093093093,T9,31.91391936,3
F11,0,2,0,Soil4,Soil4_CE56b,Slurry,HCl_NaOH,-2,-0.2,20,4.63,CHL,None,Soil4_T9,0.02615,0,5550,92.5,3.9,-0.000004,Soil4_CE56b_pH5.28,10_20cm,5.277,26.47058824,1.925,-0.002077922078,-2.077922078,1.132352941,1.201393109,4.867867868,T9,0,3
F12,0,2,0,Soil4,Soil4_CE56b,Slurry,HCl_NaOH,20,2,20,3.28,CHL,None,Soil4_T9,0.01855,0,5550,92.5,3.9,0.00004,Soil4_CE56b_pH5.28,10_20cm,5.277,26.47058824,1.925,0.02077922078,20.77922078,1.132352941,1.201393109,3.318318318,T9,0,3
G07,0,2,0,Soil4,Soil4_CE56b,Slurry,HCl_NaOH,-100,-10,20,8.68,CHL,CHX,Soil4_T9,0.1511,1.358131067,5550,92.5,3.9,-0.0002,Soil4_CE56b_pH5.28,10_20cm,5.277,26.47058824,1.925,-0.1038961039,-103.8961039,1.132352941,1.201393109,8.75,T9,113.1775889,1
G08,0,2,0,Soil4,Soil4_CE56b,Slurry,HCl_NaOH,0,0,20,4.18,CHL,CHX,Soil4_T9,0.0255,0,5550,92.5,3.9,0,Soil4_CE56b_pH5.28,10_20cm,5.277,26.47058824,1.925,0,0,1.132352941,1.201393109,4.483483483,T9,0,1
G09,0,0,0,Soil4,Soil4_CE56b,No_Nitrate,No_Nitrate,0,0,20,4.18,CHL,None,Soil4_T9,0.0192,0,5550,92.5,3.9,0,Soil4_CE56b_pH5.28,10_20cm,5.277,26.47058824,1.925,0,0,1.132352941,1.201393109,4.283283283,T9,0,2
G10,0,2,0,Soil4,Soil4_CE56b,Slurry,HCl_NaOH,0,0,20,4.18,CHL,None,Soil4_T9,0.0189,0,5550,92.5,3.9,0,Soil4_CE56b_pH5.28,10_20cm,5.277,26.47058824,1.925,0,0,1.132352941,1.201393109,4.426666667,T9,0,1
G11,0,2,0,Soil4,Soil4_CE56b,Slurry,HCl_NaOH,0,0,20,4.18,CHL,None,Soil4_T9,0.0178,0,5550,92.5,3.9,0,Soil4_CE56b_pH5.28,10_20cm,5.277,26.47058824,1.925,0,0,1.132352941,1.201393109,4.426666667,T9,0,3
H07,0,2,0,Soil4,Soil4_CE56b,Slurry,HCl_NaOH,20,2,20,3.28,CHL,CHX,Soil4_T9,0.0342,0,5550,92.5,3.9,0.00004,Soil4_CE56b_pH5.28,10_20cm,5.277,26.47058824,1.925,0.02077922078,20.77922078,1.132352941,1.201393109,3.45045045,T9,0,1
H08,0,0,0,Soil4,Soil4_CE56b,No_Nitrate,No_Nitrate,0,0,20,4.18,CHL,None,Soil4_T9,0.0217,0,5550,92.5,3.9,0,Soil4_CE56b_pH5.28,10_20cm,5.277,26.47058824,1.925,0,0,1.132352941,1.201393109,4.283283283,T9,0,1
H09,0,0,0,Soil4,Soil4_CE56b,No_Nitrate,No_Nitrate,0,0,20,4.18,CHL,None,Soil4_T9,0.0227,0,5550,92.5,3.9,0,Soil4_CE56b_pH5.28,10_20cm,5.277,26.47058824,1.925,0,0,1.132352941,1.201393109,4.283283283,T9,0,3
H10,0,2,0,Soil4,Soil4_CE56b,Slurry,HCl_NaOH,0,0,20,4.18,CHL,None,Soil4_T9,0.02125,0,5550,92.5,3.9,0,Soil4_CE56b_pH5.28,10_20cm,5.277,26.47058824,1.925,0,0,1.132352941,1.201393109,4.426666667,T9,0,2
G12,0,2,0,Soil1,Soil1_Acidic4,Nitrate_Blank,Nitrate,0,0,20,None,CHL,None,Soil1_T9,0.01125,0,5360,89.3,3.7,0,Soil1_Acidic4_pH4.7,0_10cm,4.703,25.32855436,1.915292712,0,0,1.126642772,1.133263357,,T9,0,2
H11,2,0,0,Soil1,Soil1_Acidic4,Nitrite_Blank,Nitrite,0,0,20,None,CHL,None,Soil1_T9,0.00555,0,5360,89.3,3.7,0,Soil1_Acidic4_pH4.7,0_10cm,4.703,25.32855436,1.915292712,0,0,1.126642772,1.133263357,,T9,0,1
H12,0,0,2,Soil1,Soil1_Acidic4,Ammonium_Blank,Ammonium,0,0,20,None,CHL,None,Soil1_T9,0.00495,0,5360,89.3,3.7,0,Soil1_Acidic4_pH4.7,0_10cm,4.703,25.32855436,1.915292712,0,0,1.126642772,1.133263357,,T9,0,3
G12,0,2,0,Soil7,Soil7_CE153,Nitrate_Blank,Nitrate,0,0,20,None,CHL,None,Soil7_T9,0.00475,0,5480,91.3,3.8,0,Soil7_CE153_pH5.51,10_20cm,5.514,25.4176611,1.916050119,0,0,1.127088305,1.201393109,,T9,0,2
H11,2,0,0,Soil7,Soil7_CE153,Nitrite_Blank,Nitrite,0,0,20,None,CHL,None,Soil7_T9,0.00585,0,5480,91.3,3.8,0,Soil7_CE153_pH5.51,10_20cm,5.514,25.4176611,1.916050119,0,0,1.127088305,1.201393109,,T9,0,1
H12,0,0,2,Soil7,Soil7_CE153,Ammonium_Blank,Ammonium,0,0,20,None,CHL,None,Soil7_T9,0.00365,0,5480,91.3,3.8,0,Soil7_CE153_pH5.51,10_20cm,5.514,25.4176611,1.916050119,0,0,1.127088305,1.201393109,,T9,0,3
G12,0,2,0,Soil2,Soil2_Acidic12,Nitrate_Blank,Nitrate,0,0,20,None,CHL,None,Soil2_T9,0.00905,0,5360,89.3,3.7,0,Soil2_Acidic12_pH5.09,0_10cm,5.094,25.1497006,1.913772455,0,0,1.125748503,1.133263357,,T9,0,2
H11,2,0,0,Soil2,Soil2_Acidic12,Nitrite_Blank,Nitrite,0,0,20,None,CHL,None,Soil2_T9,0.008,0,5360,89.3,3.7,0,Soil2_Acidic12_pH5.09,0_10cm,5.094,25.1497006,1.913772455,0,0,1.125748503,1.133263357,,T9,0,1
H12,0,0,2,Soil2,Soil2_Acidic12,Ammonium_Blank,Ammonium,0,0,20,None,CHL,None,Soil2_T9,0.0069,0,5360,89.3,3.7,0,Soil2_Acidic12_pH5.09,0_10cm,5.094,25.1497006,1.913772455,0,0,1.125748503,1.133263357,,T9,0,3
G12,0,2,0,Soil4,Soil4_CE56b,Nitrate_Blank,Nitrate,0,0,20,None,CHL,None,Soil4_T9,0.00175,0,5550,92.5,3.9,0,Soil4_CE56b_pH5.28,10_20cm,5.277,26.47058824,1.925,0,0,1.132352941,1.201393109,,T9,0,2
H11,2,0,0,Soil4,Soil4_CE56b,Nitrite_Blank,Nitrite,0,0,20,None,CHL,None,Soil4_T9,0.01195,0,5550,92.5,3.9,0,Soil4_CE56b_pH5.28,10_20cm,5.277,26.47058824,1.925,0,0,1.132352941,1.201393109,,T9,0,1
H12,0,0,2,Soil4,Soil4_CE56b,Ammonium_Blank,Ammonium,0,0,20,None,CHL,None,Soil4_T9,0.0022,0,5550,92.5,3.9,0,Soil4_CE56b_pH5.28,10_20cm,5.277,26.47058824,1.925,0,0,1.132352941,1.201393109,,T9,0,3
A07,0,2,0,Soil1,Soil1_Acidic4,Slurry,HCl_NaOH,-100,-10,20,8.68,CHL,None,Soil1_T0,0.1562,1.553258642,0,0,0,-0.0002,Soil1_Acidic4_pH4.7,0_10cm,4.703,25.32855436,1.915292712,-0.1044226811,-104.4226811,1.126642772,1.133263357,8.61,T0,129.4382202,1
A08,0,2,0,Soil1,Soil1_Acidic4,Slurry,HCl_NaOH,-40,-4,20,7.78,CHL,None,Soil1_T0,0.09675,0.7901755144,0,0,0,-0.00008,Soil1_Acidic4_pH4.7,0_10cm,4.703,25.32855436,1.915292712,-0.04176907242,-41.76907242,1.126642772,1.133263357,8.027027027,T0,65.84795953,1
A09,0,2,0,Soil1,Soil1_Acidic4,Slurry,HCl_NaOH,-21,-2.1,20,6.88,CHL,None,Soil1_T0,0.0747,0.5067408213,0,0,0,-0.000042,Soil1_Acidic4_pH4.7,0_10cm,4.703,25.32855436,1.915292712,-0.02192876302,-21.92876302,1.126642772,1.133263357,7.042042042,T0,42.22840178,1
A10,0,2,0,Soil1,Soil1_Acidic4,Slurry,HCl_NaOH,-14,-1.4,20,5.98,CHL,None,Soil1_T0,0.05415,0.2423883075,0,0,0,-0.000028,Soil1_Acidic4_pH4.7,0_10cm,4.703,25.32855436,1.915292712,-0.01461917535,-14.61917535,1.126642772,1.133263357,6.405405405,T0,20.19902562,1
A11,0,2,0,Soil1,Soil1_Acidic4,Slurry,HCl_NaOH,-8,-0.8,20,5.08,CHL,None,Soil1_T0,0.04845,0.1690301662,0,0,0,-0.000016,Soil1_Acidic4_pH4.7,0_10cm,4.703,25.32855436,1.915292712,-0.008353814484,-8.353814484,1.126642772,1.133263357,5.720720721,T0,14.08584719,1
A12,0,2,0,Soil1,Soil1_Acidic4,Slurry,HCl_NaOH,6,0.6,20,3.73,CHL,None,Soil1_T0,0.0346,0,0,0,0,0.000012,Soil1_Acidic4_pH4.7,0_10cm,4.703,25.32855436,1.915292712,0.006265360863,6.265360863,1.126642772,1.133263357,3.834834835,T0,0,1
B07,0,2,0,Soil1,Soil1_Acidic4,Slurry,HCl_NaOH,-60,-6,20,8.23,CHL,None,Soil1_T0,0.1118,0.9835042159,0,0,0,-0.00012,Soil1_Acidic4_pH4.7,0_10cm,4.703,25.32855436,1.915292712,-0.06265360863,-62.65360863,1.126642772,1.133263357,8.243243243,T0,81.95868466,1
B08,0,2,0,Soil1,Soil1_Acidic4,Slurry,HCl_NaOH,-26,-2.6,20,7.33,CHL,None,Soil1_T0,0.07595,0.5228144561,0,0,0,-0.000052,Soil1_Acidic4_pH4.7,0_10cm,4.703,25.32855436,1.915292712,-0.02714989707,-27.14989707,1.126642772,1.133263357,7.546546547,T0,43.56787134,1
B09,0,2,0,Soil1,Soil1_Acidic4,Slurry,HCl_NaOH,-18,-1.8,20,6.43,CHL,None,Soil1_T0,0.0769,0.5350299433,0,0,0,-0.000036,Soil1_Acidic4_pH4.7,0_10cm,4.703,25.32855436,1.915292712,-0.01879608259,-18.79608259,1.126642772,1.133263357,6.645645646,T0,44.58582861,1
B10,0,2,0,Soil1,Soil1_Acidic4,Slurry,HCl_NaOH,-11,-1.1,20,5.53,CHL,None,Soil1_T0,0.0425,0.09243875334,0,0,0,-0.000022,Soil1_Acidic4_pH4.7,0_10cm,4.703,25.32855436,1.915292712,-0.01148649492,-11.48649492,1.126642772,1.133263357,6.225225225,T0,7.703229445,1
B11,0,2,0,Soil1,Soil1_Acidic4,Slurry,HCl_NaOH,-5,-0.5,20,4.63,CHL,None,Soil1_T0,0.0495,0.1825446213,0,0,0,-0.00001,Soil1_Acidic4_pH4.7,0_10cm,4.703,25.32855436,1.915292712,-0.005221134053,-5.221134053,1.126642772,1.133263357,5.108108108,T0,15.21205178,1
B12,0,2,0,Soil1,Soil1_Acidic4,Slurry,HCl_NaOH,22,2.2,20,3.28,CHL,None,Soil1_T0,0.0347,0,0,0,0,0.000044,Soil1_Acidic4_pH4.7,0_10cm,4.703,25.32855436,1.915292712,0.02297298983,22.97298983,1.126642772,1.133263357,3.25,T0,0,1
C07,0,2,0,Soil1,Soil1_Acidic4,Slurry,HCl_NaOH,-100,-10,20,8.68,CHL,None,Soil1_T0,0.14295,1.38332383,0,0,0,-0.0002,Soil1_Acidic4_pH4.7,0_10cm,4.703,25.32855436,1.915292712,-0.1044226811,-104.4226811,1.126642772,1.133263357,8.61,T0,115.2769858,2
C08,0,2,0,Soil1,Soil1_Acidic4,Slurry,HCl_NaOH,-40,-4,20,7.78,CHL,None,Soil1_T0,0.093,0.7419879207,0,0,0,-0.00008,Soil1_Acidic4_pH4.7,0_10cm,4.703,25.32855436,1.915292712,-0.04176907242,-41.76907242,1.126642772,1.133263357,8.027027027,T0,61.83232673,2
C09,0,2,0,Soil1,Soil1_Acidic4,Slurry,HCl_NaOH,-21,-2.1,20,6.88,CHL,None,Soil1_T0,0.09565,0.7760411485,0,0,0,-0.000042,Soil1_Acidic4_pH4.7,0_10cm,4.703,25.32855436,1.915292712,-0.02192876302,-21.92876302,1.126642772,1.133263357,7.042042042,T0,64.67009571,2
C10,0,2,0,Soil1,Soil1_Acidic4,Slurry,HCl_NaOH,-14,-1.4,20,5.98,CHL,None,Soil1_T0,0.049,0.1761092292,0,0,0,-0.000028,Soil1_Acidic4_pH4.7,0_10cm,4.703,25.32855436,1.915292712,-0.01461917535,-14.61917535,1.126642772,1.133263357,6.405405405,T0,14.6757691,2
C11,0,2,0,Soil1,Soil1_Acidic4,Slurry,HCl_NaOH,-8,-0.8,20,5.08,CHL,None,Soil1_T0,0.04345,0.1046687181,0,0,0,-0.000016,Soil1_Acidic4_pH4.7,0_10cm,4.703,25.32855436,1.915292712,-0.008353814484,-8.353814484,1.126642772,1.133263357,5.720720721,T0,8.722393178,2
C12,0,2,0,Soil1,Soil1_Acidic4,Slurry,HCl_NaOH,6,0.6,20,3.73,CHL,None,Soil1_T0,0.03415,0,0,0,0,0.000012,Soil1_Acidic4_pH4.7,0_10cm,4.703,25.32855436,1.915292712,0.006265360863,6.265360863,1.126642772,1.133263357,3.834834835,T0,0,2
D07,0,2,0,Soil1,Soil1_Acidic4,Slurry,HCl_NaOH,-60,-6,20,8.23,CHL,None,Soil1_T0,0.10555,0.9032306795,0,0,0,-0.00012,Soil1_Acidic4_pH4.7,0_10cm,4.703,25.32855436,1.915292712,-0.06265360863,-62.65360863,1.126642772,1.133263357,8.243243243,T0,75.26922329,2
D08,0,2,0,Soil1,Soil1_Acidic4,Slurry,HCl_NaOH,-26,-2.6,20,7.33,CHL,None,Soil1_T0,0.06905,0.4340791242,0,0,0,-0.000052,Soil1_Acidic4_pH4.7,0_10cm,4.703,25.32855436,1.915292712,-0.02714989707,-27.14989707,1.126642772,1.133263357,7.546546547,T0,36.17326035,2
D09,0,2,0,Soil1,Soil1_Acidic4,Slurry,HCl_NaOH,-18,-1.8,20,6.43,CHL,None,Soil1_T0,0.07275,0.4816645318,0,0,0,-0.000036,Soil1_Acidic4_pH4.7,0_10cm,4.703,25.32855436,1.915292712,-0.01879608259,-18.79608259,1.126642772,1.133263357,6.645645646,T0,40.13871098,2
D10,0,2,0,Soil1,Soil1_Acidic4,Slurry,HCl_NaOH,-11,-1.1,20,5.53,CHL,None,Soil1_T0,0.0424,0.09115136466,0,0,0,-0.000022,Soil1_Acidic4_pH4.7,0_10cm,4.703,25.32855436,1.915292712,-0.01148649492,-11.48649492,1.126642772,1.133263357,6.225225225,T0,7.595947055,2
D11,0,2,0,Soil1,Soil1_Acidic4,Slurry,HCl_NaOH,-5,-0.5,20,4.63,CHL,None,Soil1_T0,0.0374,0.02677611027,0,0,0,-0.00001,Soil1_Acidic4_pH4.7,0_10cm,4.703,25.32855436,1.915292712,-0.005221134053,-5.221134053,1.126642772,1.133263357,5.108108108,T0,2.231342522,2
D12,0,2,0,Soil1,Soil1_Acidic4,Slurry,HCl_NaOH,22,2.2,20,3.28,CHL,None,Soil1_T0,0.0343,0,0,0,0,0.000044,Soil1_Acidic4_pH4.7,0_10cm,4.703,25.32855436,1.915292712,0.02297298983,22.97298983,1.126642772,1.133263357,3.25,T0,0,2
E07,0,2,0,Soil1,Soil1_Acidic4,Slurry,HCl_NaOH,-100,-10,20,8.68,CHL,None,Soil1_T0,0.134,1.268492816,0,0,0,-0.0002,Soil1_Acidic4_pH4.7,0_10cm,4.703,25.32855436,1.915292712,-0.1044226811,-104.4226811,1.126642772,1.133263357,8.61,T0,105.7077347,3
E08,0,2,0,Soil1,Soil1_Acidic4,Slurry,HCl_NaOH,-40,-4,20,7.78,CHL,None,Soil1_T0,0.0876,0.6725865695,0,0,0,-0.00008,Soil1_Acidic4_pH4.7,0_10cm,4.703,25.32855436,1.915292712,-0.04176907242,-41.76907242,1.126642772,1.133263357,8.027027027,T0,56.04888079,3
E09,0,2,0,Soil1,Soil1_Acidic4,Slurry,HCl_NaOH,-21,-2.1,20,6.88,CHL,None,Soil1_T0,0.0761,0.5247432445,0,0,0,-0.000042,Soil1_Acidic4_pH4.7,0_10cm,4.703,25.32855436,1.915292712,-0.02192876302,-21.92876302,1.126642772,1.133263357,7.042042042,T0,43.72860371,3
E10,0,2,0,Soil1,Soil1_Acidic4,Slurry,HCl_NaOH,-14,-1.4,20,5.98,CHL,None,Soil1_T0,0.0439,0.1104617156,0,0,0,-0.000028,Soil1_Acidic4_pH4.7,0_10cm,4.703,25.32855436,1.915292712,-0.01461917535,-14.61917535,1.126642772,1.133263357,6.405405405,T0,9.205142967,3
E11,0,2,0,Soil1,Soil1_Acidic4,Slurry,HCl_NaOH,-8,-0.8,20,5.08,CHL,None,Soil1_T0,0.03305,0,0,0,0,-0.000016,Soil1_Acidic4_pH4.7,0_10cm,4.703,25.32855436,1.915292712,-0.008353814484,-8.353814484,1.126642772,1.133263357,5.720720721,T0,0,3
E12,0,2,0,Soil1,Soil1_Acidic4,Slurry,HCl_NaOH,6,0.6,20,3.73,CHL,None,Soil1_T0,0.0336,0,0,0,0,0.000012,Soil1_Acidic4_pH4.7,0_10cm,4.703,25.32855436,1.915292712,0.006265360863,6.265360863,1.126642772,1.133263357,3.834834835,T0,0,3
F07,0,2,0,Soil1,Soil1_Acidic4,Slurry,HCl_NaOH,-60,-6,20,8.23,CHL,None,Soil1_T0,0.1014,0.849919268,0,0,0,-0.00012,Soil1_Acidic4_pH4.7,0_10cm,4.703,25.32855436,1.915292712,-0.06265360863,-62.65360863,1.126642772,1.133263357,8.243243243,T0,70.82660567,3
F08,0,2,0,Soil1,Soil1_Acidic4,Slurry,HCl_NaOH,-26,-2.6,20,7.33,CHL,None,Soil1_T0,0.06665,0.4032095823,0,0,0,-0.000052,Soil1_Acidic4_pH4.7,0_10cm,4.703,25.32855436,1.915292712,-0.02714989707,-27.14989707,1.126642772,1.133263357,7.546546547,T0,33.60079853,3
F09,0,2,0,Soil1,Soil1_Acidic4,Slurry,HCl_NaOH,-18,-1.8,20,6.43,CHL,None,Soil1_T0,0.0798,0.5723167866,0,0,0,-0.000036,Soil1_Acidic4_pH4.7,0_10cm,4.703,25.32855436,1.915292712,-0.01879608259,-18.79608259,1.126642772,1.133263357,6.645645646,T0,47.69306555,3
F10,0,2,0,Soil1,Soil1_Acidic4,Slurry,HCl_NaOH,-11,-1.1,20,5.53,CHL,None,Soil1_T0,0.03835,0.03900828695,0,0,0,-0.000022,Soil1_Acidic4_pH4.7,0_10cm,4.703,25.32855436,1.915292712,-0.01148649492,-11.48649492,1.126642772,1.133263357,6.225225225,T0,3.250690579,3
F11,0,2,0,Soil1,Soil1_Acidic4,Slurry,HCl_NaOH,-5,-0.5,20,4.63,CHL,None,Soil1_T0,0.03295,0,0,0,0,-0.00001,Soil1_Acidic4_pH4.7,0_10cm,4.703,25.32855436,1.915292712,-0.005221134053,-5.221134053,1.126642772,1.133263357,5.108108108,T0,0,3
F12,0,2,0,Soil1,Soil1_Acidic4,Slurry,HCl_NaOH,22,2.2,20,3.28,CHL,None,Soil1_T0,0.0332,0,0,0,0,0.000044,Soil1_Acidic4_pH4.7,0_10cm,4.703,25.32855436,1.915292712,0.02297298983,22.97298983,1.126642772,1.133263357,3.25,T0,0,3
G07,0,2,0,Soil1,Soil1_Acidic4,Slurry,HCl_NaOH,-100,-10,20,8.68,CHL,CHX,Soil1_T0,0.15215,1.50132471,0,0,0,-0.0002,Soil1_Acidic4_pH4.7,0_10cm,4.703,25.32855436,1.915292712,-0.1044226811,-104.4226811,1.126642772,1.133263357,8.58,T0,125.1103925,1
G08,0,2,0,Soil1,Soil1_Acidic4,Slurry,HCl_NaOH,0,0,20,4.18,CHL,CHX,Soil1_T0,0.0408,0.07055252504,0,0,0,0,Soil1_Acidic4_pH4.7,0_10cm,4.703,25.32855436,1.915292712,0,0,1.126642772,1.133263357,4.459459459,T0,5.879377087,1
G09,0,0,0,Soil1,Soil1_Acidic4,No_Nitrate,No_Nitrate,0,0,20,4.18,CHL,None,Soil1_T0,0.03275,0,0,0,0,0,Soil1_Acidic4_pH4.7,0_10cm,4.703,25.32855436,1.915292712,0,0,1.126642772,1.133263357,4.263263263,T0,0,2
G10,0,2,0,Soil1,Soil1_Acidic4,Slurry,HCl_NaOH,0,0,20,4.18,CHL,None,Soil1_T0,0.0317,0,0,0,0,0,Soil1_Acidic4_pH4.7,0_10cm,4.703,25.32855436,1.915292712,0,0,1.126642772,1.133263357,4.29,T0,0,1
G11,0,2,0,Soil1,Soil1_Acidic4,Slurry,HCl_NaOH,0,0,20,4.18,CHL,None,Soil1_T0,0.0277,0,0,0,0,0,Soil1_Acidic4_pH4.7,0_10cm,4.703,25.32855436,1.915292712,0,0,1.126642772,1.133263357,4.29,T0,0,3
H07,0,2,0,Soil1,Soil1_Acidic4,Slurry,HCl_NaOH,22,2.2,20,3.28,CHL,CHX,Soil1_T0,0.0326,0,0,0,0,0.000044,Soil1_Acidic4_pH4.7,0_10cm,4.703,25.32855436,1.915292712,0.02297298983,22.97298983,1.126642772,1.133263357,3.342342342,T0,0,1
H08,0,0,0,Soil1,Soil1_Acidic4,No_Nitrate,No_Nitrate,0,0,20,4.18,CHL,None,Soil1_T0,0.02725,0,0,0,0,0,Soil1_Acidic4_pH4.7,0_10cm,4.703,25.32855436,1.915292712,0,0,1.126642772,1.133263357,4.263263263,T0,0,1
H09,0,0,0,Soil1,Soil1_Acidic4,No_Nitrate,No_Nitrate,0,0,20,4.18,CHL,None,Soil1_T0,0.02145,0,0,0,0,0,Soil1_Acidic4_pH4.7,0_10cm,4.703,25.32855436,1.915292712,0,0,1.126642772,1.133263357,4.263263263,T0,0,3
H10,0,2,0,Soil1,Soil1_Acidic4,Slurry,HCl_NaOH,0,0,20,4.18,CHL,None,Soil1_T0,0.0218,0,0,0,0,0,Soil1_Acidic4_pH4.7,0_10cm,4.703,25.32855436,1.915292712,0,0,1.126642772,1.133263357,4.29,T0,0,2
A07,0,2,0,Soil7,Soil7_CE153,Slurry,HCl_NaOH,-85,-8.5,20,8.51,CHL,None,Soil7_T0,0.15175,1.630570726,0,0,0,-0.00017,Soil7_CE153_pH5.51,10_20cm,5.514,25.4176611,1.916050119,-0.08872419269,-88.72419269,1.127088305,1.201393109,8.71,T0,135.8808938,1
A08,0,2,0,Soil7,Soil7_CE153,Slurry,HCl_NaOH,-26,-2.6,20,7.61,CHL,None,Soil7_T0,0.0699,0.5307700213,0,0,0,-0.000052,Soil7_CE153_pH5.51,10_20cm,5.514,25.4176611,1.916050119,-0.02713916482,-27.13916482,1.127088305,1.201393109,7.522522523,T0,44.23083511,1
A09,0,2,0,Soil7,Soil7_CE153,Slurry,HCl_NaOH,-16,-1.6,20,6.71,CHL,None,Soil7_T0,0.05865,0.3789960478,0,0,0,-0.000032,Soil7_CE153_pH5.51,10_20cm,5.514,25.4176611,1.916050119,-0.01670102451,-16.70102451,1.127088305,1.201393109,6.717717718,T0,31.58300399,1
A10,0,2,0,Soil7,Soil7_CE153,Slurry,HCl_NaOH,-9,-0.9,20,5.81,CHL,None,Soil7_T0,0.04525,0.1980221714,0,0,0,-0.000018,Soil7_CE153_pH5.51,10_20cm,5.514,25.4176611,1.916050119,-0.009394326285,-9.394326285,1.127088305,1.201393109,5.936936937,T0,16.50184762,1
A11,0,2,0,Soil7,Soil7_CE153,Slurry,HCl_NaOH,-3,-0.3,20,4.91,CHL,None,Soil7_T0,0.0332,0.03509984748,0,0,0,-0.000006,Soil7_CE153_pH5.51,10_20cm,5.514,25.4176611,1.916050119,-0.003131442095,-3.131442095,1.127088305,1.201393109,5.072072072,T0,2.92498729,1
A12,0,2,0,Soil7,Soil7_CE153,Slurry,HCl_NaOH,14,1.4,20,3.56,CHL,None,Soil7_T0,0.0223,0,0,0,0,0.000028,Soil7_CE153_pH5.51,10_20cm,5.514,25.4176611,1.916050119,0.01461339644,14.61339644,1.127088305,1.201393109,3.582582583,T0,0,1
B07,0,2,0,Soil7,Soil7_CE153,Slurry,HCl_NaOH,-45,-4.5,20,8.06,CHL,None,Soil7_T0,0.0949,0.8675149716,0,0,0,-0.00009,Soil7_CE153_pH5.51,10_20cm,5.514,25.4176611,1.916050119,-0.04697163143,-46.97163143,1.127088305,1.201393109,8.171171171,T0,72.2929143,1
B08,0,2,0,Soil7,Soil7_CE153,Slurry,HCl_NaOH,-20,-2,20,7.16,CHL,None,Soil7_T0,0.05745,0.3627980492,0,0,0,-0.00004,Soil7_CE153_pH5.51,10_20cm,5.514,25.4176611,1.916050119,-0.02087628063,-20.87628063,1.127088305,1.201393109,6.957957958,T0,30.23317076,1
B09,0,2,0,Soil7,Soil7_CE153,Slurry,HCl_NaOH,-13,-1.3,20,6.26,CHL,None,Soil7_T0,0.04935,0.2534172346,0,0,0,-0.000026,Soil7_CE153_pH5.51,10_20cm,5.514,25.4176611,1.916050119,-0.01356958241,-13.56958241,1.127088305,1.201393109,6.489489489,T0,21.11810288,1
B10,0,2,0,Soil7,Soil7_CE153,Slurry,HCl_NaOH,-6,-0.6,20,5.36,CHL,None,Soil7_T0,0.03555,0.06688655352,0,0,0,-0.000012,Soil7_CE153_pH5.51,10_20cm,5.514,25.4176611,1.916050119,-0.00626288419,-6.26288419,1.127088305,1.201393109,5.588588589,T0,5.57387946,1
B11,0,2,0,Soil7,Soil7_CE153,Slurry,HCl_NaOH,5,0.5,20,4.01,CHL,None,Soil7_T0,0.02645,0,0,0,0,0.00001,Soil7_CE153_pH5.51,10_20cm,5.514,25.4176611,1.916050119,0.005219070159,5.219070159,1.127088305,1.201393109,4.111111111,T0,0,1
B12,0,2,0,Soil7,Soil7_CE153,Slurry,HCl_NaOH,38,3.8,20,3.11,CHL,None,Soil7_T0,0.02295,0,0,0,0,0.000076,Soil7_CE153_pH5.51,10_20cm,5.514,25.4176611,1.916050119,0.0396649332,39.6649332,1.127088305,1.201393109,3.174174174,T0,0,1
C07,0,2,0,Soil7,Soil7_CE153,Slurry,HCl_NaOH,-85,-8.5,20,8.51,CHL,None,Soil7_T0,0.14265,1.508678881,0,0,0,-0.00017,Soil7_CE153_pH5.51,10_20cm,5.514,25.4176611,1.916050119,-0.08872419269,-88.72419269,1.127088305,1.201393109,8.71,T0,125.7232401,2
C08,0,2,0,Soil7,Soil7_CE153,Slurry,HCl_NaOH,-26,-2.6,20,7.61,CHL,None,Soil7_T0,0.06225,0.4275798879,0,0,0,-0.000052,Soil7_CE153_pH5.51,10_20cm,5.514,25.4176611,1.916050119,-0.02713916482,-27.13916482,1.127088305,1.201393109,7.522522523,T0,35.63165732,2
C09,0,2,0,Soil7,Soil7_CE153,Slurry,HCl_NaOH,-16,-1.6,20,6.71,CHL,None,Soil7_T0,0.0465,0.2149130108,0,0,0,-0.000032,Soil7_CE153_pH5.51,10_20cm,5.514,25.4176611,1.916050119,-0.01670102451,-16.70102451,1.127088305,1.201393109,6.717717718,T0,17.90941757,2
C10,0,2,0,Soil7,Soil7_CE153,Slurry,HCl_NaOH,-9,-0.9,20,5.81,CHL,None,Soil7_T0,0.03825,0.1033993861,0,0,0,-0.000018,Soil7_CE153_pH5.51,10_20cm,5.514,25.4176611,1.916050119,-0.009394326285,-9.394326285,1.127088305,1.201393109,5.936936937,T0,8.616615505,2
C11,0,2,0,Soil7,Soil7_CE153,Slurry,HCl_NaOH,-3,-0.3,20,4.91,CHL,None,Soil7_T0,0.02485,0,0,0,0,-0.000006,Soil7_CE153_pH5.51,10_20cm,5.514,25.4176611,1.916050119,-0.003131442095,-3.131442095,1.127088305,1.201393109,5.072072072,T0,0,2
C12,0,2,0,Soil7,Soil7_CE153,Slurry,HCl_NaOH,14,1.4,20,3.56,CHL,None,Soil7_T0,0.01985,0,0,0,0,0.000028,Soil7_CE153_pH5.51,10_20cm,5.514,25.4176611,1.916050119,0.01461339644,14.61339644,1.127088305,1.201393109,3.582582583,T0,0,2
D07,0,2,0,Soil7,Soil7_CE153,Slurry,HCl_NaOH,-45,-4.5,20,8.06,CHL,None,Soil7_T0,0.07925,0.6567981441,0,0,0,-0.00009,Soil7_CE153_pH5.51,10_20cm,5.514,25.4176611,1.916050119,-0.04697163143,-46.97163143,1.127088305,1.201393109,8.171171171,T0,54.73317867,2
D08,0,2,0,Soil7,Soil7_CE153,Slurry,HCl_NaOH,-20,-2,20,7.16,CHL,None,Soil7_T0,0.04265,0.1628833197,0,0,0,-0.00004,Soil7_CE153_pH5.51,10_20cm,5.514,25.4176611,1.916050119,-0.02087628063,-20.87628063,1.127088305,1.201393109,6.957957958,T0,13.57360998,2
D09,0,2,0,Soil7,Soil7_CE153,Slurry,HCl_NaOH,-13,-1.3,20,6.26,CHL,None,Soil7_T0,0.0374,0.09190553508,0,0,0,-0.000026,Soil7_CE153_pH5.51,10_20cm,5.514,25.4176611,1.916050119,-0.01356958241,-13.56958241,1.127088305,1.201393109,6.489489489,T0,7.65879459,2
D10,0,2,0,Soil7,Soil7_CE153,Slurry,HCl_NaOH,-6,-0.6,20,5.36,CHL,None,Soil7_T0,0.0246,0,0,0,0,-0.000012,Soil7_CE153_pH5.51,10_20cm,5.514,25.4176611,1.916050119,-0.00626288419,-6.26288419,1.127088305,1.201393109,5.588588589,T0,0,2
D11,0,2,0,Soil7,Soil7_CE153,Slurry,HCl_NaOH,5,0.5,20,4.01,CHL,None,Soil7_T0,0.016,0,0,0,0,0.00001,Soil7_CE153_pH5.51,10_20cm,5.514,25.4176611,1.916050119,0.005219070159,5.219070159,1.127088305,1.201393109,4.111111111,T0,0,2
D12,0,2,0,Soil7,Soil7_CE153,Slurry,HCl_NaOH,38,3.8,20,3.11,CHL,None,Soil7_T0,0.0158,0,0,0,0,0.000076,Soil7_CE153_pH5.51,10_20cm,5.514,25.4176611,1.916050119,0.0396649332,39.6649332,1.127088305,1.201393109,3.174174174,T0,0,2
E07,0,2,0,Soil7,Soil7_CE153,Slurry,HCl_NaOH,-85,-8.5,20,8.51,CHL,None,Soil7_T0,0.1248,1.269306434,0,0,0,-0.00017,Soil7_CE153_pH5.51,10_20cm,5.514,25.4176611,1.916050119,-0.08872419269,-88.72419269,1.127088305,1.201393109,8.71,T0,105.7755362,3
E08,0,2,0,Soil7,Soil7_CE153,Slurry,HCl_NaOH,-26,-2.6,20,7.61,CHL,None,Soil7_T0,0.0519,0.2878602676,0,0,0,-0.000052,Soil7_CE153_pH5.51,10_20cm,5.514,25.4176611,1.916050119,-0.02713916482,-27.13916482,1.127088305,1.201393109,7.522522523,T0,23.98835563,3
E09,0,2,0,Soil7,Soil7_CE153,Slurry,HCl_NaOH,-16,-1.6,20,6.71,CHL,None,Soil7_T0,0.0333,0.0364526064,0,0,0,-0.000032,Soil7_CE153_pH5.51,10_20cm,5.514,25.4176611,1.916050119,-0.01670102451,-16.70102451,1.127088305,1.201393109,6.717717718,T0,3.0377172,3
E10,0,2,0,Soil7,Soil7_CE153,Slurry,HCl_NaOH,-9,-0.9,20,5.81,CHL,None,Soil7_T0,0.0268,0,0,0,0,-0.000018,Soil7_CE153_pH5.51,10_20cm,5.514,25.4176611,1.916050119,-0.009394326285,-9.394326285,1.127088305,1.201393109,5.936936937,T0,0,3
E11,0,2,0,Soil7,Soil7_CE153,Slurry,HCl_NaOH,-3,-0.3,20,4.91,CHL,None,Soil7_T0,0.0162,0,0,0,0,-0.000006,Soil7_CE153_pH5.51,10_20cm,5.514,25.4176611,1.916050119,-0.003131442095,-3.131442095,1.127088305,1.201393109,5.072072072,T0,0,3
E12,0,2,0,Soil7,Soil7_CE153,Slurry,HCl_NaOH,14,1.4,20,3.56,CHL,None,Soil7_T0,0.01445,0,0,0,0,0.000028,Soil7_CE153_pH5.51,10_20cm,5.514,25.4176611,1.916050119,0.01461339644,14.61339644,1.127088305,1.201393109,3.582582583,T0,0,3
F07,0,2,0,Soil7,Soil7_CE153,Slurry,HCl_NaOH,-45,-4.5,20,8.06,CHL,None,Soil7_T0,0.0702,0.5348152944,0,0,0,-0.00009,Soil7_CE153_pH5.51,10_20cm,5.514,25.4176611,1.916050119,-0.04697163143,-46.97163143,1.127088305,1.201393109,8.171171171,T0,44.5679412,3
F08,0,2,0,Soil7,Soil7_CE153,Slurry,HCl_NaOH,-20,-2,20,7.16,CHL,None,Soil7_T0,0.0361,0.07432505189,0,0,0,-0.00004,Soil7_CE153_pH5.51,10_20cm,5.514,25.4176611,1.916050119,-0.02087628063,-20.87628063,1.127088305,1.201393109,6.957957958,T0,6.193754325,3
F09,0,2,0,Soil7,Soil7_CE153,Slurry,HCl_NaOH,-13,-1.3,20,6.26,CHL,None,Soil7_T0,0.0267,0,0,0,0,-0.000026,Soil7_CE153_pH5.51,10_20cm,5.514,25.4176611,1.916050119,-0.01356958241,-13.56958241,1.127088305,1.201393109,6.489489489,T0,0,3
F10,0,2,0,Soil7,Soil7_CE153,Slurry,HCl_NaOH,-6,-0.6,20,5.36,CHL,None,Soil7_T0,0.0157,0,0,0,0,-0.000012,Soil7_CE153_pH5.51,10_20cm,5.514,25.4176611,1.916050119,-0.00626288419,-6.26288419,1.127088305,1.201393109,5.588588589,T0,0,3
F11,0,2,0,Soil7,Soil7_CE153,Slurry,HCl_NaOH,5,0.5,20,4.01,CHL,None,Soil7_T0,0.01335,0,0,0,0,0.00001,Soil7_CE153_pH5.51,10_20cm,5.514,25.4176611,1.916050119,0.005219070159,5.219070159,1.127088305,1.201393109,4.111111111,T0,0,3
F12,0,2,0,Soil7,Soil7_CE153,Slurry,HCl_NaOH,38,3.8,20,3.11,CHL,None,Soil7_T0,0.0123,0,0,0,0,0.000076,Soil7_CE153_pH5.51,10_20cm,5.514,25.4176611,1.916050119,0.0396649332,39.6649332,1.127088305,1.201393109,3.174174174,T0,0,3
G07,0,2,0,Soil7,Soil7_CE153,Slurry,HCl_NaOH,-85,-8.5,20,8.51,CHL,CHX,Soil7_T0,0.113,1.110863762,0,0,0,-0.00017,Soil7_CE153_pH5.51,10_20cm,5.514,25.4176611,1.916050119,-0.08872419269,-88.72419269,1.127088305,1.201393109,8.71,T0,92.5719802,1
G08,0,2,0,Soil7,Soil7_CE153,Slurry,HCl_NaOH,0,0,20,4.46,CHL,CHX,Soil7_T0,0.01665,0,0,0,0,0,Soil7_CE153_pH5.51,10_20cm,5.514,25.4176611,1.916050119,0,0,1.127088305,1.201393109,4.603603604,T0,0,1
G09,0,0,0,Soil7,Soil7_CE153,No_Nitrate,No_Nitrate,0,0,20,4.46,CHL,None,Soil7_T0,0.01235,0,0,0,0,0,Soil7_CE153_pH5.51,10_20cm,5.514,25.4176611,1.916050119,0,0,1.127088305,1.201393109,4.527527528,T0,0,2
G10,0,2,0,Soil7,Soil7_CE153,Slurry,HCl_NaOH,0,0,20,4.46,CHL,None,Soil7_T0,0.01125,0,0,0,0,0,Soil7_CE153_pH5.51,10_20cm,5.514,25.4176611,1.916050119,0,0,1.127088305,1.201393109,4.593333333,T0,0,1
G11,0,2,0,Soil7,Soil7_CE153,Slurry,HCl_NaOH,0,0,20,4.46,CHL,None,Soil7_T0,0.0113,0,0,0,0,0,Soil7_CE153_pH5.51,10_20cm,5.514,25.4176611,1.916050119,0,0,1.127088305,1.201393109,4.593333333,T0,0,3
H07,0,2,0,Soil7,Soil7_CE153,Slurry,HCl_NaOH,38,3.8,20,3.11,CHL,CHX,Soil7_T0,0.0146,0,0,0,0,0.000076,Soil7_CE153_pH5.51,10_20cm,5.514,25.4176611,1.916050119,0.0396649332,39.6649332,1.127088305,1.201393109,3.222222222,T0,0,1
H08,0,0,0,Soil7,Soil7_CE153,No_Nitrate,No_Nitrate,0,0,20,4.46,CHL,None,Soil7_T0,0.0103,0,0,0,0,0,Soil7_CE153_pH5.51,10_20cm,5.514,25.4176611,1.916050119,0,0,1.127088305,1.201393109,4.527527528,T0,0,1
H09,0,0,0,Soil7,Soil7_CE153,No_Nitrate,No_Nitrate,0,0,20,4.46,CHL,None,Soil7_T0,0.0107,0,0,0,0,0,Soil7_CE153_pH5.51,10_20cm,5.514,25.4176611,1.916050119,0,0,1.127088305,1.201393109,4.527527528,T0,0,3
H10,0,2,0,Soil7,Soil7_CE153,Slurry,HCl_NaOH,0,0,20,4.46,CHL,None,Soil7_T0,0.0134,0,0,0,0,0,Soil7_CE153_pH5.51,10_20cm,5.514,25.4176611,1.916050119,0,0,1.127088305,1.201393109,4.593333333,T0,0,2
A07,0,2,0,Soil2,Soil2_Acidic12,Slurry,HCl_NaOH,-100,-10,20,8.51,CHL,None,Soil2_T0,0.1877,2.12262872,0,0,0,-0.0002,Soil2_Acidic12_pH5.09,0_10cm,5.094,25.1497006,1.913772455,-0.104505632,-104.505632,1.125748503,1.133263357,8.6,T0,176.8857267,1
A08,0,2,0,Soil2,Soil2_Acidic12,Slurry,HCl_NaOH,-32,-3.2,20,7.61,CHL,None,Soil2_T0,0.0643,0.4505975233,0,0,0,-0.000064,Soil2_Acidic12_pH5.09,0_10cm,5.094,25.1497006,1.913772455,-0.03344180225,-33.44180225,1.125748503,1.133263357,7.714714715,T0,37.54979361,1
A09,0,2,0,Soil2,Soil2_Acidic12,Slurry,HCl_NaOH,-19,-1.9,20,6.71,CHL,None,Soil2_T0,0.04335,0.1646142015,0,0,0,-0.000038,Soil2_Acidic12_pH5.09,0_10cm,5.094,25.1497006,1.913772455,-0.01985607009,-19.85607009,1.125748503,1.133263357,6.981981982,T0,13.71785012,1
A10,0,2,0,Soil2,Soil2_Acidic12,Slurry,HCl_NaOH,-11,-1.1,20,5.81,CHL,None,Soil2_T0,0.0256,0,0,0,0,-0.000022,Soil2_Acidic12_pH5.09,0_10cm,5.094,25.1497006,1.913772455,-0.01149561952,-11.49561952,1.125748503,1.133263357,6.237237237,T0,0,1
A11,0,2,0,Soil2,Soil2_Acidic12,Slurry,HCl_NaOH,-4,-0.4,20,4.91,CHL,None,Soil2_T0,0.02095,0,0,0,0,-0.000008,Soil2_Acidic12_pH5.09,0_10cm,5.094,25.1497006,1.913772455,-0.004180225282,-4.180225282,1.125748503,1.133263357,5.108108108,T0,0,1
A12,0,2,0,Soil2,Soil2_Acidic12,Slurry,HCl_NaOH,14,1.4,20,3.56,CHL,None,Soil2_T0,0.01775,0,0,0,0,0.000028,Soil2_Acidic12_pH5.09,0_10cm,5.094,25.1497006,1.913772455,0.01463078849,14.63078849,1.125748503,1.133263357,3.666666667,T0,0,1
B07,0,2,0,Soil2,Soil2_Acidic12,Slurry,HCl_NaOH,-45,-4.5,20,8.06,CHL,None,Soil2_T0,0.0865,0.7529665687,0,0,0,-0.00009,Soil2_Acidic12_pH5.09,0_10cm,5.094,25.1497006,1.913772455,-0.04702753442,-47.02753442,1.125748503,1.133263357,8.075075075,T0,62.74721406,1
B08,0,2,0,Soil2,Soil2_Acidic12,Slurry,HCl_NaOH,-24,-2.4,20,7.16,CHL,None,Soil2_T0,0.0516,0.2773073276,0,0,0,-0.000048,Soil2_Acidic12_pH5.09,0_10cm,5.094,25.1497006,1.913772455,-0.02508135169,-25.08135169,1.125748503,1.133263357,7.246246246,T0,23.10894397,1
B09,0,2,0,Soil2,Soil2_Acidic12,Slurry,HCl_NaOH,-15,-1.5,20,6.26,CHL,None,Soil2_T0,0.03505,0.05114025313,0,0,0,-0.00003,Soil2_Acidic12_pH5.09,0_10cm,5.094,25.1497006,1.913772455,-0.01567584481,-15.67584481,1.125748503,1.133263357,6.633633634,T0,4.261687761,1
B10,0,2,0,Soil2,Soil2_Acidic12,Slurry,HCl_NaOH,-7,-0.7,20,5.36,CHL,None,Soil2_T0,0.0233,0,0,0,0,-0.000014,Soil2_Acidic12_pH5.09,0_10cm,5.094,25.1497006,1.913772455,-0.007315394243,-7.315394243,1.125748503,1.133263357,5.948948949,T0,0,1
B11,0,2,0,Soil2,Soil2_Acidic12,Slurry,HCl_NaOH,6,0.6,20,4.01,CHL,None,Soil2_T0,0.01755,0,0,0,0,0.000012,Soil2_Acidic12_pH5.09,0_10cm,5.094,25.1497006,1.913772455,0.006270337922,6.270337922,1.125748503,1.133263357,4.075075075,T0,0,1
B12,0,2,0,Soil2,Soil2_Acidic12,Slurry,HCl_NaOH,34,3.4,20,3.11,CHL,None,Soil2_T0,0.02285,0,0,0,0,0.000068,Soil2_Acidic12_pH5.09,0_10cm,5.094,25.1497006,1.913772455,0.03553191489,35.53191489,1.125748503,1.133263357,3.29,T0,0,1
C07,0,2,0,Soil2,Soil2_Acidic12,Slurry,HCl_NaOH,-100,-10,20,8.51,CHL,None,Soil2_T0,0.1921,2.18185958,0,0,0,-0.0002,Soil2_Acidic12_pH5.09,0_10cm,5.094,25.1497006,1.913772455,-0.104505632,-104.505632,1.125748503,1.133263357,8.6,T0,181.8216317,2
C08,0,2,0,Soil2,Soil2_Acidic12,Slurry,HCl_NaOH,-32,-3.2,20,7.61,CHL,None,Soil2_T0,0.06965,0.5235293432,0,0,0,-0.000064,Soil2_Acidic12_pH5.09,0_10cm,5.094,25.1497006,1.913772455,-0.03344180225,-33.44180225,1.125748503,1.133263357,7.714714715,T0,43.62744526,2
C09,0,2,0,Soil2,Soil2_Acidic12,Slurry,HCl_NaOH,-19,-1.9,20,6.71,CHL,None,Soil2_T0,0.0556,0.3319115951,0,0,0,-0.000038,Soil2_Acidic12_pH5.09,0_10cm,5.094,25.1497006,1.913772455,-0.01985607009,-19.85607009,1.125748503,1.133263357,6.981981982,T0,27.65929959,2
C10,0,2,0,Soil2,Soil2_Acidic12,Slurry,HCl_NaOH,-11,-1.1,20,5.81,CHL,None,Soil2_T0,0.03,0,0,0,0,-0.000022,Soil2_Acidic12_pH5.09,0_10cm,5.094,25.1497006,1.913772455,-0.01149561952,-11.49561952,1.125748503,1.133263357,6.237237237,T0,0,2
C11,0,2,0,Soil2,Soil2_Acidic12,Slurry,HCl_NaOH,-4,-0.4,20,4.91,CHL,None,Soil2_T0,0.02085,0,0,0,0,-0.000008,Soil2_Acidic12_pH5.09,0_10cm,5.094,25.1497006,1.913772455,-0.004180225282,-4.180225282,1.125748503,1.133263357,5.108108108,T0,0,2
C12,0,2,0,Soil2,Soil2_Acidic12,Slurry,HCl_NaOH,14,1.4,20,3.56,CHL,None,Soil2_T0,0.0219,0,0,0,0,0.000028,Soil2_Acidic12_pH5.09,0_10cm,5.094,25.1497006,1.913772455,0.01463078849,14.63078849,1.125748503,1.133263357,3.666666667,T0,0,2
D07,0,2,0,Soil2,Soil2_Acidic12,Slurry,HCl_NaOH,-45,-4.5,20,8.06,CHL,None,Soil2_T0,0.0982,0.9120442086,0,0,0,-0.00009,Soil2_Acidic12_pH5.09,0_10cm,5.094,25.1497006,1.913772455,-0.04702753442,-47.02753442,1.125748503,1.133263357,8.075075075,T0,76.00368405,2
D08,0,2,0,Soil2,Soil2_Acidic12,Slurry,HCl_NaOH,-24,-2.4,20,7.16,CHL,None,Soil2_T0,0.0628,0.4301420821,0,0,0,-0.000048,Soil2_Acidic12_pH5.09,0_10cm,5.094,25.1497006,1.913772455,-0.02508135169,-25.08135169,1.125748503,1.133263357,7.246246246,T0,35.84517351,2
D09,0,2,0,Soil2,Soil2_Acidic12,Slurry,HCl_NaOH,-15,-1.5,20,6.26,CHL,None,Soil2_T0,0.0452,0.189893205,0,0,0,-0.00003,Soil2_Acidic12_pH5.09,0_10cm,5.094,25.1497006,1.913772455,-0.01567584481,-15.67584481,1.125748503,1.133263357,6.633633634,T0,15.82443375,2
D10,0,2,0,Soil2,Soil2_Acidic12,Slurry,HCl_NaOH,-7,-0.7,20,5.36,CHL,None,Soil2_T0,0.03095,0,0,0,0,-0.000014,Soil2_Acidic12_pH5.09,0_10cm,5.094,25.1497006,1.913772455,-0.007315394243,-7.315394243,1.125748503,1.133263357,5.948948949,T0,0,2
D11,0,2,0,Soil2,Soil2_Acidic12,Slurry,HCl_NaOH,6,0.6,20,4.01,CHL,None,Soil2_T0,0.02065,0,0,0,0,0.000012,Soil2_Acidic12_pH5.09,0_10cm,5.094,25.1497006,1.913772455,0.006270337922,6.270337922,1.125748503,1.133263357,4.075075075,T0,0,2
D12,0,2,0,Soil2,Soil2_Acidic12,Slurry,HCl_NaOH,34,3.4,20,3.11,CHL,None,Soil2_T0,0.02535,0,0,0,0,0.000068,Soil2_Acidic12_pH5.09,0_10cm,5.094,25.1497006,1.913772455,0.03553191489,35.53191489,1.125748503,1.133263357,3.29,T0,0,2
E07,0,2,0,Soil2,Soil2_Acidic12,Slurry,HCl_NaOH,-100,-10,20,8.51,CHL,None,Soil2_T0,0.2028,2.325788412,0,0,0,-0.0002,Soil2_Acidic12_pH5.09,0_10cm,5.094,25.1497006,1.913772455,-0.104505632,-104.505632,1.125748503,1.133263357,8.6,T0,193.815701,3
E08,0,2,0,Soil2,Soil2_Acidic12,Slurry,HCl_NaOH,-32,-3.2,20,7.61,CHL,None,Soil2_T0,0.078,0.6372767277,0,0,0,-0.000064,Soil2_Acidic12_pH5.09,0_10cm,5.094,25.1497006,1.913772455,-0.03344180225,-33.44180225,1.125748503,1.133263357,7.714714715,T0,53.10639398,3
E09,0,2,0,Soil2,Soil2_Acidic12,Slurry,HCl_NaOH,-19,-1.9,20,6.71,CHL,None,Soil2_T0,0.0586,0.3728498948,0,0,0,-0.000038,Soil2_Acidic12_pH5.09,0_10cm,5.094,25.1497006,1.913772455,-0.01985607009,-19.85607009,1.125748503,1.133263357,6.981981982,T0,31.07082457,3
E10,0,2,0,Soil2,Soil2_Acidic12,Slurry,HCl_NaOH,-11,-1.1,20,5.81,CHL,None,Soil2_T0,0.04125,0.1359132085,0,0,0,-0.000022,Soil2_Acidic12_pH5.09,0_10cm,5.094,25.1497006,1.913772455,-0.01149561952,-11.49561952,1.125748503,1.133263357,6.237237237,T0,11.32610071,3
E11,0,2,0,Soil2,Soil2_Acidic12,Slurry,HCl_NaOH,-4,-0.4,20,4.91,CHL,None,Soil2_T0,0.0296,0,0,0,0,-0.000008,Soil2_Acidic12_pH5.09,0_10cm,5.094,25.1497006,1.913772455,-0.004180225282,-4.180225282,1.125748503,1.133263357,5.108108108,T0,0,3
E12,0,2,0,Soil2,Soil2_Acidic12,Slurry,HCl_NaOH,14,1.4,20,3.56,CHL,None,Soil2_T0,0.0223,0,0,0,0,0.000028,Soil2_Acidic12_pH5.09,0_10cm,5.094,25.1497006,1.913772455,0.01463078849,14.63078849,1.125748503,1.133263357,3.666666667,T0,0,3
F07,0,2,0,Soil2,Soil2_Acidic12,Slurry,HCl_NaOH,-45,-4.5,20,8.06,CHL,None,Soil2_T0,0.0943,0.8590396621,0,0,0,-0.00009,Soil2_Acidic12_pH5.09,0_10cm,5.094,25.1497006,1.913772455,-0.04702753442,-47.02753442,1.125748503,1.133263357,8.075075075,T0,71.58663851,3
F08,0,2,0,Soil2,Soil2_Acidic12,Slurry,HCl_NaOH,-24,-2.4,20,7.16,CHL,None,Soil2_T0,0.0628,0.4301420821,0,0,0,-0.000048,Soil2_Acidic12_pH5.09,0_10cm,5.094,25.1497006,1.913772455,-0.02508135169,-25.08135169,1.125748503,1.133263357,7.246246246,T0,35.84517351,3
F09,0,2,0,Soil2,Soil2_Acidic12,Slurry,HCl_NaOH,-15,-1.5,20,6.26,CHL,None,Soil2_T0,0.0464,0.2062877911,0,0,0,-0.00003,Soil2_Acidic12_pH5.09,0_10cm,5.094,25.1497006,1.913772455,-0.01567584481,-15.67584481,1.125748503,1.133263357,6.633633634,T0,17.19064926,3
F10,0,2,0,Soil2,Soil2_Acidic12,Slurry,HCl_NaOH,-7,-0.7,20,5.36,CHL,None,Soil2_T0,0.0346,0.04498524178,0,0,0,-0.000014,Soil2_Acidic12_pH5.09,0_10cm,5.094,25.1497006,1.913772455,-0.007315394243,-7.315394243,1.125748503,1.133263357,5.948948949,T0,3.748770148,3
F11,0,2,0,Soil2,Soil2_Acidic12,Slurry,HCl_NaOH,6,0.6,20,4.01,CHL,None,Soil2_T0,0.0249,0,0,0,0,0.000012,Soil2_Acidic12_pH5.09,0_10cm,5.094,25.1497006,1.913772455,0.006270337922,6.270337922,1.125748503,1.133263357,4.075075075,T0,0,3
F12,0,2,0,Soil2,Soil2_Acidic12,Slurry,HCl_NaOH,34,3.4,20,3.11,CHL,None,Soil2_T0,0.0215,0,0,0,0,0.000068,Soil2_Acidic12_pH5.09,0_10cm,5.094,25.1497006,1.913772455,0.03553191489,35.53191489,1.125748503,1.133263357,3.29,T0,0,3
G07,0,2,0,Soil2,Soil2_Acidic12,Slurry,HCl_NaOH,-100,-10,20,8.51,CHL,CHX,Soil2_T0,0.2201,2.558167512,0,0,0,-0.0002,Soil2_Acidic12_pH5.09,0_10cm,5.094,25.1497006,1.913772455,-0.104505632,-104.505632,1.125748503,1.133263357,8.62,T0,213.180626,1
G08,0,2,0,Soil2,Soil2_Acidic12,Slurry,HCl_NaOH,0,0,20,4.46,CHL,CHX,Soil2_T0,0.0439,0.17213009,0,0,0,0,Soil2_Acidic12_pH5.09,0_10cm,5.094,25.1497006,1.913772455,0,0,1.125748503,1.133263357,4.651651652,T0,14.34417417,1
G09,0,0,0,Soil2,Soil2_Acidic12,No_Nitrate,No_Nitrate,0,0,20,4.46,CHL,None,Soil2_T0,0.0375,0.08464579809,0,0,0,0,Soil2_Acidic12_pH5.09,0_10cm,5.094,25.1497006,1.913772455,0,0,1.125748503,1.133263357,4.435435435,T0,7.053816507,2
G10,0,2,0,Soil2,Soil2_Acidic12,Slurry,HCl_NaOH,0,0,20,4.46,CHL,None,Soil2_T0,0.0325,0.01625803048,0,0,0,0,Soil2_Acidic12_pH5.09,0_10cm,5.094,25.1497006,1.913772455,0,0,1.125748503,1.133263357,4.38,T0,1.354835873,1
G11,0,2,0,Soil2,Soil2_Acidic12,Slurry,HCl_NaOH,0,0,20,4.46,CHL,None,Soil2_T0,0.0289,0,0,0,0,0,Soil2_Acidic12_pH5.09,0_10cm,5.094,25.1497006,1.913772455,0,0,1.125748503,1.133263357,4.38,T0,0,3
H07,0,2,0,Soil2,Soil2_Acidic12,Slurry,HCl_NaOH,34,3.4,20,3.11,CHL,CHX,Soil2_T0,0.04585,0.1987738602,0,0,0,0.000068,Soil2_Acidic12_pH5.09,0_10cm,5.094,25.1497006,1.913772455,0.03553191489,35.53191489,1.125748503,1.133263357,3.318318318,T0,16.56448835,1
H08,0,0,0,Soil2,Soil2_Acidic12,No_Nitrate,No_Nitrate,0,0,20,4.46,CHL,None,Soil2_T0,0.03785,0.08943160511,0,0,0,0,Soil2_Acidic12_pH5.09,0_10cm,5.094,25.1497006,1.913772455,0,0,1.125748503,1.133263357,4.435435435,T0,7.452633759,1
H09,0,0,0,Soil2,Soil2_Acidic12,No_Nitrate,No_Nitrate,0,0,20,4.46,CHL,None,Soil2_T0,0.0373,0.08191097273,0,0,0,0,Soil2_Acidic12_pH5.09,0_10cm,5.094,25.1497006,1.913772455,0,0,1.125748503,1.133263357,4.435435435,T0,6.825914394,3
H10,0,2,0,Soil2,Soil2_Acidic12,Slurry,HCl_NaOH,0,0,20,4.46,CHL,None,Soil2_T0,0.0328,0.02036230362,0,0,0,0,Soil2_Acidic12_pH5.09,0_10cm,5.094,25.1497006,1.913772455,0,0,1.125748503,1.133263357,4.38,T0,1.696858635,2
A07,0,2,0,Soil4,Soil4_CE56b,Slurry,HCl_NaOH,-100,-10,20,8.68,CHL,None,Soil4_T0,0.1634,1.885669797,0,0,0,-0.0002,Soil4_CE56b_pH5.28,10_20cm,5.277,26.47058824,1.925,-0.1038961039,-103.8961039,1.132352941,1.201393109,8.78,T0,157.1391498,1
A08,0,2,0,Soil4,Soil4_CE56b,Slurry,HCl_NaOH,-28,-2.8,20,7.78,CHL,None,Soil4_T0,0.09365,0.8978804455,0,0,0,-0.000056,Soil4_CE56b_pH5.28,10_20cm,5.277,26.47058824,1.925,-0.02909090909,-29.09090909,1.132352941,1.201393109,7.834834835,T0,74.82337046,1
A09,0,2,0,Soil4,Soil4_CE56b,Slurry,HCl_NaOH,-17,-1.7,20,6.88,CHL,None,Soil4_T0,0.08,0.7033867529,0,0,0,-0.000034,Soil4_CE56b_pH5.28,10_20cm,5.277,26.47058824,1.925,-0.01766233766,-17.66233766,1.132352941,1.201393109,7.138138138,T0,58.61556274,1
A10,0,2,0,Soil4,Soil4_CE56b,Slurry,HCl_NaOH,-11,-1.1,20,5.98,CHL,None,Soil4_T0,0.0616,0.4405893315,0,0,0,-0.000022,Soil4_CE56b_pH5.28,10_20cm,5.277,26.47058824,1.925,-0.01142857143,-11.42857143,1.132352941,1.201393109,6.429429429,T0,36.71577762,1
A11,0,2,0,Soil4,Soil4_CE56b,Slurry,HCl_NaOH,-5,-0.5,20,5.08,CHL,None,Soil4_T0,0.04715,0.2337029015,0,0,0,-0.00001,Soil4_CE56b_pH5.28,10_20cm,5.277,26.47058824,1.925,-0.005194805195,-5.194805195,1.132352941,1.201393109,6.60960961,T0,19.47524179,1
A12,0,2,0,Soil4,Soil4_CE56b,Slurry,HCl_NaOH,5,0.5,20,3.73,CHL,None,Soil4_T0,0.0455,0.2100507979,0,0,0,0.00001,Soil4_CE56b_pH5.28,10_20cm,5.277,26.47058824,1.925,0.005194805195,5.194805195,1.132352941,1.201393109,3.858858859,T0,17.50423316,1
B07,0,2,0,Soil4,Soil4_CE56b,Slurry,HCl_NaOH,-65,-6.5,20,8.23,CHL,None,Soil4_T0,0.13685,1.510855935,0,0,0,-0.00013,Soil4_CE56b_pH5.28,10_20cm,5.277,26.47058824,1.925,-0.06753246753,-67.53246753,1.132352941,1.201393109,8.387387387,T0,125.9046613,1
B08,0,2,0,Soil4,Soil4_CE56b,Slurry,HCl_NaOH,-20,-2,20,7.33,CHL,None,Soil4_T0,0.07705,0.6613017211,0,0,0,-0.00004,Soil4_CE56b_pH5.28,10_20cm,5.277,26.47058824,1.925,-0.02077922078,-20.77922078,1.132352941,1.201393109,7.21021021,T0,55.10847676,1
B09,0,2,0,Soil4,Soil4_CE56b,Slurry,HCl_NaOH,-13,-1.3,20,6.43,CHL,None,Soil4_T0,0.0629,0.4591801237,0,0,0,-0.000026,Soil4_CE56b_pH5.28,10_20cm,5.277,26.47058824,1.925,-0.01350649351,-13.50649351,1.132352941,1.201393109,6.585585586,T0,38.26501031,1
B10,0,2,0,Soil4,Soil4_CE56b,Slurry,HCl_NaOH,-8,-0.8,20,5.53,CHL,None,Soil4_T0,0.04875,0.2566327061,0,0,0,-0.000016,Soil4_CE56b_pH5.28,10_20cm,5.277,26.47058824,1.925,-0.008311688312,-8.311688312,1.132352941,1.201393109,6.093093093,T0,21.38605884,1
B11,0,2,0,Soil4,Soil4_CE56b,Slurry,HCl_NaOH,-2,-0.2,20,4.63,CHL,None,Soil4_T0,0.04355,0.1820907883,0,0,0,-0.000004,Soil4_CE56b_pH5.28,10_20cm,5.277,26.47058824,1.925,-0.002077922078,-2.077922078,1.132352941,1.201393109,4.867867868,T0,15.17423236,1
B12,0,2,0,Soil4,Soil4_CE56b,Slurry,HCl_NaOH,20,2,20,3.28,CHL,None,Soil4_T0,0.04325,0.1777885246,0,0,0,0.00004,Soil4_CE56b_pH5.28,10_20cm,5.277,26.47058824,1.925,0.02077922078,20.77922078,1.132352941,1.201393109,3.318318318,T0,14.81571038,1
C07,0,2,0,Soil4,Soil4_CE56b,Slurry,HCl_NaOH,-100,-10,20,8.68,CHL,None,Soil4_T0,0.15105,1.711500782,0,0,0,-0.0002,Soil4_CE56b_pH5.28,10_20cm,5.277,26.47058824,1.925,-0.1038961039,-103.8961039,1.132352941,1.201393109,8.78,T0,142.6250652,2
C08,0,2,0,Soil4,Soil4_CE56b,Slurry,HCl_NaOH,-28,-2.8,20,7.78,CHL,None,Soil4_T0,0.08795,0.8167109677,0,0,0,-0.000056,Soil4_CE56b_pH5.28,10_20cm,5.277,26.47058824,1.925,-0.02909090909,-29.09090909,1.132352941,1.201393109,7.834834835,T0,68.0592473,2
C09,0,2,0,Soil4,Soil4_CE56b,Slurry,HCl_NaOH,-17,-1.7,20,6.88,CHL,None,Soil4_T0,0.06845,0.5385081054,0,0,0,-0.000034,Soil4_CE56b_pH5.28,10_20cm,5.277,26.47058824,1.925,-0.01766233766,-17.66233766,1.132352941,1.201393109,7.138138138,T0,44.87567545,2
C10,0,2,0,Soil4,Soil4_CE56b,Slurry,HCl_NaOH,-11,-1.1,20,5.98,CHL,None,Soil4_T0,0.0546,0.3404231956,0,0,0,-0.000022,Soil4_CE56b_pH5.28,10_20cm,5.277,26.47058824,1.925,-0.01142857143,-11.42857143,1.132352941,1.201393109,6.429429429,T0,28.36859964,2
C11,0,2,0,Soil4,Soil4_CE56b,Slurry,HCl_NaOH,-5,-0.5,20,5.08,CHL,None,Soil4_T0,0.04165,0.154839856,0,0,0,-0.00001,Soil4_CE56b_pH5.28,10_20cm,5.277,26.47058824,1.925,-0.005194805195,-5.194805195,1.132352941,1.201393109,6.60960961,T0,12.90332134,2
C12,0,2,0,Soil4,Soil4_CE56b,Slurry,HCl_NaOH,5,0.5,20,3.73,CHL,None,Soil4_T0,0.04165,0.154839856,0,0,0,0.00001,Soil4_CE56b_pH5.28,10_20cm,5.277,26.47058824,1.925,0.005194805195,5.194805195,1.132352941,1.201393109,3.858858859,T0,12.90332134,2
D07,0,2,0,Soil4,Soil4_CE56b,Slurry,HCl_NaOH,-65,-6.5,20,8.23,CHL,None,Soil4_T0,0.12185,1.298456301,0,0,0,-0.00013,Soil4_CE56b_pH5.28,10_20cm,5.277,26.47058824,1.925,-0.06753246753,-67.53246753,1.132352941,1.201393109,8.387387387,T0,108.2046918,2
D08,0,2,0,Soil4,Soil4_CE56b,Slurry,HCl_NaOH,-20,-2,20,7.33,CHL,None,Soil4_T0,0.0717,0.5849310806,0,0,0,-0.00004,Soil4_CE56b_pH5.28,10_20cm,5.277,26.47058824,1.925,-0.02077922078,-20.77922078,1.132352941,1.201393109,7.21021021,T0,48.74425671,2
D09,0,2,0,Soil4,Soil4_CE56b,Slurry,HCl_NaOH,-13,-1.3,20,6.43,CHL,None,Soil4_T0,0.0571,0.3762088059,0,0,0,-0.000026,Soil4_CE56b_pH5.28,10_20cm,5.277,26.47058824,1.925,-0.01350649351,-13.50649351,1.132352941,1.201393109,6.585585586,T0,31.35073382,2
D10,0,2,0,Soil4,Soil4_CE56b,Slurry,HCl_NaOH,-8,-0.8,20,5.53,CHL,None,Soil4_T0,0.0475,0.2387192647,0,0,0,-0.000016,Soil4_CE56b_pH5.28,10_20cm,5.277,26.47058824,1.925,-0.008311688312,-8.311688312,1.132352941,1.201393109,6.093093093,T0,19.89327205,2
D11,0,2,0,Soil4,Soil4_CE56b,Slurry,HCl_NaOH,-2,-0.2,20,4.63,CHL,None,Soil4_T0,0.039,0.1168190313,0,0,0,-0.000004,Soil4_CE56b_pH5.28,10_20cm,5.277,26.47058824,1.925,-0.002077922078,-2.077922078,1.132352941,1.201393109,4.867867868,T0,9.734919271,2
D12,0,2,0,Soil4,Soil4_CE56b,Slurry,HCl_NaOH,20,2,20,3.28,CHL,None,Soil4_T0,0.0393,0.121124033,0,0,0,0.00004,Soil4_CE56b_pH5.28,10_20cm,5.277,26.47058824,1.925,0.02077922078,20.77922078,1.132352941,1.201393109,3.318318318,T0,10.09366941,2
E07,0,2,0,Soil4,Soil4_CE56b,Slurry,HCl_NaOH,-100,-10,20,8.68,CHL,None,Soil4_T0,0.1331,1.457799565,0,0,0,-0.0002,Soil4_CE56b_pH5.28,10_20cm,5.277,26.47058824,1.925,-0.1038961039,-103.8961039,1.132352941,1.201393109,8.78,T0,121.4832971,3
E08,0,2,0,Soil4,Soil4_CE56b,Slurry,HCl_NaOH,-28,-2.8,20,7.78,CHL,None,Soil4_T0,0.0838,0.7575709153,0,0,0,-0.000056,Soil4_CE56b_pH5.28,10_20cm,5.277,26.47058824,1.925,-0.02909090909,-29.09090909,1.132352941,1.201393109,7.834834835,T0,63.13090961,3
E09,0,2,0,Soil4,Soil4_CE56b,Slurry,HCl_NaOH,-17,-1.7,20,6.88,CHL,None,Soil4_T0,0.0637,0.4706188247,0,0,0,-0.000034,Soil4_CE56b_pH5.28,10_20cm,5.277,26.47058824,1.925,-0.01766233766,-17.66233766,1.132352941,1.201393109,7.138138138,T0,39.21823539,3
E10,0,2,0,Soil4,Soil4_CE56b,Slurry,HCl_NaOH,-11,-1.1,20,5.98,CHL,None,Soil4_T0,0.0519,0.3017597511,0,0,0,-0.000022,Soil4_CE56b_pH5.28,10_20cm,5.277,26.47058824,1.925,-0.01142857143,-11.42857143,1.132352941,1.201393109,6.429429429,T0,25.14664592,3
E11,0,2,0,Soil4,Soil4_CE56b,Slurry,HCl_NaOH,-5,-0.5,20,5.08,CHL,None,Soil4_T0,0.0423,0.1641634153,0,0,0,-0.00001,Soil4_CE56b_pH5.28,10_20cm,5.277,26.47058824,1.925,-0.005194805195,-5.194805195,1.132352941,1.201393109,6.60960961,T0,13.68028461,3
E12,0,2,0,Soil4,Soil4_CE56b,Slurry,HCl_NaOH,5,0.5,20,3.73,CHL,None,Soil4_T0,0.03775,0.09887944138,0,0,0,0.00001,Soil4_CE56b_pH5.28,10_20cm,5.277,26.47058824,1.925,0.005194805195,5.194805195,1.132352941,1.201393109,3.858858859,T0,8.239953449,3
F07,0,2,0,Soil4,Soil4_CE56b,Slurry,HCl_NaOH,-65,-6.5,20,8.23,CHL,None,Soil4_T0,0.11335,1.177889764,0,0,0,-0.00013,Soil4_CE56b_pH5.28,10_20cm,5.277,26.47058824,1.925,-0.06753246753,-67.53246753,1.132352941,1.201393109,8.387387387,T0,98.15748037,3
F08,0,2,0,Soil4,Soil4_CE56b,Slurry,HCl_NaOH,-20,-2,20,7.33,CHL,None,Soil4_T0,0.0701,0.5620794911,0,0,0,-0.00004,Soil4_CE56b_pH5.28,10_20cm,5.277,26.47058824,1.925,-0.02077922078,-20.77922078,1.132352941,1.201393109,7.21021021,T0,46.83995759,3
F09,0,2,0,Soil4,Soil4_CE56b,Slurry,HCl_NaOH,-13,-1.3,20,6.43,CHL,None,Soil4_T0,0.05755,0.3826488,0,0,0,-0.000026,Soil4_CE56b_pH5.28,10_20cm,5.277,26.47058824,1.925,-0.01350649351,-13.50649351,1.132352941,1.201393109,6.585585586,T0,31.8874,3
F10,0,2,0,Soil4,Soil4_CE56b,Slurry,HCl_NaOH,-8,-0.8,20,5.53,CHL,None,Soil4_T0,0.04755,0.2394358665,0,0,0,-0.000016,Soil4_CE56b_pH5.28,10_20cm,5.277,26.47058824,1.925,-0.008311688312,-8.311688312,1.132352941,1.201393109,6.093093093,T0,19.95298888,3
F11,0,2,0,Soil4,Soil4_CE56b,Slurry,HCl_NaOH,-2,-0.2,20,4.63,CHL,None,Soil4_T0,0.0394,0.1225589906,0,0,0,-0.000004,Soil4_CE56b_pH5.28,10_20cm,5.277,26.47058824,1.925,-0.002077922078,-2.077922078,1.132352941,1.201393109,4.867867868,T0,10.21324921,3
F12,0,2,0,Soil4,Soil4_CE56b,Slurry,HCl_NaOH,20,2,20,3.28,CHL,None,Soil4_T0,0.03705,0.08883180324,0,0,0,0.00004,Soil4_CE56b_pH5.28,10_20cm,5.277,26.47058824,1.925,0.02077922078,20.77922078,1.132352941,1.201393109,3.318318318,T0,7.40265027,3
G07,0,2,0,Soil4,Soil4_CE56b,Slurry,HCl_NaOH,-100,-10,20,8.68,CHL,CHX,Soil4_T0,0.13905,1.541968863,0,0,0,-0.0002,Soil4_CE56b_pH5.28,10_20cm,5.277,26.47058824,1.925,-0.1038961039,-103.8961039,1.132352941,1.201393109,8.75,T0,128.4974053,1
G08,0,2,0,Soil4,Soil4_CE56b,Slurry,HCl_NaOH,0,0,20,4.18,CHL,CHX,Soil4_T0,0.04865,0.2551997539,0,0,0,0,Soil4_CE56b_pH5.28,10_20cm,5.277,26.47058824,1.925,0,0,1.132352941,1.201393109,4.483483483,T0,21.26664616,1
G09,0,0,0,Soil4,Soil4_CE56b,No_Nitrate,No_Nitrate,0,0,20,4.18,CHL,None,Soil4_T0,0.03915,0.1189715563,0,0,0,0,Soil4_CE56b_pH5.28,10_20cm,5.277,26.47058824,1.925,0,0,1.132352941,1.201393109,4.283283283,T0,9.914296358,2
G10,0,2,0,Soil4,Soil4_CE56b,Slurry,HCl_NaOH,0,0,20,4.18,CHL,None,Soil4_T0,0.0396,0.1254288412,0,0,0,0,Soil4_CE56b_pH5.28,10_20cm,5.277,26.47058824,1.925,0,0,1.132352941,1.201393109,4.426666667,T0,10.45240344,1
G11,0,2,0,Soil4,Soil4_CE56b,Slurry,HCl_NaOH,0,0,20,4.18,CHL,None,Soil4_T0,0.0392,0.1196890539,0,0,0,0,Soil4_CE56b_pH5.28,10_20cm,5.277,26.47058824,1.925,0,0,1.132352941,1.201393109,4.426666667,T0,9.974087824,3
H07,0,2,0,Soil4,Soil4_CE56b,Slurry,HCl_NaOH,20,2,20,3.28,CHL,CHX,Soil4_T0,0.04385,0.186392859,0,0,0,0.00004,Soil4_CE56b_pH5.28,10_20cm,5.277,26.47058824,1.925,0.02077922078,20.77922078,1.132352941,1.201393109,3.45045045,T0,15.53273825,1
H08,0,0,0,Soil4,Soil4_CE56b,No_Nitrate,No_Nitrate,0,0,20,4.18,CHL,None,Soil4_T0,0.03545,0.06586181393,0,0,0,0,Soil4_CE56b_pH5.28,10_20cm,5.277,26.47058824,1.925,0,0,1.132352941,1.201393109,4.283283283,T0,5.488484495,1
H09,0,0,0,Soil4,Soil4_CE56b,No_Nitrate,No_Nitrate,0,0,20,4.18,CHL,None,Soil4_T0,0.03235,0.02134177122,0,0,0,0,Soil4_CE56b_pH5.28,10_20cm,5.277,26.47058824,1.925,0,0,1.132352941,1.201393109,4.283283283,T0,1.778480935,3
H10,0,2,0,Soil4,Soil4_CE56b,Slurry,HCl_NaOH,0,0,20,4.18,CHL,None,Soil4_T0,0.0354,0.06514391298,0,0,0,0,Soil4_CE56b_pH5.28,10_20cm,5.277,26.47058824,1.925,0,0,1.132352941,1.201393109,4.426666667,T0,5.428659415,2
G12,0,2,0,Soil1,Soil1_Acidic4,Nitrate_Blank,Nitrate,0,0,20,None,CHL,None,Soil1_T0,0.00935,0,0,0,0,0,Soil1_Acidic4_pH4.7,0_10cm,4.703,25.32855436,1.915292712,0,0,1.126642772,1.133263357,,T0,0,2
H11,2,0,0,Soil1,Soil1_Acidic4,Nitrite_Blank,Nitrite,0,0,20,None,CHL,None,Soil1_T0,0,0,0,0,0,0,Soil1_Acidic4_pH4.7,0_10cm,4.703,25.32855436,1.915292712,0,0,1.126642772,1.133263357,,T0,0,1
H12,0,0,2,Soil1,Soil1_Acidic4,Ammonium_Blank,Ammonium,0,0,20,None,CHL,None,Soil1_T0,0,0,0,0,0,0,Soil1_Acidic4_pH4.7,0_10cm,4.703,25.32855436,1.915292712,0,0,1.126642772,1.133263357,,T0,0,3
G12,0,2,0,Soil7,Soil7_CE153,Nitrate_Blank,Nitrate,0,0,20,None,CHL,None,Soil7_T0,0.0021,0,0,0,0,0,Soil7_CE153_pH5.51,10_20cm,5.514,25.4176611,1.916050119,0,0,1.127088305,1.201393109,,T0,0,2
H11,2,0,0,Soil7,Soil7_CE153,Nitrite_Blank,Nitrite,0,0,20,None,CHL,None,Soil7_T0,0,0,0,0,0,0,Soil7_CE153_pH5.51,10_20cm,5.514,25.4176611,1.916050119,0,0,1.127088305,1.201393109,,T0,0,1
H12,0,0,2,Soil7,Soil7_CE153,Ammonium_Blank,Ammonium,0,0,20,None,CHL,None,Soil7_T0,0.0003,0,0,0,0,0,Soil7_CE153_pH5.51,10_20cm,5.514,25.4176611,1.916050119,0,0,1.127088305,1.201393109,,T0,0,3
G12,0,2,0,Soil2,Soil2_Acidic12,Nitrate_Blank,Nitrate,0,0,20,None,CHL,None,Soil2_T0,0.0185,0,0,0,0,0,Soil2_Acidic12_pH5.09,0_10cm,5.094,25.1497006,1.913772455,0,0,1.125748503,1.133263357,,T0,0,2
H11,2,0,0,Soil2,Soil2_Acidic12,Nitrite_Blank,Nitrite,0,0,20,None,CHL,None,Soil2_T0,0.00245,0,0,0,0,0,Soil2_Acidic12_pH5.09,0_10cm,5.094,25.1497006,1.913772455,0,0,1.125748503,1.133263357,,T0,0,1
H12,0,0,2,Soil2,Soil2_Acidic12,Ammonium_Blank,Ammonium,0,0,20,None,CHL,None,Soil2_T0,0.00175,0,0,0,0,0,Soil2_Acidic12_pH5.09,0_10cm,5.094,25.1497006,1.913772455,0,0,1.125748503,1.133263357,,T0,0,3
G12,0,2,0,Soil4,Soil4_CE56b,Nitrate_Blank,Nitrate,0,0,20,None,CHL,None,Soil4_T0,0.0056,0,0,0,0,0,Soil4_CE56b_pH5.28,10_20cm,5.277,26.47058824,1.925,0,0,1.132352941,1.201393109,,T0,0,2
H11,2,0,0,Soil4,Soil4_CE56b,Nitrite_Blank,Nitrite,0,0,20,None,CHL,None,Soil4_T0,0.00545,0,0,0,0,0,Soil4_CE56b_pH5.28,10_20cm,5.277,26.47058824,1.925,0,0,1.132352941,1.201393109,,T0,0,1
H12,0,0,2,Soil4,Soil4_CE56b,Ammonium_Blank,Ammonium,0,0,20,None,CHL,None,Soil4_T0,0.0033,0,0,0,0,0,Soil4_CE56b_pH5.28,10_20cm,5.277,26.47058824,1.925,0,0,1.132352941,1.201393109,,T0,0,3
A01,0,2,0,Soil1,Soil1_Acidic4,Slurry,HCl_NaOH,-100,-10,20,8.68,None,None,Soil1_T9,0.10975,1.197582573,5360,89.3,3.7,-0.0002,Soil1_Acidic4_pH4.7,0_10cm,4.703,25.32855436,1.915292712,-0.1044226811,-104.4226811,1.126642772,1.133263357,8.59,T9,99.79854773,1
A02,0,2,0,Soil1,Soil1_Acidic4,Slurry,HCl_NaOH,-40,-4,20,7.78,None,None,Soil1_T9,0.1174,1.284268358,5360,89.3,3.7,-0.00008,Soil1_Acidic4_pH4.7,0_10cm,4.703,25.32855436,1.915292712,-0.04176907242,-41.76907242,1.126642772,1.133263357,7.990990991,T9,107.0223632,1
A03,0,2,0,Soil1,Soil1_Acidic4,Slurry,HCl_NaOH,-21,-2.1,20,6.88,None,None,Soil1_T9,0.1208,1.322787866,5360,89.3,3.7,-0.000042,Soil1_Acidic4_pH4.7,0_10cm,4.703,25.32855436,1.915292712,-0.02192876302,-21.92876302,1.126642772,1.133263357,7.462462462,T9,110.2323222,1
A04,0,2,0,Soil1,Soil1_Acidic4,Slurry,HCl_NaOH,-14,-1.4,20,5.98,None,None,Soil1_T9,0.05165,0.5384586947,5360,89.3,3.7,-0.000028,Soil1_Acidic4_pH4.7,0_10cm,4.703,25.32855436,1.915292712,-0.01461917535,-14.61917535,1.126642772,1.133263357,7.162162162,T9,44.87155789,1
A05,0,2,0,Soil1,Soil1_Acidic4,Slurry,HCl_NaOH,-8,-0.8,20,5.08,None,None,Soil1_T9,0.04375,0.4487312887,5360,89.3,3.7,-0.000016,Soil1_Acidic4_pH4.7,0_10cm,4.703,25.32855436,1.915292712,-0.008353814484,-8.353814484,1.126642772,1.133263357,6.201201201,T9,37.39427405,1
A06,0,2,0,Soil1,Soil1_Acidic4,Slurry,HCl_NaOH,6,0.6,20,3.73,None,None,Soil1_T9,0.01395,0.1100394984,5360,89.3,3.7,0.000012,Soil1_Acidic4_pH4.7,0_10cm,4.703,25.32855436,1.915292712,0.006265360863,6.265360863,1.126642772,1.133263357,3.798798799,T9,9.169958201,1
B01,0,2,0,Soil1,Soil1_Acidic4,Slurry,HCl_NaOH,-60,-6,20,8.23,None,None,Soil1_T9,0.09305,1.008265604,5360,89.3,3.7,-0.00012,Soil1_Acidic4_pH4.7,0_10cm,4.703,25.32855436,1.915292712,-0.06265360863,-62.65360863,1.126642772,1.133263357,8.207207207,T9,84.02213371,1
B02,0,2,0,Soil1,Soil1_Acidic4,Slurry,HCl_NaOH,-26,-2.6,20,7.33,None,None,Soil1_T9,0.08855,0.9572329498,5360,89.3,3.7,-0.000052,Soil1_Acidic4_pH4.7,0_10cm,4.703,25.32855436,1.915292712,-0.02714989707,-27.14989707,1.126642772,1.133263357,7.666666667,T9,79.76941248,1
B03,0,2,0,Soil1,Soil1_Acidic4,Slurry,HCl_NaOH,-18,-1.8,20,6.43,None,None,Soil1_T9,0.1063,1.158481328,5360,89.3,3.7,-0.000036,Soil1_Acidic4_pH4.7,0_10cm,4.703,25.32855436,1.915292712,-0.01879608259,-18.79608259,1.126642772,1.133263357,6.993993994,T9,96.54011064,1
B04,0,2,0,Soil1,Soil1_Acidic4,Slurry,HCl_NaOH,-11,-1.1,20,5.53,None,None,Soil1_T9,0.0421,0.4299875824,5360,89.3,3.7,-0.000022,Soil1_Acidic4_pH4.7,0_10cm,4.703,25.32855436,1.915292712,-0.01148649492,-11.48649492,1.126642772,1.133263357,6.681681682,T9,35.83229853,1
B05,0,2,0,Soil1,Soil1_Acidic4,Slurry,HCl_NaOH,-5,-0.5,20,4.63,None,None,Soil1_T9,0.032,0.3152294739,5360,89.3,3.7,-0.00001,Soil1_Acidic4_pH4.7,0_10cm,4.703,25.32855436,1.915292712,-0.005221134053,-5.221134053,1.126642772,1.133263357,5.636636637,T9,26.26912282,1
B06,0,2,0,Soil1,Soil1_Acidic4,Slurry,HCl_NaOH,22,2.2,20,3.28,None,None,Soil1_T9,0.0182,0.1583647649,5360,89.3,3.7,0.000044,Soil1_Acidic4_pH4.7,0_10cm,4.703,25.32855436,1.915292712,0.02297298983,22.97298983,1.126642772,1.133263357,3.32,T9,13.19706374,1
C01,0,2,0,Soil1,Soil1_Acidic4,Slurry,HCl_NaOH,-100,-10,20,8.68,None,None,Soil1_T9,0.11455,1.251976388,5360,89.3,3.7,-0.0002,Soil1_Acidic4_pH4.7,0_10cm,4.703,25.32855436,1.915292712,-0.1044226811,-104.4226811,1.126642772,1.133263357,8.59,T9,104.3313656,2
C02,0,2,0,Soil1,Soil1_Acidic4,Slurry,HCl_NaOH,-40,-4,20,7.78,None,None,Soil1_T9,0.1119,1.221947608,5360,89.3,3.7,-0.00008,Soil1_Acidic4_pH4.7,0_10cm,4.703,25.32855436,1.915292712,-0.04176907242,-41.76907242,1.126642772,1.133263357,7.990990991,T9,101.8289673,2
C03,0,2,0,Soil1,Soil1_Acidic4,Slurry,HCl_NaOH,-21,-2.1,20,6.88,None,None,Soil1_T9,0.0981,1.065525924,5360,89.3,3.7,-0.000042,Soil1_Acidic4_pH4.7,0_10cm,4.703,25.32855436,1.915292712,-0.02192876302,-21.92876302,1.126642772,1.133263357,7.462462462,T9,88.79382699,2
C04,0,2,0,Soil1,Soil1_Acidic4,Slurry,HCl_NaOH,-14,-1.4,20,5.98,None,None,Soil1_T9,0.0475,0.491326544,5360,89.3,3.7,-0.000028,Soil1_Acidic4_pH4.7,0_10cm,4.703,25.32855436,1.915292712,-0.01461917535,-14.61917535,1.126642772,1.133263357,7.162162162,T9,40.94387867,2
C05,0,2,0,Soil1,Soil1_Acidic4,Slurry,HCl_NaOH,-8,-0.8,20,5.08,None,None,Soil1_T9,0.03835,0.3873841717,5360,89.3,3.7,-0.000016,Soil1_Acidic4_pH4.7,0_10cm,4.703,25.32855436,1.915292712,-0.008353814484,-8.353814484,1.126642772,1.133263357,6.201201201,T9,32.2820143,2
C06,0,2,0,Soil1,Soil1_Acidic4,Slurry,HCl_NaOH,6,0.6,20,3.73,None,None,Soil1_T9,0.0164,0.1378984838,5360,89.3,3.7,0.000012,Soil1_Acidic4_pH4.7,0_10cm,4.703,25.32855436,1.915292712,0.006265360863,6.265360863,1.126642772,1.133263357,3.798798799,T9,11.49154031,2
D01,0,2,0,Soil1,Soil1_Acidic4,Slurry,HCl_NaOH,-60,-6,20,8.23,None,None,Soil1_T9,0.09355,1.013935399,5360,89.3,3.7,-0.00012,Soil1_Acidic4_pH4.7,0_10cm,4.703,25.32855436,1.915292712,-0.06265360863,-62.65360863,1.126642772,1.133263357,8.207207207,T9,84.49461655,2
D02,0,2,0,Soil1,Soil1_Acidic4,Slurry,HCl_NaOH,-26,-2.6,20,7.33,None,None,Soil1_T9,0.08035,0.8642192405,5360,89.3,3.7,-0.000052,Soil1_Acidic4_pH4.7,0_10cm,4.703,25.32855436,1.915292712,-0.02714989707,-27.14989707,1.126642772,1.133263357,7.666666667,T9,72.01827004,2
D03,0,2,0,Soil1,Soil1_Acidic4,Slurry,HCl_NaOH,-18,-1.8,20,6.43,None,None,Soil1_T9,0.0663,0.7047854763,5360,89.3,3.7,-0.000036,Soil1_Acidic4_pH4.7,0_10cm,4.703,25.32855436,1.915292712,-0.01879608259,-18.79608259,1.126642772,1.133263357,6.993993994,T9,58.73212302,2
D04,0,2,0,Soil1,Soil1_Acidic4,Slurry,HCl_NaOH,-11,-1.1,20,5.53,None,None,Soil1_T9,0.04045,0.4112427796,5360,89.3,3.7,-0.000022,Soil1_Acidic4_pH4.7,0_10cm,4.703,25.32855436,1.915292712,-0.01148649492,-11.48649492,1.126642772,1.133263357,6.681681682,T9,34.27023163,2
D05,0,2,0,Soil1,Soil1_Acidic4,Slurry,HCl_NaOH,-5,-0.5,20,4.63,None,None,Soil1_T9,0.02855,0.2760204998,5360,89.3,3.7,-0.00001,Soil1_Acidic4_pH4.7,0_10cm,4.703,25.32855436,1.915292712,-0.005221134053,-5.221134053,1.126642772,1.133263357,5.636636637,T9,23.00170831,2
D06,0,2,0,Soil1,Soil1_Acidic4,Slurry,HCl_NaOH,22,2.2,20,3.28,None,None,Soil1_T9,0.01805,0.1566592914,5360,89.3,3.7,0.000044,Soil1_Acidic4_pH4.7,0_10cm,4.703,25.32855436,1.915292712,0.02297298983,22.97298983,1.126642772,1.133263357,3.32,T9,13.05494095,2
E01,0,2,0,Soil1,Soil1_Acidic4,Slurry,HCl_NaOH,-100,-10,20,8.68,None,None,Soil1_T9,0.11985,1.312025527,5360,89.3,3.7,-0.0002,Soil1_Acidic4_pH4.7,0_10cm,4.703,25.32855436,1.915292712,-0.1044226811,-104.4226811,1.126642772,1.133263357,8.59,T9,109.3354606,3
E02,0,2,0,Soil1,Soil1_Acidic4,Slurry,HCl_NaOH,-40,-4,20,7.78,None,None,Soil1_T9,0.1152,1.259341509,5360,89.3,3.7,-0.00008,Soil1_Acidic4_pH4.7,0_10cm,4.703,25.32855436,1.915292712,-0.04176907242,-41.76907242,1.126642772,1.133263357,7.990990991,T9,104.9451257,3
E03,0,2,0,Soil1,Soil1_Acidic4,Slurry,HCl_NaOH,-21,-2.1,20,6.88,None,None,Soil1_T9,0.082,0.8829375806,5360,89.3,3.7,-0.000042,Soil1_Acidic4_pH4.7,0_10cm,4.703,25.32855436,1.915292712,-0.02192876302,-21.92876302,1.126642772,1.133263357,7.462462462,T9,73.57813172,3
E04,0,2,0,Soil1,Soil1_Acidic4,Slurry,HCl_NaOH,-14,-1.4,20,5.98,None,None,Soil1_T9,0.0494,0.5129059792,5360,89.3,3.7,-0.000028,Soil1_Acidic4_pH4.7,0_10cm,4.703,25.32855436,1.915292712,-0.01461917535,-14.61917535,1.126642772,1.133263357,7.162162162,T9,42.74216494,3
E05,0,2,0,Soil1,Soil1_Acidic4,Slurry,HCl_NaOH,-8,-0.8,20,5.08,None,None,Soil1_T9,0.03985,0.4044262158,5360,89.3,3.7,-0.000016,Soil1_Acidic4_pH4.7,0_10cm,4.703,25.32855436,1.915292712,-0.008353814484,-8.353814484,1.126642772,1.133263357,6.201201201,T9,33.70218465,3
E06,0,2,0,Soil1,Soil1_Acidic4,Slurry,HCl_NaOH,6,0.6,20,3.73,None,None,Soil1_T9,0.0181,0.1572277836,5360,89.3,3.7,0.000012,Soil1_Acidic4_pH4.7,0_10cm,4.703,25.32855436,1.915292712,0.006265360863,6.265360863,1.126642772,1.133263357,3.798798799,T9,13.1023153,3
F01,0,2,0,Soil1,Soil1_Acidic4,Slurry,HCl_NaOH,-60,-6,20,8.23,None,None,Soil1_T9,0.0908,0.9827502914,5360,89.3,3.7,-0.00012,Soil1_Acidic4_pH4.7,0_10cm,4.703,25.32855436,1.915292712,-0.06265360863,-62.65360863,1.126642772,1.133263357,8.207207207,T9,81.89585761,3
F02,0,2,0,Soil1,Soil1_Acidic4,Slurry,HCl_NaOH,-26,-2.6,20,7.33,None,None,Soil1_T9,0.0865,0.9339820498,5360,89.3,3.7,-0.000052,Soil1_Acidic4_pH4.7,0_10cm,4.703,25.32855436,1.915292712,-0.02714989707,-27.14989707,1.126642772,1.133263357,7.666666667,T9,77.83183749,3
F03,0,2,0,Soil1,Soil1_Acidic4,Slurry,HCl_NaOH,-18,-1.8,20,6.43,None,None,Soil1_T9,0.07425,0.7950086209,5360,89.3,3.7,-0.000036,Soil1_Acidic4_pH4.7,0_10cm,4.703,25.32855436,1.915292712,-0.01879608259,-18.79608259,1.126642772,1.133263357,6.993993994,T9,66.25071841,3
F04,0,2,0,Soil1,Soil1_Acidic4,Slurry,HCl_NaOH,-11,-1.1,20,5.53,None,None,Soil1_T9,0.03735,0.3760223053,5360,89.3,3.7,-0.000022,Soil1_Acidic4_pH4.7,0_10cm,4.703,25.32855436,1.915292712,-0.01148649492,-11.48649492,1.126642772,1.133263357,6.681681682,T9,31.3351921,3
F05,0,2,0,Soil1,Soil1_Acidic4,Slurry,HCl_NaOH,-5,-0.5,20,4.63,None,None,Soil1_T9,0.0307,0.3004556414,5360,89.3,3.7,-0.00001,Soil1_Acidic4_pH4.7,0_10cm,4.703,25.32855436,1.915292712,-0.005221134053,-5.221134053,1.126642772,1.133263357,5.636636637,T9,25.03797012,3
F06,0,2,0,Soil1,Soil1_Acidic4,Slurry,HCl_NaOH,22,2.2,20,3.28,None,None,Soil1_T9,0.02535,0.239648464,5360,89.3,3.7,0.000044,Soil1_Acidic4_pH4.7,0_10cm,4.703,25.32855436,1.915292712,0.02297298983,22.97298983,1.126642772,1.133263357,3.32,T9,19.97070534,3
G01,0,2,0,Soil1,Soil1_Acidic4,Slurry,HCl_NaOH,-100,-10,20,8.68,None,CHX,Soil1_T9,0.1214,1.329584947,5360,89.3,3.7,-0.0002,Soil1_Acidic4_pH4.7,0_10cm,4.703,25.32855436,1.915292712,-0.1044226811,-104.4226811,1.126642772,1.133263357,8.57,T9,110.7987456,1
G02,0,2,0,Soil1,Soil1_Acidic4,Slurry,HCl_NaOH,0,0,20,4.18,None,CHX,Soil1_T9,0.0314,0.3084108667,5360,89.3,3.7,0,Soil1_Acidic4_pH4.7,0_10cm,4.703,25.32855436,1.915292712,0,0,1.126642772,1.133263357,4.243243243,T9,25.70090555,1
G03,0,0,0,Soil1,Soil1_Acidic4,No_Nitrate,No_Nitrate,0,0,20,4.18,None,None,Soil1_T9,0.029,0.281134986,5360,89.3,3.7,0,Soil1_Acidic4_pH4.7,0_10cm,4.703,25.32855436,1.915292712,0,0,1.126642772,1.133263357,4.179179179,T9,23.4279155,2
G04,0,2,0,Soil1,Soil1_Acidic4,Slurry,HCl_NaOH,0,0,20,4.18,None,None,Soil1_T9,0.0283,0.2731790832,5360,89.3,3.7,0,Soil1_Acidic4_pH4.7,0_10cm,4.703,25.32855436,1.915292712,0,0,1.126642772,1.133263357,4.59,T9,22.7649236,1
G05,0,2,0,Soil1,Soil1_Acidic4,Slurry,HCl_NaOH,0,0,20,4.18,None,None,Soil1_T9,0.032,0.3152294739,5360,89.3,3.7,0,Soil1_Acidic4_pH4.7,0_10cm,4.703,25.32855436,1.915292712,0,0,1.126642772,1.133263357,4.59,T9,26.26912282,3
H01,0,2,0,Soil1,Soil1_Acidic4,Slurry,HCl_NaOH,22,2.2,20,3.28,None,CHX,Soil1_T9,0.02495,0.2351016691,5360,89.3,3.7,0.000044,Soil1_Acidic4_pH4.7,0_10cm,4.703,25.32855436,1.915292712,0.02297298983,22.97298983,1.126642772,1.133263357,3.27027027,T9,19.59180576,1
H02,0,0,0,Soil1,Soil1_Acidic4,No_Nitrate,No_Nitrate,0,0,20,4.18,None,None,Soil1_T9,0.01775,0.1532483173,5360,89.3,3.7,0,Soil1_Acidic4_pH4.7,0_10cm,4.703,25.32855436,1.915292712,0,0,1.126642772,1.133263357,4.179179179,T9,12.77069311,1
H03,0,0,0,Soil1,Soil1_Acidic4,No_Nitrate,No_Nitrate,0,0,20,4.18,None,None,Soil1_T9,0.02625,0.2498785166,5360,89.3,3.7,0,Soil1_Acidic4_pH4.7,0_10cm,4.703,25.32855436,1.915292712,0,0,1.126642772,1.133263357,4.179179179,T9,20.82320972,3
H04,0,2,0,Soil1,Soil1_Acidic4,Slurry,HCl_NaOH,0,0,20,4.18,None,None,Soil1_T9,0.0264,0.2515834936,5360,89.3,3.7,0,Soil1_Acidic4_pH4.7,0_10cm,4.703,25.32855436,1.915292712,0,0,1.126642772,1.133263357,4.59,T9,20.96529114,2
A01,0,2,0,Soil7,Soil7_CE153,Slurry,HCl_NaOH,-85,-8.5,20,8.51,None,None,Soil7_T9,0.1657,1.845559502,5480,91.3,3.8,-0.00017,Soil7_CE153_pH5.51,10_20cm,5.514,25.4176611,1.916050119,-0.08872419269,-88.72419269,1.127088305,1.201393109,8.71,T9,153.7966252,1
A02,0,2,0,Soil7,Soil7_CE153,Slurry,HCl_NaOH,-26,-2.6,20,7.61,None,None,Soil7_T9,0.08555,0.9502783197,5480,91.3,3.8,-0.000052,Soil7_CE153_pH5.51,10_20cm,5.514,25.4176611,1.916050119,-0.02713916482,-27.13916482,1.127088305,1.201393109,7.714714715,T9,79.18985997,1
A03,0,2,0,Soil7,Soil7_CE153,Slurry,HCl_NaOH,-16,-1.6,20,6.71,None,None,Soil7_T9,0.06445,0.7135570457,5480,91.3,3.8,-0.000032,Soil7_CE153_pH5.51,10_20cm,5.514,25.4176611,1.916050119,-0.01670102451,-16.70102451,1.127088305,1.201393109,6.777777778,T9,59.46308714,1
A04,0,2,0,Soil7,Soil7_CE153,Slurry,HCl_NaOH,-9,-0.9,20,5.81,None,None,Soil7_T9,0.0506,0.5579373034,5480,91.3,3.8,-0.000018,Soil7_CE153_pH5.51,10_20cm,5.514,25.4176611,1.916050119,-0.009394326285,-9.394326285,1.127088305,1.201393109,6.285285285,T9,46.49477529,1
A05,0,2,0,Soil7,Soil7_CE153,Slurry,HCl_NaOH,-3,-0.3,20,4.91,None,None,Soil7_T9,0.0196,0.2089359778,5480,91.3,3.8,-0.000006,Soil7_CE153_pH5.51,10_20cm,5.514,25.4176611,1.916050119,-0.003131442095,-3.131442095,1.127088305,1.201393109,5.42042042,T9,17.41133148,1
A06,0,2,0,Soil7,Soil7_CE153,Slurry,HCl_NaOH,14,1.4,20,3.56,None,None,Soil7_T9,0.01835,0.1948434672,5480,91.3,3.8,0.000028,Soil7_CE153_pH5.51,10_20cm,5.514,25.4176611,1.916050119,0.01461339644,14.61339644,1.127088305,1.201393109,3.618618619,T9,16.2369556,1
B01,0,2,0,Soil7,Soil7_CE153,Slurry,HCl_NaOH,-45,-4.5,20,8.06,None,None,Soil7_T9,0.10435,1.160831303,5480,91.3,3.8,-0.00009,Soil7_CE153_pH5.51,10_20cm,5.514,25.4176611,1.916050119,-0.04697163143,-46.97163143,1.127088305,1.201393109,8.171171171,T9,96.73594194,1
B02,0,2,0,Soil7,Soil7_CE153,Slurry,HCl_NaOH,-20,-2,20,7.16,None,None,Soil7_T9,0.0633,0.7006426957,5480,91.3,3.8,-0.00004,Soil7_CE153_pH5.51,10_20cm,5.514,25.4176611,1.916050119,-0.02087628063,-20.87628063,1.127088305,1.201393109,7.282282282,T9,58.38689131,1
B03,0,2,0,Soil7,Soil7_CE153,Slurry,HCl_NaOH,-13,-1.3,20,6.26,None,None,Soil7_T9,0.05025,0.5540022404,5480,91.3,3.8,-0.000026,Soil7_CE153_pH5.51,10_20cm,5.514,25.4176611,1.916050119,-0.01356958241,-13.56958241,1.127088305,1.201393109,6.60960961,T9,46.16685337,1
B04,0,2,0,Soil7,Soil7_CE153,Slurry,HCl_NaOH,-6,-0.6,20,5.36,None,None,Soil7_T9,0.02685,0.290642091,5480,91.3,3.8,-0.000012,Soil7_CE153_pH5.51,10_20cm,5.514,25.4176611,1.916050119,-0.00626288419,-6.26288419,1.127088305,1.201393109,5.852852853,T9,24.22017425,1
B05,0,2,0,Soil7,Soil7_CE153,Slurry,HCl_NaOH,5,0.5,20,4.01,None,None,Soil7_T9,0.01255,0.1294339898,5480,91.3,3.8,0.00001,Soil7_CE153_pH5.51,10_20cm,5.514,25.4176611,1.916050119,0.005219070159,5.219070159,1.127088305,1.201393109,4.255255255,T9,10.78616581,1
B06,0,2,0,Soil7,Soil7_CE153,Slurry,HCl_NaOH,38,3.8,20,3.11,None,None,Soil7_T9,0.02175,0.2331714826,5480,91.3,3.8,0.000076,Soil7_CE153_pH5.51,10_20cm,5.514,25.4176611,1.916050119,0.0396649332,39.6649332,1.127088305,1.201393109,3.15,T9,19.43095688,1
C01,0,2,0,Soil7,Soil7_CE153,Slurry,HCl_NaOH,-85,-8.5,20,8.51,None,None,Soil7_T9,0.1565,1.743107905,5480,91.3,3.8,-0.00017,Soil7_CE153_pH5.51,10_20cm,5.514,25.4176611,1.916050119,-0.08872419269,-88.72419269,1.127088305,1.201393109,8.71,T9,145.2589921,2
C02,0,2,0,Soil7,Soil7_CE153,Slurry,HCl_NaOH,-26,-2.6,20,7.61,None,None,Soil7_T9,0.0748,0.8297280901,5480,91.3,3.8,-0.000052,Soil7_CE153_pH5.51,10_20cm,5.514,25.4176611,1.916050119,-0.02713916482,-27.13916482,1.127088305,1.201393109,7.714714715,T9,69.14400751,2
C03,0,2,0,Soil7,Soil7_CE153,Slurry,HCl_NaOH,-16,-1.6,20,6.71,None,None,Soil7_T9,0.0544,0.6006531141,5480,91.3,3.8,-0.000032,Soil7_CE153_pH5.51,10_20cm,5.514,25.4176611,1.916050119,-0.01670102451,-16.70102451,1.127088305,1.201393109,6.777777778,T9,50.05442618,2
C04,0,2,0,Soil7,Soil7_CE153,Slurry,HCl_NaOH,-9,-0.9,20,5.81,None,None,Soil7_T9,0.0354,0.3869323093,5480,91.3,3.8,-0.000018,Soil7_CE153_pH5.51,10_20cm,5.514,25.4176611,1.916050119,-0.009394326285,-9.394326285,1.127088305,1.201393109,6.285285285,T9,32.24435911,2
C05,0,2,0,Soil7,Soil7_CE153,Slurry,HCl_NaOH,-3,-0.3,20,4.91,None,None,Soil7_T9,0.0212,0.2269721372,5480,91.3,3.8,-0.000006,Soil7_CE153_pH5.51,10_20cm,5.514,25.4176611,1.916050119,-0.003131442095,-3.131442095,1.127088305,1.201393109,5.42042042,T9,18.91434476,2
C06,0,2,0,Soil7,Soil7_CE153,Slurry,HCl_NaOH,14,1.4,20,3.56,None,None,Soil7_T9,0.0165,0.1739837155,5480,91.3,3.8,0.000028,Soil7_CE153_pH5.51,10_20cm,5.514,25.4176611,1.916050119,0.01461339644,14.61339644,1.127088305,1.201393109,3.618618619,T9,14.49864295,2
D01,0,2,0,Soil7,Soil7_CE153,Slurry,HCl_NaOH,-45,-4.5,20,8.06,None,None,Soil7_T9,0.11665,1.298401646,5480,91.3,3.8,-0.00009,Soil7_CE153_pH5.51,10_20cm,5.514,25.4176611,1.916050119,-0.04697163143,-46.97163143,1.127088305,1.201393109,8.171171171,T9,108.2001372,2
D02,0,2,0,Soil7,Soil7_CE153,Slurry,HCl_NaOH,-20,-2,20,7.16,None,None,Soil7_T9,0.0761,0.844312237,5480,91.3,3.8,-0.00004,Soil7_CE153_pH5.51,10_20cm,5.514,25.4176611,1.916050119,-0.02087628063,-20.87628063,1.127088305,1.201393109,7.282282282,T9,70.35935308,2
D03,0,2,0,Soil7,Soil7_CE153,Slurry,HCl_NaOH,-13,-1.3,20,6.26,None,None,Soil7_T9,0.0613,0.6781798775,5480,91.3,3.8,-0.000026,Soil7_CE153_pH5.51,10_20cm,5.514,25.4176611,1.916050119,-0.01356958241,-13.56958241,1.127088305,1.201393109,6.60960961,T9,56.51498979,2
D04,0,2,0,Soil7,Soil7_CE153,Slurry,HCl_NaOH,-6,-0.6,20,5.36,None,None,Soil7_T9,0.02995,0.3255626615,5480,91.3,3.8,-0.000012,Soil7_CE153_pH5.51,10_20cm,5.514,25.4176611,1.916050119,-0.00626288419,-6.26288419,1.127088305,1.201393109,5.852852853,T9,27.13022179,2
D05,0,2,0,Soil7,Soil7_CE153,Slurry,HCl_NaOH,5,0.5,20,4.01,None,None,Soil7_T9,0.015,0.1570679172,5480,91.3,3.8,0.00001,Soil7_CE153_pH5.51,10_20cm,5.514,25.4176611,1.916050119,0.005219070159,5.219070159,1.127088305,1.201393109,4.255255255,T9,13.0889931,2
D06,0,2,0,Soil7,Soil7_CE153,Slurry,HCl_NaOH,38,3.8,20,3.11,None,None,Soil7_T9,0.02135,0.2286628974,5480,91.3,3.8,0.000076,Soil7_CE153_pH5.51,10_20cm,5.514,25.4176611,1.916050119,0.0396649332,39.6649332,1.127088305,1.201393109,3.15,T9,19.05524145,2
E01,0,2,0,Soil7,Soil7_CE153,Slurry,HCl_NaOH,-85,-8.5,20,8.51,None,None,Soil7_T9,0.1689,1.881175945,5480,91.3,3.8,-0.00017,Soil7_CE153_pH5.51,10_20cm,5.514,25.4176611,1.916050119,-0.08872419269,-88.72419269,1.127088305,1.201393109,8.71,T9,156.7646621,3
E02,0,2,0,Soil7,Soil7_CE153,Slurry,HCl_NaOH,-26,-2.6,20,7.61,None,None,Soil7_T9,0.0961,1.068476566,5480,91.3,3.8,-0.000052,Soil7_CE153_pH5.51,10_20cm,5.514,25.4176611,1.916050119,-0.02713916482,-27.13916482,1.127088305,1.201393109,7.714714715,T9,89.0397138,3
E03,0,2,0,Soil7,Soil7_CE153,Slurry,HCl_NaOH,-16,-1.6,20,6.71,None,None,Soil7_T9,0.073,0.8095319369,5480,91.3,3.8,-0.000032,Soil7_CE153_pH5.51,10_20cm,5.514,25.4176611,1.916050119,-0.01670102451,-16.70102451,1.127088305,1.201393109,6.777777778,T9,67.46099474,3
E04,0,2,0,Soil7,Soil7_CE153,Slurry,HCl_NaOH,-9,-0.9,20,5.81,None,None,Soil7_T9,0.05035,0.5551265564,5480,91.3,3.8,-0.000018,Soil7_CE153_pH5.51,10_20cm,5.514,25.4176611,1.916050119,-0.009394326285,-9.394326285,1.127088305,1.201393109,6.285285285,T9,46.26054637,3
E05,0,2,0,Soil7,Soil7_CE153,Slurry,HCl_NaOH,-3,-0.3,20,4.91,None,None,Soil7_T9,0.0249,0.2686710675,5480,91.3,3.8,-0.000006,Soil7_CE153_pH5.51,10_20cm,5.514,25.4176611,1.916050119,-0.003131442095,-3.131442095,1.127088305,1.201393109,5.42042042,T9,22.38925562,3
E06,0,2,0,Soil7,Soil7_CE153,Slurry,HCl_NaOH,14,1.4,20,3.56,None,None,Soil7_T9,0.02325,0.2500772691,5480,91.3,3.8,0.000028,Soil7_CE153_pH5.51,10_20cm,5.514,25.4176611,1.916050119,0.01461339644,14.61339644,1.127088305,1.201393109,3.618618619,T9,20.83977243,3
F01,0,2,0,Soil7,Soil7_CE153,Slurry,HCl_NaOH,-45,-4.5,20,8.06,None,None,Soil7_T9,0.10035,1.116061477,5480,91.3,3.8,-0.00009,Soil7_CE153_pH5.51,10_20cm,5.514,25.4176611,1.916050119,-0.04697163143,-46.97163143,1.127088305,1.201393109,8.171171171,T9,93.00512311,3
F02,0,2,0,Soil7,Soil7_CE153,Slurry,HCl_NaOH,-20,-2,20,7.16,None,None,Soil7_T9,0.0694,0.7691301525,5480,91.3,3.8,-0.00004,Soil7_CE153_pH5.51,10_20cm,5.514,25.4176611,1.916050119,-0.02087628063,-20.87628063,1.127088305,1.201393109,7.282282282,T9,64.09417937,3
F03,0,2,0,Soil7,Soil7_CE153,Slurry,HCl_NaOH,-13,-1.3,20,6.26,None,None,Soil7_T9,0.0627,0.6939042608,5480,91.3,3.8,-0.000026,Soil7_CE153_pH5.51,10_20cm,5.514,25.4176611,1.916050119,-0.01356958241,-13.56958241,1.127088305,1.201393109,6.60960961,T9,57.82535507,3
F04,0,2,0,Soil7,Soil7_CE153,Slurry,HCl_NaOH,-6,-0.6,20,5.36,None,None,Soil7_T9,0.0409,0.448835333,5480,91.3,3.8,-0.000012,Soil7_CE153_pH5.51,10_20cm,5.514,25.4176611,1.916050119,-0.00626288419,-6.26288419,1.127088305,1.201393109,5.852852853,T9,37.40294441,3
F05,0,2,0,Soil7,Soil7_CE153,Slurry,HCl_NaOH,5,0.5,20,4.01,None,None,Soil7_T9,0.0191,0.203299159,5480,91.3,3.8,0.00001,Soil7_CE153_pH5.51,10_20cm,5.514,25.4176611,1.916050119,0.005219070159,5.219070159,1.127088305,1.201393109,4.255255255,T9,16.94159658,3
F06,0,2,0,Soil7,Soil7_CE153,Slurry,HCl_NaOH,38,3.8,20,3.11,None,None,Soil7_T9,0.02775,0.3007812978,5480,91.3,3.8,0.000076,Soil7_CE153_pH5.51,10_20cm,5.514,25.4176611,1.916050119,0.0396649332,39.6649332,1.127088305,1.201393109,3.15,T9,25.06510815,3
G01,0,2,0,Soil7,Soil7_CE153,Slurry,HCl_NaOH,-85,-8.5,20,8.51,None,CHX,Soil7_T9,0.1644,1.831087538,5480,91.3,3.8,-0.00017,Soil7_CE153_pH5.51,10_20cm,5.514,25.4176611,1.916050119,-0.08872419269,-88.72419269,1.127088305,1.201393109,8.71,T9,152.5906282,1
G02,0,2,0,Soil7,Soil7_CE153,Slurry,HCl_NaOH,0,0,20,4.46,None,CHX,Soil7_T9,0.02955,0.321057314,5480,91.3,3.8,0,Soil7_CE153_pH5.51,10_20cm,5.514,25.4176611,1.916050119,0,0,1.127088305,1.201393109,4.795795796,T9,26.75477617,1
G03,0,0,0,Soil7,Soil7_CE153,No_Nitrate,No_Nitrate,0,0,20,4.46,None,None,Soil7_T9,0.0217,0.2326079181,5480,91.3,3.8,0,Soil7_CE153_pH5.51,10_20cm,5.514,25.4176611,1.916050119,0,0,1.127088305,1.201393109,4.671671672,T9,19.38399317,2
G04,0,2,0,Soil7,Soil7_CE153,Slurry,HCl_NaOH,0,0,20,4.46,None,None,Soil7_T9,0.02615,0.2827554888,5480,91.3,3.8,0,Soil7_CE153_pH5.51,10_20cm,5.514,25.4176611,1.916050119,0,0,1.127088305,1.201393109,4.8,T9,23.5629574,1
G05,0,2,0,Soil7,Soil7_CE153,Slurry,HCl_NaOH,0,0,20,4.46,None,None,Soil7_T9,0.0222,0.2382434519,5480,91.3,3.8,0,Soil7_CE153_pH5.51,10_20cm,5.514,25.4176611,1.916050119,0,0,1.127088305,1.201393109,4.8,T9,19.853621,3
H01,0,2,0,Soil7,Soil7_CE153,Slurry,HCl_NaOH,38,3.8,20,3.11,None,CHX,Soil7_T9,0.0313,0.3407670445,5480,91.3,3.8,0.000076,Soil7_CE153_pH5.51,10_20cm,5.514,25.4176611,1.916050119,0.0396649332,39.6649332,1.127088305,1.201393109,3.234234234,T9,28.39725371,1
H02,0,0,0,Soil7,Soil7_CE153,No_Nitrate,No_Nitrate,0,0,20,4.46,None,None,Soil7_T9,0.02095,0.2241541541,5480,91.3,3.8,0,Soil7_CE153_pH5.51,10_20cm,5.514,25.4176611,1.916050119,0,0,1.127088305,1.201393109,4.671671672,T9,18.67951284,1
H03,0,0,0,Soil7,Soil7_CE153,No_Nitrate,No_Nitrate,0,0,20,4.46,None,None,Soil7_T9,0.0205,0.2190816288,5480,91.3,3.8,0,Soil7_CE153_pH5.51,10_20cm,5.514,25.4176611,1.916050119,0,0,1.127088305,1.201393109,4.671671672,T9,18.2568024,3
H04,0,2,0,Soil7,Soil7_CE153,Slurry,HCl_NaOH,0,0,20,4.46,None,None,Soil7_T9,0.0235,0.2528946841,5480,91.3,3.8,0,Soil7_CE153_pH5.51,10_20cm,5.514,25.4176611,1.916050119,0,0,1.127088305,1.201393109,4.8,T9,21.07455701,2
A01,0,2,0,Soil2,Soil2_Acidic12,Slurry,HCl_NaOH,-100,-10,20,8.51,None,None,Soil2_T9,0.2193,2.600834625,5360,89.3,3.7,-0.0002,Soil2_Acidic12_pH5.09,0_10cm,5.094,25.1497006,1.913772455,-0.104505632,-104.505632,1.125748503,1.133263357,8.6,T9,216.7362187,1
A02,0,2,0,Soil2,Soil2_Acidic12,Slurry,HCl_NaOH,-32,-3.2,20,7.61,None,None,Soil2_T9,0.12135,1.435002876,5360,89.3,3.7,-0.000064,Soil2_Acidic12_pH5.09,0_10cm,5.094,25.1497006,1.913772455,-0.03344180225,-33.44180225,1.125748503,1.133263357,7.774774775,T9,119.583573,1
A03,0,2,0,Soil2,Soil2_Acidic12,Slurry,HCl_NaOH,-19,-1.9,20,6.71,None,None,Soil2_T9,0.08805,1.035992199,5360,89.3,3.7,-0.000038,Soil2_Acidic12_pH5.09,0_10cm,5.094,25.1497006,1.913772455,-0.01985607009,-19.85607009,1.125748503,1.133263357,7.066066066,T9,86.33268322,1
A04,0,2,0,Soil2,Soil2_Acidic12,Slurry,HCl_NaOH,-11,-1.1,20,5.81,None,None,Soil2_T9,0.06375,0.7439555503,5360,89.3,3.7,-0.000022,Soil2_Acidic12_pH5.09,0_10cm,5.094,25.1497006,1.913772455,-0.01149561952,-11.49561952,1.125748503,1.133263357,6.705705706,T9,61.99629586,1
A05,0,2,0,Soil2,Soil2_Acidic12,Slurry,HCl_NaOH,-4,-0.4,20,4.91,None,None,Soil2_T9,0.0437,0.502440219,5360,89.3,3.7,-0.000008,Soil2_Acidic12_pH5.09,0_10cm,5.094,25.1497006,1.913772455,-0.004180225282,-4.180225282,1.125748503,1.133263357,5.336336336,T9,41.87001825,1
A06,0,2,0,Soil2,Soil2_Acidic12,Slurry,HCl_NaOH,14,1.4,20,3.56,None,None,Soil2_T9,0.03575,0.4065375779,5360,89.3,3.7,0.000028,Soil2_Acidic12_pH5.09,0_10cm,5.094,25.1497006,1.913772455,0.01463078849,14.63078849,1.125748503,1.133263357,3.738738739,T9,33.87813149,1
B01,0,2,0,Soil2,Soil2_Acidic12,Slurry,HCl_NaOH,-45,-4.5,20,8.06,None,None,Soil2_T9,0.15755,1.867219316,5360,89.3,3.7,-0.00009,Soil2_Acidic12_pH5.09,0_10cm,5.094,25.1497006,1.913772455,-0.04702753442,-47.02753442,1.125748503,1.133263357,8.21,T9,155.6016096,1
B02,0,2,0,Soil2,Soil2_Acidic12,Slurry,HCl_NaOH,-24,-2.4,20,7.16,None,None,Soil2_T9,0.11265,1.330888699,5360,89.3,3.7,-0.000048,Soil2_Acidic12_pH5.09,0_10cm,5.094,25.1497006,1.913772455,-0.02508135169,-25.08135169,1.125748503,1.133263357,7.378378378,T9,110.9073916,1
B03,0,2,0,Soil2,Soil2_Acidic12,Slurry,HCl_NaOH,-15,-1.5,20,6.26,None,None,Soil2_T9,0.08605,1.011983978,5360,89.3,3.7,-0.00003,Soil2_Acidic12_pH5.09,0_10cm,5.094,25.1497006,1.913772455,-0.01567584481,-15.67584481,1.125748503,1.133263357,6.777777778,T9,84.33199816,1
B04,0,2,0,Soil2,Soil2_Acidic12,Slurry,HCl_NaOH,-7,-0.7,20,5.36,None,None,Soil2_T9,0.05615,0.6524678495,5360,89.3,3.7,-0.000014,Soil2_Acidic12_pH5.09,0_10cm,5.094,25.1497006,1.913772455,-0.007315394243,-7.315394243,1.125748503,1.133263357,6.033033033,T9,54.3723208,1
B05,0,2,0,Soil2,Soil2_Acidic12,Slurry,HCl_NaOH,6,0.6,20,4.01,None,None,Soil2_T9,0.0315,0.3552362197,5360,89.3,3.7,0.000012,Soil2_Acidic12_pH5.09,0_10cm,5.094,25.1497006,1.913772455,0.006270337922,6.270337922,1.125748503,1.133263357,4.327327327,T9,29.60301831,1
B06,0,2,0,Soil2,Soil2_Acidic12,Slurry,HCl_NaOH,34,3.4,20,3.11,None,None,Soil2_T9,0.03935,0.4499750422,5360,89.3,3.7,0.000068,Soil2_Acidic12_pH5.09,0_10cm,5.094,25.1497006,1.913772455,0.03553191489,35.53191489,1.125748503,1.133263357,3.17,T9,37.49792019,1
C01,0,2,0,Soil2,Soil2_Acidic12,Slurry,HCl_NaOH,-100,-10,20,8.51,None,None,Soil2_T9,0.248,2.940251578,5360,89.3,3.7,-0.0002,Soil2_Acidic12_pH5.09,0_10cm,5.094,25.1497006,1.913772455,-0.104505632,-104.505632,1.125748503,1.133263357,8.6,T9,245.0209648,2
C02,0,2,0,Soil2,Soil2_Acidic12,Slurry,HCl_NaOH,-32,-3.2,20,7.61,None,None,Soil2_T9,0.1132,1.337473384,5360,89.3,3.7,-0.000064,Soil2_Acidic12_pH5.09,0_10cm,5.094,25.1497006,1.913772455,-0.03344180225,-33.44180225,1.125748503,1.133263357,7.774774775,T9,111.4561154,2
C03,0,2,0,Soil2,Soil2_Acidic12,Slurry,HCl_NaOH,-19,-1.9,20,6.71,None,None,Soil2_T9,0.0828,0.9729600363,5360,89.3,3.7,-0.000038,Soil2_Acidic12_pH5.09,0_10cm,5.094,25.1497006,1.913772455,-0.01985607009,-19.85607009,1.125748503,1.133263357,7.066066066,T9,81.08000303,2
C04,0,2,0,Soil2,Soil2_Acidic12,Slurry,HCl_NaOH,-11,-1.1,20,5.81,None,None,Soil2_T9,0.05565,0.6464463886,5360,89.3,3.7,-0.000022,Soil2_Acidic12_pH5.09,0_10cm,5.094,25.1497006,1.913772455,-0.01149561952,-11.49561952,1.125748503,1.133263357,6.705705706,T9,53.87053239,2
C05,0,2,0,Soil2,Soil2_Acidic12,Slurry,HCl_NaOH,-4,-0.4,20,4.91,None,None,Soil2_T9,0.0414,0.4747029755,5360,89.3,3.7,-0.000008,Soil2_Acidic12_pH5.09,0_10cm,5.094,25.1497006,1.913772455,-0.004180225282,-4.180225282,1.125748503,1.133263357,5.336336336,T9,39.5585813,2
C06,0,2,0,Soil2,Soil2_Acidic12,Slurry,HCl_NaOH,14,1.4,20,3.56,None,None,Soil2_T9,0.0356,0.4047273293,5360,89.3,3.7,0.000028,Soil2_Acidic12_pH5.09,0_10cm,5.094,25.1497006,1.913772455,0.01463078849,14.63078849,1.125748503,1.133263357,3.738738739,T9,33.72727744,2
D01,0,2,0,Soil2,Soil2_Acidic12,Slurry,HCl_NaOH,-45,-4.5,20,8.06,None,None,Soil2_T9,0.124,1.466697352,5360,89.3,3.7,-0.00009,Soil2_Acidic12_pH5.09,0_10cm,5.094,25.1497006,1.913772455,-0.04702753442,-47.02753442,1.125748503,1.133263357,8.21,T9,122.2247794,2
D02,0,2,0,Soil2,Soil2_Acidic12,Slurry,HCl_NaOH,-24,-2.4,20,7.16,None,None,Soil2_T9,0.0891,1.048594529,5360,89.3,3.7,-0.000048,Soil2_Acidic12_pH5.09,0_10cm,5.094,25.1497006,1.913772455,-0.02508135169,-25.08135169,1.125748503,1.133263357,7.378378378,T9,87.38287745,2
D03,0,2,0,Soil2,Soil2_Acidic12,Slurry,HCl_NaOH,-15,-1.5,20,6.26,None,None,Soil2_T9,0.0645,0.7529800283,5360,89.3,3.7,-0.00003,Soil2_Acidic12_pH5.09,0_10cm,5.094,25.1497006,1.913772455,-0.01567584481,-15.67584481,1.125748503,1.133263357,6.777777778,T9,62.74833569,2
D04,0,2,0,Soil2,Soil2_Acidic12,Slurry,HCl_NaOH,-7,-0.7,20,5.36,None,None,Soil2_T9,0.0444,0.510880669,5360,89.3,3.7,-0.000014,Soil2_Acidic12_pH5.09,0_10cm,5.094,25.1497006,1.913772455,-0.007315394243,-7.315394243,1.125748503,1.133263357,6.033033033,T9,42.57338908,2
D05,0,2,0,Soil2,Soil2_Acidic12,Slurry,HCl_NaOH,6,0.6,20,4.01,None,None,Soil2_T9,0.0275,0.3069317726,5360,89.3,3.7,0.000012,Soil2_Acidic12_pH5.09,0_10cm,5.094,25.1497006,1.913772455,0.006270337922,6.270337922,1.125748503,1.133263357,4.327327327,T9,25.57764772,2
D06,0,2,0,Soil2,Soil2_Acidic12,Slurry,HCl_NaOH,34,3.4,20,3.11,None,None,Soil2_T9,0.03185,0.359461898,5360,89.3,3.7,0.000068,Soil2_Acidic12_pH5.09,0_10cm,5.094,25.1497006,1.913772455,0.03553191489,35.53191489,1.125748503,1.133263357,3.17,T9,29.95515817,2
E01,0,2,0,Soil2,Soil2_Acidic12,Slurry,HCl_NaOH,-100,-10,20,8.51,None,None,Soil2_T9,0.20765,2.462777951,5360,89.3,3.7,-0.0002,Soil2_Acidic12_pH5.09,0_10cm,5.094,25.1497006,1.913772455,-0.104505632,-104.505632,1.125748503,1.133263357,8.6,T9,205.2314959,3
E02,0,2,0,Soil2,Soil2_Acidic12,Slurry,HCl_NaOH,-32,-3.2,20,7.61,None,None,Soil2_T9,0.1185,1.400906747,5360,89.3,3.7,-0.000064,Soil2_Acidic12_pH5.09,0_10cm,5.094,25.1497006,1.913772455,-0.03344180225,-33.44180225,1.125748503,1.133263357,7.774774775,T9,116.7422289,3
E03,0,2,0,Soil2,Soil2_Acidic12,Slurry,HCl_NaOH,-19,-1.9,20,6.71,None,None,Soil2_T9,0.07245,0.8485963454,5360,89.3,3.7,-0.000038,Soil2_Acidic12_pH5.09,0_10cm,5.094,25.1497006,1.913772455,-0.01985607009,-19.85607009,1.125748503,1.133263357,7.066066066,T9,70.71636212,3
E04,0,2,0,Soil2,Soil2_Acidic12,Slurry,HCl_NaOH,-11,-1.1,20,5.81,None,None,Soil2_T9,0.05255,0.6091063423,5360,89.3,3.7,-0.000022,Soil2_Acidic12_pH5.09,0_10cm,5.094,25.1497006,1.913772455,-0.01149561952,-11.49561952,1.125748503,1.133263357,6.705705706,T9,50.75886185,3
E05,0,2,0,Soil2,Soil2_Acidic12,Slurry,HCl_NaOH,-4,-0.4,20,4.91,None,None,Soil2_T9,0.0386,0.4409269161,5360,89.3,3.7,-0.000008,Soil2_Acidic12_pH5.09,0_10cm,5.094,25.1497006,1.913772455,-0.004180225282,-4.180225282,1.125748503,1.133263357,5.336336336,T9,36.74390968,3
E06,0,2,0,Soil2,Soil2_Acidic12,Slurry,HCl_NaOH,14,1.4,20,3.56,None,None,Soil2_T9,0.03285,0.3715344133,5360,89.3,3.7,0.000028,Soil2_Acidic12_pH5.09,0_10cm,5.094,25.1497006,1.913772455,0.01463078849,14.63078849,1.125748503,1.133263357,3.738738739,T9,30.96120111,3
F01,0,2,0,Soil2,Soil2_Acidic12,Slurry,HCl_NaOH,-45,-4.5,20,8.06,None,None,Soil2_T9,0.13235,1.566508589,5360,89.3,3.7,-0.00009,Soil2_Acidic12_pH5.09,0_10cm,5.094,25.1497006,1.913772455,-0.04702753442,-47.02753442,1.125748503,1.133263357,8.21,T9,130.5423824,3
F02,0,2,0,Soil2,Soil2_Acidic12,Slurry,HCl_NaOH,-24,-2.4,20,7.16,None,None,Soil2_T9,0.08975,1.056395288,5360,89.3,3.7,-0.000048,Soil2_Acidic12_pH5.09,0_10cm,5.094,25.1497006,1.913772455,-0.02508135169,-25.08135169,1.125748503,1.133263357,7.378378378,T9,88.03294064,3
F03,0,2,0,Soil2,Soil2_Acidic12,Slurry,HCl_NaOH,-15,-1.5,20,6.26,None,None,Soil2_T9,0.065,0.7589959567,5360,89.3,3.7,-0.00003,Soil2_Acidic12_pH5.09,0_10cm,5.094,25.1497006,1.913772455,-0.01567584481,-15.67584481,1.125748503,1.133263357,6.777777778,T9,63.24966306,3
F04,0,2,0,Soil2,Soil2_Acidic12,Slurry,HCl_NaOH,-7,-0.7,20,5.36,None,None,Soil2_T9,0.045,0.5181148503,5360,89.3,3.7,-0.000014,Soil2_Acidic12_pH5.09,0_10cm,5.094,25.1497006,1.913772455,-0.007315394243,-7.315394243,1.125748503,1.133263357,6.033033033,T9,43.17623752,3
F05,0,2,0,Soil2,Soil2_Acidic12,Slurry,HCl_NaOH,6,0.6,20,4.01,None,None,Soil2_T9,0.0235,0.2586071147,5360,89.3,3.7,0.000012,Soil2_Acidic12_pH5.09,0_10cm,5.094,25.1497006,1.913772455,0.006270337922,6.270337922,1.125748503,1.133263357,4.327327327,T9,21.55059289,3
F06,0,2,0,Soil2,Soil2_Acidic12,Slurry,HCl_NaOH,34,3.4,20,3.11,None,None,Soil2_T9,0.0347,0.3938652425,5360,89.3,3.7,0.000068,Soil2_Acidic12_pH5.09,0_10cm,5.094,25.1497006,1.913772455,0.03553191489,35.53191489,1.125748503,1.133263357,3.17,T9,32.82210354,3
G01,0,2,0,Soil2,Soil2_Acidic12,Slurry,HCl_NaOH,-100,-10,20,8.51,None,CHX,Soil2_T9,0.2172,2.57596083,5360,89.3,3.7,-0.0002,Soil2_Acidic12_pH5.09,0_10cm,5.094,25.1497006,1.913772455,-0.104505632,-104.505632,1.125748503,1.133263357,8.59,T9,214.6634025,1
G02,0,2,0,Soil2,Soil2_Acidic12,Slurry,HCl_NaOH,0,0,20,4.46,None,CHX,Soil2_T9,0.0293,0.3286712734,5360,89.3,3.7,0,Soil2_Acidic12_pH5.09,0_10cm,5.094,25.1497006,1.913772455,0,0,1.125748503,1.133263357,4.627627628,T9,27.38927278,1
G03,0,0,0,Soil2,Soil2_Acidic12,No_Nitrate,No_Nitrate,0,0,20,4.46,None,None,Soil2_T9,0.02195,0.2398758711,5360,89.3,3.7,0,Soil2_Acidic12_pH5.09,0_10cm,5.094,25.1497006,1.913772455,0,0,1.125748503,1.133263357,4.543543544,T9,19.98965592,2
G04,0,2,0,Soil2,Soil2_Acidic12,Slurry,HCl_NaOH,0,0,20,4.46,None,None,Soil2_T9,0.02545,0.2821679118,5360,89.3,3.7,0,Soil2_Acidic12_pH5.09,0_10cm,5.094,25.1497006,1.913772455,0,0,1.125748503,1.133263357,4.66,T9,23.51399265,1
G05,0,2,0,Soil2,Soil2_Acidic12,Slurry,HCl_NaOH,0,0,20,4.46,None,None,Soil2_T9,0.0245,0.2706901753,5360,89.3,3.7,0,Soil2_Acidic12_pH5.09,0_10cm,5.094,25.1497006,1.913772455,0,0,1.125748503,1.133263357,4.66,T9,22.55751461,3
H01,0,2,0,Soil2,Soil2_Acidic12,Slurry,HCl_NaOH,34,3.4,20,3.11,None,CHX,Soil2_T9,0.035,0.3974860515,5360,89.3,3.7,0.000068,Soil2_Acidic12_pH5.09,0_10cm,5.094,25.1497006,1.913772455,0.03553191489,35.53191489,1.125748503,1.133263357,3.114114114,T9,33.12383763,1
H02,0,0,0,Soil2,Soil2_Acidic12,No_Nitrate,No_Nitrate,0,0,20,4.46,None,None,Soil2_T9,0.0172,0.1824547333,5360,89.3,3.7,0,Soil2_Acidic12_pH5.09,0_10cm,5.094,25.1497006,1.913772455,0,0,1.125748503,1.133263357,4.543543544,T9,15.20456111,1
H03,0,0,0,Soil2,Soil2_Acidic12,No_Nitrate,No_Nitrate,0,0,20,4.46,None,None,Soil2_T9,0.0198,0.2138887901,5360,89.3,3.7,0,Soil2_Acidic12_pH5.09,0_10cm,5.094,25.1497006,1.913772455,0,0,1.125748503,1.133263357,4.543543544,T9,17.82406584,3
H04,0,2,0,Soil2,Soil2_Acidic12,Slurry,HCl_NaOH,0,0,20,4.46,None,None,Soil2_T9,0.0273,0.3045160199,5360,89.3,3.7,0,Soil2_Acidic12_pH5.09,0_10cm,5.094,25.1497006,1.913772455,0,0,1.125748503,1.133263357,4.66,T9,25.37633499,2
A01,0,2,0,Soil4,Soil4_CE56b,Slurry,HCl_NaOH,-100,-10,20,8.68,None,None,Soil4_T9,0.1562,1.818029238,5550,92.5,3.9,-0.0002,Soil4_CE56b_pH5.28,10_20cm,5.277,26.47058824,1.925,-0.1038961039,-103.8961039,1.132352941,1.201393109,8.74,T9,151.5024365,1
A02,0,2,0,Soil4,Soil4_CE56b,Slurry,HCl_NaOH,-28,-2.8,20,7.78,None,None,Soil4_T9,0.0987,1.14012374,5550,92.5,3.9,-0.000056,Soil4_CE56b_pH5.28,10_20cm,5.277,26.47058824,1.925,-0.02909090909,-29.09090909,1.132352941,1.201393109,7.942942943,T9,95.0103117,1
A03,0,2,0,Soil4,Soil4_CE56b,Slurry,HCl_NaOH,-17,-1.7,20,6.88,None,None,Soil4_T9,0.0737,0.8435939361,5550,92.5,3.9,-0.000034,Soil4_CE56b_pH5.28,10_20cm,5.277,26.47058824,1.925,-0.01766233766,-17.66233766,1.132352941,1.201393109,7.558558559,T9,70.29949468,1
A04,0,2,0,Soil4,Soil4_CE56b,Slurry,HCl_NaOH,-11,-1.1,20,5.98,None,None,Soil4_T9,0.06115,0.6943216281,5550,92.5,3.9,-0.000022,Soil4_CE56b_pH5.28,10_20cm,5.277,26.47058824,1.925,-0.01142857143,-11.42857143,1.132352941,1.201393109,6.573573574,T9,57.86013568,1
A05,0,2,0,Soil4,Soil4_CE56b,Slurry,HCl_NaOH,-5,-0.5,20,5.08,None,None,Soil4_T9,0.03625,0.3973283131,5550,92.5,3.9,-0.00001,Soil4_CE56b_pH5.28,10_20cm,5.277,26.47058824,1.925,-0.005194805195,-5.194805195,1.132352941,1.201393109,5.732732733,T9,33.11069276,1
A06,0,2,0,Soil4,Soil4_CE56b,Slurry,HCl_NaOH,5,0.5,20,3.73,None,None,Soil4_T9,0.02345,0.2442255821,5550,92.5,3.9,0.00001,Soil4_CE56b_pH5.28,10_20cm,5.277,26.47058824,1.925,0.005194805195,5.194805195,1.132352941,1.201393109,3.954954955,T9,20.35213185,1
B01,0,2,0,Soil4,Soil4_CE56b,Slurry,HCl_NaOH,-65,-6.5,20,8.23,None,None,Soil4_T9,0.13945,1.621138556,5550,92.5,3.9,-0.00013,Soil4_CE56b_pH5.28,10_20cm,5.277,26.47058824,1.925,-0.06753246753,-67.53246753,1.132352941,1.201393109,8.399399399,T9,135.0948796,1
B02,0,2,0,Soil4,Soil4_CE56b,Slurry,HCl_NaOH,-20,-2,20,7.33,None,None,Soil4_T9,0.07585,0.8691386003,5550,92.5,3.9,-0.00004,Soil4_CE56b_pH5.28,10_20cm,5.277,26.47058824,1.925,-0.02077922078,-20.77922078,1.132352941,1.201393109,7.582582583,T9,72.42821669,1
B03,0,2,0,Soil4,Soil4_CE56b,Slurry,HCl_NaOH,-13,-1.3,20,6.43,None,None,Soil4_T9,0.06805,0.7764260952,5550,92.5,3.9,-0.000026,Soil4_CE56b_pH5.28,10_20cm,5.277,26.47058824,1.925,-0.01350649351,-13.50649351,1.132352941,1.201393109,6.861861862,T9,64.7021746,1
B04,0,2,0,Soil4,Soil4_CE56b,Slurry,HCl_NaOH,-8,-0.8,20,5.53,None,None,Soil4_T9,0.0453,0.5053995027,5550,92.5,3.9,-0.000016,Soil4_CE56b_pH5.28,10_20cm,5.277,26.47058824,1.925,-0.008311688312,-8.311688312,1.132352941,1.201393109,6.189189189,T9,42.11662523,1
B05,0,2,0,Soil4,Soil4_CE56b,Slurry,HCl_NaOH,-2,-0.2,20,4.63,None,None,Soil4_T9,0.021,0.2148871543,5550,92.5,3.9,-0.000004,Soil4_CE56b_pH5.28,10_20cm,5.277,26.47058824,1.925,-0.002077922078,-2.077922078,1.132352941,1.201393109,4.915915916,T9,17.90726286,1
B06,0,2,0,Soil4,Soil4_CE56b,Slurry,HCl_NaOH,20,2,20,3.28,None,None,Soil4_T9,0.0226,0.2340481698,5550,92.5,3.9,0.00004,Soil4_CE56b_pH5.28,10_20cm,5.277,26.47058824,1.925,0.02077922078,20.77922078,1.132352941,1.201393109,3.28,T9,19.50401415,1
C01,0,2,0,Soil4,Soil4_CE56b,Slurry,HCl_NaOH,-100,-10,20,8.68,None,None,Soil4_T9,0.1482,1.724051576,5550,92.5,3.9,-0.0002,Soil4_CE56b_pH5.28,10_20cm,5.277,26.47058824,1.925,-0.1038961039,-103.8961039,1.132352941,1.201393109,8.74,T9,143.6709647,2
C02,0,2,0,Soil4,Soil4_CE56b,Slurry,HCl_NaOH,-28,-2.8,20,7.78,None,None,Soil4_T9,0.0842,0.9682698626,5550,92.5,3.9,-0.000056,Soil4_CE56b_pH5.28,10_20cm,5.277,26.47058824,1.925,-0.02909090909,-29.09090909,1.132352941,1.201393109,7.942942943,T9,80.68915521,2
C03,0,2,0,Soil4,Soil4_CE56b,Slurry,HCl_NaOH,-17,-1.7,20,6.88,None,None,Soil4_T9,0.0672,0.7663163233,5550,92.5,3.9,-0.000034,Soil4_CE56b_pH5.28,10_20cm,5.277,26.47058824,1.925,-0.01766233766,-17.66233766,1.132352941,1.201393109,7.558558559,T9,63.8596936,2
C04,0,2,0,Soil4,Soil4_CE56b,Slurry,HCl_NaOH,-11,-1.1,20,5.98,None,None,Soil4_T9,0.05295,0.5966385025,5550,92.5,3.9,-0.000022,Soil4_CE56b_pH5.28,10_20cm,5.277,26.47058824,1.925,-0.01142857143,-11.42857143,1.132352941,1.201393109,6.573573574,T9,49.71987521,2
C05,0,2,0,Soil4,Soil4_CE56b,Slurry,HCl_NaOH,-5,-0.5,20,5.08,None,None,Soil4_T9,0.0327,0.3548957136,5550,92.5,3.9,-0.00001,Soil4_CE56b_pH5.28,10_20cm,5.277,26.47058824,1.925,-0.005194805195,-5.194805195,1.132352941,1.201393109,5.732732733,T9,29.5746428,2
C06,0,2,0,Soil4,Soil4_CE56b,Slurry,HCl_NaOH,5,0.5,20,3.73,None,None,Soil4_T9,0.01675,0.163968274,5550,92.5,3.9,0.00001,Soil4_CE56b_pH5.28,10_20cm,5.277,26.47058824,1.925,0.005194805195,5.194805195,1.132352941,1.201393109,3.954954955,T9,13.66402284,2
D01,0,2,0,Soil4,Soil4_CE56b,Slurry,HCl_NaOH,-65,-6.5,20,8.23,None,None,Soil4_T9,0.12975,1.506898957,5550,92.5,3.9,-0.00013,Soil4_CE56b_pH5.28,10_20cm,5.277,26.47058824,1.925,-0.06753246753,-67.53246753,1.132352941,1.201393109,8.399399399,T9,125.5749131,2
D02,0,2,0,Soil4,Soil4_CE56b,Slurry,HCl_NaOH,-20,-2,20,7.33,None,None,Soil4_T9,0.0824,0.9469106017,5550,92.5,3.9,-0.00004,Soil4_CE56b_pH5.28,10_20cm,5.277,26.47058824,1.925,-0.02077922078,-20.77922078,1.132352941,1.201393109,7.582582583,T9,78.90921681,2
D03,0,2,0,Soil4,Soil4_CE56b,Slurry,HCl_NaOH,-13,-1.3,20,6.43,None,None,Soil4_T9,0.0584,0.6615753409,5550,92.5,3.9,-0.000026,Soil4_CE56b_pH5.28,10_20cm,5.277,26.47058824,1.925,-0.01350649351,-13.50649351,1.132352941,1.201393109,6.861861862,T9,55.13127841,2
D04,0,2,0,Soil4,Soil4_CE56b,Slurry,HCl_NaOH,-8,-0.8,20,5.53,None,None,Soil4_T9,0.0456,0.5089794675,5550,92.5,3.9,-0.000016,Soil4_CE56b_pH5.28,10_20cm,5.277,26.47058824,1.925,-0.008311688312,-8.311688312,1.132352941,1.201393109,6.189189189,T9,42.41495562,2
D05,0,2,0,Soil4,Soil4_CE56b,Slurry,HCl_NaOH,-2,-0.2,20,4.63,None,None,Soil4_T9,0.02025,0.2059038388,5550,92.5,3.9,-0.000004,Soil4_CE56b_pH5.28,10_20cm,5.277,26.47058824,1.925,-0.002077922078,-2.077922078,1.132352941,1.201393109,4.915915916,T9,17.15865324,2
D06,0,2,0,Soil4,Soil4_CE56b,Slurry,HCl_NaOH,20,2,20,3.28,None,None,Soil4_T9,0.01685,0.1651667401,5550,92.5,3.9,0.00004,Soil4_CE56b_pH5.28,10_20cm,5.277,26.47058824,1.925,0.02077922078,20.77922078,1.132352941,1.201393109,3.28,T9,13.76389501,2
E01,0,2,0,Soil4,Soil4_CE56b,Slurry,HCl_NaOH,-100,-10,20,8.68,None,None,Soil4_T9,0.1667,1.941209964,5550,92.5,3.9,-0.0002,Soil4_CE56b_pH5.28,10_20cm,5.277,26.47058824,1.925,-0.1038961039,-103.8961039,1.132352941,1.201393109,8.74,T9,161.767497,3
E02,0,2,0,Soil4,Soil4_CE56b,Slurry,HCl_NaOH,-28,-2.8,20,7.78,None,None,Soil4_T9,0.13555,1.575226565,5550,92.5,3.9,-0.000056,Soil4_CE56b_pH5.28,10_20cm,5.277,26.47058824,1.925,-0.02909090909,-29.09090909,1.132352941,1.201393109,7.942942943,T9,131.2688804,3
E03,0,2,0,Soil4,Soil4_CE56b,Slurry,HCl_NaOH,-17,-1.7,20,6.88,None,None,Soil4_T9,0.11385,1.319290127,5550,92.5,3.9,-0.000034,Soil4_CE56b_pH5.28,10_20cm,5.277,26.47058824,1.925,-0.01766233766,-17.66233766,1.132352941,1.201393109,7.558558559,T9,109.9408439,3
E04,0,2,0,Soil4,Soil4_CE56b,Slurry,HCl_NaOH,-11,-1.1,20,5.98,None,None,Soil4_T9,0.09795,1.131243751,5550,92.5,3.9,-0.000022,Soil4_CE56b_pH5.28,10_20cm,5.277,26.47058824,1.925,-0.01142857143,-11.42857143,1.132352941,1.201393109,6.573573574,T9,94.27031256,3
E05,0,2,0,Soil4,Soil4_CE56b,Slurry,HCl_NaOH,-5,-0.5,20,5.08,None,None,Soil4_T9,0.03775,0.4152507932,5550,92.5,3.9,-0.00001,Soil4_CE56b_pH5.28,10_20cm,5.277,26.47058824,1.925,-0.005194805195,-5.194805195,1.132352941,1.201393109,5.732732733,T9,34.60423276,3
E06,0,2,0,Soil4,Soil4_CE56b,Slurry,HCl_NaOH,5,0.5,20,3.73,None,None,Soil4_T9,0.0186,0.1861369716,5550,92.5,3.9,0.00001,Soil4_CE56b_pH5.28,10_20cm,5.277,26.47058824,1.925,0.005194805195,5.194805195,1.132352941,1.201393109,3.954954955,T9,15.5114143,3
F01,0,2,0,Soil4,Soil4_CE56b,Slurry,HCl_NaOH,-65,-6.5,20,8.23,None,None,Soil4_T9,0.1224,1.420228308,5550,92.5,3.9,-0.00013,Soil4_CE56b_pH5.28,10_20cm,5.277,26.47058824,1.925,-0.06753246753,-67.53246753,1.132352941,1.201393109,8.399399399,T9,118.352359,3
F02,0,2,0,Soil4,Soil4_CE56b,Slurry,HCl_NaOH,-20,-2,20,7.33,None,None,Soil4_T9,0.08755,1.008006697,5550,92.5,3.9,-0.00004,Soil4_CE56b_pH5.28,10_20cm,5.277,26.47058824,1.925,-0.02077922078,-20.77922078,1.132352941,1.201393109,7.582582583,T9,84.00055812,3
F03,0,2,0,Soil4,Soil4_CE56b,Slurry,HCl_NaOH,-13,-1.3,20,6.43,None,None,Soil4_T9,0.077,0.8827986852,5550,92.5,3.9,-0.000026,Soil4_CE56b_pH5.28,10_20cm,5.277,26.47058824,1.925,-0.01350649351,-13.50649351,1.132352941,1.201393109,6.861861862,T9,73.5665571,3
F04,0,2,0,Soil4,Soil4_CE56b,Slurry,HCl_NaOH,-8,-0.8,20,5.53,None,None,Soil4_T9,0.0506,0.5686219256,5550,92.5,3.9,-0.000016,Soil4_CE56b_pH5.28,10_20cm,5.277,26.47058824,1.925,-0.008311688312,-8.311688312,1.132352941,1.201393109,6.189189189,T9,47.38516046,3
F05,0,2,0,Soil4,Soil4_CE56b,Slurry,HCl_NaOH,-2,-0.2,20,4.63,None,None,Soil4_T9,0.01855,0.1855378989,5550,92.5,3.9,-0.000004,Soil4_CE56b_pH5.28,10_20cm,5.277,26.47058824,1.925,-0.002077922078,-2.077922078,1.132352941,1.201393109,4.915915916,T9,15.46149157,3
F06,0,2,0,Soil4,Soil4_CE56b,Slurry,HCl_NaOH,20,2,20,3.28,None,None,Soil4_T9,0.0149,0.141793391,5550,92.5,3.9,0.00004,Soil4_CE56b_pH5.28,10_20cm,5.277,26.47058824,1.925,0.02077922078,20.77922078,1.132352941,1.201393109,3.28,T9,11.81611591,3
G01,0,2,0,Soil4,Soil4_CE56b,Slurry,HCl_NaOH,-100,-10,20,8.68,None,CHX,Soil4_T9,0.15,1.74520605,5550,92.5,3.9,-0.0002,Soil4_CE56b_pH5.28,10_20cm,5.277,26.47058824,1.925,-0.1038961039,-103.8961039,1.132352941,1.201393109,8.74,T9,145.4338375,1
G02,0,2,0,Soil4,Soil4_CE56b,Slurry,HCl_NaOH,0,0,20,4.18,None,CHX,Soil4_T9,0.01855,0.1855378989,5550,92.5,3.9,0,Soil4_CE56b_pH5.28,10_20cm,5.277,26.47058824,1.925,0,0,1.132352941,1.201393109,4.567567568,T9,15.46149157,1
G03,0,0,0,Soil4,Soil4_CE56b,No_Nitrate,No_Nitrate,0,0,20,4.18,None,None,Soil4_T9,0.01645,0.1603727674,5550,92.5,3.9,0,Soil4_CE56b_pH5.28,10_20cm,5.277,26.47058824,1.925,0,0,1.132352941,1.201393109,4.399399399,T9,13.36439728,2
G04,0,2,0,Soil4,Soil4_CE56b,Slurry,HCl_NaOH,0,0,20,4.18,None,None,Soil4_T9,0.0157,0.151383289,5550,92.5,3.9,0,Soil4_CE56b_pH5.28,10_20cm,5.277,26.47058824,1.925,0,0,1.132352941,1.201393109,4.44,T9,12.61527408,1
G05,0,2,0,Soil4,Soil4_CE56b,Slurry,HCl_NaOH,0,0,20,4.18,None,None,Soil4_T9,0.0184,0.1837406537,5550,92.5,3.9,0,Soil4_CE56b_pH5.28,10_20cm,5.277,26.47058824,1.925,0,0,1.132352941,1.201393109,4.44,T9,15.31172114,3
H01,0,2,0,Soil4,Soil4_CE56b,Slurry,HCl_NaOH,20,2,20,3.28,None,CHX,Soil4_T9,0.02565,0.2705610761,5550,92.5,3.9,0.00004,Soil4_CE56b_pH5.28,10_20cm,5.277,26.47058824,1.925,0.02077922078,20.77922078,1.132352941,1.201393109,3.426426426,T9,22.54675635,1
H02,0,0,0,Soil4,Soil4_CE56b,No_Nitrate,No_Nitrate,0,0,20,4.18,None,None,Soil4_T9,0.0229,0.2376403463,5550,92.5,3.9,0,Soil4_CE56b_pH5.28,10_20cm,5.277,26.47058824,1.925,0,0,1.132352941,1.201393109,4.399399399,T9,19.8033622,1
H03,0,0,0,Soil4,Soil4_CE56b,No_Nitrate,No_Nitrate,0,0,20,4.18,None,None,Soil4_T9,0.0219,0.2256657935,5550,92.5,3.9,0,Soil4_CE56b_pH5.28,10_20cm,5.277,26.47058824,1.925,0,0,1.132352941,1.201393109,4.399399399,T9,18.80548279,3
H04,0,2,0,Soil4,Soil4_CE56b,Slurry,HCl_NaOH,0,0,20,4.18,None,None,Soil4_T9,0.0146,0.1381968808,5550,92.5,3.9,0,Soil4_CE56b_pH5.28,10_20cm,5.277,26.47058824,1.925,0,0,1.132352941,1.201393109,4.44,T9,11.51640673,2
G06,0,2,0,Soil1,Soil1_Acidic4,Nitrate_Blank,Nitrate,0,0,20,None,None,None,Soil1_T9,0.0183,0.1415725962,5360,89.3,3.7,0,Soil1_Acidic4_pH4.7,0_10cm,4.703,25.32855436,1.915292712,0,0,1.126642772,1.133263357,,T9,11.79771635,2
H05,2,0,0,Soil1,Soil1_Acidic4,Nitrite_Blank,Nitrite,0,0,20,None,None,None,Soil1_T9,0.01275,0.08555808355,5360,89.3,3.7,0,Soil1_Acidic4_pH4.7,0_10cm,4.703,25.32855436,1.915292712,0,0,1.126642772,1.133263357,,T9,7.129840296,1
H06,0,0,2,Soil1,Soil1_Acidic4,Ammonium_Blank,Ammonium,0,0,20,None,None,None,Soil1_T9,0.01445,0.1027168553,5360,89.3,3.7,0,Soil1_Acidic4_pH4.7,0_10cm,4.703,25.32855436,1.915292712,0,0,1.126642772,1.133263357,,T9,8.55973794,3
G06,0,2,0,Soil7,Soil7_CE153,Nitrate_Blank,Nitrate,0,0,20,None,None,None,Soil7_T9,0.0181,0.1703724356,5480,91.3,3.8,0,Soil7_CE153_pH5.51,10_20cm,5.514,25.4176611,1.916050119,0,0,1.127088305,1.201393109,,T9,14.19770296,2
H05,2,0,0,Soil7,Soil7_CE153,Nitrite_Blank,Nitrite,0,0,20,None,None,None,Soil7_T9,0.0161,0.1503635987,5480,91.3,3.8,0,Soil7_CE153_pH5.51,10_20cm,5.514,25.4176611,1.916050119,0,0,1.127088305,1.201393109,,T9,12.53029989,1
H06,0,0,2,Soil7,Soil7_CE153,Ammonium_Blank,Ammonium,0,0,20,None,None,None,Soil7_T9,0.01645,0.1538653986,5480,91.3,3.8,0,Soil7_CE153_pH5.51,10_20cm,5.514,25.4176611,1.916050119,0,0,1.127088305,1.201393109,,T9,12.82211655,3
G06,0,2,0,Soil2,Soil2_Acidic12,Nitrate_Blank,Nitrate,0,0,20,None,None,None,Soil2_T9,0.0149,0.1373668646,5360,89.3,3.7,0,Soil2_Acidic12_pH5.09,0_10cm,5.094,25.1497006,1.913772455,0,0,1.125748503,1.133263357,,T9,11.44723872,2
H05,2,0,0,Soil2,Soil2_Acidic12,Nitrite_Blank,Nitrite,0,0,20,None,None,None,Soil2_T9,0.0133,0.1201756724,5360,89.3,3.7,0,Soil2_Acidic12_pH5.09,0_10cm,5.094,25.1497006,1.913772455,0,0,1.125748503,1.133263357,,T9,10.01463936,1
H06,0,0,2,Soil2,Soil2_Acidic12,Ammonium_Blank,Ammonium,0,0,20,None,None,None,Soil2_T9,0.0113,0.0986826243,5360,89.3,3.7,0,Soil2_Acidic12_pH5.09,0_10cm,5.094,25.1497006,1.913772455,0,0,1.125748503,1.133263357,,T9,8.223552025,3
G06,0,2,0,Soil4,Soil4_CE56b,Nitrate_Blank,Nitrate,0,0,20,None,None,None,Soil4_T9,0.00635,0.03464376621,5550,92.5,3.9,0,Soil4_CE56b_pH5.28,10_20cm,5.277,26.47058824,1.925,0,0,1.132352941,1.201393109,,T9,2.886980517,2
H05,2,0,0,Soil4,Soil4_CE56b,Nitrite_Blank,Nitrite,0,0,20,None,None,None,Soil4_T9,0.0143,0.118867716,5550,92.5,3.9,0,Soil4_CE56b_pH5.28,10_20cm,5.277,26.47058824,1.925,0,0,1.132352941,1.201393109,,T9,9.905642996,1
H06,0,0,2,Soil4,Soil4_CE56b,Ammonium_Blank,Ammonium,0,0,20,None,None,None,Soil4_T9,0.0056,0.02669288452,5550,92.5,3.9,0,Soil4_CE56b_pH5.28,10_20cm,5.277,26.47058824,1.925,0,0,1.132352941,1.201393109,,T9,2.224407043,3
A01,0,2,0,Soil1,Soil1_Acidic4,Slurry,HCl_NaOH,-100,-10,20,8.68,None,None,Soil1_T0,0.088,1.077727864,0,0,0,-0.0002,Soil1_Acidic4_pH4.7,0_10cm,4.703,25.32855436,1.915292712,-0.1044226811,-104.4226811,1.126642772,1.133263357,8.59,T0,89.81065537,1
A02,0,2,0,Soil1,Soil1_Acidic4,Slurry,HCl_NaOH,-40,-4,20,7.78,None,None,Soil1_T0,0.05885,0.7028654577,0,0,0,-0.00008,Soil1_Acidic4_pH4.7,0_10cm,4.703,25.32855436,1.915292712,-0.04176907242,-41.76907242,1.126642772,1.133263357,7.990990991,T0,58.57212147,1
A03,0,2,0,Soil1,Soil1_Acidic4,Slurry,HCl_NaOH,-21,-2.1,20,6.88,None,None,Soil1_T0,0.0321,0.3585258755,0,0,0,-0.000042,Soil1_Acidic4_pH4.7,0_10cm,4.703,25.32855436,1.915292712,-0.02192876302,-21.92876302,1.126642772,1.133263357,7.462462462,T0,29.87715629,1
A04,0,2,0,Soil1,Soil1_Acidic4,Slurry,HCl_NaOH,-14,-1.4,20,5.98,None,None,Soil1_T0,0.03175,0.3540183328,0,0,0,-0.000028,Soil1_Acidic4_pH4.7,0_10cm,4.703,25.32855436,1.915292712,-0.01461917535,-14.61917535,1.126642772,1.133263357,7.162162162,T0,29.50152774,1
A05,0,2,0,Soil1,Soil1_Acidic4,Slurry,HCl_NaOH,-8,-0.8,20,5.08,None,None,Soil1_T0,0.01975,0.1994401382,0,0,0,-0.000016,Soil1_Acidic4_pH4.7,0_10cm,4.703,25.32855436,1.915292712,-0.008353814484,-8.353814484,1.126642772,1.133263357,6.201201201,T0,16.62001152,1
A06,0,2,0,Soil1,Soil1_Acidic4,Slurry,HCl_NaOH,6,0.6,20,3.73,None,None,Soil1_T0,0.01745,0.1698051293,0,0,0,0.000012,Soil1_Acidic4_pH4.7,0_10cm,4.703,25.32855436,1.915292712,0.006265360863,6.265360863,1.126642772,1.133263357,3.798798799,T0,14.15042744,1
B01,0,2,0,Soil1,Soil1_Acidic4,Slurry,HCl_NaOH,-60,-6,20,8.23,None,None,Soil1_T0,0.0631,0.7575435767,0,0,0,-0.00012,Soil1_Acidic4_pH4.7,0_10cm,4.703,25.32855436,1.915292712,-0.06265360863,-62.65360863,1.126642772,1.133263357,8.207207207,T0,63.12863139,1
B02,0,2,0,Soil1,Soil1_Acidic4,Slurry,HCl_NaOH,-26,-2.6,20,7.33,None,None,Soil1_T0,0.0333,0.3739798827,0,0,0,-0.000052,Soil1_Acidic4_pH4.7,0_10cm,4.703,25.32855436,1.915292712,-0.02714989707,-27.14989707,1.126642772,1.133263357,7.666666667,T0,31.16499022,1
B03,0,2,0,Soil1,Soil1_Acidic4,Slurry,HCl_NaOH,-18,-1.8,20,6.43,None,None,Soil1_T0,0.02515,0.269008474,0,0,0,-0.000036,Soil1_Acidic4_pH4.7,0_10cm,4.703,25.32855436,1.915292712,-0.01879608259,-18.79608259,1.126642772,1.133263357,6.993993994,T0,22.41737283,1
B04,0,2,0,Soil1,Soil1_Acidic4,Slurry,HCl_NaOH,-11,-1.1,20,5.53,None,None,Soil1_T0,0.0184,0.1820459699,0,0,0,-0.000022,Soil1_Acidic4_pH4.7,0_10cm,4.703,25.32855436,1.915292712,-0.01148649492,-11.48649492,1.126642772,1.133263357,6.681681682,T0,15.17049749,1
B05,0,2,0,Soil1,Soil1_Acidic4,Slurry,HCl_NaOH,-5,-0.5,20,4.63,None,None,Soil1_T0,0.01285,0.1105278482,0,0,0,-0.00001,Soil1_Acidic4_pH4.7,0_10cm,4.703,25.32855436,1.915292712,-0.005221134053,-5.221134053,1.126642772,1.133263357,5.636636637,T0,9.210654013,1
B06,0,2,0,Soil1,Soil1_Acidic4,Slurry,HCl_NaOH,22,2.2,20,3.28,None,None,Soil1_T0,0.01615,0.1530538361,0,0,0,0.000044,Soil1_Acidic4_pH4.7,0_10cm,4.703,25.32855436,1.915292712,0.02297298983,22.97298983,1.126642772,1.133263357,3.32,T0,12.75448634,1
C01,0,2,0,Soil1,Soil1_Acidic4,Slurry,HCl_NaOH,-100,-10,20,8.68,None,None,Soil1_T0,0.09115,1.118213023,0,0,0,-0.0002,Soil1_Acidic4_pH4.7,0_10cm,4.703,25.32855436,1.915292712,-0.1044226811,-104.4226811,1.126642772,1.133263357,8.59,T0,93.18441859,2
C02,0,2,0,Soil1,Soil1_Acidic4,Slurry,HCl_NaOH,-40,-4,20,7.78,None,None,Soil1_T0,0.0559,0.6649075717,0,0,0,-0.00008,Soil1_Acidic4_pH4.7,0_10cm,4.703,25.32855436,1.915292712,-0.04176907242,-41.76907242,1.126642772,1.133263357,7.990990991,T0,55.40896431,2
C03,0,2,0,Soil1,Soil1_Acidic4,Slurry,HCl_NaOH,-21,-2.1,20,6.88,None,None,Soil1_T0,0.0407,0.4692650588,0,0,0,-0.000042,Soil1_Acidic4_pH4.7,0_10cm,4.703,25.32855436,1.915292712,-0.02192876302,-21.92876302,1.126642772,1.133263357,7.462462462,T0,39.10542156,2
C04,0,2,0,Soil1,Soil1_Acidic4,Slurry,HCl_NaOH,-14,-1.4,20,5.98,None,None,Soil1_T0,0.03105,0.3450030795,0,0,0,-0.000028,Soil1_Acidic4_pH4.7,0_10cm,4.703,25.32855436,1.915292712,-0.01461917535,-14.61917535,1.126642772,1.133263357,7.162162162,T0,28.75025663,2
C05,0,2,0,Soil1,Soil1_Acidic4,Slurry,HCl_NaOH,-8,-0.8,20,5.08,None,None,Soil1_T0,0.02185,0.2264960759,0,0,0,-0.000016,Soil1_Acidic4_pH4.7,0_10cm,4.703,25.32855436,1.915292712,-0.008353814484,-8.353814484,1.126642772,1.133263357,6.201201201,T0,18.874673,2
C06,0,2,0,Soil1,Soil1_Acidic4,Slurry,HCl_NaOH,6,0.6,20,3.73,None,None,Soil1_T0,0.01715,0.1659395149,0,0,0,0.000012,Soil1_Acidic4_pH4.7,0_10cm,4.703,25.32855436,1.915292712,0.006265360863,6.265360863,1.126642772,1.133263357,3.798798799,T0,13.82829291,2
D01,0,2,0,Soil1,Soil1_Acidic4,Slurry,HCl_NaOH,-60,-6,20,8.23,None,None,Soil1_T0,0.0701,0.8475837243,0,0,0,-0.00012,Soil1_Acidic4_pH4.7,0_10cm,4.703,25.32855436,1.915292712,-0.06265360863,-62.65360863,1.126642772,1.133263357,8.207207207,T0,70.63197703,2
D02,0,2,0,Soil1,Soil1_Acidic4,Slurry,HCl_NaOH,-26,-2.6,20,7.33,None,None,Soil1_T0,0.0338,0.3804188581,0,0,0,-0.000052,Soil1_Acidic4_pH4.7,0_10cm,4.703,25.32855436,1.915292712,-0.02714989707,-27.14989707,1.126642772,1.133263357,7.666666667,T0,31.70157151,2
D03,0,2,0,Soil1,Soil1_Acidic4,Slurry,HCl_NaOH,-18,-1.8,20,6.43,None,None,Soil1_T0,0.0253,0.2709407374,0,0,0,-0.000036,Soil1_Acidic4_pH4.7,0_10cm,4.703,25.32855436,1.915292712,-0.01879608259,-18.79608259,1.126642772,1.133263357,6.993993994,T0,22.57839478,2
D04,0,2,0,Soil1,Soil1_Acidic4,Slurry,HCl_NaOH,-11,-1.1,20,5.53,None,None,Soil1_T0,0.0211,0.2168334726,0,0,0,-0.000022,Soil1_Acidic4_pH4.7,0_10cm,4.703,25.32855436,1.915292712,-0.01148649492,-11.48649492,1.126642772,1.133263357,6.681681682,T0,18.06945605,2
D05,0,2,0,Soil1,Soil1_Acidic4,Slurry,HCl_NaOH,-5,-0.5,20,4.63,None,None,Soil1_T0,0.0148,0.1356574436,0,0,0,-0.00001,Soil1_Acidic4_pH4.7,0_10cm,4.703,25.32855436,1.915292712,-0.005221134053,-5.221134053,1.126642772,1.133263357,5.636636637,T0,11.30478696,2
D06,0,2,0,Soil1,Soil1_Acidic4,Slurry,HCl_NaOH,22,2.2,20,3.28,None,None,Soil1_T0,0.01155,0.09377381732,0,0,0,0.000044,Soil1_Acidic4_pH4.7,0_10cm,4.703,25.32855436,1.915292712,0.02297298983,22.97298983,1.126642772,1.133263357,3.32,T0,7.814484777,2
E01,0,2,0,Soil1,Soil1_Acidic4,Slurry,HCl_NaOH,-100,-10,20,8.68,None,None,Soil1_T0,0.08025,0.9781023334,0,0,0,-0.0002,Soil1_Acidic4_pH4.7,0_10cm,4.703,25.32855436,1.915292712,-0.1044226811,-104.4226811,1.126642772,1.133263357,8.59,T0,81.50852778,3
E02,0,2,0,Soil1,Soil1_Acidic4,Slurry,HCl_NaOH,-40,-4,20,7.78,None,None,Soil1_T0,0.0485,0.5696737231,0,0,0,-0.00008,Soil1_Acidic4_pH4.7,0_10cm,4.703,25.32855436,1.915292712,-0.04176907242,-41.76907242,1.126642772,1.133263357,7.990990991,T0,47.47281026,3
E03,0,2,0,Soil1,Soil1_Acidic4,Slurry,HCl_NaOH,-21,-2.1,20,6.88,None,None,Soil1_T0,0.02975,0.3282598722,0,0,0,-0.000042,Soil1_Acidic4_pH4.7,0_10cm,4.703,25.32855436,1.915292712,-0.02192876302,-21.92876302,1.126642772,1.133263357,7.462462462,T0,27.35498935,3
E04,0,2,0,Soil1,Soil1_Acidic4,Slurry,HCl_NaOH,-14,-1.4,20,5.98,None,None,Soil1_T0,0.02055,0.2097474,0,0,0,-0.000028,Soil1_Acidic4_pH4.7,0_10cm,4.703,25.32855436,1.915292712,-0.01461917535,-14.61917535,1.126642772,1.133263357,7.162162162,T0,17.47895,3
E05,0,2,0,Soil1,Soil1_Acidic4,Slurry,HCl_NaOH,-8,-0.8,20,5.08,None,None,Soil1_T0,0.0101,0.07508571607,0,0,0,-0.000016,Soil1_Acidic4_pH4.7,0_10cm,4.703,25.32855436,1.915292712,-0.008353814484,-8.353814484,1.126642772,1.133263357,6.201201201,T0,6.257143005,3
E06,0,2,0,Soil1,Soil1_Acidic4,Slurry,HCl_NaOH,6,0.6,20,3.73,None,None,Soil1_T0,0.01045,0.07959672522,0,0,0,0.000012,Soil1_Acidic4_pH4.7,0_10cm,4.703,25.32855436,1.915292712,0.006265360863,6.265360863,1.126642772,1.133263357,3.798798799,T0,6.633060435,3
F01,0,2,0,Soil1,Soil1_Acidic4,Slurry,HCl_NaOH,-60,-6,20,8.23,None,None,Soil1_T0,0.06235,0.7478950947,0,0,0,-0.00012,Soil1_Acidic4_pH4.7,0_10cm,4.703,25.32855436,1.915292712,-0.06265360863,-62.65360863,1.126642772,1.133263357,8.207207207,T0,62.32459123,3
F02,0,2,0,Soil1,Soil1_Acidic4,Slurry,HCl_NaOH,-26,-2.6,20,7.33,None,None,Soil1_T0,0.0315,0.3507986252,0,0,0,-0.000052,Soil1_Acidic4_pH4.7,0_10cm,4.703,25.32855436,1.915292712,-0.02714989707,-27.14989707,1.126642772,1.133263357,7.666666667,T0,29.23321877,3
F03,0,2,0,Soil1,Soil1_Acidic4,Slurry,HCl_NaOH,-18,-1.8,20,6.43,None,None,Soil1_T0,0.02455,0.2612793175,0,0,0,-0.000036,Soil1_Acidic4_pH4.7,0_10cm,4.703,25.32855436,1.915292712,-0.01879608259,-18.79608259,1.126642772,1.133263357,6.993993994,T0,21.77327646,3
F04,0,2,0,Soil1,Soil1_Acidic4,Slurry,HCl_NaOH,-11,-1.1,20,5.53,None,None,Soil1_T0,0.01745,0.1698051293,0,0,0,-0.000022,Soil1_Acidic4_pH4.7,0_10cm,4.703,25.32855436,1.915292712,-0.01148649492,-11.48649492,1.126642772,1.133263357,6.681681682,T0,14.15042744,3
F05,0,2,0,Soil1,Soil1_Acidic4,Slurry,HCl_NaOH,-5,-0.5,20,4.63,None,None,Soil1_T0,0.00725,0.03835112428,0,0,0,-0.00001,Soil1_Acidic4_pH4.7,0_10cm,4.703,25.32855436,1.915292712,-0.005221134053,-5.221134053,1.126642772,1.133263357,5.636636637,T0,3.195927023,3
F06,0,2,0,Soil1,Soil1_Acidic4,Slurry,HCl_NaOH,22,2.2,20,3.28,None,None,Soil1_T0,0.0093,0.06477462732,0,0,0,0.000044,Soil1_Acidic4_pH4.7,0_10cm,4.703,25.32855436,1.915292712,0.02297298983,22.97298983,1.126642772,1.133263357,3.32,T0,5.39788561,3
G01,0,2,0,Soil1,Soil1_Acidic4,Slurry,HCl_NaOH,-100,-10,20,8.68,None,CHX,Soil1_T0,0.1163,1.441290203,0,0,0,-0.0002,Soil1_Acidic4_pH4.7,0_10cm,4.703,25.32855436,1.915292712,-0.1044226811,-104.4226811,1.126642772,1.133263357,8.57,T0,120.1075169,1
G02,0,2,0,Soil1,Soil1_Acidic4,Slurry,HCl_NaOH,0,0,20,4.18,None,CHX,Soil1_T0,0.0118,0.09699580643,0,0,0,0,Soil1_Acidic4_pH4.7,0_10cm,4.703,25.32855436,1.915292712,0,0,1.126642772,1.133263357,4.243243243,T0,8.082983869,1
G03,0,0,0,Soil1,Soil1_Acidic4,No_Nitrate,No_Nitrate,0,0,20,4.18,None,None,Soil1_T0,0.00465,0.004835619177,0,0,0,0,Soil1_Acidic4_pH4.7,0_10cm,4.703,25.32855436,1.915292712,0,0,1.126642772,1.133263357,4.179179179,T0,0.4029682647,2
G04,0,2,0,Soil1,Soil1_Acidic4,Slurry,HCl_NaOH,0,0,20,4.18,None,None,Soil1_T0,0.00295,0,0,0,0,0,Soil1_Acidic4_pH4.7,0_10cm,4.703,25.32855436,1.915292712,0,0,1.126642772,1.133263357,4.59,T0,0,1
G05,0,2,0,Soil1,Soil1_Acidic4,Slurry,HCl_NaOH,0,0,20,4.18,None,None,Soil1_T0,0.0062,0.02481638931,0,0,0,0,Soil1_Acidic4_pH4.7,0_10cm,4.703,25.32855436,1.915292712,0,0,1.126642772,1.133263357,4.59,T0,2.068032443,3
H01,0,2,0,Soil1,Soil1_Acidic4,Slurry,HCl_NaOH,22,2.2,20,3.28,None,CHX,Soil1_T0,0.0125,0.1060172237,0,0,0,0.000044,Soil1_Acidic4_pH4.7,0_10cm,4.703,25.32855436,1.915292712,0.02297298983,22.97298983,1.126642772,1.133263357,3.27027027,T0,8.83476864,1
H02,0,0,0,Soil1,Soil1_Acidic4,No_Nitrate,No_Nitrate,0,0,20,4.18,None,None,Soil1_T0,0,0,0,0,0,0,Soil1_Acidic4_pH4.7,0_10cm,4.703,25.32855436,1.915292712,0,0,1.126642772,1.133263357,4.179179179,T0,0,1
H03,0,0,0,Soil1,Soil1_Acidic4,No_Nitrate,No_Nitrate,0,0,20,4.18,None,None,Soil1_T0,0,0,0,0,0,0,Soil1_Acidic4_pH4.7,0_10cm,4.703,25.32855436,1.915292712,0,0,1.126642772,1.133263357,4.179179179,T0,0,3
H04,0,2,0,Soil1,Soil1_Acidic4,Slurry,HCl_NaOH,0,0,20,4.18,None,None,Soil1_T0,0.0005,0,0,0,0,0,Soil1_Acidic4_pH4.7,0_10cm,4.703,25.32855436,1.915292712,0,0,1.126642772,1.133263357,4.59,T0,0,2
A01,0,2,0,Soil7,Soil7_CE153,Slurry,HCl_NaOH,-85,-8.5,20,8.51,None,None,Soil7_T0,0.10905,1.457789715,0,0,0,-0.00017,Soil7_CE153_pH5.51,10_20cm,5.514,25.4176611,1.916050119,-0.08872419269,-88.72419269,1.127088305,1.201393109,8.71,T0,121.4824763,1
A02,0,2,0,Soil7,Soil7_CE153,Slurry,HCl_NaOH,-26,-2.6,20,7.61,None,None,Soil7_T0,0.0362,0.4756774677,0,0,0,-0.000052,Soil7_CE153_pH5.51,10_20cm,5.514,25.4176611,1.916050119,-0.02713916482,-27.13916482,1.127088305,1.201393109,7.714714715,T0,39.63978898,1
A03,0,2,0,Soil7,Soil7_CE153,Slurry,HCl_NaOH,-16,-1.6,20,6.71,None,None,Soil7_T0,0.023,0.2970562107,0,0,0,-0.000032,Soil7_CE153_pH5.51,10_20cm,5.514,25.4176611,1.916050119,-0.01670102451,-16.70102451,1.127088305,1.201393109,6.777777778,T0,24.75468423,1
A04,0,2,0,Soil7,Soil7_CE153,Slurry,HCl_NaOH,-9,-0.9,20,5.81,None,None,Soil7_T0,0.01355,0.1690526638,0,0,0,-0.000018,Soil7_CE153_pH5.51,10_20cm,5.514,25.4176611,1.916050119,-0.009394326285,-9.394326285,1.127088305,1.201393109,6.285285285,T0,14.08772198,1
A05,0,2,0,Soil7,Soil7_CE153,Slurry,HCl_NaOH,-3,-0.3,20,4.91,None,None,Soil7_T0,0.00805,0.09450435043,0,0,0,-0.000006,Soil7_CE153_pH5.51,10_20cm,5.514,25.4176611,1.916050119,-0.003131442095,-3.131442095,1.127088305,1.201393109,5.42042042,T0,7.875362536,1
A06,0,2,0,Soil7,Soil7_CE153,Slurry,HCl_NaOH,14,1.4,20,3.56,None,None,Soil7_T0,0.01025,0.1243279977,0,0,0,0.000028,Soil7_CE153_pH5.51,10_20cm,5.514,25.4176611,1.916050119,0.01461339644,14.61339644,1.127088305,1.201393109,3.618618619,T0,10.36066648,1
B01,0,2,0,Soil7,Soil7_CE153,Slurry,HCl_NaOH,-45,-4.5,20,8.06,None,None,Soil7_T0,0.0595,0.7904686059,0,0,0,-0.00009,Soil7_CE153_pH5.51,10_20cm,5.514,25.4176611,1.916050119,-0.04697163143,-46.97163143,1.127088305,1.201393109,8.171171171,T0,65.87238382,1
B02,0,2,0,Soil7,Soil7_CE153,Slurry,HCl_NaOH,-20,-2,20,7.16,None,None,Soil7_T0,0.027,0.3512056675,0,0,0,-0.00004,Soil7_CE153_pH5.51,10_20cm,5.514,25.4176611,1.916050119,-0.02087628063,-20.87628063,1.127088305,1.201393109,7.282282282,T0,29.26713896,1
B03,0,2,0,Soil7,Soil7_CE153,Slurry,HCl_NaOH,-13,-1.3,20,6.26,None,None,Soil7_T0,0.01915,0.2449194255,0,0,0,-0.000026,Soil7_CE153_pH5.51,10_20cm,5.514,25.4176611,1.916050119,-0.01356958241,-13.56958241,1.127088305,1.201393109,6.60960961,T0,20.40995213,1
B04,0,2,0,Soil7,Soil7_CE153,Slurry,HCl_NaOH,-6,-0.6,20,5.36,None,None,Soil7_T0,0.0092,0.1100947034,0,0,0,-0.000012,Soil7_CE153_pH5.51,10_20cm,5.514,25.4176611,1.916050119,-0.00626288419,-6.26288419,1.127088305,1.201393109,5.852852853,T0,9.174558613,1
B05,0,2,0,Soil7,Soil7_CE153,Slurry,HCl_NaOH,5,0.5,20,4.01,None,None,Soil7_T0,0.009,0.1073834508,0,0,0,0.00001,Soil7_CE153_pH5.51,10_20cm,5.514,25.4176611,1.916050119,0.005219070159,5.219070159,1.127088305,1.201393109,4.255255255,T0,8.948620899,1
B06,0,2,0,Soil7,Soil7_CE153,Slurry,HCl_NaOH,38,3.8,20,3.11,None,None,Soil7_T0,0.01385,0.1731178999,0,0,0,0.000076,Soil7_CE153_pH5.51,10_20cm,5.514,25.4176611,1.916050119,0.0396649332,39.6649332,1.127088305,1.201393109,3.15,T0,14.42649166,1
C01,0,2,0,Soil7,Soil7_CE153,Slurry,HCl_NaOH,-85,-8.5,20,8.51,None,None,Soil7_T0,0.1014,1.354949236,0,0,0,-0.00017,Soil7_CE153_pH5.51,10_20cm,5.514,25.4176611,1.916050119,-0.08872419269,-88.72419269,1.127088305,1.201393109,8.71,T0,112.9124363,2
C02,0,2,0,Soil7,Soil7_CE153,Slurry,HCl_NaOH,-26,-2.6,20,7.61,None,None,Soil7_T0,0.0337,0.4418635237,0,0,0,-0.000052,Soil7_CE153_pH5.51,10_20cm,5.514,25.4176611,1.916050119,-0.02713916482,-27.13916482,1.127088305,1.201393109,7.714714715,T0,36.82196031,2
C03,0,2,0,Soil7,Soil7_CE153,Slurry,HCl_NaOH,-16,-1.6,20,6.71,None,None,Soil7_T0,0.02145,0.2760681928,0,0,0,-0.000032,Soil7_CE153_pH5.51,10_20cm,5.514,25.4176611,1.916050119,-0.01670102451,-16.70102451,1.127088305,1.201393109,6.777777778,T0,23.00568273,2
C04,0,2,0,Soil7,Soil7_CE153,Slurry,HCl_NaOH,-9,-0.9,20,5.81,None,None,Soil7_T0,0.0107,0.1304275791,0,0,0,-0.000018,Soil7_CE153_pH5.51,10_20cm,5.514,25.4176611,1.916050119,-0.009394326285,-9.394326285,1.127088305,1.201393109,6.285285285,T0,10.86896493,2
C05,0,2,0,Soil7,Soil7_CE153,Slurry,HCl_NaOH,-3,-0.3,20,4.91,None,None,Soil7_T0,0.007,0.08026830428,0,0,0,-0.000006,Soil7_CE153_pH5.51,10_20cm,5.514,25.4176611,1.916050119,-0.003131442095,-3.131442095,1.127088305,1.201393109,5.42042042,T0,6.689025357,2
C06,0,2,0,Soil7,Soil7_CE153,Slurry,HCl_NaOH,14,1.4,20,3.56,None,None,Soil7_T0,0.00515,0.05518254969,0,0,0,0.000028,Soil7_CE153_pH5.51,10_20cm,5.514,25.4176611,1.916050119,0.01461339644,14.61339644,1.127088305,1.201393109,3.618618619,T0,4.598545808,2
D01,0,2,0,Soil7,Soil7_CE153,Slurry,HCl_NaOH,-45,-4.5,20,8.06,None,None,Soil7_T0,0.05875,0.7803458046,0,0,0,-0.00009,Soil7_CE153_pH5.51,10_20cm,5.514,25.4176611,1.916050119,-0.04697163143,-46.97163143,1.127088305,1.201393109,8.171171171,T0,65.02881705,2
D02,0,2,0,Soil7,Soil7_CE153,Slurry,HCl_NaOH,-20,-2,20,7.16,None,None,Soil7_T0,0.0253,0.3281944672,0,0,0,-0.00004,Soil7_CE153_pH5.51,10_20cm,5.514,25.4176611,1.916050119,-0.02087628063,-20.87628063,1.127088305,1.201393109,7.282282282,T0,27.34953893,2
D03,0,2,0,Soil7,Soil7_CE153,Slurry,HCl_NaOH,-13,-1.3,20,6.26,None,None,Soil7_T0,0.0146,0.1832805219,0,0,0,-0.000026,Soil7_CE153_pH5.51,10_20cm,5.514,25.4176611,1.916050119,-0.01356958241,-13.56958241,1.127088305,1.201393109,6.60960961,T0,15.27337682,2
D04,0,2,0,Soil7,Soil7_CE153,Slurry,HCl_NaOH,-6,-0.6,20,5.36,None,None,Soil7_T0,0.00635,0.07145485539,0,0,0,-0.000012,Soil7_CE153_pH5.51,10_20cm,5.514,25.4176611,1.916050119,-0.00626288419,-6.26288419,1.127088305,1.201393109,5.852852853,T0,5.954571283,2
D05,0,2,0,Soil7,Soil7_CE153,Slurry,HCl_NaOH,5,0.5,20,4.01,None,None,Soil7_T0,0.00175,0.009068357664,0,0,0,0.00001,Soil7_CE153_pH5.51,10_20cm,5.514,25.4176611,1.916050119,0.005219070159,5.219070159,1.127088305,1.201393109,4.255255255,T0,0.755696472,2
D06,0,2,0,Soil7,Soil7_CE153,Slurry,HCl_NaOH,38,3.8,20,3.11,None,None,Soil7_T0,0.00605,0.0673869399,0,0,0,0.000076,Soil7_CE153_pH5.51,10_20cm,5.514,25.4176611,1.916050119,0.0396649332,39.6649332,1.127088305,1.201393109,3.15,T0,5.615578325,2
E01,0,2,0,Soil7,Soil7_CE153,Slurry,HCl_NaOH,-85,-8.5,20,8.51,None,None,Soil7_T0,0.114,1.52429736,0,0,0,-0.00017,Soil7_CE153_pH5.51,10_20cm,5.514,25.4176611,1.916050119,-0.08872419269,-88.72419269,1.127088305,1.201393109,8.71,T0,127.02478,3
E02,0,2,0,Soil7,Soil7_CE153,Slurry,HCl_NaOH,-26,-2.6,20,7.61,None,None,Soil7_T0,0.0504,0.6676005878,0,0,0,-0.000052,Soil7_CE153_pH5.51,10_20cm,5.514,25.4176611,1.916050119,-0.02713916482,-27.13916482,1.127088305,1.201393109,7.714714715,T0,55.63338232,3
E03,0,2,0,Soil7,Soil7_CE153,Slurry,HCl_NaOH,-16,-1.6,20,6.71,None,None,Soil7_T0,0.0302,0.3945115752,0,0,0,-0.000032,Soil7_CE153_pH5.51,10_20cm,5.514,25.4176611,1.916050119,-0.01670102451,-16.70102451,1.127088305,1.201393109,6.777777778,T0,32.8759646,3
E04,0,2,0,Soil7,Soil7_CE153,Slurry,HCl_NaOH,-9,-0.9,20,5.81,None,None,Soil7_T0,0.0128,0.158889105,0,0,0,-0.000018,Soil7_CE153_pH5.51,10_20cm,5.514,25.4176611,1.916050119,-0.009394326285,-9.394326285,1.127088305,1.201393109,6.285285285,T0,13.24075875,3
E05,0,2,0,Soil7,Soil7_CE153,Slurry,HCl_NaOH,-3,-0.3,20,4.91,None,None,Soil7_T0,0.0042,0.04229909003,0,0,0,-0.000006,Soil7_CE153_pH5.51,10_20cm,5.514,25.4176611,1.916050119,-0.003131442095,-3.131442095,1.127088305,1.201393109,5.42042042,T0,3.524924169,3
E06,0,2,0,Soil7,Soil7_CE153,Slurry,HCl_NaOH,14,1.4,20,3.56,None,None,Soil7_T0,0.00295,0.02534552951,0,0,0,0.000028,Soil7_CE153_pH5.51,10_20cm,5.514,25.4176611,1.916050119,0.01461339644,14.61339644,1.127088305,1.201393109,3.618618619,T0,2.112127459,3
F01,0,2,0,Soil7,Soil7_CE153,Slurry,HCl_NaOH,-45,-4.5,20,8.06,None,None,Soil7_T0,0.0622,0.8269052166,0,0,0,-0.00009,Soil7_CE153_pH5.51,10_20cm,5.514,25.4176611,1.916050119,-0.04697163143,-46.97163143,1.127088305,1.201393109,8.171171171,T0,68.90876805,3
F02,0,2,0,Soil7,Soil7_CE153,Slurry,HCl_NaOH,-20,-2,20,7.16,None,None,Soil7_T0,0.0333,0.4364526064,0,0,0,-0.00004,Soil7_CE153_pH5.51,10_20cm,5.514,25.4176611,1.916050119,-0.02087628063,-20.87628063,1.127088305,1.201393109,7.282282282,T0,36.37105053,3
F03,0,2,0,Soil7,Soil7_CE153,Slurry,HCl_NaOH,-13,-1.3,20,6.26,None,None,Soil7_T0,0.0204,0.2618488827,0,0,0,-0.000026,Soil7_CE153_pH5.51,10_20cm,5.514,25.4176611,1.916050119,-0.01356958241,-13.56958241,1.127088305,1.201393109,6.60960961,T0,21.82074023,3
F04,0,2,0,Soil7,Soil7_CE153,Slurry,HCl_NaOH,-6,-0.6,20,5.36,None,None,Soil7_T0,0.0072,0.08298003341,0,0,0,-0.000012,Soil7_CE153_pH5.51,10_20cm,5.514,25.4176611,1.916050119,-0.00626288419,-6.26288419,1.127088305,1.201393109,5.852852853,T0,6.915002784,3
F05,0,2,0,Soil7,Soil7_CE153,Slurry,HCl_NaOH,5,0.5,20,4.01,None,None,Soil7_T0,0.0007,0,0,0,0,0.00001,Soil7_CE153_pH5.51,10_20cm,5.514,25.4176611,1.916050119,0.005219070159,5.219070159,1.127088305,1.201393109,4.255255255,T0,0,3
F06,0,2,0,Soil7,Soil7_CE153,Slurry,HCl_NaOH,38,3.8,20,3.11,None,None,Soil7_T0,0.0041,0.04094287377,0,0,0,0.000076,Soil7_CE153_pH5.51,10_20cm,5.514,25.4176611,1.916050119,0.0396649332,39.6649332,1.127088305,1.201393109,3.15,T0,3.411906148,3
G01,0,2,0,Soil7,Soil7_CE153,Slurry,HCl_NaOH,-85,-8.5,20,8.51,None,CHX,Soil7_T0,0.096,1.282314996,0,0,0,-0.00017,Soil7_CE153_pH5.51,10_20cm,5.514,25.4176611,1.916050119,-0.08872419269,-88.72419269,1.127088305,1.201393109,8.71,T0,106.859583,1
G02,0,2,0,Soil7,Soil7_CE153,Slurry,HCl_NaOH,0,0,20,4.46,None,CHX,Soil7_T0,0.00705,0.08094624103,0,0,0,0,Soil7_CE153_pH5.51,10_20cm,5.514,25.4176611,1.916050119,0,0,1.127088305,1.201393109,4.795795796,T0,6.745520086,1
G03,0,0,0,Soil7,Soil7_CE153,No_Nitrate,No_Nitrate,0,0,20,4.46,None,None,Soil7_T0,0.0029,0.02466734832,0,0,0,0,Soil7_CE153_pH5.51,10_20cm,5.514,25.4176611,1.916050119,0,0,1.127088305,1.201393109,4.671671672,T0,2.05561236,2
G04,0,2,0,Soil7,Soil7_CE153,Slurry,HCl_NaOH,0,0,20,4.46,None,None,Soil7_T0,0.00415,0.04162098339,0,0,0,0,Soil7_CE153_pH5.51,10_20cm,5.514,25.4176611,1.916050119,0,0,1.127088305,1.201393109,4.8,T0,3.468415283,1
G05,0,2,0,Soil7,Soil7_CE153,Slurry,HCl_NaOH,0,0,20,4.46,None,None,Soil7_T0,0.0023,0.01652894138,0,0,0,0,Soil7_CE153_pH5.51,10_20cm,5.514,25.4176611,1.916050119,0,0,1.127088305,1.201393109,4.8,T0,1.377411782,3
H01,0,2,0,Soil7,Soil7_CE153,Slurry,HCl_NaOH,38,3.8,20,3.11,None,CHX,Soil7_T0,0.12765,1.707550223,0,0,0,0.000076,Soil7_CE153_pH5.51,10_20cm,5.514,25.4176611,1.916050119,0.0396649332,39.6649332,1.127088305,1.201393109,3.234234234,T0,142.2958519,1
H02,0,0,0,Soil7,Soil7_CE153,No_Nitrate,No_Nitrate,0,0,20,4.46,None,None,Soil7_T0,0.0484,0.6405835573,0,0,0,0,Soil7_CE153_pH5.51,10_20cm,5.514,25.4176611,1.916050119,0,0,1.127088305,1.201393109,4.671671672,T0,53.38196311,1
H03,0,0,0,Soil7,Soil7_CE153,No_Nitrate,No_Nitrate,0,0,20,4.46,None,None,Soil7_T0,0.04855,0.6426099982,0,0,0,0,Soil7_CE153_pH5.51,10_20cm,5.514,25.4176611,1.916050119,0,0,1.127088305,1.201393109,4.671671672,T0,53.55083318,3
H04,0,2,0,Soil7,Soil7_CE153,Slurry,HCl_NaOH,0,0,20,4.46,None,None,Soil7_T0,0.0023,0.01652894138,0,0,0,0,Soil7_CE153_pH5.51,10_20cm,5.514,25.4176611,1.916050119,0,0,1.127088305,1.201393109,4.8,T0,1.377411782,2
A01,0,2,0,Soil2,Soil2_Acidic12,Slurry,HCl_NaOH,-100,-10,20,8.51,None,None,Soil2_T0,0.16705,2.244294555,0,0,0,-0.0002,Soil2_Acidic12_pH5.09,0_10cm,5.094,25.1497006,1.913772455,-0.104505632,-104.505632,1.125748503,1.133263357,8.6,T0,187.0245462,1
A02,0,2,0,Soil2,Soil2_Acidic12,Slurry,HCl_NaOH,-32,-3.2,20,7.61,None,None,Soil2_T0,0.0512,0.6718456511,0,0,0,-0.000064,Soil2_Acidic12_pH5.09,0_10cm,5.094,25.1497006,1.913772455,-0.03344180225,-33.44180225,1.125748503,1.133263357,7.774774775,T0,55.98713759,1
A03,0,2,0,Soil2,Soil2_Acidic12,Slurry,HCl_NaOH,-19,-1.9,20,6.71,None,None,Soil2_T0,0.02635,0.3320920661,0,0,0,-0.000038,Soil2_Acidic12_pH5.09,0_10cm,5.094,25.1497006,1.913772455,-0.01985607009,-19.85607009,1.125748503,1.133263357,7.066066066,T0,27.67433884,1
A04,0,2,0,Soil2,Soil2_Acidic12,Slurry,HCl_NaOH,-11,-1.1,20,5.81,None,None,Soil2_T0,0.017,0.2040286259,0,0,0,-0.000022,Soil2_Acidic12_pH5.09,0_10cm,5.094,25.1497006,1.913772455,-0.01149561952,-11.49561952,1.125748503,1.133263357,6.705705706,T0,17.00238549,1
A05,0,2,0,Soil2,Soil2_Acidic12,Slurry,HCl_NaOH,-4,-0.4,20,4.91,None,None,Soil2_T0,0.0093,0.09847035397,0,0,0,-0.000008,Soil2_Acidic12_pH5.09,0_10cm,5.094,25.1497006,1.913772455,-0.004180225282,-4.180225282,1.125748503,1.133263357,5.336336336,T0,8.205862831,1
A06,0,2,0,Soil2,Soil2_Acidic12,Slurry,HCl_NaOH,14,1.4,20,3.56,None,None,Soil2_T0,0.01145,0.1279529978,0,0,0,0.000028,Soil2_Acidic12_pH5.09,0_10cm,5.094,25.1497006,1.913772455,0.01463078849,14.63078849,1.125748503,1.133263357,3.738738739,T0,10.66274982,1
B01,0,2,0,Soil2,Soil2_Acidic12,Slurry,HCl_NaOH,-45,-4.5,20,8.06,None,None,Soil2_T0,0.0739,0.9814370114,0,0,0,-0.00009,Soil2_Acidic12_pH5.09,0_10cm,5.094,25.1497006,1.913772455,-0.04702753442,-47.02753442,1.125748503,1.133263357,8.21,T0,81.78641762,1
B02,0,2,0,Soil2,Soil2_Acidic12,Slurry,HCl_NaOH,-24,-2.4,20,7.16,None,None,Soil2_T0,0.0365,0.4709711004,0,0,0,-0.000048,Soil2_Acidic12_pH5.09,0_10cm,5.094,25.1497006,1.913772455,-0.02508135169,-25.08135169,1.125748503,1.133263357,7.378378378,T0,39.2475917,1
B03,0,2,0,Soil2,Soil2_Acidic12,Slurry,HCl_NaOH,-15,-1.5,20,6.26,None,None,Soil2_T0,0.01965,0.2403374153,0,0,0,-0.00003,Soil2_Acidic12_pH5.09,0_10cm,5.094,25.1497006,1.913772455,-0.01567584481,-15.67584481,1.125748503,1.133263357,6.777777778,T0,20.02811795,1
B04,0,2,0,Soil2,Soil2_Acidic12,Slurry,HCl_NaOH,-7,-0.7,20,5.36,None,None,Soil2_T0,0.0107,0.1176691102,0,0,0,-0.000014,Soil2_Acidic12_pH5.09,0_10cm,5.094,25.1497006,1.913772455,-0.007315394243,-7.315394243,1.125748503,1.133263357,6.033033033,T0,9.805759182,1
B05,0,2,0,Soil2,Soil2_Acidic12,Slurry,HCl_NaOH,6,0.6,20,4.01,None,None,Soil2_T0,0.0084,0.08612680638,0,0,0,0.000012,Soil2_Acidic12_pH5.09,0_10cm,5.094,25.1497006,1.913772455,0.006270337922,6.270337922,1.125748503,1.133263357,4.327327327,T0,7.177233865,1
B06,0,2,0,Soil2,Soil2_Acidic12,Slurry,HCl_NaOH,34,3.4,20,3.11,None,None,Soil2_T0,0.0135,0.156058162,0,0,0,0.000068,Soil2_Acidic12_pH5.09,0_10cm,5.094,25.1497006,1.913772455,0.03553191489,35.53191489,1.125748503,1.133263357,3.17,T0,13.00484683,1
C01,0,2,0,Soil2,Soil2_Acidic12,Slurry,HCl_NaOH,-100,-10,20,8.51,None,None,Soil2_T0,0.1648,2.213932332,0,0,0,-0.0002,Soil2_Acidic12_pH5.09,0_10cm,5.094,25.1497006,1.913772455,-0.104505632,-104.505632,1.125748503,1.133263357,8.6,T0,184.494361,2
C02,0,2,0,Soil2,Soil2_Acidic12,Slurry,HCl_NaOH,-32,-3.2,20,7.61,None,None,Soil2_T0,0.05605,0.7380531539,0,0,0,-0.000064,Soil2_Acidic12_pH5.09,0_10cm,5.094,25.1497006,1.913772455,-0.03344180225,-33.44180225,1.125748503,1.133263357,7.774774775,T0,61.50442949,2
C03,0,2,0,Soil2,Soil2_Acidic12,Slurry,HCl_NaOH,-19,-1.9,20,6.71,None,None,Soil2_T0,0.0253,0.3177168571,0,0,0,-0.000038,Soil2_Acidic12_pH5.09,0_10cm,5.094,25.1497006,1.913772455,-0.01985607009,-19.85607009,1.125748503,1.133263357,7.066066066,T0,26.47640476,2
C04,0,2,0,Soil2,Soil2_Acidic12,Slurry,HCl_NaOH,-11,-1.1,20,5.81,None,None,Soil2_T0,0.01335,0.1540018915,0,0,0,-0.000022,Soil2_Acidic12_pH5.09,0_10cm,5.094,25.1497006,1.913772455,-0.01149561952,-11.49561952,1.125748503,1.133263357,6.705705706,T0,12.83349096,2
C05,0,2,0,Soil2,Soil2_Acidic12,Slurry,HCl_NaOH,-4,-0.4,20,4.91,None,None,Soil2_T0,0.0089,0.09298447681,0,0,0,-0.000008,Soil2_Acidic12_pH5.09,0_10cm,5.094,25.1497006,1.913772455,-0.004180225282,-4.180225282,1.125748503,1.133263357,5.336336336,T0,7.748706401,2
C06,0,2,0,Soil2,Soil2_Acidic12,Slurry,HCl_NaOH,14,1.4,20,3.56,None,None,Soil2_T0,0.0071,0.06829517814,0,0,0,0.000028,Soil2_Acidic12_pH5.09,0_10cm,5.094,25.1497006,1.913772455,0.01463078849,14.63078849,1.125748503,1.133263357,3.738738739,T0,5.691264845,2
D01,0,2,0,Soil2,Soil2_Acidic12,Slurry,HCl_NaOH,-45,-4.5,20,8.06,None,None,Soil2_T0,0.0798,1.061784241,0,0,0,-0.00009,Soil2_Acidic12_pH5.09,0_10cm,5.094,25.1497006,1.913772455,-0.04702753442,-47.02753442,1.125748503,1.133263357,8.21,T0,88.48202007,2
D02,0,2,0,Soil2,Soil2_Acidic12,Slurry,HCl_NaOH,-24,-2.4,20,7.16,None,None,Soil2_T0,0.03935,0.5099402271,0,0,0,-0.000048,Soil2_Acidic12_pH5.09,0_10cm,5.094,25.1497006,1.913772455,-0.02508135169,-25.08135169,1.125748503,1.133263357,7.378378378,T0,42.49501892,2
D03,0,2,0,Soil2,Soil2_Acidic12,Slurry,HCl_NaOH,-15,-1.5,20,6.26,None,None,Soil2_T0,0.02265,0.2814295437,0,0,0,-0.00003,Soil2_Acidic12_pH5.09,0_10cm,5.094,25.1497006,1.913772455,-0.01567584481,-15.67584481,1.125748503,1.133263357,6.777777778,T0,23.45246198,2
D04,0,2,0,Soil2,Soil2_Acidic12,Slurry,HCl_NaOH,-7,-0.7,20,5.36,None,None,Soil2_T0,0.0133,0.1533164608,0,0,0,-0.000014,Soil2_Acidic12_pH5.09,0_10cm,5.094,25.1497006,1.913772455,-0.007315394243,-7.315394243,1.125748503,1.133263357,6.033033033,T0,12.77637173,2
D05,0,2,0,Soil2,Soil2_Acidic12,Slurry,HCl_NaOH,6,0.6,20,4.01,None,None,Soil2_T0,0.00975,0.1046416904,0,0,0,0.000012,Soil2_Acidic12_pH5.09,0_10cm,5.094,25.1497006,1.913772455,0.006270337922,6.270337922,1.125748503,1.133263357,4.327327327,T0,8.72014087,2
D06,0,2,0,Soil2,Soil2_Acidic12,Slurry,HCl_NaOH,34,3.4,20,3.11,None,None,Soil2_T0,0.01105,0.1224683585,0,0,0,0.000068,Soil2_Acidic12_pH5.09,0_10cm,5.094,25.1497006,1.913772455,0.03553191489,35.53191489,1.125748503,1.133263357,3.17,T0,10.20569654,2
E01,0,2,0,Soil2,Soil2_Acidic12,Slurry,HCl_NaOH,-100,-10,20,8.51,None,None,Soil2_T0,0.1714,2.302975175,0,0,0,-0.0002,Soil2_Acidic12_pH5.09,0_10cm,5.094,25.1497006,1.913772455,-0.104505632,-104.505632,1.125748503,1.133263357,8.6,T0,191.9145979,3
E02,0,2,0,Soil2,Soil2_Acidic12,Slurry,HCl_NaOH,-32,-3.2,20,7.61,None,None,Soil2_T0,0.0534,0.7018820594,0,0,0,-0.000064,Soil2_Acidic12_pH5.09,0_10cm,5.094,25.1497006,1.913772455,-0.03344180225,-33.44180225,1.125748503,1.133263357,7.774774775,T0,58.49017161,3
E03,0,2,0,Soil2,Soil2_Acidic12,Slurry,HCl_NaOH,-19,-1.9,20,6.71,None,None,Soil2_T0,0.02845,0.3608377481,0,0,0,-0.000038,Soil2_Acidic12_pH5.09,0_10cm,5.094,25.1497006,1.913772455,-0.01985607009,-19.85607009,1.125748503,1.133263357,7.066066066,T0,30.06981235,3
E04,0,2,0,Soil2,Soil2_Acidic12,Slurry,HCl_NaOH,-11,-1.1,20,5.81,None,None,Soil2_T0,0.0147,0.1725071614,0,0,0,-0.000022,Soil2_Acidic12_pH5.09,0_10cm,5.094,25.1497006,1.913772455,-0.01149561952,-11.49561952,1.125748503,1.133263357,6.705705706,T0,14.37559678,3
E05,0,2,0,Soil2,Soil2_Acidic12,Slurry,HCl_NaOH,-4,-0.4,20,4.91,None,None,Soil2_T0,0.00875,0.09092721348,0,0,0,-0.000008,Soil2_Acidic12_pH5.09,0_10cm,5.094,25.1497006,1.913772455,-0.004180225282,-4.180225282,1.125748503,1.133263357,5.336336336,T0,7.57726779,3
E06,0,2,0,Soil2,Soil2_Acidic12,Slurry,HCl_NaOH,14,1.4,20,3.56,None,None,Soil2_T0,0.0098,0.1053273765,0,0,0,0.000028,Soil2_Acidic12_pH5.09,0_10cm,5.094,25.1497006,1.913772455,0.01463078849,14.63078849,1.125748503,1.133263357,3.738738739,T0,8.777281374,3
F01,0,2,0,Soil2,Soil2_Acidic12,Slurry,HCl_NaOH,-45,-4.5,20,8.06,None,None,Soil2_T0,0.0697,0.9242107581,0,0,0,-0.00009,Soil2_Acidic12_pH5.09,0_10cm,5.094,25.1497006,1.913772455,-0.04702753442,-47.02753442,1.125748503,1.133263357,8.21,T0,77.01756318,3
F02,0,2,0,Soil2,Soil2_Acidic12,Slurry,HCl_NaOH,-24,-2.4,20,7.16,None,None,Soil2_T0,0.0333,0.427202473,0,0,0,-0.000048,Soil2_Acidic12_pH5.09,0_10cm,5.094,25.1497006,1.913772455,-0.02508135169,-25.08135169,1.125748503,1.133263357,7.378378378,T0,35.60020608,3
F03,0,2,0,Soil2,Soil2_Acidic12,Slurry,HCl_NaOH,-15,-1.5,20,6.26,None,None,Soil2_T0,0.0177,0.2136206068,0,0,0,-0.00003,Soil2_Acidic12_pH5.09,0_10cm,5.094,25.1497006,1.913772455,-0.01567584481,-15.67584481,1.125748503,1.133263357,6.777777778,T0,17.80171723,3
F04,0,2,0,Soil2,Soil2_Acidic12,Slurry,HCl_NaOH,-7,-0.7,20,5.36,None,None,Soil2_T0,0.0116,0.1300096782,0,0,0,-0.000014,Soil2_Acidic12_pH5.09,0_10cm,5.094,25.1497006,1.913772455,-0.007315394243,-7.315394243,1.125748503,1.133263357,6.033033033,T0,10.83413985,3
F05,0,2,0,Soil2,Soil2_Acidic12,Slurry,HCl_NaOH,6,0.6,20,4.01,None,None,Soil2_T0,0.0079,0.07926877591,0,0,0,0.000012,Soil2_Acidic12_pH5.09,0_10cm,5.094,25.1497006,1.913772455,0.006270337922,6.270337922,1.125748503,1.133263357,4.327327327,T0,6.605731325,3
F06,0,2,0,Soil2,Soil2_Acidic12,Slurry,HCl_NaOH,34,3.4,20,3.11,None,None,Soil2_T0,0.0116,0.1300096782,0,0,0,0.000068,Soil2_Acidic12_pH5.09,0_10cm,5.094,25.1497006,1.913772455,0.03553191489,35.53191489,1.125748503,1.133263357,3.17,T0,10.83413985,3
G01,0,2,0,Soil2,Soil2_Acidic12,Slurry,HCl_NaOH,-100,-10,20,8.51,None,CHX,Soil2_T0,0.18405,2.473474015,0,0,0,-0.0002,Soil2_Acidic12_pH5.09,0_10cm,5.094,25.1497006,1.913772455,-0.104505632,-104.505632,1.125748503,1.133263357,8.59,T0,206.1228346,1
G02,0,2,0,Soil2,Soil2_Acidic12,Slurry,HCl_NaOH,0,0,20,4.46,None,CHX,Soil2_T0,0.01635,0.1951211563,0,0,0,0,Soil2_Acidic12_pH5.09,0_10cm,5.094,25.1497006,1.913772455,0,0,1.125748503,1.133263357,4.627627628,T0,16.26009636,1
G03,0,0,0,Soil2,Soil2_Acidic12,No_Nitrate,No_Nitrate,0,0,20,4.46,None,None,Soil2_T0,0.00935,0.09915607242,0,0,0,0,Soil2_Acidic12_pH5.09,0_10cm,5.094,25.1497006,1.913772455,0,0,1.125748503,1.133263357,4.543543544,T0,8.263006035,2
G04,0,2,0,Soil2,Soil2_Acidic12,Slurry,HCl_NaOH,0,0,20,4.46,None,None,Soil2_T0,0.0079,0.07926877591,0,0,0,0,Soil2_Acidic12_pH5.09,0_10cm,5.094,25.1497006,1.913772455,0,0,1.125748503,1.133263357,4.66,T0,6.605731325,1
G05,0,2,0,Soil2,Soil2_Acidic12,Slurry,HCl_NaOH,0,0,20,4.46,None,None,Soil2_T0,0.0089,0.09298447681,0,0,0,0,Soil2_Acidic12_pH5.09,0_10cm,5.094,25.1497006,1.913772455,0,0,1.125748503,1.133263357,4.66,T0,7.748706401,3
H01,0,2,0,Soil2,Soil2_Acidic12,Slurry,HCl_NaOH,34,3.4,20,3.11,None,CHX,Soil2_T0,0.0222,0.2752665474,0,0,0,0.000068,Soil2_Acidic12_pH5.09,0_10cm,5.094,25.1497006,1.913772455,0.03553191489,35.53191489,1.125748503,1.133263357,3.114114114,T0,22.93887895,1
H02,0,0,0,Soil2,Soil2_Acidic12,No_Nitrate,No_Nitrate,0,0,20,4.46,None,None,Soil2_T0,0.00715,0.06898105501,0,0,0,0,Soil2_Acidic12_pH5.09,0_10cm,5.094,25.1497006,1.913772455,0,0,1.125748503,1.133263357,4.543543544,T0,5.748421251,1
H03,0,0,0,Soil2,Soil2_Acidic12,No_Nitrate,No_Nitrate,0,0,20,4.46,None,None,Soil2_T0,0.00705,0.06760929767,0,0,0,0,Soil2_Acidic12_pH5.09,0_10cm,5.094,25.1497006,1.913772455,0,0,1.125748503,1.133263357,4.543543544,T0,5.634108139,3
H04,0,2,0,Soil2,Soil2_Acidic12,Slurry,HCl_NaOH,0,0,20,4.46,None,None,Soil2_T0,0.0094,0.09984178727,0,0,0,0,Soil2_Acidic12_pH5.09,0_10cm,5.094,25.1497006,1.913772455,0,0,1.125748503,1.133263357,4.66,T0,8.320148939,2
A01,0,2,0,Soil4,Soil4_CE56b,Slurry,HCl_NaOH,-100,-10,20,8.68,None,None,Soil4_T0,0.09905,1.374714969,0,0,0,-0.0002,Soil4_CE56b_pH5.28,10_20cm,5.277,26.47058824,1.925,-0.1038961039,-103.8961039,1.132352941,1.201393109,8.74,T0,114.5595808,1
A02,0,2,0,Soil4,Soil4_CE56b,Slurry,HCl_NaOH,-28,-2.8,20,7.78,None,None,Soil4_T0,0.0805,1.110517988,0,0,0,-0.000056,Soil4_CE56b_pH5.28,10_20cm,5.277,26.47058824,1.925,-0.02909090909,-29.09090909,1.132352941,1.201393109,7.942942943,T0,92.54316567,1
A03,0,2,0,Soil4,Soil4_CE56b,Slurry,HCl_NaOH,-17,-1.7,20,6.88,None,None,Soil4_T0,0.04025,0.5347552624,0,0,0,-0.000034,Soil4_CE56b_pH5.28,10_20cm,5.277,26.47058824,1.925,-0.01766233766,-17.66233766,1.132352941,1.201393109,7.558558559,T0,44.56293853,1
A04,0,2,0,Soil4,Soil4_CE56b,Slurry,HCl_NaOH,-11,-1.1,20,5.98,None,None,Soil4_T0,0.0273,0.3487728038,0,0,0,-0.000022,Soil4_CE56b_pH5.28,10_20cm,5.277,26.47058824,1.925,-0.01142857143,-11.42857143,1.132352941,1.201393109,6.573573574,T0,29.06440031,1
A05,0,2,0,Soil4,Soil4_CE56b,Slurry,HCl_NaOH,-5,-0.5,20,5.08,None,None,Soil4_T0,0.0121,0.1300143162,0,0,0,-0.00001,Soil4_CE56b_pH5.28,10_20cm,5.277,26.47058824,1.925,-0.005194805195,-5.194805195,1.132352941,1.201393109,5.732732733,T0,10.83452635,1
A06,0,2,0,Soil4,Soil4_CE56b,Slurry,HCl_NaOH,5,0.5,20,3.73,None,None,Soil4_T0,0.0117,0.1242507403,0,0,0,0.00001,Soil4_CE56b_pH5.28,10_20cm,5.277,26.47058824,1.925,0.005194805195,5.194805195,1.132352941,1.201393109,3.954954955,T0,10.35422836,1
B01,0,2,0,Soil4,Soil4_CE56b,Slurry,HCl_NaOH,-65,-6.5,20,8.23,None,None,Soil4_T0,0.08985,1.243775044,0,0,0,-0.00013,Soil4_CE56b_pH5.28,10_20cm,5.277,26.47058824,1.925,-0.06753246753,-67.53246753,1.132352941,1.201393109,8.399399399,T0,103.6479204,1
B02,0,2,0,Soil4,Soil4_CE56b,Slurry,HCl_NaOH,-20,-2,20,7.33,None,None,Soil4_T0,0.03875,0.513231382,0,0,0,-0.00004,Soil4_CE56b_pH5.28,10_20cm,5.277,26.47058824,1.925,-0.02077922078,-20.77922078,1.132352941,1.201393109,7.582582583,T0,42.76928184,1
B03,0,2,0,Soil4,Soil4_CE56b,Slurry,HCl_NaOH,-13,-1.3,20,6.43,None,None,Soil4_T0,0.0253,0.3200173909,0,0,0,-0.000026,Soil4_CE56b_pH5.28,10_20cm,5.277,26.47058824,1.925,-0.01350649351,-13.50649351,1.132352941,1.201393109,6.861861862,T0,26.6681159,1
B04,0,2,0,Soil4,Soil4_CE56b,Slurry,HCl_NaOH,-8,-0.8,20,5.53,None,None,Soil4_T0,0.0157,0.1818708402,0,0,0,-0.000016,Soil4_CE56b_pH5.28,10_20cm,5.277,26.47058824,1.925,-0.008311688312,-8.311688312,1.132352941,1.201393109,6.189189189,T0,15.15590335,1
B05,0,2,0,Soil4,Soil4_CE56b,Slurry,HCl_NaOH,-2,-0.2,20,4.63,None,None,Soil4_T0,0.0131,0.1444217328,0,0,0,-0.000004,Soil4_CE56b_pH5.28,10_20cm,5.277,26.47058824,1.925,-0.002077922078,-2.077922078,1.132352941,1.201393109,4.915915916,T0,12.0351444,1
B06,0,2,0,Soil4,Soil4_CE56b,Slurry,HCl_NaOH,20,2,20,3.28,None,None,Soil4_T0,0.01695,0.1998699905,0,0,0,0.00004,Soil4_CE56b_pH5.28,10_20cm,5.277,26.47058824,1.925,0.02077922078,20.77922078,1.132352941,1.201393109,3.28,T0,16.65583255,1
C01,0,2,0,Soil4,Soil4_CE56b,Slurry,HCl_NaOH,-100,-10,20,8.68,None,None,Soil4_T0,0.09095,1.259440252,0,0,0,-0.0002,Soil4_CE56b_pH5.28,10_20cm,5.277,26.47058824,1.925,-0.1038961039,-103.8961039,1.132352941,1.201393109,8.74,T0,104.9533544,2
C02,0,2,0,Soil4,Soil4_CE56b,Slurry,HCl_NaOH,-28,-2.8,20,7.78,None,None,Soil4_T0,0.05795,0.7883728768,0,0,0,-0.000056,Soil4_CE56b_pH5.28,10_20cm,5.277,26.47058824,1.925,-0.02909090909,-29.09090909,1.132352941,1.201393109,7.942942943,T0,65.69773973,2
C03,0,2,0,Soil4,Soil4_CE56b,Slurry,HCl_NaOH,-17,-1.7,20,6.88,None,None,Soil4_T0,0.0415,0.5526881366,0,0,0,-0.000034,Soil4_CE56b_pH5.28,10_20cm,5.277,26.47058824,1.925,-0.01766233766,-17.66233766,1.132352941,1.201393109,7.558558559,T0,46.05734472,2
C04,0,2,0,Soil4,Soil4_CE56b,Slurry,HCl_NaOH,-11,-1.1,20,5.98,None,None,Soil4_T0,0.02145,0.2646388572,0,0,0,-0.000022,Soil4_CE56b_pH5.28,10_20cm,5.277,26.47058824,1.925,-0.01142857143,-11.42857143,1.132352941,1.201393109,6.573573574,T0,22.0532381,2
C05,0,2,0,Soil4,Soil4_CE56b,Slurry,HCl_NaOH,-5,-0.5,20,5.08,None,None,Soil4_T0,0.0136,0.1516246255,0,0,0,-0.00001,Soil4_CE56b_pH5.28,10_20cm,5.277,26.47058824,1.925,-0.005194805195,-5.194805195,1.132352941,1.201393109,5.732732733,T0,12.63538546,2
C06,0,2,0,Soil4,Soil4_CE56b,Slurry,HCl_NaOH,5,0.5,20,3.73,None,None,Soil4_T0,0.0116,0.122809792,0,0,0,0.00001,Soil4_CE56b_pH5.28,10_20cm,5.277,26.47058824,1.925,0.005194805195,5.194805195,1.132352941,1.201393109,3.954954955,T0,10.23414933,2
D01,0,2,0,Soil4,Soil4_CE56b,Slurry,HCl_NaOH,-65,-6.5,20,8.23,None,None,Soil4_T0,0.0893,1.235941487,0,0,0,-0.00013,Soil4_CE56b_pH5.28,10_20cm,5.277,26.47058824,1.925,-0.06753246753,-67.53246753,1.132352941,1.201393109,8.399399399,T0,102.9951239,2
D02,0,2,0,Soil4,Soil4_CE56b,Slurry,HCl_NaOH,-20,-2,20,7.33,None,None,Soil4_T0,0.0393,0.521124033,0,0,0,-0.00004,Soil4_CE56b_pH5.28,10_20cm,5.277,26.47058824,1.925,-0.02077922078,-20.77922078,1.132352941,1.201393109,7.582582583,T0,43.42700275,2
D03,0,2,0,Soil4,Soil4_CE56b,Slurry,HCl_NaOH,-13,-1.3,20,6.43,None,None,Soil4_T0,0.02655,0.3379905373,0,0,0,-0.000026,Soil4_CE56b_pH5.28,10_20cm,5.277,26.47058824,1.925,-0.01350649351,-13.50649351,1.132352941,1.201393109,6.861861862,T0,28.16587811,2
D04,0,2,0,Soil4,Soil4_CE56b,Slurry,HCl_NaOH,-8,-0.8,20,5.53,None,None,Soil4_T0,0.01415,0.1595471796,0,0,0,-0.000016,Soil4_CE56b_pH5.28,10_20cm,5.277,26.47058824,1.925,-0.008311688312,-8.311688312,1.132352941,1.201393109,6.189189189,T0,13.2955983,2
D05,0,2,0,Soil4,Soil4_CE56b,Slurry,HCl_NaOH,-2,-0.2,20,4.63,None,None,Soil4_T0,0.0093,0.08966197085,0,0,0,-0.000004,Soil4_CE56b_pH5.28,10_20cm,5.277,26.47058824,1.925,-0.002077922078,-2.077922078,1.132352941,1.201393109,4.915915916,T0,7.471830904,2
D06,0,2,0,Soil4,Soil4_CE56b,Slurry,HCl_NaOH,20,2,20,3.28,None,None,Soil4_T0,0.01085,0.1120019855,0,0,0,0.00004,Soil4_CE56b_pH5.28,10_20cm,5.277,26.47058824,1.925,0.02077922078,20.77922078,1.132352941,1.201393109,3.28,T0,9.333498788,2
E01,0,2,0,Soil4,Soil4_CE56b,Slurry,HCl_NaOH,-100,-10,20,8.68,None,None,Soil4_T0,0.09625,1.334882473,0,0,0,-0.0002,Soil4_CE56b_pH5.28,10_20cm,5.277,26.47058824,1.925,-0.1038961039,-103.8961039,1.132352941,1.201393109,8.74,T0,111.2402061,3
E02,0,2,0,Soil4,Soil4_CE56b,Slurry,HCl_NaOH,-28,-2.8,20,7.78,None,None,Soil4_T0,0.0453,0.6071834798,0,0,0,-0.000056,Soil4_CE56b_pH5.28,10_20cm,5.277,26.47058824,1.925,-0.02909090909,-29.09090909,1.132352941,1.201393109,7.942942943,T0,50.59862332,3
E03,0,2,0,Soil4,Soil4_CE56b,Slurry,HCl_NaOH,-17,-1.7,20,6.88,None,None,Soil4_T0,0.0279,0.3573977417,0,0,0,-0.000034,Soil4_CE56b_pH5.28,10_20cm,5.277,26.47058824,1.925,-0.01766233766,-17.66233766,1.132352941,1.201393109,7.558558559,T0,29.78314514,3
E04,0,2,0,Soil4,Soil4_CE56b,Slurry,HCl_NaOH,-11,-1.1,20,5.98,None,None,Soil4_T0,0.0197,0.2394561831,0,0,0,-0.000022,Soil4_CE56b_pH5.28,10_20cm,5.277,26.47058824,1.925,-0.01142857143,-11.42857143,1.132352941,1.201393109,6.573573574,T0,19.95468192,3
E05,0,2,0,Soil4,Soil4_CE56b,Slurry,HCl_NaOH,-5,-0.5,20,5.08,None,None,Soil4_T0,0.0142,0.1602673792,0,0,0,-0.00001,Soil4_CE56b_pH5.28,10_20cm,5.277,26.47058824,1.925,-0.005194805195,-5.194805195,1.132352941,1.201393109,5.732732733,T0,13.35561493,3
E06,0,2,0,Soil4,Soil4_CE56b,Slurry,HCl_NaOH,5,0.5,20,3.73,None,None,Soil4_T0,0.0113,0.1184868163,0,0,0,0.00001,Soil4_CE56b_pH5.28,10_20cm,5.277,26.47058824,1.925,0.005194805195,5.194805195,1.132352941,1.201393109,3.954954955,T0,9.873901358,3
F01,0,2,0,Soil4,Soil4_CE56b,Slurry,HCl_NaOH,-65,-6.5,20,8.23,None,None,Soil4_T0,0.0762,1.049172113,0,0,0,-0.00013,Soil4_CE56b_pH5.28,10_20cm,5.277,26.47058824,1.925,-0.06753246753,-67.53246753,1.132352941,1.201393109,8.399399399,T0,87.43100945,3
F02,0,2,0,Soil4,Soil4_CE56b,Slurry,HCl_NaOH,-20,-2,20,7.33,None,None,Soil4_T0,0.03465,0.4543747526,0,0,0,-0.00004,Soil4_CE56b_pH5.28,10_20cm,5.277,26.47058824,1.925,-0.02077922078,-20.77922078,1.132352941,1.201393109,7.582582583,T0,37.86456272,3
F03,0,2,0,Soil4,Soil4_CE56b,Slurry,HCl_NaOH,-13,-1.3,20,6.43,None,None,Soil4_T0,0.02525,0.3192983947,0,0,0,-0.000026,Soil4_CE56b_pH5.28,10_20cm,5.277,26.47058824,1.925,-0.01350649351,-13.50649351,1.132352941,1.201393109,6.861861862,T0,26.60819956,3
F04,0,2,0,Soil4,Soil4_CE56b,Slurry,HCl_NaOH,-8,-0.8,20,5.53,None,None,Soil4_T0,0.0135,0.1501840905,0,0,0,-0.000016,Soil4_CE56b_pH5.28,10_20cm,5.277,26.47058824,1.925,-0.008311688312,-8.311688312,1.132352941,1.201393109,6.189189189,T0,12.51534087,3
F05,0,2,0,Soil4,Soil4_CE56b,Slurry,HCl_NaOH,-2,-0.2,20,4.63,None,None,Soil4_T0,0.00865,0.08029202013,0,0,0,-0.000004,Soil4_CE56b_pH5.28,10_20cm,5.277,26.47058824,1.925,-0.002077922078,-2.077922078,1.132352941,1.201393109,4.915915916,T0,6.691001677,3
F06,0,2,0,Soil4,Soil4_CE56b,Slurry,HCl_NaOH,20,2,20,3.28,None,None,Soil4_T0,0.0118,0.1256916669,0,0,0,0.00004,Soil4_CE56b_pH5.28,10_20cm,5.277,26.47058824,1.925,0.02077922078,20.77922078,1.132352941,1.201393109,3.28,T0,10.47430558,3
G01,0,2,0,Soil4,Soil4_CE56b,Slurry,HCl_NaOH,-100,-10,20,8.68,None,CHX,Soil4_T0,0.1108,1.541690528,0,0,0,-0.0002,Soil4_CE56b_pH5.28,10_20cm,5.277,26.47058824,1.925,-0.1038961039,-103.8961039,1.132352941,1.201393109,8.74,T0,128.4742107,1
G02,0,2,0,Soil4,Soil4_CE56b,Slurry,HCl_NaOH,0,0,20,4.18,None,CHX,Soil4_T0,0.0304,0.3933266142,0,0,0,0,Soil4_CE56b_pH5.28,10_20cm,5.277,26.47058824,1.925,0,0,1.132352941,1.201393109,4.567567568,T0,32.77721785,1
G03,0,0,0,Soil4,Soil4_CE56b,No_Nitrate,No_Nitrate,0,0,20,4.18,None,None,Soil4_T0,0.0203,0.2480909906,0,0,0,0,Soil4_CE56b_pH5.28,10_20cm,5.277,26.47058824,1.925,0,0,1.132352941,1.201393109,4.399399399,T0,20.67424921,2
G04,0,2,0,Soil4,Soil4_CE56b,Slurry,HCl_NaOH,0,0,20,4.18,None,None,Soil4_T0,0.00645,0.04857150718,0,0,0,0,Soil4_CE56b_pH5.28,10_20cm,5.277,26.47058824,1.925,0,0,1.132352941,1.201393109,4.44,T0,4.047625598,1
G05,0,2,0,Soil4,Soil4_CE56b,Slurry,HCl_NaOH,0,0,20,4.18,None,None,Soil4_T0,0.00825,0.07452543898,0,0,0,0,Soil4_CE56b_pH5.28,10_20cm,5.277,26.47058824,1.925,0,0,1.132352941,1.201393109,4.44,T0,6.210453248,3
H01,0,2,0,Soil4,Soil4_CE56b,Slurry,HCl_NaOH,20,2,20,3.28,None,CHX,Soil4_T0,0.15535,2.172177947,0,0,0,0.00004,Soil4_CE56b_pH5.28,10_20cm,5.277,26.47058824,1.925,0.02077922078,20.77922078,1.132352941,1.201393109,3.426426426,T0,181.0148289,1
H02,0,0,0,Soil4,Soil4_CE56b,No_Nitrate,No_Nitrate,0,0,20,4.18,None,None,Soil4_T0,0.0291,0.3746452847,0,0,0,0,Soil4_CE56b_pH5.28,10_20cm,5.277,26.47058824,1.925,0,0,1.132352941,1.201393109,4.399399399,T0,31.22044039,1
H03,0,0,0,Soil4,Soil4_CE56b,No_Nitrate,No_Nitrate,0,0,20,4.18,None,None,Soil4_T0,0.04775,0.6423022206,0,0,0,0,Soil4_CE56b_pH5.28,10_20cm,5.277,26.47058824,1.925,0,0,1.132352941,1.201393109,4.399399399,T0,53.52518505,3
H04,0,2,0,Soil4,Soil4_CE56b,Slurry,HCl_NaOH,0,0,20,4.18,None,None,Soil4_T0,0.0048,0.02477419426,0,0,0,0,Soil4_CE56b_pH5.28,10_20cm,5.277,26.47058824,1.925,0,0,1.132352941,1.201393109,4.44,T0,2.064516188,2
G06,0,2,0,Soil1,Soil1_Acidic4,Nitrate_Blank,Nitrate,0,0,20,None,None,None,Soil1_T0,0.00225,0,0,0,0,0,Soil1_Acidic4_pH4.7,0_10cm,4.703,25.32855436,1.915292712,0,0,1.126642772,1.133263357,,T0,0,2
H05,2,0,0,Soil1,Soil1_Acidic4,Nitrite_Blank,Nitrite,0,0,20,None,None,None,Soil1_T0,0,0,0,0,0,0,Soil1_Acidic4_pH4.7,0_10cm,4.703,25.32855436,1.915292712,0,0,1.126642772,1.133263357,,T0,0,1
H06,0,0,2,Soil1,Soil1_Acidic4,Ammonium_Blank,Ammonium,0,0,20,None,None,None,Soil1_T0,0,0,0,0,0,0,Soil1_Acidic4_pH4.7,0_10cm,4.703,25.32855436,1.915292712,0,0,1.126642772,1.133263357,,T0,0,3
G06,0,2,0,Soil7,Soil7_CE153,Nitrate_Blank,Nitrate,0,0,20,None,None,None,Soil7_T0,0,0,0,0,0,0,Soil7_CE153_pH5.51,10_20cm,5.514,25.4176611,1.916050119,0,0,1.127088305,1.201393109,,T0,0,2
H05,2,0,0,Soil7,Soil7_CE153,Nitrite_Blank,Nitrite,0,0,20,None,None,None,Soil7_T0,0,0,0,0,0,0,Soil7_CE153_pH5.51,10_20cm,5.514,25.4176611,1.916050119,0,0,1.127088305,1.201393109,,T0,0,1
H06,0,0,2,Soil7,Soil7_CE153,Ammonium_Blank,Ammonium,0,0,20,None,None,None,Soil7_T0,0,0,0,0,0,0,Soil7_CE153_pH5.51,10_20cm,5.514,25.4176611,1.916050119,0,0,1.127088305,1.201393109,,T0,0,3
G06,0,2,0,Soil2,Soil2_Acidic12,Nitrate_Blank,Nitrate,0,0,20,None,None,None,Soil2_T0,0.00565,0.04299644345,0,0,0,0,Soil2_Acidic12_pH5.09,0_10cm,5.094,25.1497006,1.913772455,0,0,1.125748503,1.133263357,,T0,3.583036955,2
H05,2,0,0,Soil2,Soil2_Acidic12,Nitrite_Blank,Nitrite,0,0,20,None,None,None,Soil2_T0,0.0062,0.04969918089,0,0,0,0,Soil2_Acidic12_pH5.09,0_10cm,5.094,25.1497006,1.913772455,0,0,1.125748503,1.133263357,,T0,4.141598408,1
H06,0,0,2,Soil2,Soil2_Acidic12,Ammonium_Blank,Ammonium,0,0,20,None,None,None,Soil2_T0,0.0072,0.06188498417,0,0,0,0,Soil2_Acidic12_pH5.09,0_10cm,5.094,25.1497006,1.913772455,0,0,1.125748503,1.133263357,,T0,5.157082014,3
G06,0,2,0,Soil4,Soil4_CE56b,Nitrate_Blank,Nitrate,0,0,20,None,None,None,Soil4_T0,0.00725,0.05308191292,0,0,0,0,Soil4_CE56b_pH5.28,10_20cm,5.277,26.47058824,1.925,0,0,1.132352941,1.201393109,,T0,4.423492743,2
H05,2,0,0,Soil4,Soil4_CE56b,Nitrite_Blank,Nitrite,0,0,20,None,None,None,Soil4_T0,0.0023,0,0,0,0,0,Soil4_CE56b_pH5.28,10_20cm,5.277,26.47058824,1.925,0,0,1.132352941,1.201393109,,T0,0,1
H06,0,0,2,Soil4,Soil4_CE56b,Ammonium_Blank,Ammonium,0,0,20,None,None,None,Soil4_T0,0.003,0,0,0,0,0,Soil4_CE56b_pH5.28,10_20cm,5.277,26.47058824,1.925,0,0,1.132352941,1.201393109,,T0,0,3
E01,0,2,0,Soil17,Soil17_Neutral3,Slurry,HCl_NaOH,-100,-10,20,8.85,CHL,None,Soil17_T9,0.08965,0.6016389052,5530,92.2,3.8,-0.0002,Soil17_Neutral3_pH7.05,10_20cm,7.052,23.7804878,1.902134146,-0.1051450553,-105.1450553,1.118902439,1.188815209,8.37,T9,50.13657544,1
E02,0,2,0,Soil17,Soil17_Neutral3,Slurry,HCl_NaOH,-40,-4,20,8.4,CHL,None,Soil17_T9,0.06175,0.2924197039,5530,92.2,3.8,-0.00008,Soil17_Neutral3_pH7.05,10_20cm,7.052,23.7804878,1.902134146,-0.04205802212,-42.05802212,1.118902439,1.188815209,8.279279279,T9,24.36830866,1
E03,0,2,0,Soil17,Soil17_Neutral3,Slurry,HCl_NaOH,-4,-0.4,20,7.95,CHL,None,Soil17_T9,0.0442,0.0978862846,5530,92.2,3.8,-0.000008,Soil17_Neutral3_pH7.05,10_20cm,7.052,23.7804878,1.902134146,-0.004205802212,-4.205802212,1.118902439,1.188815209,7.762762763,T9,8.157190384,1
E04,0,2,0,Soil17,Soil17_Neutral3,Slurry,HCl_NaOH,6,0.6,20,7.05,CHL,None,Soil17_T9,0.04275,0.08181287416,5530,92.2,3.8,0.000012,Soil17_Neutral3_pH7.05,10_20cm,7.052,23.7804878,1.902134146,0.006308703318,6.308703318,1.118902439,1.188815209,6.225225225,T9,6.817739513,1
E05,0,2,0,Soil17,Soil17_Neutral3,Slurry,HCl_NaOH,10,1,20,6.6,CHL,None,Soil17_T9,0.04685,0.1272614931,5530,92.2,3.8,0.00002,Soil17_Neutral3_pH7.05,10_20cm,7.052,23.7804878,1.902134146,0.01051450553,10.51450553,1.118902439,1.188815209,5.684684685,T9,10.60512442,1
E06,0,2,0,Soil17,Soil17_Neutral3,Slurry,HCl_NaOH,13,1.3,20,6.15,CHL,None,Soil17_T9,0.04515,0.1084170695,5530,92.2,3.8,0.000026,Soil17_Neutral3_pH7.05,10_20cm,7.052,23.7804878,1.902134146,0.01366885719,13.66885719,1.118902439,1.188815209,5.42042042,T9,9.03475579,1
E07,0,2,0,Soil17,Soil17_Neutral3,Slurry,HCl_NaOH,16,1.6,20,5.7,CHL,None,Soil17_T9,0.0486,0.1466599784,5530,92.2,3.8,0.000032,Soil17_Neutral3_pH7.05,10_20cm,7.052,23.7804878,1.902134146,0.01682320885,16.82320885,1.118902439,1.188815209,4.987987988,T9,12.22166487,1
E08,0,2,0,Soil17,Soil17_Neutral3,Slurry,HCl_NaOH,20,2,20,5.25,CHL,None,Soil17_T9,0.05045,0.1671667435,5530,92.2,3.8,0.00004,Soil17_Neutral3_pH7.05,10_20cm,7.052,23.7804878,1.902134146,0.02102901106,21.02901106,1.118902439,1.188815209,4.603603604,T9,13.93056196,1
E09,0,2,0,Soil17,Soil17_Neutral3,Slurry,HCl_NaOH,24,2.4,20,4.8,CHL,None,Soil17_T9,0.04605,0.1183935512,5530,92.2,3.8,0.000048,Soil17_Neutral3_pH7.05,10_20cm,7.052,23.7804878,1.902134146,0.02523481327,25.23481327,1.118902439,1.188815209,4.183183183,T9,9.866129268,1
E10,0,2,0,Soil17,Soil17_Neutral3,Slurry,HCl_NaOH,28,2.8,20,4.35,CHL,None,Soil17_T9,0.04125,0.06518507185,5530,92.2,3.8,0.000056,Soil17_Neutral3_pH7.05,10_20cm,7.052,23.7804878,1.902134146,0.02944061548,29.44061548,1.118902439,1.188815209,3.942942943,T9,5.432089321,1
E11,0,2,0,Soil17,Soil17_Neutral3,Slurry,HCl_NaOH,36,3.6,20,3.9,CHL,None,Soil17_T9,0.0335,0,5530,92.2,3.8,0.000072,Soil17_Neutral3_pH7.05,10_20cm,7.052,23.7804878,1.902134146,0.03785221991,37.85221991,1.118902439,1.188815209,3.666666667,T9,0,1
E12,0,2,0,Soil17,Soil17_Neutral3,Slurry,HCl_NaOH,55,5.5,20,3.45,CHL,None,Soil17_T9,0.0311,0,5530,92.2,3.8,0.00011,Soil17_Neutral3_pH7.05,10_20cm,7.052,23.7804878,1.902134146,0.05782978041,57.82978041,1.118902439,1.188815209,3.306306306,T9,0,1
F01,0,2,0,Soil17,Soil17_Neutral3,Slurry,HCl_NaOH,-100,-10,20,8.85,CHL,None,Soil17_T9,0.0864,0.5656212142,5530,92.2,3.8,-0.0002,Soil17_Neutral3_pH7.05,10_20cm,7.052,23.7804878,1.902134146,-0.1051450553,-105.1450553,1.118902439,1.188815209,8.37,T9,47.13510118,2
F02,0,2,0,Soil17,Soil17_Neutral3,Slurry,HCl_NaOH,-40,-4,20,8.4,CHL,None,Soil17_T9,0.0601,0.2741310453,5530,92.2,3.8,-0.00008,Soil17_Neutral3_pH7.05,10_20cm,7.052,23.7804878,1.902134146,-0.04205802212,-42.05802212,1.118902439,1.188815209,8.279279279,T9,22.84425377,2
F03,0,2,0,Soil17,Soil17_Neutral3,Slurry,HCl_NaOH,-4,-0.4,20,7.95,CHL,None,Soil17_T9,0.0551,0.2187098434,5530,92.2,3.8,-0.000008,Soil17_Neutral3_pH7.05,10_20cm,7.052,23.7804878,1.902134146,-0.004205802212,-4.205802212,1.118902439,1.188815209,7.762762763,T9,18.22582029,2
F04,0,2,0,Soil17,Soil17_Neutral3,Slurry,HCl_NaOH,6,0.6,20,7.05,CHL,None,Soil17_T9,0.0482,0.1422260556,5530,92.2,3.8,0.000012,Soil17_Neutral3_pH7.05,10_20cm,7.052,23.7804878,1.902134146,0.006308703318,6.308703318,1.118902439,1.188815209,6.225225225,T9,11.8521713,2
F05,0,2,0,Soil17,Soil17_Neutral3,Slurry,HCl_NaOH,10,1,20,6.6,CHL,None,Soil17_T9,0.0455,0.1122968183,5530,92.2,3.8,0.00002,Soil17_Neutral3_pH7.05,10_20cm,7.052,23.7804878,1.902134146,0.01051450553,10.51450553,1.118902439,1.188815209,5.684684685,T9,9.358068192,2
F06,0,2,0,Soil17,Soil17_Neutral3,Slurry,HCl_NaOH,13,1.3,20,6.15,CHL,None,Soil17_T9,0.0468,0.1267072479,5530,92.2,3.8,0.000026,Soil17_Neutral3_pH7.05,10_20cm,7.052,23.7804878,1.902134146,0.01366885719,13.66885719,1.118902439,1.188815209,5.42042042,T9,10.55893732,2
F07,0,2,0,Soil17,Soil17_Neutral3,Slurry,HCl_NaOH,16,1.6,20,5.7,CHL,None,Soil17_T9,0.0563,0.2320110723,5530,92.2,3.8,0.000032,Soil17_Neutral3_pH7.05,10_20cm,7.052,23.7804878,1.902134146,0.01682320885,16.82320885,1.118902439,1.188815209,4.987987988,T9,19.33425603,2
F08,0,2,0,Soil17,Soil17_Neutral3,Slurry,HCl_NaOH,20,2,20,5.25,CHL,None,Soil17_T9,0.0485,0.1455514986,5530,92.2,3.8,0.00004,Soil17_Neutral3_pH7.05,10_20cm,7.052,23.7804878,1.902134146,0.02102901106,21.02901106,1.118902439,1.188815209,4.603603604,T9,12.12929155,2
F09,0,2,0,Soil17,Soil17_Neutral3,Slurry,HCl_NaOH,24,2.4,20,4.8,CHL,None,Soil17_T9,0.04915,0.1527566063,5530,92.2,3.8,0.000048,Soil17_Neutral3_pH7.05,10_20cm,7.052,23.7804878,1.902134146,0.02523481327,25.23481327,1.118902439,1.188815209,4.183183183,T9,12.72971719,2
F10,0,2,0,Soil17,Soil17_Neutral3,Slurry,HCl_NaOH,28,2.8,20,4.35,CHL,None,Soil17_T9,0.04615,0.1195020461,5530,92.2,3.8,0.000056,Soil17_Neutral3_pH7.05,10_20cm,7.052,23.7804878,1.902134146,0.02944061548,29.44061548,1.118902439,1.188815209,3.942942943,T9,9.958503842,2
F11,0,2,0,Soil17,Soil17_Neutral3,Slurry,HCl_NaOH,36,3.6,20,3.9,CHL,None,Soil17_T9,0.038,0.02915769118,5530,92.2,3.8,0.000072,Soil17_Neutral3_pH7.05,10_20cm,7.052,23.7804878,1.902134146,0.03785221991,37.85221991,1.118902439,1.188815209,3.666666667,T9,2.429807598,2
F12,0,2,0,Soil17,Soil17_Neutral3,Slurry,HCl_NaOH,55,5.5,20,3.45,CHL,None,Soil17_T9,0.0334,0,5530,92.2,3.8,0.00011,Soil17_Neutral3_pH7.05,10_20cm,7.052,23.7804878,1.902134146,0.05782978041,57.82978041,1.118902439,1.188815209,3.306306306,T9,0,2
G01,0,2,0,Soil17,Soil17_Neutral3,Slurry,HCl_NaOH,-100,-10,20,8.85,CHL,None,Soil17_T9,0.10445,0.7656497053,5530,92.2,3.8,-0.0002,Soil17_Neutral3_pH7.05,10_20cm,7.052,23.7804878,1.902134146,-0.1051450553,-105.1450553,1.118902439,1.188815209,8.37,T9,63.80414211,3
G02,0,2,0,Soil17,Soil17_Neutral3,Slurry,HCl_NaOH,-40,-4,20,8.4,CHL,None,Soil17_T9,0.0643,0.3206836646,5530,92.2,3.8,-0.00008,Soil17_Neutral3_pH7.05,10_20cm,7.052,23.7804878,1.902134146,-0.04205802212,-42.05802212,1.118902439,1.188815209,8.279279279,T9,26.72363872,3
G03,0,2,0,Soil17,Soil17_Neutral3,Slurry,HCl_NaOH,-4,-0.4,20,7.95,CHL,None,Soil17_T9,0.0498,0.1599616879,5530,92.2,3.8,-0.000008,Soil17_Neutral3_pH7.05,10_20cm,7.052,23.7804878,1.902134146,-0.004205802212,-4.205802212,1.118902439,1.188815209,7.762762763,T9,13.33014066,3
G04,0,2,0,Soil17,Soil17_Neutral3,Slurry,HCl_NaOH,6,0.6,20,7.05,CHL,None,Soil17_T9,0.0561,0.229794207,5530,92.2,3.8,0.000012,Soil17_Neutral3_pH7.05,10_20cm,7.052,23.7804878,1.902134146,0.006308703318,6.308703318,1.118902439,1.188815209,6.225225225,T9,19.14951725,3
G05,0,2,0,Soil17,Soil17_Neutral3,Slurry,HCl_NaOH,10,1,20,6.6,CHL,None,Soil17_T9,0.05215,0.1860106119,5530,92.2,3.8,0.00002,Soil17_Neutral3_pH7.05,10_20cm,7.052,23.7804878,1.902134146,0.01051450553,10.51450553,1.118902439,1.188815209,5.684684685,T9,15.50088433,3
G06,0,2,0,Soil17,Soil17_Neutral3,Slurry,HCl_NaOH,13,1.3,20,6.15,CHL,None,Soil17_T9,0.0532,0.1976493829,5530,92.2,3.8,0.000026,Soil17_Neutral3_pH7.05,10_20cm,7.052,23.7804878,1.902134146,0.01366885719,13.66885719,1.118902439,1.188815209,5.42042042,T9,16.47078191,3
G07,0,2,0,Soil17,Soil17_Neutral3,Slurry,HCl_NaOH,16,1.6,20,5.7,CHL,None,Soil17_T9,0.05505,0.2181556237,5530,92.2,3.8,0.000032,Soil17_Neutral3_pH7.05,10_20cm,7.052,23.7804878,1.902134146,0.01682320885,16.82320885,1.118902439,1.188815209,4.987987988,T9,18.1796353,3
G08,0,2,0,Soil17,Soil17_Neutral3,Slurry,HCl_NaOH,20,2,20,5.25,CHL,None,Soil17_T9,0.0528,0.1932155734,5530,92.2,3.8,0.00004,Soil17_Neutral3_pH7.05,10_20cm,7.052,23.7804878,1.902134146,0.02102901106,21.02901106,1.118902439,1.188815209,4.603603604,T9,16.10129778,3
G09,0,2,0,Soil17,Soil17_Neutral3,Slurry,HCl_NaOH,24,2.4,20,4.8,CHL,None,Soil17_T9,0.05255,0.1904444375,5530,92.2,3.8,0.000048,Soil17_Neutral3_pH7.05,10_20cm,7.052,23.7804878,1.902134146,0.02523481327,25.23481327,1.118902439,1.188815209,4.183183183,T9,15.87036979,3
G10,0,2,0,Soil17,Soil17_Neutral3,Slurry,HCl_NaOH,28,2.8,20,4.35,CHL,None,Soil17_T9,0.04945,0.1560820318,5530,92.2,3.8,0.000056,Soil17_Neutral3_pH7.05,10_20cm,7.052,23.7804878,1.902134146,0.02944061548,29.44061548,1.118902439,1.188815209,3.942942943,T9,13.00683598,3
G11,0,2,0,Soil17,Soil17_Neutral3,Slurry,HCl_NaOH,36,3.6,20,3.9,CHL,None,Soil17_T9,0.043,0.08458416107,5530,92.2,3.8,0.000072,Soil17_Neutral3_pH7.05,10_20cm,7.052,23.7804878,1.902134146,0.03785221991,37.85221991,1.118902439,1.188815209,3.666666667,T9,7.048680089,3
G12,0,2,0,Soil17,Soil17_Neutral3,Slurry,HCl_NaOH,55,5.5,20,3.45,CHL,None,Soil17_T9,0.0379,0.02804914606,5530,92.2,3.8,0.00011,Soil17_Neutral3_pH7.05,10_20cm,7.052,23.7804878,1.902134146,0.05782978041,57.82978041,1.118902439,1.188815209,3.306306306,T9,2.337428839,3
H01,0,2,0,Soil17,Soil17_Neutral3,Slurry,HCl_NaOH,-100,-10,20,8.85,CHL,CHX,Soil17_T9,0.0958,0.6697936793,5530,92.2,3.8,-0.0002,Soil17_Neutral3_pH7.05,10_20cm,7.052,23.7804878,1.902134146,-0.1051450553,-105.1450553,1.118902439,1.188815209,8.36,T9,55.81613994,1
H02,0,2,0,Soil17,Soil17_Neutral3,Slurry,HCl_NaOH,55,5.5,20,3.45,CHL,CHX,Soil17_T9,0.0569,0.2386616535,5530,92.2,3.8,0.00011,Soil17_Neutral3_pH7.05,10_20cm,7.052,23.7804878,1.902134146,0.05782978041,57.82978041,1.118902439,1.188815209,3.342342342,T9,19.88847113,1
H03,0,2,0,Soil17,Soil17_Neutral3,Slurry,HCl_NaOH,0,0,20,7.5,CHL,CHX,Soil17_T9,0.0551,0.2187098434,5530,92.2,3.8,0,Soil17_Neutral3_pH7.05,10_20cm,7.052,23.7804878,1.902134146,0,0,1.118902439,1.188815209,7.33033033,T9,18.22582029,1
H04,0,0,0,Soil17,Soil17_Neutral3,No_Nitrate,No_Nitrate,0,0,20,7.5,CHL,None,Soil17_T9,0.0486,0.1466599784,5530,92.2,3.8,0,Soil17_Neutral3_pH7.05,10_20cm,7.052,23.7804878,1.902134146,0,0,1.118902439,1.188815209,7.282282282,T9,12.22166487,1
H05,0,0,0,Soil17,Soil17_Neutral3,No_Nitrate,No_Nitrate,0,0,20,7.5,CHL,None,Soil17_T9,0.0501,0.1632871014,5530,92.2,3.8,0,Soil17_Neutral3_pH7.05,10_20cm,7.052,23.7804878,1.902134146,0,0,1.118902439,1.188815209,7.282282282,T9,13.60725845,2
H06,0,0,0,Soil17,Soil17_Neutral3,No_Nitrate,No_Nitrate,0,0,20,7.5,CHL,None,Soil17_T9,0.0497,0.1588532155,5530,92.2,3.8,0,Soil17_Neutral3_pH7.05,10_20cm,7.052,23.7804878,1.902134146,0,0,1.118902439,1.188815209,7.282282282,T9,13.23776796,3
H07,0,2,0,Soil17,Soil17_Neutral3,Slurry,HCl_NaOH,0,0,20,7.5,CHL,None,Soil17_T9,0.04995,0.1616243954,5530,92.2,3.8,0,Soil17_Neutral3_pH7.05,10_20cm,7.052,23.7804878,1.902134146,0,0,1.118902439,1.188815209,7.333333333,T9,13.46869961,1
H08,0,2,0,Soil17,Soil17_Neutral3,Slurry,HCl_NaOH,0,0,20,7.5,CHL,None,Soil17_T9,0.0511,0.174371773,5530,92.2,3.8,0,Soil17_Neutral3_pH7.05,10_20cm,7.052,23.7804878,1.902134146,0,0,1.118902439,1.188815209,7.333333333,T9,14.53098109,2
H09,0,2,0,Soil17,Soil17_Neutral3,Slurry,HCl_NaOH,0,0,20,7.5,CHL,None,Soil17_T9,0.05005,0.1627328662,5530,92.2,3.8,0,Soil17_Neutral3_pH7.05,10_20cm,7.052,23.7804878,1.902134146,0,0,1.118902439,1.188815209,7.333333333,T9,13.56107218,3
E01,0,2,0,Soil19,Soil19_Neutral4,Slurry,HCl_NaOH,-80,-8,20,9.83,CHL,None,Soil19_T9,0.0419,0.03768325583,5480,91.3,3.8,-0.00016,Soil19_Neutral4_pH8.23,10_20cm,8.232,23.87332521,1.902923264,-0.08408116239,-84.08116239,1.119366626,1.283617654,8.43,T9,3.140271319,1
E02,0,2,0,Soil19,Soil19_Neutral4,Slurry,HCl_NaOH,65,6.5,20,9.38,CHL,None,Soil19_T9,0.02845,0,5480,91.3,3.8,0.00013,Soil19_Neutral4_pH8.23,10_20cm,8.232,23.87332521,1.902923264,0.06831594444,68.31594444,1.119366626,1.283617654,7.582582583,T9,0,1
E03,0,2,0,Soil19,Soil19_Neutral4,Slurry,HCl_NaOH,80,8,20,8.93,CHL,None,Soil19_T9,0.03675,0,5480,91.3,3.8,0.00016,Soil19_Neutral4_pH8.23,10_20cm,8.232,23.87332521,1.902923264,0.08408116239,84.08116239,1.119366626,1.283617654,7.09009009,T9,0,1
E04,0,2,0,Soil19,Soil19_Neutral4,Slurry,HCl_NaOH,90,9,20,8.48,CHL,None,Soil19_T9,0.0395,0.01303326405,5480,91.3,3.8,0.00018,Soil19_Neutral4_pH8.23,10_20cm,8.232,23.87332521,1.902923264,0.09459130769,94.59130769,1.119366626,1.283617654,5.336336336,T9,1.086105338,1
E05,0,2,0,Soil19,Soil19_Neutral4,Slurry,HCl_NaOH,95,9.5,20,7.58,CHL,None,Soil19_T9,0.0499,0.11984752,5480,91.3,3.8,0.00019,Soil19_Neutral4_pH8.23,10_20cm,8.232,23.87332521,1.902923264,0.09984638034,99.84638034,1.119366626,1.283617654,4.63963964,T9,9.987293334,1
E06,0,2,0,Soil19,Soil19_Neutral4,Slurry,HCl_NaOH,100,10,20,7.13,CHL,None,Soil19_T9,0.044,0.05925172886,5480,91.3,3.8,0.0002,Soil19_Neutral4_pH8.23,10_20cm,8.232,23.87332521,1.902923264,0.105101453,105.101453,1.119366626,1.283617654,4.711711712,T9,4.937644071,1
E07,0,2,0,Soil20,Soil20_CE251,Slurry,HCl_NaOH,-80,-8,20,6.68,CHL,None,Soil20_T9,0.06715,0.295256917,5480,91.3,3.8,-0.00016,Soil20_CE251_pH8.32,10_20cm,8.323,23.31288344,1.898159509,-0.08429217841,-84.29217841,1.116564417,1.283617654,8.51,T9,24.60474308,1
E08,0,2,0,Soil20,Soil20_CE251,Slurry,HCl_NaOH,100,10,20,6.23,CHL,None,Soil20_T9,0.0471,0.08986105328,5480,91.3,3.8,0.0002,Soil20_CE251_pH8.32,10_20cm,8.323,23.31288344,1.898159509,0.105365223,105.365223,1.116564417,1.283617654,7.978978979,T9,7.488421107,1
E09,0,2,0,Soil20,Soil20_CE251,Slurry,HCl_NaOH,-80,-8,20,5.78,CHL,CHX,Soil20_T9,0.0766,0.3920565082,5480,91.3,3.8,-0.00016,Soil20_CE251_pH8.32,10_20cm,8.323,23.31288344,1.898159509,-0.08429217841,-84.29217841,1.116564417,1.283617654,8.53,T9,32.67137569,1
E10,0,0,0,Soil20,Soil20_CE251,No_Nitrate,No_Nitrate,0,0,20,5.33,CHL,None,Soil20_T9,0.02675,0,5480,91.3,3.8,0,Soil20_CE251_pH8.32,10_20cm,8.323,23.31288344,1.898159509,0,0,1.116564417,1.283617654,8.199199199,T9,0,1
E11,0,2,0,Soil20,Soil20_CE251,Slurry,HCl_NaOH,0,0,20,4.88,CHL,None,Soil20_T9,0.02085,0,5480,91.3,3.8,0,Soil20_CE251_pH8.32,10_20cm,8.323,23.31288344,1.898159509,0,0,1.116564417,1.283617654,8.233333333,T9,0,1
F01,0,2,0,Soil19,Soil19_Neutral4,Slurry,HCl_NaOH,-80,-8,20,9.83,CHL,None,Soil19_T9,0.04535,0.07311704285,5480,91.3,3.8,-0.00016,Soil19_Neutral4_pH8.23,10_20cm,8.232,23.87332521,1.902923264,-0.08408116239,-84.08116239,1.119366626,1.283617654,8.43,T9,6.093086904,2
F02,0,2,0,Soil19,Soil19_Neutral4,Slurry,HCl_NaOH,65,6.5,20,9.38,CHL,None,Soil19_T9,0.036,0,5480,91.3,3.8,0.00013,Soil19_Neutral4_pH8.23,10_20cm,8.232,23.87332521,1.902923264,0.06831594444,68.31594444,1.119366626,1.283617654,7.582582583,T9,0,2
F03,0,2,0,Soil19,Soil19_Neutral4,Slurry,HCl_NaOH,80,8,20,8.93,CHL,None,Soil19_T9,0.04535,0.07311704285,5480,91.3,3.8,0.00016,Soil19_Neutral4_pH8.23,10_20cm,8.232,23.87332521,1.902923264,0.08408116239,84.08116239,1.119366626,1.283617654,7.09009009,T9,6.093086904,2
F04,0,2,0,Soil19,Soil19_Neutral4,Slurry,HCl_NaOH,90,9,20,8.48,CHL,None,Soil19_T9,0.04665,0.08646872835,5480,91.3,3.8,0.00018,Soil19_Neutral4_pH8.23,10_20cm,8.232,23.87332521,1.902923264,0.09459130769,94.59130769,1.119366626,1.283617654,5.336336336,T9,7.205727363,2
F05,0,2,0,Soil19,Soil19_Neutral4,Slurry,HCl_NaOH,95,9.5,20,7.58,CHL,None,Soil19_T9,0.048,0.1003338381,5480,91.3,3.8,0.00019,Soil19_Neutral4_pH8.23,10_20cm,8.232,23.87332521,1.902923264,0.09984638034,99.84638034,1.119366626,1.283617654,4.63963964,T9,8.361153175,2
F06,0,2,0,Soil19,Soil19_Neutral4,Slurry,HCl_NaOH,100,10,20,7.13,CHL,None,Soil19_T9,0.0492,0.1126582928,5480,91.3,3.8,0.0002,Soil19_Neutral4_pH8.23,10_20cm,8.232,23.87332521,1.902923264,0.105101453,105.101453,1.119366626,1.283617654,4.711711712,T9,9.388191063,2
F07,0,2,0,Soil20,Soil20_CE251,Slurry,HCl_NaOH,-80,-8,20,6.68,CHL,None,Soil20_T9,0.06865,0.3106222709,5480,91.3,3.8,-0.00016,Soil20_CE251_pH8.32,10_20cm,8.323,23.31288344,1.898159509,-0.08429217841,-84.29217841,1.116564417,1.283617654,8.51,T9,25.88518924,2
F08,0,2,0,Soil20,Soil20_CE251,Slurry,HCl_NaOH,100,10,20,6.23,CHL,None,Soil20_T9,0.0537,0.1574751865,5480,91.3,3.8,0.0002,Soil20_CE251_pH8.32,10_20cm,8.323,23.31288344,1.898159509,0.105365223,105.365223,1.116564417,1.283617654,7.978978979,T9,13.12293221,2
F09,0,2,0,Soil20,Soil20_CE251,Slurry,HCl_NaOH,100,10,20,5.78,CHL,CHX,Soil20_T9,0.05905,0.2122817925,5480,91.3,3.8,0.0002,Soil20_CE251_pH8.32,10_20cm,8.323,23.31288344,1.898159509,0.105365223,105.365223,1.116564417,1.283617654,7.966966967,T9,17.69014937,2
F10,0,0,0,Soil20,Soil20_CE251,No_Nitrate,No_Nitrate,0,0,20,5.33,CHL,None,Soil20_T9,0.0305,0,5480,91.3,3.8,0,Soil20_CE251_pH8.32,10_20cm,8.323,23.31288344,1.898159509,0,0,1.116564417,1.283617654,8.199199199,T9,0,2
F11,0,2,0,Soil20,Soil20_CE251,Slurry,HCl_NaOH,0,0,20,4.88,CHL,None,Soil20_T9,0.0212,0,5480,91.3,3.8,0,Soil20_CE251_pH8.32,10_20cm,8.323,23.31288344,1.898159509,0,0,1.116564417,1.283617654,8.233333333,T9,0,2
G01,0,2,0,Soil19,Soil19_Neutral4,Slurry,HCl_NaOH,-80,-8,20,9.83,CHL,None,Soil19_T9,0.0517,0.1383339759,5480,91.3,3.8,-0.00016,Soil19_Neutral4_pH8.23,10_20cm,8.232,23.87332521,1.902923264,-0.08408116239,-84.08116239,1.119366626,1.283617654,8.43,T9,11.52783133,3
G02,0,2,0,Soil19,Soil19_Neutral4,Slurry,HCl_NaOH,65,6.5,20,9.38,CHL,None,Soil19_T9,0.04145,0.03306140742,5480,91.3,3.8,0.00013,Soil19_Neutral4_pH8.23,10_20cm,8.232,23.87332521,1.902923264,0.06831594444,68.31594444,1.119366626,1.283617654,7.582582583,T9,2.755117285,3
G03,0,2,0,Soil19,Soil19_Neutral4,Slurry,HCl_NaOH,80,8,20,8.93,CHL,None,Soil19_T9,0.04915,0.1121447755,5480,91.3,3.8,0.00016,Soil19_Neutral4_pH8.23,10_20cm,8.232,23.87332521,1.902923264,0.08408116239,84.08116239,1.119366626,1.283617654,7.09009009,T9,9.345397955,3
G04,0,2,0,Soil19,Soil19_Neutral4,Slurry,HCl_NaOH,90,9,20,8.48,CHL,None,Soil19_T9,0.049,0.1106042227,5480,91.3,3.8,0.00018,Soil19_Neutral4_pH8.23,10_20cm,8.232,23.87332521,1.902923264,0.09459130769,94.59130769,1.119366626,1.283617654,5.336336336,T9,9.217018558,3
G05,0,2,0,Soil19,Soil19_Neutral4,Slurry,HCl_NaOH,95,9.5,20,7.58,CHL,None,Soil19_T9,0.05075,0.1285772584,5480,91.3,3.8,0.00019,Soil19_Neutral4_pH8.23,10_20cm,8.232,23.87332521,1.902923264,0.09984638034,99.84638034,1.119366626,1.283617654,4.63963964,T9,10.71477153,3
G06,0,2,0,Soil19,Soil19_Neutral4,Slurry,HCl_NaOH,100,10,20,7.13,CHL,None,Soil19_T9,0.0521,0.1424420521,5480,91.3,3.8,0.0002,Soil19_Neutral4_pH8.23,10_20cm,8.232,23.87332521,1.902923264,0.105101453,105.101453,1.119366626,1.283617654,4.711711712,T9,11.87017101,3
G07,0,2,0,Soil20,Soil20_CE251,Slurry,HCl_NaOH,-80,-8,20,6.68,CHL,None,Soil20_T9,0.0792,0.4186883084,5480,91.3,3.8,-0.00016,Soil20_CE251_pH8.32,10_20cm,8.323,23.31288344,1.898159509,-0.08429217841,-84.29217841,1.116564417,1.283617654,8.51,T9,34.89069236,3
G08,0,2,0,Soil20,Soil20_CE251,Slurry,HCl_NaOH,100,10,20,6.23,CHL,None,Soil20_T9,0.0522,0.1421085558,5480,91.3,3.8,0.0002,Soil20_CE251_pH8.32,10_20cm,8.323,23.31288344,1.898159509,0.105365223,105.365223,1.116564417,1.283617654,7.978978979,T9,11.84237965,3
G09,0,2,0,Soil20,Soil20_CE251,Slurry,HCl_NaOH,0,0,20,5.78,CHL,CHX,Soil20_T9,0.0775,0.4012752518,5480,91.3,3.8,0,Soil20_CE251_pH8.32,10_20cm,8.323,23.31288344,1.898159509,0,0,1.116564417,1.283617654,8.219219219,T9,33.43960432,3
G10,0,0,0,Soil20,Soil20_CE251,No_Nitrate,No_Nitrate,0,0,20,5.33,CHL,None,Soil20_T9,0.0343,0,5480,91.3,3.8,0,Soil20_CE251_pH8.32,10_20cm,8.323,23.31288344,1.898159509,0,0,1.116564417,1.283617654,8.199199199,T9,0,3
G11,0,2,0,Soil20,Soil20_CE251,Slurry,HCl_NaOH,0,0,20,4.88,CHL,None,Soil20_T9,0.02765,0,5480,91.3,3.8,0,Soil20_CE251_pH8.32,10_20cm,8.323,23.31288344,1.898159509,0,0,1.116564417,1.283617654,8.233333333,T9,0,3
H01,0,2,0,Soil19,Soil19_Neutral4,Slurry,HCl_NaOH,-80,-8,20,9.83,CHL,CHX,Soil19_T9,0.06465,0.2713283043,5480,91.3,3.8,-0.00016,Soil19_Neutral4_pH8.23,10_20cm,8.232,23.87332521,1.902923264,-0.08408116239,-84.08116239,1.119366626,1.283617654,8.44,T9,22.61069203,1
H02,0,2,0,Soil19,Soil19_Neutral4,Slurry,HCl_NaOH,100,10,20,4.43,CHL,CHX,Soil19_T9,0.05025,0.1234421231,5480,91.3,3.8,0.0002,Soil19_Neutral4_pH8.23,10_20cm,8.232,23.87332521,1.902923264,0.105101453,105.101453,1.119366626,1.283617654,4.771771772,T9,10.2868436,1
H03,0,2,0,Soil19,Soil19_Neutral4,Slurry,HCl_NaOH,0,0,20,8.03,CHL,CHX,Soil19_T9,0.0475,0.0951986244,5480,91.3,3.8,0,Soil19_Neutral4_pH8.23,10_20cm,8.232,23.87332521,1.902923264,0,0,1.119366626,1.283617654,8.171171171,T9,7.9332187,1
H04,0,0,0,Soil19,Soil19_Neutral4,No_Nitrate,No_Nitrate,0,0,20,8.03,CHL,None,Soil19_T9,0.03915,0.009438446106,5480,91.3,3.8,0,Soil19_Neutral4_pH8.23,10_20cm,8.232,23.87332521,1.902923264,0,0,1.119366626,1.283617654,8.159159159,T9,0.7865371755,1
H05,0,0,0,Soil19,Soil19_Neutral4,No_Nitrate,No_Nitrate,0,0,20,8.03,CHL,None,Soil19_T9,0.0417,0.03562910241,5480,91.3,3.8,0,Soil19_Neutral4_pH8.23,10_20cm,8.232,23.87332521,1.902923264,0,0,1.119366626,1.283617654,8.159159159,T9,2.969091867,2
H06,0,0,0,Soil19,Soil19_Neutral4,No_Nitrate,No_Nitrate,0,0,20,8.03,CHL,None,Soil19_T9,0.0401,0.01919579283,5480,91.3,3.8,0,Soil19_Neutral4_pH8.23,10_20cm,8.232,23.87332521,1.902923264,0,0,1.119366626,1.283617654,8.159159159,T9,1.599649402,3
H07,0,2,0,Soil19,Soil19_Neutral4,Slurry,HCl_NaOH,0,0,20,8.03,CHL,None,Soil19_T9,0.0413,0.03152078871,5480,91.3,3.8,0,Soil19_Neutral4_pH8.23,10_20cm,8.232,23.87332521,1.902923264,0,0,1.119366626,1.283617654,8.183333333,T9,2.626732393,1
H08,0,2,0,Soil19,Soil19_Neutral4,Slurry,HCl_NaOH,0,0,20,8.03,CHL,None,Soil19_T9,0.0425,0.04384570238,5480,91.3,3.8,0,Soil19_Neutral4_pH8.23,10_20cm,8.232,23.87332521,1.902923264,0,0,1.119366626,1.283617654,8.183333333,T9,3.653808532,2
H09,0,2,0,Soil19,Soil19_Neutral4,Slurry,HCl_NaOH,0,0,20,8.03,CHL,None,Soil19_T9,0.04155,0.03408848584,5480,91.3,3.8,0,Soil19_Neutral4_pH8.23,10_20cm,8.232,23.87332521,1.902923264,0,0,1.119366626,1.283617654,8.183333333,T9,2.840707153,3
E01,0,2,0,Soil15,Soil15_Neutral5,Slurry,HCl_NaOH,-100,-10,20,8.8,CHL,None,Soil15_T9,0.09235,0.5038483232,5550,92.5,3.9,-0.0002,Soil15_Neutral5_pH6.79,10_20cm,6.789,24.24242424,1.906060606,-0.1049284579,-104.9284579,1.121212121,1.288461828,8.52,T9,41.98736027,1
E02,0,2,0,Soil15,Soil15_Neutral5,Slurry,HCl_NaOH,-65,-6.5,20,8.35,CHL,None,Soil15_T9,0.0696,0.277835152,5550,92.5,3.9,-0.00013,Soil15_Neutral5_pH6.79,10_20cm,6.789,24.24242424,1.906060606,-0.06820349762,-68.20349762,1.121212121,1.288461828,8.423423423,T9,23.15292933,1
E03,0,2,0,Soil15,Soil15_Neutral5,Slurry,HCl_NaOH,7,0.7,20,7.45,CHL,None,Soil15_T9,0.04625,0.04621489148,5550,92.5,3.9,0.000014,Soil15_Neutral5_pH6.79,10_20cm,6.789,24.24242424,1.906060606,0.007344992051,7.344992051,1.121212121,1.288461828,7.354354354,T9,3.851240957,1
E04,0,2,0,Soil15,Soil15_Neutral5,Slurry,HCl_NaOH,12,1.2,20,7,CHL,None,Soil15_T9,0.05175,0.1007399543,5550,92.5,3.9,0.000024,Soil15_Neutral5_pH6.79,10_20cm,6.789,24.24242424,1.906060606,0.01259141494,12.59141494,1.121212121,1.288461828,7.102102102,T9,8.39499619,1
E05,0,2,0,Soil15,Soil15_Neutral5,Slurry,HCl_NaOH,16,1.6,20,6.55,CHL,None,Soil15_T9,0.05865,0.1691721418,5550,92.5,3.9,0.000032,Soil15_Neutral5_pH6.79,10_20cm,6.789,24.24242424,1.906060606,0.01678855326,16.78855326,1.121212121,1.288461828,5.852852853,T9,14.09767848,1
E06,0,2,0,Soil15,Soil15_Neutral5,Slurry,HCl_NaOH,20,2,20,6.1,CHL,None,Soil15_T9,0.05275,0.1106557297,5550,92.5,3.9,0.00004,Soil15_Neutral5_pH6.79,10_20cm,6.789,24.24242424,1.906060606,0.02098569157,20.98569157,1.121212121,1.288461828,5.672672673,T9,9.221310812,1
E07,0,2,0,Soil15,Soil15_Neutral5,Slurry,HCl_NaOH,22,2.2,20,5.65,CHL,None,Soil15_T9,0.05615,0.1443742665,5550,92.5,3.9,0.000044,Soil15_Neutral5_pH6.79,10_20cm,6.789,24.24242424,1.906060606,0.02308426073,23.08426073,1.121212121,1.288461828,5.204204204,T9,12.03118887,1
E08,0,2,0,Soil15,Soil15_Neutral5,Slurry,HCl_NaOH,26,2.6,20,5.2,CHL,None,Soil15_T9,0.05845,0.1671881609,5550,92.5,3.9,0.000052,Soil15_Neutral5_pH6.79,10_20cm,6.789,24.24242424,1.906060606,0.02728139905,27.28139905,1.121212121,1.288461828,4.6996997,T9,13.93234674,1
E09,0,2,0,Soil15,Soil15_Neutral5,Slurry,HCl_NaOH,30,3,20,4.75,CHL,None,Soil15_T9,0.05545,0.1374315956,5550,92.5,3.9,0.00006,Soil15_Neutral5_pH6.79,10_20cm,6.789,24.24242424,1.906060606,0.03147853736,31.47853736,1.121212121,1.288461828,4.423423423,T9,11.45263296,1
E10,0,2,0,Soil15,Soil15_Neutral5,Slurry,HCl_NaOH,34,3.4,20,4.3,CHL,None,Soil15_T9,0.0557,0.139911084,5550,92.5,3.9,0.000068,Soil15_Neutral5_pH6.79,10_20cm,6.789,24.24242424,1.906060606,0.03567567568,35.67567568,1.121212121,1.288461828,4.159159159,T9,11.659257,1
E11,0,2,0,Soil15,Soil15_Neutral5,Slurry,HCl_NaOH,40,4,20,3.85,CHL,None,Soil15_T9,0.05175,0.1007399543,5550,92.5,3.9,0.00008,Soil15_Neutral5_pH6.79,10_20cm,6.789,24.24242424,1.906060606,0.04197138315,41.97138315,1.121212121,1.288461828,3.942942943,T9,8.39499619,1
E12,0,2,0,Soil15,Soil15_Neutral5,Slurry,HCl_NaOH,65,6.5,20,3.4,CHL,None,Soil15_T9,0.054,0.1230513702,5550,92.5,3.9,0.00013,Soil15_Neutral5_pH6.79,10_20cm,6.789,24.24242424,1.906060606,0.06820349762,68.20349762,1.121212121,1.288461828,3.462462462,T9,10.25428085,1
F01,0,2,0,Soil15,Soil15_Neutral5,Slurry,HCl_NaOH,-100,-10,20,8.8,CHL,None,Soil15_T9,0.08565,0.4372507761,5550,92.5,3.9,-0.0002,Soil15_Neutral5_pH6.79,10_20cm,6.789,24.24242424,1.906060606,-0.1049284579,-104.9284579,1.121212121,1.288461828,8.52,T9,36.43756467,2
F02,0,2,0,Soil15,Soil15_Neutral5,Slurry,HCl_NaOH,-65,-6.5,20,8.35,CHL,None,Soil15_T9,0.0605,0.187525208,5550,92.5,3.9,-0.00013,Soil15_Neutral5_pH6.79,10_20cm,6.789,24.24242424,1.906060606,-0.06820349762,-68.20349762,1.121212121,1.288461828,8.423423423,T9,15.62710066,2
F03,0,2,0,Soil15,Soil15_Neutral5,Slurry,HCl_NaOH,7,0.7,20,7.45,CHL,None,Soil15_T9,0.04295,0.01350935348,5550,92.5,3.9,0.000014,Soil15_Neutral5_pH6.79,10_20cm,6.789,24.24242424,1.906060606,0.007344992051,7.344992051,1.121212121,1.288461828,7.354354354,T9,1.125779457,2
F04,0,2,0,Soil15,Soil15_Neutral5,Slurry,HCl_NaOH,12,1.2,20,7,CHL,None,Soil15_T9,0.0463,0.04671048471,5550,92.5,3.9,0.000024,Soil15_Neutral5_pH6.79,10_20cm,6.789,24.24242424,1.906060606,0.01259141494,12.59141494,1.121212121,1.288461828,7.102102102,T9,3.892540392,2
F05,0,2,0,Soil15,Soil15_Neutral5,Slurry,HCl_NaOH,16,1.6,20,6.55,CHL,None,Soil15_T9,0.04845,0.06802254082,5550,92.5,3.9,0.000032,Soil15_Neutral5_pH6.79,10_20cm,6.789,24.24242424,1.906060606,0.01678855326,16.78855326,1.121212121,1.288461828,5.852852853,T9,5.668545068,2
F06,0,2,0,Soil15,Soil15_Neutral5,Slurry,HCl_NaOH,20,2,20,6.1,CHL,None,Soil15_T9,0.0481,0.06455293022,5550,92.5,3.9,0.00004,Soil15_Neutral5_pH6.79,10_20cm,6.789,24.24242424,1.906060606,0.02098569157,20.98569157,1.121212121,1.288461828,5.672672673,T9,5.379410852,2
F07,0,2,0,Soil15,Soil15_Neutral5,Slurry,HCl_NaOH,22,2.2,20,5.65,CHL,None,Soil15_T9,0.057,0.1528050843,5550,92.5,3.9,0.000044,Soil15_Neutral5_pH6.79,10_20cm,6.789,24.24242424,1.906060606,0.02308426073,23.08426073,1.121212121,1.288461828,5.204204204,T9,12.73375703,2
F08,0,2,0,Soil15,Soil15_Neutral5,Slurry,HCl_NaOH,26,2.6,20,5.2,CHL,None,Soil15_T9,0.04895,0.07297926645,5550,92.5,3.9,0.000052,Soil15_Neutral5_pH6.79,10_20cm,6.789,24.24242424,1.906060606,0.02728139905,27.28139905,1.121212121,1.288461828,4.6996997,T9,6.081605538,2
F09,0,2,0,Soil15,Soil15_Neutral5,Slurry,HCl_NaOH,30,3,20,4.75,CHL,None,Soil15_T9,0.05345,0.1175971623,5550,92.5,3.9,0.00006,Soil15_Neutral5_pH6.79,10_20cm,6.789,24.24242424,1.906060606,0.03147853736,31.47853736,1.121212121,1.288461828,4.423423423,T9,9.799763524,2
F10,0,2,0,Soil15,Soil15_Neutral5,Slurry,HCl_NaOH,34,3.4,20,4.3,CHL,None,Soil15_T9,0.05275,0.1106557297,5550,92.5,3.9,0.000068,Soil15_Neutral5_pH6.79,10_20cm,6.789,24.24242424,1.906060606,0.03567567568,35.67567568,1.121212121,1.288461828,4.159159159,T9,9.221310812,2
F11,0,2,0,Soil15,Soil15_Neutral5,Slurry,HCl_NaOH,40,4,20,3.85,CHL,None,Soil15_T9,0.04885,0.07198790824,5550,92.5,3.9,0.00008,Soil15_Neutral5_pH6.79,10_20cm,6.789,24.24242424,1.906060606,0.04197138315,41.97138315,1.121212121,1.288461828,3.942942943,T9,5.998992353,2
F12,0,2,0,Soil15,Soil15_Neutral5,Slurry,HCl_NaOH,65,6.5,20,3.4,CHL,None,Soil15_T9,0.0509,0.09231206003,5550,92.5,3.9,0.00013,Soil15_Neutral5_pH6.79,10_20cm,6.789,24.24242424,1.906060606,0.06820349762,68.20349762,1.121212121,1.288461828,3.462462462,T9,7.692671669,2
G01,0,2,0,Soil15,Soil15_Neutral5,Slurry,HCl_NaOH,-100,-10,20,8.8,CHL,None,Soil15_T9,0.091,0.4904270317,5550,92.5,3.9,-0.0002,Soil15_Neutral5_pH6.79,10_20cm,6.789,24.24242424,1.906060606,-0.1049284579,-104.9284579,1.121212121,1.288461828,8.52,T9,40.86891931,3
G02,0,2,0,Soil15,Soil15_Neutral5,Slurry,HCl_NaOH,-65,-6.5,20,8.35,CHL,None,Soil15_T9,0.05755,0.1582605718,5550,92.5,3.9,-0.00013,Soil15_Neutral5_pH6.79,10_20cm,6.789,24.24242424,1.906060606,-0.06820349762,-68.20349762,1.121212121,1.288461828,8.423423423,T9,13.18838098,3
G03,0,2,0,Soil15,Soil15_Neutral5,Slurry,HCl_NaOH,7,0.7,20,7.45,CHL,None,Soil15_T9,0.03605,0,5550,92.5,3.9,0.000014,Soil15_Neutral5_pH6.79,10_20cm,6.789,24.24242424,1.906060606,0.007344992051,7.344992051,1.121212121,1.288461828,7.354354354,T9,0,3
G04,0,2,0,Soil15,Soil15_Neutral5,Slurry,HCl_NaOH,12,1.2,20,7,CHL,None,Soil15_T9,0.04445,0.02837462431,5550,92.5,3.9,0.000024,Soil15_Neutral5_pH6.79,10_20cm,6.789,24.24242424,1.906060606,0.01259141494,12.59141494,1.121212121,1.288461828,7.102102102,T9,2.364552026,3
G05,0,2,0,Soil15,Soil15_Neutral5,Slurry,HCl_NaOH,16,1.6,20,6.55,CHL,None,Soil15_T9,0.04585,0.04225020453,5550,92.5,3.9,0.000032,Soil15_Neutral5_pH6.79,10_20cm,6.789,24.24242424,1.906060606,0.01678855326,16.78855326,1.121212121,1.288461828,5.852852853,T9,3.520850377,3
G06,0,2,0,Soil15,Soil15_Neutral5,Slurry,HCl_NaOH,20,2,20,6.1,CHL,None,Soil15_T9,0.04745,0.05810958035,5550,92.5,3.9,0.00004,Soil15_Neutral5_pH6.79,10_20cm,6.789,24.24242424,1.906060606,0.02098569157,20.98569157,1.121212121,1.288461828,5.672672673,T9,4.84246503,3
G07,0,2,0,Soil15,Soil15_Neutral5,Slurry,HCl_NaOH,22,2.2,20,5.65,CHL,None,Soil15_T9,0.0516,0.09925264445,5550,92.5,3.9,0.000044,Soil15_Neutral5_pH6.79,10_20cm,6.789,24.24242424,1.906060606,0.02308426073,23.08426073,1.121212121,1.288461828,5.204204204,T9,8.271053704,3
G08,0,2,0,Soil15,Soil15_Neutral5,Slurry,HCl_NaOH,26,2.6,20,5.2,CHL,None,Soil15_T9,0.04695,0.0531533455,5550,92.5,3.9,0.000052,Soil15_Neutral5_pH6.79,10_20cm,6.789,24.24242424,1.906060606,0.02728139905,27.28139905,1.121212121,1.288461828,4.6996997,T9,4.429445458,3
G09,0,2,0,Soil15,Soil15_Neutral5,Slurry,HCl_NaOH,30,3,20,4.75,CHL,None,Soil15_T9,0.04765,0.0600921201,5550,92.5,3.9,0.00006,Soil15_Neutral5_pH6.79,10_20cm,6.789,24.24242424,1.906060606,0.03147853736,31.47853736,1.121212121,1.288461828,4.423423423,T9,5.007676675,3
G10,0,2,0,Soil15,Soil15_Neutral5,Slurry,HCl_NaOH,34,3.4,20,4.3,CHL,None,Soil15_T9,0.04755,0.05910084695,5550,92.5,3.9,0.000068,Soil15_Neutral5_pH6.79,10_20cm,6.789,24.24242424,1.906060606,0.03567567568,35.67567568,1.121212121,1.288461828,4.159159159,T9,4.92507058,3
G11,0,2,0,Soil15,Soil15_Neutral5,Slurry,HCl_NaOH,40,4,20,3.85,CHL,None,Soil15_T9,0.05235,0.106689341,5550,92.5,3.9,0.00008,Soil15_Neutral5_pH6.79,10_20cm,6.789,24.24242424,1.906060606,0.04197138315,41.97138315,1.121212121,1.288461828,3.942942943,T9,8.890778414,3
G12,0,2,0,Soil15,Soil15_Neutral5,Slurry,HCl_NaOH,65,6.5,20,3.4,CHL,None,Soil15_T9,0.04985,0.08190178495,5550,92.5,3.9,0.00013,Soil15_Neutral5_pH6.79,10_20cm,6.789,24.24242424,1.906060606,0.06820349762,68.20349762,1.121212121,1.288461828,3.462462462,T9,6.825148745,3
H01,0,2,0,Soil15,Soil15_Neutral5,Slurry,HCl_NaOH,-100,-10,20,8.8,CHL,CHX,Soil15_T9,0.08555,0.4362570071,5550,92.5,3.9,-0.0002,Soil15_Neutral5_pH6.79,10_20cm,6.789,24.24242424,1.906060606,-0.1049284579,-104.9284579,1.121212121,1.288461828,8.51,T9,36.35475059,1
H02,0,2,0,Soil15,Soil15_Neutral5,Slurry,HCl_NaOH,65,6.5,20,3.4,CHL,CHX,Soil15_T9,0.0325,0,5550,92.5,3.9,0.00013,Soil15_Neutral5_pH6.79,10_20cm,6.789,24.24242424,1.906060606,0.06820349762,68.20349762,1.121212121,1.288461828,3.570570571,T9,0,1
H03,0,2,0,Soil15,Soil15_Neutral5,Slurry,HCl_NaOH,0,0,20,7.9,CHL,CHX,Soil15_T9,0.04015,0,5550,92.5,3.9,0,Soil15_Neutral5_pH6.79,10_20cm,6.789,24.24242424,1.906060606,0,0,1.121212121,1.288461828,7.954954955,T9,0,1
H04,0,0,0,Soil15,Soil15_Neutral5,No_Nitrate,No_Nitrate,0,0,20,7.9,CHL,None,Soil15_T9,0.03365,0,5550,92.5,3.9,0,Soil15_Neutral5_pH6.79,10_20cm,6.789,24.24242424,1.906060606,0,0,1.121212121,1.288461828,7.930930931,T9,0,1
H05,0,0,0,Soil15,Soil15_Neutral5,No_Nitrate,No_Nitrate,0,0,20,7.9,CHL,None,Soil15_T9,0.03735,0,5550,92.5,3.9,0,Soil15_Neutral5_pH6.79,10_20cm,6.789,24.24242424,1.906060606,0,0,1.121212121,1.288461828,7.930930931,T9,0,2
H06,0,0,0,Soil15,Soil15_Neutral5,No_Nitrate,No_Nitrate,0,0,20,7.9,CHL,None,Soil15_T9,0.04065,0,5550,92.5,3.9,0,Soil15_Neutral5_pH6.79,10_20cm,6.789,24.24242424,1.906060606,0,0,1.121212121,1.288461828,7.930930931,T9,0,3
H07,0,2,0,Soil15,Soil15_Neutral5,Slurry,HCl_NaOH,0,0,20,7.9,CHL,None,Soil15_T9,0.03745,0,5550,92.5,3.9,0,Soil15_Neutral5_pH6.79,10_20cm,6.789,24.24242424,1.906060606,0,0,1.121212121,1.288461828,7.916666667,T9,0,1
H08,0,2,0,Soil15,Soil15_Neutral5,Slurry,HCl_NaOH,0,0,20,7.9,CHL,None,Soil15_T9,0.03955,0,5550,92.5,3.9,0,Soil15_Neutral5_pH6.79,10_20cm,6.789,24.24242424,1.906060606,0,0,1.121212121,1.288461828,7.916666667,T9,0,2
H09,0,2,0,Soil15,Soil15_Neutral5,Slurry,HCl_NaOH,0,0,20,7.9,CHL,None,Soil15_T9,0.03915,0,5550,92.5,3.9,0,Soil15_Neutral5_pH6.79,10_20cm,6.789,24.24242424,1.906060606,0,0,1.121212121,1.288461828,7.916666667,T9,0,3
E01,0,2,0,Soil18,Soil18_Neutral1,Slurry,HCl_NaOH,-100,-10,20,8.91,CHL,None,Soil18_T9,0.07745,0.4191334651,5430,90.5,3.8,-0.0002,Soil18_Neutral1_pH7.68,10_20cm,7.681,24.24242424,1.906060606,-0.1049284579,-104.9284579,1.121212121,1.188815209,8.38,T9,34.92778876,1
E02,0,2,0,Soil18,Soil18_Neutral1,Slurry,HCl_NaOH,-60,-6,20,8.46,CHL,None,Soil18_T9,0.06285,0.2620426252,5430,90.5,3.8,-0.00012,Soil18_Neutral1_pH7.68,10_20cm,7.681,24.24242424,1.906060606,-0.06295707472,-62.95707472,1.121212121,1.188815209,8.423423423,T9,21.83688543,1
E03,0,2,0,Soil18,Soil18_Neutral1,Slurry,HCl_NaOH,30,3,20,7.56,CHL,None,Soil18_T9,0.0466,0.08737664623,5430,90.5,3.8,0.00006,Soil18_Neutral1_pH7.68,10_20cm,7.681,24.24242424,1.906060606,0.03147853736,31.47853736,1.121212121,1.188815209,7.45045045,T9,7.281387186,1
E04,0,2,0,Soil18,Soil18_Neutral1,Slurry,HCl_NaOH,34,3.4,20,7.11,CHL,None,Soil18_T9,0.04465,0.06642932245,5430,90.5,3.8,0.000068,Soil18_Neutral1_pH7.68,10_20cm,7.681,24.24242424,1.906060606,0.03567567568,35.67567568,1.121212121,1.188815209,7.438438438,T9,5.535776871,1
E05,0,2,0,Soil18,Soil18_Neutral1,Slurry,HCl_NaOH,40,4,20,6.66,CHL,None,Soil18_T9,0.0483,0.1056406154,5430,90.5,3.8,0.00008,Soil18_Neutral1_pH7.68,10_20cm,7.681,24.24242424,1.906060606,0.04197138315,41.97138315,1.121212121,1.188815209,6.741741742,T9,8.803384619,1
E06,0,2,0,Soil18,Soil18_Neutral1,Slurry,HCl_NaOH,45,4.5,20,6.21,CHL,None,Soil18_T9,0.048,0.1024174131,5430,90.5,3.8,0.00009,Soil18_Neutral1_pH7.68,10_20cm,7.681,24.24242424,1.906060606,0.04721780604,47.21780604,1.121212121,1.188815209,5.576576577,T9,8.534784426,1
E07,0,2,0,Soil18,Soil18_Neutral1,Slurry,HCl_NaOH,50,5,20,5.76,CHL,None,Soil18_T9,0.05095,0.1341150087,5430,90.5,3.8,0.0001,Soil18_Neutral1_pH7.68,10_20cm,7.681,24.24242424,1.906060606,0.05246422893,52.46422893,1.121212121,1.188815209,5.732732733,T9,11.17625072,1
E08,0,2,0,Soil18,Soil18_Neutral1,Slurry,HCl_NaOH,55,5.5,20,5.31,CHL,None,Soil18_T9,0.0522,0.1475480558,5430,90.5,3.8,0.00011,Soil18_Neutral1_pH7.68,10_20cm,7.681,24.24242424,1.906060606,0.05771065183,57.71065183,1.121212121,1.188815209,4.495495495,T9,12.29567132,1
E09,0,2,0,Soil18,Soil18_Neutral1,Slurry,HCl_NaOH,60,6,20,4.86,CHL,None,Soil18_T9,0.0507,0.1314285323,5430,90.5,3.8,0.00012,Soil18_Neutral1_pH7.68,10_20cm,7.681,24.24242424,1.906060606,0.06295707472,62.95707472,1.121212121,1.188815209,4.207207207,T9,10.95237769,1
E10,0,2,0,Soil18,Soil18_Neutral1,Slurry,HCl_NaOH,65,6.5,20,4.41,CHL,None,Soil18_T9,0.05025,0.1265929866,5430,90.5,3.8,0.00013,Soil18_Neutral1_pH7.68,10_20cm,7.681,24.24242424,1.906060606,0.06820349762,68.20349762,1.121212121,1.188815209,4.051051051,T9,10.54941555,1
E11,0,2,0,Soil18,Soil18_Neutral1,Slurry,HCl_NaOH,75,7.5,20,3.96,CHL,None,Soil18_T9,0.0414,0.03152310465,5430,90.5,3.8,0.00015,Soil18_Neutral1_pH7.68,10_20cm,7.681,24.24242424,1.906060606,0.0786963434,78.6963434,1.121212121,1.188815209,3.534534535,T9,2.626925388,1
E12,0,2,0,Soil18,Soil18_Neutral1,Slurry,HCl_NaOH,90,9,20,3.51,CHL,None,Soil18_T9,0.0339,0,5430,90.5,3.8,0.00018,Soil18_Neutral1_pH7.68,10_20cm,7.681,24.24242424,1.906060606,0.09443561208,94.43561208,1.121212121,1.188815209,3.426426426,T9,0,1
F01,0,2,0,Soil18,Soil18_Neutral1,Slurry,HCl_NaOH,-100,-10,20,8.91,CHL,None,Soil18_T9,0.0913,0.5682951121,5430,90.5,3.8,-0.0002,Soil18_Neutral1_pH7.68,10_20cm,7.681,24.24242424,1.906060606,-0.1049284579,-104.9284579,1.121212121,1.188815209,8.38,T9,47.35792601,2
F02,0,2,0,Soil18,Soil18_Neutral1,Slurry,HCl_NaOH,-60,-6,20,8.46,CHL,None,Soil18_T9,0.06115,0.2437610898,5430,90.5,3.8,-0.00012,Soil18_Neutral1_pH7.68,10_20cm,7.681,24.24242424,1.906060606,-0.06295707472,-62.95707472,1.121212121,1.188815209,8.423423423,T9,20.31342415,2
F03,0,2,0,Soil18,Soil18_Neutral1,Slurry,HCl_NaOH,30,3,20,7.56,CHL,None,Soil18_T9,0.0477,0.09919427463,5430,90.5,3.8,0.00006,Soil18_Neutral1_pH7.68,10_20cm,7.681,24.24242424,1.906060606,0.03147853736,31.47853736,1.121212121,1.188815209,7.45045045,T9,8.266189552,2
F04,0,2,0,Soil18,Soil18_Neutral1,Slurry,HCl_NaOH,34,3.4,20,7.11,CHL,None,Soil18_T9,0.05005,0.1244439013,5430,90.5,3.8,0.000068,Soil18_Neutral1_pH7.68,10_20cm,7.681,24.24242424,1.906060606,0.03567567568,35.67567568,1.121212121,1.188815209,7.438438438,T9,10.37032511,2
F05,0,2,0,Soil18,Soil18_Neutral1,Slurry,HCl_NaOH,40,4,20,6.66,CHL,None,Soil18_T9,0.04905,0.1136989005,5430,90.5,3.8,0.00008,Soil18_Neutral1_pH7.68,10_20cm,7.681,24.24242424,1.906060606,0.04197138315,41.97138315,1.121212121,1.188815209,6.741741742,T9,9.474908375,2
F06,0,2,0,Soil18,Soil18_Neutral1,Slurry,HCl_NaOH,45,4.5,20,6.21,CHL,None,Soil18_T9,0.05135,0.1384134631,5430,90.5,3.8,0.00009,Soil18_Neutral1_pH7.68,10_20cm,7.681,24.24242424,1.906060606,0.04721780604,47.21780604,1.121212121,1.188815209,5.576576577,T9,11.53445526,2
F07,0,2,0,Soil18,Soil18_Neutral1,Slurry,HCl_NaOH,50,5,20,5.76,CHL,None,Soil18_T9,0.05345,0.1609822121,5430,90.5,3.8,0.0001,Soil18_Neutral1_pH7.68,10_20cm,7.681,24.24242424,1.906060606,0.05246422893,52.46422893,1.121212121,1.188815209,5.732732733,T9,13.41518434,2
F08,0,2,0,Soil18,Soil18_Neutral1,Slurry,HCl_NaOH,55,5.5,20,5.31,CHL,None,Soil18_T9,0.05305,0.1566831614,5430,90.5,3.8,0.00011,Soil18_Neutral1_pH7.68,10_20cm,7.681,24.24242424,1.906060606,0.05771065183,57.71065183,1.121212121,1.188815209,4.495495495,T9,13.05693012,2
F09,0,2,0,Soil18,Soil18_Neutral1,Slurry,HCl_NaOH,60,6,20,4.86,CHL,None,Soil18_T9,0.05545,0.1824791697,5430,90.5,3.8,0.00012,Soil18_Neutral1_pH7.68,10_20cm,7.681,24.24242424,1.906060606,0.06295707472,62.95707472,1.121212121,1.188815209,4.207207207,T9,15.20659748,2
F10,0,2,0,Soil18,Soil18_Neutral1,Slurry,HCl_NaOH,65,6.5,20,4.41,CHL,None,Soil18_T9,0.05205,0.1459360316,5430,90.5,3.8,0.00013,Soil18_Neutral1_pH7.68,10_20cm,7.681,24.24242424,1.906060606,0.06820349762,68.20349762,1.121212121,1.188815209,4.051051051,T9,12.16133597,2
F11,0,2,0,Soil18,Soil18_Neutral1,Slurry,HCl_NaOH,75,7.5,20,3.96,CHL,None,Soil18_T9,0.0431,0.04978080816,5430,90.5,3.8,0.00015,Soil18_Neutral1_pH7.68,10_20cm,7.681,24.24242424,1.906060606,0.0786963434,78.6963434,1.121212121,1.188815209,3.534534535,T9,4.14840068,2
F12,0,2,0,Soil18,Soil18_Neutral1,Slurry,HCl_NaOH,90,9,20,3.51,CHL,None,Soil18_T9,0.03365,0,5430,90.5,3.8,0.00018,Soil18_Neutral1_pH7.68,10_20cm,7.681,24.24242424,1.906060606,0.09443561208,94.43561208,1.121212121,1.188815209,3.426426426,T9,0,2
G01,0,2,0,Soil18,Soil18_Neutral1,Slurry,HCl_NaOH,-100,-10,20,8.91,CHL,None,Soil18_T9,0.0887,0.540283197,5430,90.5,3.8,-0.0002,Soil18_Neutral1_pH7.68,10_20cm,7.681,24.24242424,1.906060606,-0.1049284579,-104.9284579,1.121212121,1.188815209,8.38,T9,45.02359975,3
G02,0,2,0,Soil18,Soil18_Neutral1,Slurry,HCl_NaOH,-60,-6,20,8.46,CHL,None,Soil18_T9,0.06615,0.2975361806,5430,90.5,3.8,-0.00012,Soil18_Neutral1_pH7.68,10_20cm,7.681,24.24242424,1.906060606,-0.06295707472,-62.95707472,1.121212121,1.188815209,8.423423423,T9,24.79468171,3
G03,0,2,0,Soil18,Soil18_Neutral1,Slurry,HCl_NaOH,30,3,20,7.56,CHL,None,Soil18_T9,0.04645,0.08576521793,5430,90.5,3.8,0.00006,Soil18_Neutral1_pH7.68,10_20cm,7.681,24.24242424,1.906060606,0.03147853736,31.47853736,1.121212121,1.188815209,7.45045045,T9,7.147101494,3
G04,0,2,0,Soil18,Soil18_Neutral1,Slurry,HCl_NaOH,34,3.4,20,7.11,CHL,None,Soil18_T9,0.05605,0.188928811,5430,90.5,3.8,0.000068,Soil18_Neutral1_pH7.68,10_20cm,7.681,24.24242424,1.906060606,0.03567567568,35.67567568,1.121212121,1.188815209,7.438438438,T9,15.74406758,3
G05,0,2,0,Soil18,Soil18_Neutral1,Slurry,HCl_NaOH,40,4,20,6.66,CHL,None,Soil18_T9,0.05625,0.1910787482,5430,90.5,3.8,0.00008,Soil18_Neutral1_pH7.68,10_20cm,7.681,24.24242424,1.906060606,0.04197138315,41.97138315,1.121212121,1.188815209,6.741741742,T9,15.92322902,3
G06,0,2,0,Soil18,Soil18_Neutral1,Slurry,HCl_NaOH,45,4.5,20,6.21,CHL,None,Soil18_T9,0.05755,0.205054033,5430,90.5,3.8,0.00009,Soil18_Neutral1_pH7.68,10_20cm,7.681,24.24242424,1.906060606,0.04721780604,47.21780604,1.121212121,1.188815209,5.576576577,T9,17.08783608,3
G07,0,2,0,Soil18,Soil18_Neutral1,Slurry,HCl_NaOH,50,5,20,5.76,CHL,None,Soil18_T9,0.05695,0.1986037523,5430,90.5,3.8,0.0001,Soil18_Neutral1_pH7.68,10_20cm,7.681,24.24242424,1.906060606,0.05246422893,52.46422893,1.121212121,1.188815209,5.732732733,T9,16.5503127,3
G08,0,2,0,Soil18,Soil18_Neutral1,Slurry,HCl_NaOH,55,5.5,20,5.31,CHL,None,Soil18_T9,0.0583,0.2131172435,5430,90.5,3.8,0.00011,Soil18_Neutral1_pH7.68,10_20cm,7.681,24.24242424,1.906060606,0.05771065183,57.71065183,1.121212121,1.188815209,4.495495495,T9,17.75977029,3
G09,0,2,0,Soil18,Soil18_Neutral1,Slurry,HCl_NaOH,60,6,20,4.86,CHL,None,Soil18_T9,0.07235,0.3642420084,5430,90.5,3.8,0.00012,Soil18_Neutral1_pH7.68,10_20cm,7.681,24.24242424,1.906060606,0.06295707472,62.95707472,1.121212121,1.188815209,4.207207207,T9,30.3535007,3
G10,0,2,0,Soil18,Soil18_Neutral1,Slurry,HCl_NaOH,65,6.5,20,4.41,CHL,None,Soil18_T9,0.05595,0.187853853,5430,90.5,3.8,0.00013,Soil18_Neutral1_pH7.68,10_20cm,7.681,24.24242424,1.906060606,0.06820349762,68.20349762,1.121212121,1.188815209,4.051051051,T9,15.65448775,3
G11,0,2,0,Soil18,Soil18_Neutral1,Slurry,HCl_NaOH,75,7.5,20,3.96,CHL,None,Soil18_T9,0.05355,0.1620569925,5430,90.5,3.8,0.00015,Soil18_Neutral1_pH7.68,10_20cm,7.681,24.24242424,1.906060606,0.0786963434,78.6963434,1.121212121,1.188815209,3.534534535,T9,13.50474938,3
G12,0,2,0,Soil18,Soil18_Neutral1,Slurry,HCl_NaOH,90,9,20,3.51,CHL,None,Soil18_T9,0.0436,0.05515111062,5430,90.5,3.8,0.00018,Soil18_Neutral1_pH7.68,10_20cm,7.681,24.24242424,1.906060606,0.09443561208,94.43561208,1.121212121,1.188815209,3.426426426,T9,4.595925885,3
H01,0,2,0,Soil18,Soil18_Neutral1,Slurry,HCl_NaOH,-100,-10,20,8.91,CHL,CHX,Soil18_T9,0.0895,0.5489017329,5430,90.5,3.8,-0.0002,Soil18_Neutral1_pH7.68,10_20cm,7.681,24.24242424,1.906060606,-0.1049284579,-104.9284579,1.121212121,1.188815209,8.39,T9,45.74181107,1
H02,0,2,0,Soil18,Soil18_Neutral1,Slurry,HCl_NaOH,90,9,20,3.51,CHL,CHX,Soil18_T9,0.0564,0.1926912198,5430,90.5,3.8,0.00018,Soil18_Neutral1_pH7.68,10_20cm,7.681,24.24242424,1.906060606,0.09443561208,94.43561208,1.121212121,1.188815209,4.291291291,T9,16.05760165,1
H03,0,2,0,Soil18,Soil18_Neutral1,Slurry,HCl_NaOH,0,0,20,8.01,CHL,CHX,Soil18_T9,0.05135,0.1384134631,5430,90.5,3.8,0,Soil18_Neutral1_pH7.68,10_20cm,7.681,24.24242424,1.906060606,0,0,1.121212121,1.188815209,7.966966967,T9,11.53445526,1
H04,0,0,0,Soil18,Soil18_Neutral1,No_Nitrate,No_Nitrate,0,0,20,8.01,CHL,None,Soil18_T9,0.0444,0.06374396305,5430,90.5,3.8,0,Soil18_Neutral1_pH7.68,10_20cm,7.681,24.24242424,1.906060606,0,0,1.121212121,1.188815209,8.003003003,T9,5.311996921,1
H05,0,0,0,Soil18,Soil18_Neutral1,No_Nitrate,No_Nitrate,0,0,20,8.01,CHL,None,Soil18_T9,0.04585,0.07931966423,5430,90.5,3.8,0,Soil18_Neutral1_pH7.68,10_20cm,7.681,24.24242424,1.906060606,0,0,1.121212121,1.188815209,8.003003003,T9,6.609972019,2
H06,0,0,0,Soil18,Soil18_Neutral1,No_Nitrate,No_Nitrate,0,0,20,8.01,CHL,None,Soil18_T9,0.04875,0.1104755386,5430,90.5,3.8,0,Soil18_Neutral1_pH7.68,10_20cm,7.681,24.24242424,1.906060606,0,0,1.121212121,1.188815209,8.003003003,T9,9.206294882,3
H07,0,2,0,Soil18,Soil18_Neutral1,Slurry,HCl_NaOH,0,0,20,8.01,CHL,None,Soil18_T9,0.04985,0.1222948444,5430,90.5,3.8,0,Soil18_Neutral1_pH7.68,10_20cm,7.681,24.24242424,1.906060606,0,0,1.121212121,1.188815209,7.973333333,T9,10.19123703,1
H08,0,2,0,Soil18,Soil18_Neutral1,Slurry,HCl_NaOH,0,0,20,8.01,CHL,None,Soil18_T9,0.051,0.1346523093,5430,90.5,3.8,0,Soil18_Neutral1_pH7.68,10_20cm,7.681,24.24242424,1.906060606,0,0,1.121212121,1.188815209,7.973333333,T9,11.22102577,2
H09,0,2,0,Soil18,Soil18_Neutral1,Slurry,HCl_NaOH,0,0,20,8.01,CHL,None,Soil18_T9,0.04945,0.1179968157,5430,90.5,3.8,0,Soil18_Neutral1_pH7.68,10_20cm,7.681,24.24242424,1.906060606,0,0,1.121212121,1.188815209,7.973333333,T9,9.833067974,3
E01,0,2,0,Soil14,Soil14_Neutral2,Slurry,HCl_NaOH,-90,-9,20,8.32,CHL,None,Soil14_T9,0.1076,0.5973654124,5460,91,3.8,-0.00018,Soil14_Neutral2_pH6.54,10_20cm,6.545,26.03550296,1.921301775,-0.09368647983,-93.68647983,1.130177515,1.234836021,8.62,T9,49.78045103,1
E02,0,2,0,Soil14,Soil14_Neutral2,Slurry,HCl_NaOH,-23,-2.3,20,7.87,CHL,None,Soil14_T9,0.0594,0.1441838715,5460,91,3.8,-0.000046,Soil14_Neutral2_pH6.54,10_20cm,6.545,26.03550296,1.921301775,-0.0239421004,-23.9421004,1.130177515,1.234836021,7.942942943,T9,12.01532262,1
E03,0,2,0,Soil14,Soil14_Neutral2,Slurry,HCl_NaOH,-8,-0.8,20,7.42,CHL,None,Soil14_T9,0.05865,0.1371291248,5460,91,3.8,-0.000016,Soil14_Neutral2_pH6.54,10_20cm,6.545,26.03550296,1.921301775,-0.008327687096,-8.327687096,1.130177515,1.234836021,7.318318318,T9,11.42742707,1
E04,0,2,0,Soil14,Soil14_Neutral2,Slurry,HCl_NaOH,-5,-0.5,20,6.97,CHL,None,Soil14_T9,0.06005,0.1502979067,5460,91,3.8,-0.00001,Soil14_Neutral2_pH6.54,10_20cm,6.545,26.03550296,1.921301775,-0.005204804435,-5.204804435,1.130177515,1.234836021,6.873873874,T9,12.52482556,1
E05,0,2,0,Soil14,Soil14_Neutral2,Slurry,HCl_NaOH,-2,-0.2,20,6.52,CHL,None,Soil14_T9,0.06095,0.1587633735,5460,91,3.8,-0.000004,Soil14_Neutral2_pH6.54,10_20cm,6.545,26.03550296,1.921301775,-0.002081921774,-2.081921774,1.130177515,1.234836021,6.225225225,T9,13.23028113,1
E06,0,2,0,Soil14,Soil14_Neutral2,Slurry,HCl_NaOH,2,0.2,20,5.62,CHL,None,Soil14_T9,0.0551,0.1037353392,5460,91,3.8,0.000004,Soil14_Neutral2_pH6.54,10_20cm,6.545,26.03550296,1.921301775,0.002081921774,2.081921774,1.130177515,1.234836021,5.384384384,T9,8.644611601,1
E07,0,2,0,Soil14,Soil14_Neutral2,Slurry,HCl_NaOH,5,0.5,20,5.17,CHL,None,Soil14_T9,0.054,0.09338752735,5460,91,3.8,0.00001,Soil14_Neutral2_pH6.54,10_20cm,6.545,26.03550296,1.921301775,0.005204804435,5.204804435,1.130177515,1.234836021,5.12012012,T9,7.782293946,1
E08,0,2,0,Soil14,Soil14_Neutral2,Slurry,HCl_NaOH,9,0.9,20,4.72,CHL,None,Soil14_T9,0.05285,0.08256913697,5460,91,3.8,0.000018,Soil14_Neutral2_pH6.54,10_20cm,6.545,26.03550296,1.921301775,0.009368647983,9.368647983,1.130177515,1.234836021,4.483483483,T9,6.880761414,1
E09,0,2,0,Soil14,Soil14_Neutral2,Slurry,HCl_NaOH,14,1.4,20,4.27,CHL,None,Soil14_T9,0.0558,0.1103202016,5460,91,3.8,0.000028,Soil14_Neutral2_pH6.54,10_20cm,6.545,26.03550296,1.921301775,0.01457345242,14.57345242,1.130177515,1.234836021,4.051051051,T9,9.193350132,1
E10,0,2,0,Soil14,Soil14_Neutral2,Slurry,HCl_NaOH,22,2.2,20,3.82,CHL,None,Soil14_T9,0.05405,0.09385788697,5460,91,3.8,0.000044,Soil14_Neutral2_pH6.54,10_20cm,6.545,26.03550296,1.921301775,0.02290113951,22.90113951,1.130177515,1.234836021,3.594594595,T9,7.821490581,1
E11,0,2,0,Soil14,Soil14_Neutral2,Slurry,HCl_NaOH,34,3.4,20,3.37,CHL,None,Soil14_T9,0.0537,0.09056536058,5460,91,3.8,0.000068,Soil14_Neutral2_pH6.54,10_20cm,6.545,26.03550296,1.921301775,0.03539267016,35.39267016,1.130177515,1.234836021,3.282282282,T9,7.547113382,1
E12,0,2,0,Soil14,Soil14_Neutral2,Slurry,HCl_NaOH,80,8,20,2.92,CHL,None,Soil14_T9,0.052,0.07457278856,5460,91,3.8,0.00016,Soil14_Neutral2_pH6.54,10_20cm,6.545,26.03550296,1.921301775,0.08327687096,83.27687096,1.130177515,1.234836021,2.897897898,T9,6.214399047,1
F01,0,2,0,Soil14,Soil14_Neutral2,Slurry,HCl_NaOH,-90,-9,20,8.32,CHL,None,Soil14_T9,0.0995,0.5212363444,5460,91,3.8,-0.00018,Soil14_Neutral2_pH6.54,10_20cm,6.545,26.03550296,1.921301775,-0.09368647983,-93.68647983,1.130177515,1.234836021,8.62,T9,43.43636203,2
F02,0,2,0,Soil14,Soil14_Neutral2,Slurry,HCl_NaOH,-23,-2.3,20,7.87,CHL,None,Soil14_T9,0.0614,0.1629960545,5460,91,3.8,-0.000046,Soil14_Neutral2_pH6.54,10_20cm,6.545,26.03550296,1.921301775,-0.0239421004,-23.9421004,1.130177515,1.234836021,7.942942943,T9,13.58300454,2
F03,0,2,0,Soil14,Soil14_Neutral2,Slurry,HCl_NaOH,-8,-0.8,20,7.42,CHL,None,Soil14_T9,0.05555,0.1079684747,5460,91,3.8,-0.000016,Soil14_Neutral2_pH6.54,10_20cm,6.545,26.03550296,1.921301775,-0.008327687096,-8.327687096,1.130177515,1.234836021,7.318318318,T9,8.997372895,2
F04,0,2,0,Soil14,Soil14_Neutral2,Slurry,HCl_NaOH,-5,-0.5,20,6.97,CHL,None,Soil14_T9,0.05715,0.1230193401,5460,91,3.8,-0.00001,Soil14_Neutral2_pH6.54,10_20cm,6.545,26.03550296,1.921301775,-0.005204804435,-5.204804435,1.130177515,1.234836021,6.873873874,T9,10.25161167,2
F05,0,2,0,Soil14,Soil14_Neutral2,Slurry,HCl_NaOH,-2,-0.2,20,6.52,CHL,None,Soil14_T9,0.0609,0.1582930735,5460,91,3.8,-0.000004,Soil14_Neutral2_pH6.54,10_20cm,6.545,26.03550296,1.921301775,-0.002081921774,-2.081921774,1.130177515,1.234836021,6.225225225,T9,13.19108946,2
F06,0,2,0,Soil14,Soil14_Neutral2,Slurry,HCl_NaOH,2,0.2,20,5.62,CHL,None,Soil14_T9,0.05255,0.0797469106,5460,91,3.8,0.000004,Soil14_Neutral2_pH6.54,10_20cm,6.545,26.03550296,1.921301775,0.002081921774,2.081921774,1.130177515,1.234836021,5.384384384,T9,6.645575883,2
F07,0,2,0,Soil14,Soil14_Neutral2,Slurry,HCl_NaOH,5,0.5,20,5.17,CHL,None,Soil14_T9,0.0527,0.08115802573,5460,91,3.8,0.00001,Soil14_Neutral2_pH6.54,10_20cm,6.545,26.03550296,1.921301775,0.005204804435,5.204804435,1.130177515,1.234836021,5.12012012,T9,6.763168811,2
F08,0,2,0,Soil14,Soil14_Neutral2,Slurry,HCl_NaOH,9,0.9,20,4.72,CHL,None,Soil14_T9,0.0527,0.08115802573,5460,91,3.8,0.000018,Soil14_Neutral2_pH6.54,10_20cm,6.545,26.03550296,1.921301775,0.009368647983,9.368647983,1.130177515,1.234836021,4.483483483,T9,6.763168811,2
F09,0,2,0,Soil14,Soil14_Neutral2,Slurry,HCl_NaOH,14,1.4,20,4.27,CHL,None,Soil14_T9,0.05165,0.07128013823,5460,91,3.8,0.000028,Soil14_Neutral2_pH6.54,10_20cm,6.545,26.03550296,1.921301775,0.01457345242,14.57345242,1.130177515,1.234836021,4.051051051,T9,5.94001152,2
F10,0,2,0,Soil14,Soil14_Neutral2,Slurry,HCl_NaOH,22,2.2,20,3.82,CHL,None,Soil14_T9,0.05255,0.0797469106,5460,91,3.8,0.000044,Soil14_Neutral2_pH6.54,10_20cm,6.545,26.03550296,1.921301775,0.02290113951,22.90113951,1.130177515,1.234836021,3.594594595,T9,6.645575883,2
F11,0,2,0,Soil14,Soil14_Neutral2,Slurry,HCl_NaOH,34,3.4,20,3.37,CHL,None,Soil14_T9,0.0484,0.04070451752,5460,91,3.8,0.000068,Soil14_Neutral2_pH6.54,10_20cm,6.545,26.03550296,1.921301775,0.03539267016,35.39267016,1.130177515,1.234836021,3.282282282,T9,3.392043127,2
F12,0,2,0,Soil14,Soil14_Neutral2,Slurry,HCl_NaOH,80,8,20,2.92,CHL,None,Soil14_T9,0.05505,0.1032649887,5460,91,3.8,0.00016,Soil14_Neutral2_pH6.54,10_20cm,6.545,26.03550296,1.921301775,0.08327687096,83.27687096,1.130177515,1.234836021,2.897897898,T9,8.605415722,2
G01,0,2,0,Soil14,Soil14_Neutral2,Slurry,HCl_NaOH,-90,-9,20,8.32,CHL,None,Soil14_T9,0.111,0.6293174567,5460,91,3.8,-0.00018,Soil14_Neutral2_pH6.54,10_20cm,6.545,26.03550296,1.921301775,-0.09368647983,-93.68647983,1.130177515,1.234836021,8.62,T9,52.44312139,3
G02,0,2,0,Soil14,Soil14_Neutral2,Slurry,HCl_NaOH,-23,-2.3,20,7.87,CHL,None,Soil14_T9,0.0559,0.1112608893,5460,91,3.8,-0.000046,Soil14_Neutral2_pH6.54,10_20cm,6.545,26.03550296,1.921301775,-0.0239421004,-23.9421004,1.130177515,1.234836021,7.942942943,T9,9.271740775,3
G03,0,2,0,Soil14,Soil14_Neutral2,Slurry,HCl_NaOH,-8,-0.8,20,7.42,CHL,None,Soil14_T9,0.05205,0.07504316545,5460,91,3.8,-0.000016,Soil14_Neutral2_pH6.54,10_20cm,6.545,26.03550296,1.921301775,-0.008327687096,-8.327687096,1.130177515,1.234836021,7.318318318,T9,6.253597121,3
G04,0,2,0,Soil14,Soil14_Neutral2,Slurry,HCl_NaOH,-5,-0.5,20,6.97,CHL,None,Soil14_T9,0.0515,0.0698689959,5460,91,3.8,-0.00001,Soil14_Neutral2_pH6.54,10_20cm,6.545,26.03550296,1.921301775,-0.005204804435,-5.204804435,1.130177515,1.234836021,6.873873874,T9,5.822416325,3
G05,0,2,0,Soil14,Soil14_Neutral2,Slurry,HCl_NaOH,-2,-0.2,20,6.52,CHL,None,Soil14_T9,0.0538,0.09150608456,5460,91,3.8,-0.000004,Soil14_Neutral2_pH6.54,10_20cm,6.545,26.03550296,1.921301775,-0.002081921774,-2.081921774,1.130177515,1.234836021,6.225225225,T9,7.625507047,3
G06,0,2,0,Soil14,Soil14_Neutral2,Slurry,HCl_NaOH,2,0.2,20,5.62,CHL,None,Soil14_T9,0.04925,0.04870139453,5460,91,3.8,0.000004,Soil14_Neutral2_pH6.54,10_20cm,6.545,26.03550296,1.921301775,0.002081921774,2.081921774,1.130177515,1.234836021,5.384384384,T9,4.058449544,3
G07,0,2,0,Soil14,Soil14_Neutral2,Slurry,HCl_NaOH,5,0.5,20,5.17,CHL,None,Soil14_T9,0.0485,0.04164533306,5460,91,3.8,0.00001,Soil14_Neutral2_pH6.54,10_20cm,6.545,26.03550296,1.921301775,0.005204804435,5.204804435,1.130177515,1.234836021,5.12012012,T9,3.470444422,3
G08,0,2,0,Soil14,Soil14_Neutral2,Slurry,HCl_NaOH,9,0.9,20,4.72,CHL,None,Soil14_T9,0.0482,0.03882288126,5460,91,3.8,0.000018,Soil14_Neutral2_pH6.54,10_20cm,6.545,26.03550296,1.921301775,0.009368647983,9.368647983,1.130177515,1.234836021,4.483483483,T9,3.235240105,3
G09,0,2,0,Soil14,Soil14_Neutral2,Slurry,HCl_NaOH,14,1.4,20,4.27,CHL,None,Soil14_T9,0.0492,0.04823099346,5460,91,3.8,0.000028,Soil14_Neutral2_pH6.54,10_20cm,6.545,26.03550296,1.921301775,0.01457345242,14.57345242,1.130177515,1.234836021,4.051051051,T9,4.019249455,3
G10,0,2,0,Soil14,Soil14_Neutral2,Slurry,HCl_NaOH,22,2.2,20,3.82,CHL,None,Soil14_T9,0.05055,0.06093167089,5460,91,3.8,0.000044,Soil14_Neutral2_pH6.54,10_20cm,6.545,26.03550296,1.921301775,0.02290113951,22.90113951,1.130177515,1.234836021,3.594594595,T9,5.077639241,3
G11,0,2,0,Soil14,Soil14_Neutral2,Slurry,HCl_NaOH,34,3.4,20,3.37,CHL,None,Soil14_T9,0.0479,0.03600041391,5460,91,3.8,0.000068,Soil14_Neutral2_pH6.54,10_20cm,6.545,26.03550296,1.921301775,0.03539267016,35.39267016,1.130177515,1.234836021,3.282282282,T9,3.000034493,3
G12,0,2,0,Soil14,Soil14_Neutral2,Slurry,HCl_NaOH,80,8,20,2.92,CHL,None,Soil14_T9,0.05175,0.07222089763,5460,91,3.8,0.00016,Soil14_Neutral2_pH6.54,10_20cm,6.545,26.03550296,1.921301775,0.08327687096,83.27687096,1.130177515,1.234836021,2.897897898,T9,6.018408136,3
H01,0,2,0,Soil14,Soil14_Neutral2,Slurry,HCl_NaOH,-90,-9,20,8.32,CHL,CHX,Soil14_T9,0.0929,0.4591968948,5460,91,3.8,-0.00018,Soil14_Neutral2_pH6.54,10_20cm,6.545,26.03550296,1.921301775,-0.09368647983,-93.68647983,1.130177515,1.234836021,8.56,T9,38.2664079,1
H02,0,2,0,Soil14,Soil14_Neutral2,Slurry,HCl_NaOH,80,8,20,2.92,CHL,CHX,Soil14_T9,0.0386,0,5460,91,3.8,0.00016,Soil14_Neutral2_pH6.54,10_20cm,6.545,26.03550296,1.921301775,0.08327687096,83.27687096,1.130177515,1.234836021,2.945945946,T9,0,1
H03,0,2,0,Soil14,Soil14_Neutral2,Slurry,HCl_NaOH,0,0,20,6.07,CHL,CHX,Soil14_T9,0.03925,0,5460,91,3.8,0,Soil14_Neutral2_pH6.54,10_20cm,6.545,26.03550296,1.921301775,0,0,1.130177515,1.234836021,5.732732733,T9,0,1
H04,0,0,0,Soil14,Soil14_Neutral2,No_Nitrate,No_Nitrate,0,0,20,6.07,CHL,None,Soil14_T9,0.04005,0,5460,91,3.8,0,Soil14_Neutral2_pH6.54,10_20cm,6.545,26.03550296,1.921301775,0,0,1.130177515,1.234836021,5.692692693,T9,0,1
H05,0,0,0,Soil14,Soil14_Neutral2,No_Nitrate,No_Nitrate,0,0,20,6.07,CHL,None,Soil14_T9,0.04195,0,5460,91,3.8,0,Soil14_Neutral2_pH6.54,10_20cm,6.545,26.03550296,1.921301775,0,0,1.130177515,1.234836021,5.692692693,T9,0,2
H06,0,0,0,Soil14,Soil14_Neutral2,No_Nitrate,No_Nitrate,0,0,20,6.07,CHL,None,Soil14_T9,0.04485,0.007304446502,5460,91,3.8,0,Soil14_Neutral2_pH6.54,10_20cm,6.545,26.03550296,1.921301775,0,0,1.130177515,1.234836021,5.692692693,T9,0.6087038752,3
H07,0,2,0,Soil14,Soil14_Neutral2,Slurry,HCl_NaOH,0,0,20,6.07,CHL,None,Soil14_T9,0.04245,0,5460,91,3.8,0,Soil14_Neutral2_pH6.54,10_20cm,6.545,26.03550296,1.921301775,0,0,1.130177515,1.234836021,5.716666667,T9,0,1
H08,0,2,0,Soil14,Soil14_Neutral2,Slurry,HCl_NaOH,0,0,20,6.07,CHL,None,Soil14_T9,0.0425,0,5460,91,3.8,0,Soil14_Neutral2_pH6.54,10_20cm,6.545,26.03550296,1.921301775,0,0,1.130177515,1.234836021,5.716666667,T9,0,2
H09,0,2,0,Soil14,Soil14_Neutral2,Slurry,HCl_NaOH,0,0,20,6.07,CHL,None,Soil14_T9,0.04205,0,5460,91,3.8,0,Soil14_Neutral2_pH6.54,10_20cm,6.545,26.03550296,1.921301775,0,0,1.130177515,1.234836021,5.716666667,T9,0,3
E01,0,2,0,Soil16,Soil16_Neutral6,Slurry,HCl_NaOH,-100,-10,20,8.39,CHL,None,Soil16_T9,0.07065,0.2174916879,5472,91.2,3.8,-0.0002,Soil16_Neutral6_pH6.86,10_20cm,6.86,24.05832321,1.904495747,-0.105014674,-105.014674,1.120291616,1.288461828,8.4,T9,18.12430732,1
E02,0,2,0,Soil16,Soil16_Neutral6,Slurry,HCl_NaOH,-7,-0.7,20,7.94,CHL,None,Soil16_T9,0.0466,0.00257972198,5472,91.2,3.8,-0.000014,Soil16_Neutral6_pH6.86,10_20cm,6.86,24.05832321,1.904495747,-0.007351027179,-7.351027179,1.120291616,1.288461828,8.003003003,T9,0.2149768317,1
E03,0,2,0,Soil16,Soil16_Neutral6,Slurry,HCl_NaOH,3,0.3,20,7.04,CHL,None,Soil16_T9,0.04805,0.01553968053,5472,91.2,3.8,0.000006,Soil16_Neutral6_pH6.86,10_20cm,6.86,24.05832321,1.904495747,0.003150440219,3.150440219,1.120291616,1.288461828,6.513513514,T9,1.294973377,1
E04,0,2,0,Soil16,Soil16_Neutral6,Slurry,HCl_NaOH,6,0.6,20,6.59,CHL,None,Soil16_T9,0.04745,0.01017698092,5472,91.2,3.8,0.000012,Soil16_Neutral6_pH6.86,10_20cm,6.86,24.05832321,1.904495747,0.006300880439,6.300880439,1.120291616,1.288461828,5.912912913,T9,0.848081743,1
E05,0,2,0,Soil16,Soil16_Neutral6,Slurry,HCl_NaOH,8,0.8,20,6.14,CHL,None,Soil16_T9,0.05055,0.03788362626,5472,91.2,3.8,0.000016,Soil16_Neutral6_pH6.86,10_20cm,6.86,24.05832321,1.904495747,0.008401173919,8.401173919,1.120291616,1.288461828,5.624624625,T9,3.156968855,1
E06,0,2,0,Soil16,Soil16_Neutral6,Slurry,HCl_NaOH,11,1.1,20,5.69,CHL,None,Soil16_T9,0.0494,0.02760553862,5472,91.2,3.8,0.000022,Soil16_Neutral6_pH6.86,10_20cm,6.86,24.05832321,1.904495747,0.01155161414,11.55161414,1.120291616,1.288461828,5.228228228,T9,2.300461552,1
E07,0,2,0,Soil16,Soil16_Neutral6,Slurry,HCl_NaOH,14,1.4,20,5.24,CHL,None,Soil16_T9,0.0513,0.04458660997,5472,91.2,3.8,0.000028,Soil16_Neutral6_pH6.86,10_20cm,6.86,24.05832321,1.904495747,0.01470205436,14.70205436,1.120291616,1.288461828,4.807807808,T9,3.715550831,1
E08,0,2,0,Soil16,Soil16_Neutral6,Slurry,HCl_NaOH,18,1.8,20,4.79,CHL,None,Soil16_T9,0.0523,0.05352377799,5472,91.2,3.8,0.000036,Soil16_Neutral6_pH6.86,10_20cm,6.86,24.05832321,1.904495747,0.01890264132,18.90264132,1.120291616,1.288461828,4.459459459,T9,4.460314832,1
E09,0,2,0,Soil16,Soil16_Neutral6,Slurry,HCl_NaOH,22,2.2,20,4.34,CHL,None,Soil16_T9,0.0547,0.07497231175,5472,91.2,3.8,0.000044,Soil16_Neutral6_pH6.86,10_20cm,6.86,24.05832321,1.904495747,0.02310322828,23.10322828,1.120291616,1.288461828,4.207207207,T9,6.247692646,1
E10,0,2,0,Soil16,Soil16_Neutral6,Slurry,HCl_NaOH,28,2.8,20,3.89,CHL,None,Soil16_T9,0.05345,0.06380131835,5472,91.2,3.8,0.000056,Soil16_Neutral6_pH6.86,10_20cm,6.86,24.05832321,1.904495747,0.02940410872,29.40410872,1.120291616,1.288461828,3.918918919,T9,5.316776529,1
E11,0,2,0,Soil16,Soil16_Neutral6,Slurry,HCl_NaOH,40,4,20,3.44,CHL,None,Soil16_T9,0.04485,0,5472,91.2,3.8,0.00008,Soil16_Neutral6_pH6.86,10_20cm,6.86,24.05832321,1.904495747,0.04200586959,42.00586959,1.120291616,1.288461828,3.618618619,T9,0,1
E12,0,2,0,Soil16,Soil16_Neutral6,Slurry,HCl_NaOH,90,9,20,2.99,CHL,None,Soil16_T9,0.0449,0,5472,91.2,3.8,0.00018,Soil16_Neutral6_pH6.86,10_20cm,6.86,24.05832321,1.904495747,0.09451320658,94.51320658,1.120291616,1.288461828,3.198198198,T9,0,1
F01,0,2,0,Soil16,Soil16_Neutral6,Slurry,HCl_NaOH,-100,-10,20,8.39,CHL,None,Soil16_T9,0.0608,0.1294830818,5472,91.2,3.8,-0.0002,Soil16_Neutral6_pH6.86,10_20cm,6.86,24.05832321,1.904495747,-0.105014674,-105.014674,1.120291616,1.288461828,8.4,T9,10.79025682,2
F02,0,2,0,Soil16,Soil16_Neutral6,Slurry,HCl_NaOH,-7,-0.7,20,7.94,CHL,None,Soil16_T9,0.043,0,5472,91.2,3.8,-0.000014,Soil16_Neutral6_pH6.86,10_20cm,6.86,24.05832321,1.904495747,-0.007351027179,-7.351027179,1.120291616,1.288461828,8.003003003,T9,0,2
F03,0,2,0,Soil16,Soil16_Neutral6,Slurry,HCl_NaOH,3,0.3,20,7.04,CHL,None,Soil16_T9,0.04685,0.004814222213,5472,91.2,3.8,0.000006,Soil16_Neutral6_pH6.86,10_20cm,6.86,24.05832321,1.904495747,0.003150440219,3.150440219,1.120291616,1.288461828,6.513513514,T9,0.4011851844,2
F04,0,2,0,Soil16,Soil16_Neutral6,Slurry,HCl_NaOH,6,0.6,20,6.59,CHL,None,Soil16_T9,0.0479,0.01419901117,5472,91.2,3.8,0.000012,Soil16_Neutral6_pH6.86,10_20cm,6.86,24.05832321,1.904495747,0.006300880439,6.300880439,1.120291616,1.288461828,5.912912913,T9,1.18325093,2
F05,0,2,0,Soil16,Soil16_Neutral6,Slurry,HCl_NaOH,8,0.8,20,6.14,CHL,None,Soil16_T9,0.05465,0.07452547693,5472,91.2,3.8,0.000016,Soil16_Neutral6_pH6.86,10_20cm,6.86,24.05832321,1.904495747,0.008401173919,8.401173919,1.120291616,1.288461828,5.624624625,T9,6.210456411,2
F06,0,2,0,Soil16,Soil16_Neutral6,Slurry,HCl_NaOH,11,1.1,20,5.69,CHL,None,Soil16_T9,0.0533,0.06246078191,5472,91.2,3.8,0.000022,Soil16_Neutral6_pH6.86,10_20cm,6.86,24.05832321,1.904495747,0.01155161414,11.55161414,1.120291616,1.288461828,5.228228228,T9,5.205065159,2
F07,0,2,0,Soil16,Soil16_Neutral6,Slurry,HCl_NaOH,14,1.4,20,5.24,CHL,None,Soil16_T9,0.05565,0.08346209527,5472,91.2,3.8,0.000028,Soil16_Neutral6_pH6.86,10_20cm,6.86,24.05832321,1.904495747,0.01470205436,14.70205436,1.120291616,1.288461828,4.807807808,T9,6.955174606,2
F08,0,2,0,Soil16,Soil16_Neutral6,Slurry,HCl_NaOH,18,1.8,20,4.79,CHL,None,Soil16_T9,0.05385,0.06737606413,5472,91.2,3.8,0.000036,Soil16_Neutral6_pH6.86,10_20cm,6.86,24.05832321,1.904495747,0.01890264132,18.90264132,1.120291616,1.288461828,4.459459459,T9,5.614672011,2
F09,0,2,0,Soil16,Soil16_Neutral6,Slurry,HCl_NaOH,22,2.2,20,4.34,CHL,None,Soil16_T9,0.054,0.06871658703,5472,91.2,3.8,0.000044,Soil16_Neutral6_pH6.86,10_20cm,6.86,24.05832321,1.904495747,0.02310322828,23.10322828,1.120291616,1.288461828,4.207207207,T9,5.726382252,2
F10,0,2,0,Soil16,Soil16_Neutral6,Slurry,HCl_NaOH,28,2.8,20,3.89,CHL,None,Soil16_T9,0.0528,0.05799230046,5472,91.2,3.8,0.000056,Soil16_Neutral6_pH6.86,10_20cm,6.86,24.05832321,1.904495747,0.02940410872,29.40410872,1.120291616,1.288461828,3.918918919,T9,4.832691705,2
F11,0,2,0,Soil16,Soil16_Neutral6,Slurry,HCl_NaOH,40,4,20,3.44,CHL,None,Soil16_T9,0.0473,0.00883629678,5472,91.2,3.8,0.00008,Soil16_Neutral6_pH6.86,10_20cm,6.86,24.05832321,1.904495747,0.04200586959,42.00586959,1.120291616,1.288461828,3.618618619,T9,0.736358065,2
F12,0,2,0,Soil16,Soil16_Neutral6,Slurry,HCl_NaOH,90,9,20,2.99,CHL,None,Soil16_T9,0.04235,0,5472,91.2,3.8,0.00018,Soil16_Neutral6_pH6.86,10_20cm,6.86,24.05832321,1.904495747,0.09451320658,94.51320658,1.120291616,1.288461828,3.198198198,T9,0,2
G01,0,2,0,Soil16,Soil16_Neutral6,Slurry,HCl_NaOH,-100,-10,20,8.39,CHL,None,Soil16_T9,0.0758,0.2635000075,5472,91.2,3.8,-0.0002,Soil16_Neutral6_pH6.86,10_20cm,6.86,24.05832321,1.904495747,-0.105014674,-105.014674,1.120291616,1.288461828,8.4,T9,21.95833396,3
G02,0,2,0,Soil16,Soil16_Neutral6,Slurry,HCl_NaOH,-7,-0.7,20,7.94,CHL,None,Soil16_T9,0.0463,0,5472,91.2,3.8,-0.000014,Soil16_Neutral6_pH6.86,10_20cm,6.86,24.05832321,1.904495747,-0.007351027179,-7.351027179,1.120291616,1.288461828,8.003003003,T9,0,3
G03,0,2,0,Soil16,Soil16_Neutral6,Slurry,HCl_NaOH,3,0.3,20,7.04,CHL,None,Soil16_T9,0.0509,0.04101169681,5472,91.2,3.8,0.000006,Soil16_Neutral6_pH6.86,10_20cm,6.86,24.05832321,1.904495747,0.003150440219,3.150440219,1.120291616,1.288461828,6.513513514,T9,3.417641401,3
G04,0,2,0,Soil16,Soil16_Neutral6,Slurry,HCl_NaOH,6,0.6,20,6.59,CHL,None,Soil16_T9,0.0497,0.0302867998,5472,91.2,3.8,0.000012,Soil16_Neutral6_pH6.86,10_20cm,6.86,24.05832321,1.904495747,0.006300880439,6.300880439,1.120291616,1.288461828,5.912912913,T9,2.523899984,3
G05,0,2,0,Soil16,Soil16_Neutral6,Slurry,HCl_NaOH,8,0.8,20,6.14,CHL,None,Soil16_T9,0.05335,0.0629076278,5472,91.2,3.8,0.000016,Soil16_Neutral6_pH6.86,10_20cm,6.86,24.05832321,1.904495747,0.008401173919,8.401173919,1.120291616,1.288461828,5.624624625,T9,5.242302317,3
G06,0,2,0,Soil16,Soil16_Neutral6,Slurry,HCl_NaOH,11,1.1,20,5.69,CHL,None,Soil16_T9,0.05305,0.06022654631,5472,91.2,3.8,0.000022,Soil16_Neutral6_pH6.86,10_20cm,6.86,24.05832321,1.904495747,0.01155161414,11.55161414,1.120291616,1.288461828,5.228228228,T9,5.018878859,3
G07,0,2,0,Soil16,Soil16_Neutral6,Slurry,HCl_NaOH,14,1.4,20,5.24,CHL,None,Soil16_T9,0.0549,0.0767596469,5472,91.2,3.8,0.000028,Soil16_Neutral6_pH6.86,10_20cm,6.86,24.05832321,1.904495747,0.01470205436,14.70205436,1.120291616,1.288461828,4.807807808,T9,6.396637242,3
G08,0,2,0,Soil16,Soil16_Neutral6,Slurry,HCl_NaOH,18,1.8,20,4.79,CHL,None,Soil16_T9,0.0652,0.1687985368,5472,91.2,3.8,0.000036,Soil16_Neutral6_pH6.86,10_20cm,6.86,24.05832321,1.904495747,0.01890264132,18.90264132,1.120291616,1.288461828,4.459459459,T9,14.06654474,3
G09,0,2,0,Soil16,Soil16_Neutral6,Slurry,HCl_NaOH,22,2.2,20,4.34,CHL,None,Soil16_T9,0.0566,0.09195173073,5472,91.2,3.8,0.000044,Soil16_Neutral6_pH6.86,10_20cm,6.86,24.05832321,1.904495747,0.02310322828,23.10322828,1.120291616,1.288461828,4.207207207,T9,7.662644228,3
G10,0,2,0,Soil16,Soil16_Neutral6,Slurry,HCl_NaOH,28,2.8,20,3.89,CHL,None,Soil16_T9,0.05365,0.06558869452,5472,91.2,3.8,0.000056,Soil16_Neutral6_pH6.86,10_20cm,6.86,24.05832321,1.904495747,0.02940410872,29.40410872,1.120291616,1.288461828,3.918918919,T9,5.465724543,3
G11,0,2,0,Soil16,Soil16_Neutral6,Slurry,HCl_NaOH,40,4,20,3.44,CHL,None,Soil16_T9,0.11025,0.5711526732,5472,91.2,3.8,0.00008,Soil16_Neutral6_pH6.86,10_20cm,6.86,24.05832321,1.904495747,0.04200586959,42.00586959,1.120291616,1.288461828,3.618618619,T9,47.5960561,3
G12,0,2,0,Soil16,Soil16_Neutral6,Slurry,HCl_NaOH,90,9,20,2.99,CHL,None,Soil16_T9,0.0593,0.11607936,5472,91.2,3.8,0.00018,Soil16_Neutral6_pH6.86,10_20cm,6.86,24.05832321,1.904495747,0.09451320658,94.51320658,1.120291616,1.288461828,3.198198198,T9,9.67328,3
H01,0,2,0,Soil16,Soil16_Neutral6,Slurry,HCl_NaOH,-100,-10,20,8.39,CHL,CHX,Soil16_T9,0.0767,0.2715398502,5472,91.2,3.8,-0.0002,Soil16_Neutral6_pH6.86,10_20cm,6.86,24.05832321,1.904495747,-0.105014674,-105.014674,1.120291616,1.288461828,8.38,T9,22.62832085,1
H02,0,2,0,Soil16,Soil16_Neutral6,Slurry,HCl_NaOH,90,9,20,2.99,CHL,CHX,Soil16_T9,0.06435,0.1612037532,5472,91.2,3.8,0.00018,Soil16_Neutral6_pH6.86,10_20cm,6.86,24.05832321,1.904495747,0.09451320658,94.51320658,1.120291616,1.288461828,3.258258258,T9,13.4336461,1
H03,0,2,0,Soil16,Soil16_Neutral6,Slurry,HCl_NaOH,0,0,20,7.49,CHL,CHX,Soil16_T9,0.0574,0.0991007826,5472,91.2,3.8,0,Soil16_Neutral6_pH6.86,10_20cm,6.86,24.05832321,1.904495747,0,0,1.120291616,1.288461828,7.126126126,T9,8.25839855,1
H04,0,0,0,Soil16,Soil16_Neutral6,No_Nitrate,No_Nitrate,0,0,20,7.49,CHL,None,Soil16_T9,0.0514,0.04548033415,5472,91.2,3.8,0,Soil16_Neutral6_pH6.86,10_20cm,6.86,24.05832321,1.904495747,0,0,1.120291616,1.288461828,7.19019019,T9,3.790027846,1
H05,0,0,0,Soil16,Soil16_Neutral6,No_Nitrate,No_Nitrate,0,0,20,7.49,CHL,None,Soil16_T9,0.05575,0.08435574808,5472,91.2,3.8,0,Soil16_Neutral6_pH6.86,10_20cm,6.86,24.05832321,1.904495747,0,0,1.120291616,1.288461828,7.19019019,T9,7.029645674,2
H06,0,0,0,Soil16,Soil16_Neutral6,No_Nitrate,No_Nitrate,0,0,20,7.49,CHL,None,Soil16_T9,0.0573,0.09820715686,5472,91.2,3.8,0,Soil16_Neutral6_pH6.86,10_20cm,6.86,24.05832321,1.904495747,0,0,1.120291616,1.288461828,7.19019019,T9,8.183929738,3
H07,0,2,0,Soil16,Soil16_Neutral6,Slurry,HCl_NaOH,0,0,20,7.49,CHL,None,Soil16_T9,0.0554,0.08122795607,5472,91.2,3.8,0,Soil16_Neutral6_pH6.86,10_20cm,6.86,24.05832321,1.904495747,0,0,1.120291616,1.288461828,7.26,T9,6.768996339,1
H08,0,2,0,Soil16,Soil16_Neutral6,Slurry,HCl_NaOH,0,0,20,7.49,CHL,None,Soil16_T9,0.0569,0.09463263749,5472,91.2,3.8,0,Soil16_Neutral6_pH6.86,10_20cm,6.86,24.05832321,1.904495747,0,0,1.120291616,1.288461828,7.26,T9,7.886053124,2
H09,0,2,0,Soil16,Soil16_Neutral6,Slurry,HCl_NaOH,0,0,20,7.49,CHL,None,Soil16_T9,0.0557,0.08390892188,5472,91.2,3.8,0,Soil16_Neutral6_pH6.86,10_20cm,6.86,24.05832321,1.904495747,0,0,1.120291616,1.288461828,7.26,T9,6.992410157,3
E01,0,2,0,Soil11,Soil11_CE234,Slurry,HCl_NaOH,-100,-10,20,8.58,CHL,None,Soil11_T9,0.20685,1.848928748,5535,92.2,3.8,-0.0002,Soil11_CE234_pH6.19,10_20cm,6.186,25.1497006,1.913772455,-0.104505632,-104.505632,1.125748503,1.22703048,8.55,T9,154.0773957,1
E02,0,2,0,Soil11,Soil11_CE234,Slurry,HCl_NaOH,-50,-5,20,8.13,CHL,None,Soil11_T9,0.143,1.147891801,5535,92.2,3.8,-0.0001,Soil11_CE234_pH6.19,10_20cm,6.186,25.1497006,1.913772455,-0.05225281602,-52.25281602,1.125748503,1.22703048,8.099099099,T9,95.65765006,1
E03,0,2,0,Soil11,Soil11_CE234,Slurry,HCl_NaOH,-25,-2.5,20,7.68,CHL,None,Soil11_T9,0.1114,0.8009233386,5535,92.2,3.8,-0.00005,Soil11_CE234_pH6.19,10_20cm,6.186,25.1497006,1.913772455,-0.02612640801,-26.12640801,1.125748503,1.22703048,7.294294294,T9,66.74361155,1
E04,0,2,0,Soil11,Soil11_CE234,Slurry,HCl_NaOH,-18,-1.8,20,7.23,CHL,None,Soil11_T9,0.0952,0.6230424018,5535,92.2,3.8,-0.000036,Soil11_CE234_pH6.19,10_20cm,6.186,25.1497006,1.913772455,-0.01881101377,-18.81101377,1.125748503,1.22703048,6.777777778,T9,51.92020015,1
E05,0,2,0,Soil11,Soil11_CE234,Slurry,HCl_NaOH,-14,-1.4,20,6.78,CHL,None,Soil11_T9,0.09245,0.5928462474,5535,92.2,3.8,-0.000028,Soil11_CE234_pH6.19,10_20cm,6.186,25.1497006,1.913772455,-0.01463078849,-14.63078849,1.125748503,1.22703048,6.249249249,T9,49.40385395,1
E06,0,2,0,Soil11,Soil11_CE234,Slurry,HCl_NaOH,-10,-1,20,6.33,CHL,None,Soil11_T9,0.0786,0.4407660381,5535,92.2,3.8,-0.00002,Soil11_CE234_pH6.19,10_20cm,6.186,25.1497006,1.913772455,-0.0104505632,-10.4505632,1.125748503,1.22703048,5.696696697,T9,36.73050317,1
E07,0,2,0,Soil11,Soil11_CE234,Slurry,HCl_NaOH,-8,-0.8,20,5.88,CHL,None,Soil11_T9,0.07295,0.3787254283,5535,92.2,3.8,-0.000016,Soil11_CE234_pH6.19,10_20cm,6.186,25.1497006,1.913772455,-0.008360450563,-8.360450563,1.125748503,1.22703048,5.348348348,T9,31.56045236,1
E08,0,2,0,Soil11,Soil11_CE234,Slurry,HCl_NaOH,-5,-0.5,20,5.43,CHL,None,Soil11_T9,0.0658,0.3002133046,5535,92.2,3.8,-0.00001,Soil11_CE234_pH6.19,10_20cm,6.186,25.1497006,1.913772455,-0.005225281602,-5.225281602,1.125748503,1.22703048,5,T9,25.01777538,1
E09,0,2,0,Soil11,Soil11_CE234,Slurry,HCl_NaOH,-3,-0.3,20,4.98,CHL,None,Soil11_T9,0.0577,0.2112687503,5535,92.2,3.8,-0.000006,Soil11_CE234_pH6.19,10_20cm,6.186,25.1497006,1.913772455,-0.003135168961,-3.135168961,1.125748503,1.22703048,4.807807808,T9,17.60572919,1
E10,0,2,0,Soil11,Soil11_CE234,Slurry,HCl_NaOH,3,0.3,20,4.08,CHL,None,Soil11_T9,0.0509,0.1365986328,5535,92.2,3.8,0.000006,Soil11_CE234_pH6.19,10_20cm,6.186,25.1497006,1.913772455,0.003135168961,3.135168961,1.125748503,1.22703048,4.231231231,T9,11.3832194,1
E11,0,2,0,Soil11,Soil11_CE234,Slurry,HCl_NaOH,9,0.9,20,3.63,CHL,None,Soil11_T9,0.0508,0.1355005386,5535,92.2,3.8,0.000018,Soil11_CE234_pH6.19,10_20cm,6.186,25.1497006,1.913772455,0.009405506884,9.405506884,1.125748503,1.22703048,3.846846847,T9,11.29171155,1
E12,0,2,0,Soil11,Soil11_CE234,Slurry,HCl_NaOH,30,3,20,3.18,CHL,None,Soil11_T9,0.0479,0.1036557554,5535,92.2,3.8,0.00006,Soil11_CE234_pH6.19,10_20cm,6.186,25.1497006,1.913772455,0.03135168961,31.35168961,1.125748503,1.22703048,3.306306306,T9,8.637979619,1
F01,0,2,0,Soil11,Soil11_CE234,Slurry,HCl_NaOH,-100,-10,20,8.58,CHL,None,Soil11_T9,0.2223,2.01855359,5535,92.2,3.8,-0.0002,Soil11_CE234_pH6.19,10_20cm,6.186,25.1497006,1.913772455,-0.104505632,-104.505632,1.125748503,1.22703048,8.55,T9,168.2127992,2
F02,0,2,0,Soil11,Soil11_CE234,Slurry,HCl_NaOH,-50,-5,20,8.13,CHL,None,Soil11_T9,0.13495,1.059503834,5535,92.2,3.8,-0.0001,Soil11_CE234_pH6.19,10_20cm,6.186,25.1497006,1.913772455,-0.05225281602,-52.25281602,1.125748503,1.22703048,8.099099099,T9,88.29198613,2
F03,0,2,0,Soil11,Soil11_CE234,Slurry,HCl_NaOH,-25,-2.5,20,7.68,CHL,None,Soil11_T9,0.11295,0.817942644,5535,92.2,3.8,-0.00005,Soil11_CE234_pH6.19,10_20cm,6.186,25.1497006,1.913772455,-0.02612640801,-26.12640801,1.125748503,1.22703048,7.294294294,T9,68.161887,2
F04,0,2,0,Soil11,Soil11_CE234,Slurry,HCl_NaOH,-18,-1.8,20,7.23,CHL,None,Soil11_T9,0.1004,0.6801403337,5535,92.2,3.8,-0.000036,Soil11_CE234_pH6.19,10_20cm,6.186,25.1497006,1.913772455,-0.01881101377,-18.81101377,1.125748503,1.22703048,6.777777778,T9,56.67836114,2
F05,0,2,0,Soil11,Soil11_CE234,Slurry,HCl_NaOH,-14,-1.4,20,6.78,CHL,None,Soil11_T9,0.0658,0.3002133046,5535,92.2,3.8,-0.000028,Soil11_CE234_pH6.19,10_20cm,6.186,25.1497006,1.913772455,-0.01463078849,-14.63078849,1.125748503,1.22703048,6.249249249,T9,25.01777538,2
F06,0,2,0,Soil11,Soil11_CE234,Slurry,HCl_NaOH,-10,-1,20,6.33,CHL,None,Soil11_T9,0.09,0.5659441417,5535,92.2,3.8,-0.00002,Soil11_CE234_pH6.19,10_20cm,6.186,25.1497006,1.913772455,-0.0104505632,-10.4505632,1.125748503,1.22703048,5.696696697,T9,47.16201181,2
F07,0,2,0,Soil11,Soil11_CE234,Slurry,HCl_NaOH,-8,-0.8,20,5.88,CHL,None,Soil11_T9,0.07445,0.3951964244,5535,92.2,3.8,-0.000016,Soil11_CE234_pH6.19,10_20cm,6.186,25.1497006,1.913772455,-0.008360450563,-8.360450563,1.125748503,1.22703048,5.348348348,T9,32.93303537,2
F08,0,2,0,Soil11,Soil11_CE234,Slurry,HCl_NaOH,-5,-0.5,20,5.43,CHL,None,Soil11_T9,0.06855,0.3304103487,5535,92.2,3.8,-0.00001,Soil11_CE234_pH6.19,10_20cm,6.186,25.1497006,1.913772455,-0.005225281602,-5.225281602,1.125748503,1.22703048,5,T9,27.53419573,2
F09,0,2,0,Soil11,Soil11_CE234,Slurry,HCl_NaOH,-3,-0.3,20,4.98,CHL,None,Soil11_T9,0.0726,0.3748821919,5535,92.2,3.8,-0.000006,Soil11_CE234_pH6.19,10_20cm,6.186,25.1497006,1.913772455,-0.003135168961,-3.135168961,1.125748503,1.22703048,4.807807808,T9,31.24018266,2
F10,0,2,0,Soil11,Soil11_CE234,Slurry,HCl_NaOH,3,0.3,20,4.08,CHL,None,Soil11_T9,0.05,0.1267157811,5535,92.2,3.8,0.000006,Soil11_CE234_pH6.19,10_20cm,6.186,25.1497006,1.913772455,0.003135168961,3.135168961,1.125748503,1.22703048,4.231231231,T9,10.55964842,2
F11,0,2,0,Soil11,Soil11_CE234,Slurry,HCl_NaOH,9,0.9,20,3.63,CHL,None,Soil11_T9,0.04665,0.08992952427,5535,92.2,3.8,0.000018,Soil11_CE234_pH6.19,10_20cm,6.186,25.1497006,1.913772455,0.009405506884,9.405506884,1.125748503,1.22703048,3.846846847,T9,7.494127022,2
F12,0,2,0,Soil11,Soil11_CE234,Slurry,HCl_NaOH,30,3,20,3.18,CHL,None,Soil11_T9,0.0497,0.123421495,5535,92.2,3.8,0.00006,Soil11_CE234_pH6.19,10_20cm,6.186,25.1497006,1.913772455,0.03135168961,31.35168961,1.125748503,1.22703048,3.306306306,T9,10.28512458,2
G01,0,2,0,Soil11,Soil11_CE234,Slurry,HCl_NaOH,-100,-10,20,8.58,CHL,None,Soil11_T9,0.27375,2.583399899,5535,92.2,3.8,-0.0002,Soil11_CE234_pH6.19,10_20cm,6.186,25.1497006,1.913772455,-0.104505632,-104.505632,1.125748503,1.22703048,8.55,T9,215.2833249,3
G02,0,2,0,Soil11,Soil11_CE234,Slurry,HCl_NaOH,-50,-5,20,8.13,CHL,None,Soil11_T9,0.234,2.147005427,5535,92.2,3.8,-0.0001,Soil11_CE234_pH6.19,10_20cm,6.186,25.1497006,1.913772455,-0.05225281602,-52.25281602,1.125748503,1.22703048,8.099099099,T9,178.9171189,3
G03,0,2,0,Soil11,Soil11_CE234,Slurry,HCl_NaOH,-25,-2.5,20,7.68,CHL,None,Soil11_T9,0.2182,1.97354016,5535,92.2,3.8,-0.00005,Soil11_CE234_pH6.19,10_20cm,6.186,25.1497006,1.913772455,-0.02612640801,-26.12640801,1.125748503,1.22703048,7.294294294,T9,164.46168,3
G04,0,2,0,Soil11,Soil11_CE234,Slurry,HCl_NaOH,-18,-1.8,20,7.23,CHL,None,Soil11_T9,0.1676,1.41799177,5535,92.2,3.8,-0.000036,Soil11_CE234_pH6.19,10_20cm,6.186,25.1497006,1.913772455,-0.01881101377,-18.81101377,1.125748503,1.22703048,6.777777778,T9,118.1659808,3
G05,0,2,0,Soil11,Soil11_CE234,Slurry,HCl_NaOH,-14,-1.4,20,6.78,CHL,None,Soil11_T9,0.1471,1.192908972,5535,92.2,3.8,-0.000028,Soil11_CE234_pH6.19,10_20cm,6.186,25.1497006,1.913772455,-0.01463078849,-14.63078849,1.125748503,1.22703048,6.249249249,T9,99.40908102,3
G06,0,2,0,Soil11,Soil11_CE234,Slurry,HCl_NaOH,-10,-1,20,6.33,CHL,None,Soil11_T9,0.1017,0.6944147653,5535,92.2,3.8,-0.00002,Soil11_CE234_pH6.19,10_20cm,6.186,25.1497006,1.913772455,-0.0104505632,-10.4505632,1.125748503,1.22703048,5.696696697,T9,57.86789711,3
G07,0,2,0,Soil11,Soil11_CE234,Slurry,HCl_NaOH,-8,-0.8,20,5.88,CHL,None,Soil11_T9,0.07725,0.4259422108,5535,92.2,3.8,-0.000016,Soil11_CE234_pH6.19,10_20cm,6.186,25.1497006,1.913772455,-0.008360450563,-8.360450563,1.125748503,1.22703048,5.348348348,T9,35.49518423,3
G08,0,2,0,Soil11,Soil11_CE234,Slurry,HCl_NaOH,-5,-0.5,20,5.43,CHL,None,Soil11_T9,0.07295,0.3787254283,5535,92.2,3.8,-0.00001,Soil11_CE234_pH6.19,10_20cm,6.186,25.1497006,1.913772455,-0.005225281602,-5.225281602,1.125748503,1.22703048,5,T9,31.56045236,3
G09,0,2,0,Soil11,Soil11_CE234,Slurry,HCl_NaOH,-3,-0.3,20,4.98,CHL,None,Soil11_T9,0.05715,0.2052292763,5535,92.2,3.8,-0.000006,Soil11_CE234_pH6.19,10_20cm,6.186,25.1497006,1.913772455,-0.003135168961,-3.135168961,1.125748503,1.22703048,4.807807808,T9,17.1024397,3
G10,0,2,0,Soil11,Soil11_CE234,Slurry,HCl_NaOH,3,0.3,20,4.08,CHL,None,Soil11_T9,0.04795,0.1042048043,5535,92.2,3.8,0.000006,Soil11_CE234_pH6.19,10_20cm,6.186,25.1497006,1.913772455,0.003135168961,3.135168961,1.125748503,1.22703048,4.231231231,T9,8.683733689,3
G11,0,2,0,Soil11,Soil11_CE234,Slurry,HCl_NaOH,9,0.9,20,3.63,CHL,None,Soil11_T9,0.04545,0.07675232451,5535,92.2,3.8,0.000018,Soil11_CE234_pH6.19,10_20cm,6.186,25.1497006,1.913772455,0.009405506884,9.405506884,1.125748503,1.22703048,3.846846847,T9,6.396027042,3
G12,0,2,0,Soil11,Soil11_CE234,Slurry,HCl_NaOH,30,3,20,3.18,CHL,None,Soil11_T9,0.04295,0.04929976886,5535,92.2,3.8,0.00006,Soil11_CE234_pH6.19,10_20cm,6.186,25.1497006,1.913772455,0.03135168961,31.35168961,1.125748503,1.22703048,3.306306306,T9,4.108314071,3
H01,0,2,0,Soil11,Soil11_CE234,Slurry,HCl_NaOH,-100,-10,20,8.58,CHL,CHX,Soil11_T9,0.2097,1.880218986,5535,92.2,3.8,-0.0002,Soil11_CE234_pH6.19,10_20cm,6.186,25.1497006,1.913772455,-0.104505632,-104.505632,1.125748503,1.22703048,8.55,T9,156.6849155,1
H02,0,2,0,Soil11,Soil11_CE234,Slurry,HCl_NaOH,30,3,20,3.18,CHL,CHX,Soil11_T9,0.04105,0.02843577581,5535,92.2,3.8,0.00006,Soil11_CE234_pH6.19,10_20cm,6.186,25.1497006,1.913772455,0.03135168961,31.35168961,1.125748503,1.22703048,3.33033033,T9,2.369647984,1
H03,0,2,0,Soil11,Soil11_CE234,Slurry,HCl_NaOH,0,0,20,4.53,CHL,CHX,Soil11_T9,0.0474,0.09816526524,5535,92.2,3.8,0,Soil11_CE234_pH6.19,10_20cm,6.186,25.1497006,1.913772455,0,0,1.125748503,1.22703048,4.507507508,T9,8.18043877,1
H04,0,0,0,Soil11,Soil11_CE234,No_Nitrate,No_Nitrate,0,0,20,4.53,CHL,None,Soil11_T9,0.0413,0.03118104055,5535,92.2,3.8,0,Soil11_CE234_pH6.19,10_20cm,6.186,25.1497006,1.913772455,0,0,1.125748503,1.22703048,4.403403403,T9,2.598420046,1
H05,0,0,0,Soil11,Soil11_CE234,No_Nitrate,No_Nitrate,0,0,20,4.53,CHL,None,Soil11_T9,0.0408,0.0256905103,5535,92.2,3.8,0,Soil11_CE234_pH6.19,10_20cm,6.186,25.1497006,1.913772455,0,0,1.125748503,1.22703048,4.403403403,T9,2.140875858,2
H06,0,0,0,Soil11,Soil11_CE234,No_Nitrate,No_Nitrate,0,0,20,4.53,CHL,None,Soil11_T9,0.04155,0.03392630454,5535,92.2,3.8,0,Soil11_CE234_pH6.19,10_20cm,6.186,25.1497006,1.913772455,0,0,1.125748503,1.22703048,4.403403403,T9,2.827192045,3
H07,0,2,0,Soil11,Soil11_CE234,Slurry,HCl_NaOH,0,0,20,4.53,CHL,None,Soil11_T9,0.04275,0.04710356113,5535,92.2,3.8,0,Soil11_CE234_pH6.19,10_20cm,6.186,25.1497006,1.913772455,0,0,1.125748503,1.22703048,4.426666667,T9,3.92529676,1
H08,0,2,0,Soil11,Soil11_CE234,Slurry,HCl_NaOH,0,0,20,4.53,CHL,None,Soil11_T9,0.0466,0.08938047463,5535,92.2,3.8,0,Soil11_CE234_pH6.19,10_20cm,6.186,25.1497006,1.913772455,0,0,1.125748503,1.22703048,4.426666667,T9,7.448372885,2
H09,0,2,0,Soil11,Soil11_CE234,Slurry,HCl_NaOH,0,0,20,4.53,CHL,None,Soil11_T9,0.043,0.04984882071,5535,92.2,3.8,0,Soil11_CE234_pH6.19,10_20cm,6.186,25.1497006,1.913772455,0,0,1.125748503,1.22703048,4.426666667,T9,4.154068393,3
E01,0,2,0,Soil13,Soil13_Neutral7,Slurry,HCl_NaOH,-100,-10,20,8.39,CHL,None,Soil13_T9,0.09715,0.637438344,5530,92.2,3.8,-0.0002,Soil13_Neutral7_pH6.43,10_20cm,6.435,25.05995204,1.913009592,-0.1045473064,-104.5473064,1.12529976,1.234836021,8.56,T9,53.119862,1
E02,0,2,0,Soil13,Soil13_Neutral7,Slurry,HCl_NaOH,-16,-1.6,20,7.94,CHL,None,Soil13_T9,0.05165,0.141174567,5530,92.2,3.8,-0.000032,Soil13_Neutral7_pH6.43,10_20cm,6.435,25.05995204,1.913009592,-0.01672756902,-16.72756902,1.12529976,1.234836021,7.822822823,T9,11.76454725,1
E03,0,2,0,Soil13,Soil13_Neutral7,Slurry,HCl_NaOH,-7,-0.7,20,7.49,CHL,None,Soil13_T9,0.054,0.1668063845,5530,92.2,3.8,-0.000014,Soil13_Neutral7_pH6.43,10_20cm,6.435,25.05995204,1.913009592,-0.007318311448,-7.318311448,1.12529976,1.234836021,7.138138138,T9,13.90053204,1
E04,0,2,0,Soil13,Soil13_Neutral7,Slurry,HCl_NaOH,-4,-0.4,20,7.04,CHL,None,Soil13_T9,0.05425,0.1695331696,5530,92.2,3.8,-0.000008,Soil13_Neutral7_pH6.43,10_20cm,6.435,25.05995204,1.913009592,-0.004181892256,-4.181892256,1.12529976,1.234836021,6.765765766,T9,14.12776414,1
E05,0,2,0,Soil13,Soil13_Neutral7,Slurry,HCl_NaOH,-1,-0.1,20,6.59,CHL,None,Soil13_T9,0.0563,0.1918927796,5530,92.2,3.8,-0.000002,Soil13_Neutral7_pH6.43,10_20cm,6.435,25.05995204,1.913009592,-0.001045473064,-1.045473064,1.12529976,1.234836021,5.732732733,T9,15.99106497,1
E06,0,2,0,Soil13,Soil13_Neutral7,Slurry,HCl_NaOH,4,0.4,20,5.69,CHL,None,Soil13_T9,0.05135,0.1379024152,5530,92.2,3.8,0.000008,Soil13_Neutral7_pH6.43,10_20cm,6.435,25.05995204,1.913009592,0.004181892256,4.181892256,1.12529976,1.234836021,4.891891892,T9,11.49186794,1
E07,0,2,0,Soil13,Soil13_Neutral7,Slurry,HCl_NaOH,6,0.6,20,5.24,CHL,None,Soil13_T9,0.0521,0.1460827925,5530,92.2,3.8,0.000012,Soil13_Neutral7_pH6.43,10_20cm,6.435,25.05995204,1.913009592,0.006272838384,6.272838384,1.12529976,1.234836021,4.615615616,T9,12.17356604,1
E08,0,2,0,Soil13,Soil13_Neutral7,Slurry,HCl_NaOH,9,0.9,20,4.79,CHL,None,Soil13_T9,0.05225,0.1477188671,5530,92.2,3.8,0.000018,Soil13_Neutral7_pH6.43,10_20cm,6.435,25.05995204,1.913009592,0.009409257576,9.409257576,1.12529976,1.234836021,4.255255255,T9,12.30990559,1
E09,0,2,0,Soil13,Soil13_Neutral7,Slurry,HCl_NaOH,12,1.2,20,4.34,CHL,None,Soil13_T9,0.04975,0.1204509211,5530,92.2,3.8,0.000024,Soil13_Neutral7_pH6.43,10_20cm,6.435,25.05995204,1.913009592,0.01254567677,12.54567677,1.12529976,1.234836021,4.003003003,T9,10.03757676,1
E10,0,2,0,Soil13,Soil13_Neutral7,Slurry,HCl_NaOH,16,1.6,20,3.89,CHL,None,Soil13_T9,0.0506,0.1297220312,5530,92.2,3.8,0.000032,Soil13_Neutral7_pH6.43,10_20cm,6.435,25.05995204,1.913009592,0.01672756902,16.72756902,1.12529976,1.234836021,3.690690691,T9,10.81016927,1
E11,0,2,0,Soil13,Soil13_Neutral7,Slurry,HCl_NaOH,26,2.6,20,3.44,CHL,None,Soil13_T9,0.0431,0.04791781794,5530,92.2,3.8,0.000052,Soil13_Neutral7_pH6.43,10_20cm,6.435,25.05995204,1.913009592,0.02718229966,27.18229966,1.12529976,1.234836021,3.306306306,T9,3.993151495,1
E12,0,2,0,Soil13,Soil13_Neutral7,Slurry,HCl_NaOH,60,6,20,2.99,CHL,None,Soil13_T9,0.0379,0,5530,92.2,3.8,0.00012,Soil13_Neutral7_pH6.43,10_20cm,6.435,25.05995204,1.913009592,0.06272838384,62.72838384,1.12529976,1.234836021,2.96996997,T9,0,1
F01,0,2,0,Soil13,Soil13_Neutral7,Slurry,HCl_NaOH,-100,-10,20,8.39,CHL,None,Soil13_T9,0.106,0.7339614752,5530,92.2,3.8,-0.0002,Soil13_Neutral7_pH6.43,10_20cm,6.435,25.05995204,1.913009592,-0.1045473064,-104.5473064,1.12529976,1.234836021,8.56,T9,61.16345627,2
F02,0,2,0,Soil13,Soil13_Neutral7,Slurry,HCl_NaOH,-16,-1.6,20,7.94,CHL,None,Soil13_T9,0.06095,0.2426107315,5530,92.2,3.8,-0.000032,Soil13_Neutral7_pH6.43,10_20cm,6.435,25.05995204,1.913009592,-0.01672756902,-16.72756902,1.12529976,1.234836021,7.822822823,T9,20.21756096,2
F03,0,2,0,Soil13,Soil13_Neutral7,Slurry,HCl_NaOH,-7,-0.7,20,7.49,CHL,None,Soil13_T9,0.059,0.2213419447,5530,92.2,3.8,-0.000014,Soil13_Neutral7_pH6.43,10_20cm,6.435,25.05995204,1.913009592,-0.007318311448,-7.318311448,1.12529976,1.234836021,7.138138138,T9,18.44516206,2
F04,0,2,0,Soil13,Soil13_Neutral7,Slurry,HCl_NaOH,-4,-0.4,20,7.04,CHL,None,Soil13_T9,0.06085,0.2415200256,5530,92.2,3.8,-0.000008,Soil13_Neutral7_pH6.43,10_20cm,6.435,25.05995204,1.913009592,-0.004181892256,-4.181892256,1.12529976,1.234836021,6.765765766,T9,20.1266688,2
F05,0,2,0,Soil13,Soil13_Neutral7,Slurry,HCl_NaOH,-1,-0.1,20,6.59,CHL,None,Soil13_T9,0.05525,0.1804403028,5530,92.2,3.8,-0.000002,Soil13_Neutral7_pH6.43,10_20cm,6.435,25.05995204,1.913009592,-0.001045473064,-1.045473064,1.12529976,1.234836021,5.732732733,T9,15.0366919,2
F06,0,2,0,Soil13,Soil13_Neutral7,Slurry,HCl_NaOH,4,0.4,20,5.69,CHL,None,Soil13_T9,0.057,0.1995277568,5530,92.2,3.8,0.000008,Soil13_Neutral7_pH6.43,10_20cm,6.435,25.05995204,1.913009592,0.004181892256,4.181892256,1.12529976,1.234836021,4.891891892,T9,16.62731307,2
F07,0,2,0,Soil13,Soil13_Neutral7,Slurry,HCl_NaOH,6,0.6,20,5.24,CHL,None,Soil13_T9,0.0543,0.1700785266,5530,92.2,3.8,0.000012,Soil13_Neutral7_pH6.43,10_20cm,6.435,25.05995204,1.913009592,0.006272838384,6.272838384,1.12529976,1.234836021,4.615615616,T9,14.17321055,2
F08,0,2,0,Soil13,Soil13_Neutral7,Slurry,HCl_NaOH,9,0.9,20,4.79,CHL,None,Soil13_T9,0.0546,0.1733506676,5530,92.2,3.8,0.000018,Soil13_Neutral7_pH6.43,10_20cm,6.435,25.05995204,1.913009592,0.009409257576,9.409257576,1.12529976,1.234836021,4.255255255,T9,14.44588897,2
F09,0,2,0,Soil13,Soil13_Neutral7,Slurry,HCl_NaOH,12,1.2,20,4.34,CHL,None,Soil13_T9,0.05255,0.1509910156,5530,92.2,3.8,0.000024,Soil13_Neutral7_pH6.43,10_20cm,6.435,25.05995204,1.913009592,0.01254567677,12.54567677,1.12529976,1.234836021,4.003003003,T9,12.58258463,2
F10,0,2,0,Soil13,Soil13_Neutral7,Slurry,HCl_NaOH,16,1.6,20,3.89,CHL,None,Soil13_T9,0.05075,0.1313581086,5530,92.2,3.8,0.000032,Soil13_Neutral7_pH6.43,10_20cm,6.435,25.05995204,1.913009592,0.01672756902,16.72756902,1.12529976,1.234836021,3.690690691,T9,10.94650905,2
F11,0,2,0,Soil13,Soil13_Neutral7,Slurry,HCl_NaOH,26,2.6,20,3.44,CHL,None,Soil13_T9,0.04415,0.05937044864,5530,92.2,3.8,0.000052,Soil13_Neutral7_pH6.43,10_20cm,6.435,25.05995204,1.913009592,0.02718229966,27.18229966,1.12529976,1.234836021,3.306306306,T9,4.947537386,2
F12,0,2,0,Soil13,Soil13_Neutral7,Slurry,HCl_NaOH,60,6,20,2.99,CHL,None,Soil13_T9,0.03925,0.00592472494,5530,92.2,3.8,0.00012,Soil13_Neutral7_pH6.43,10_20cm,6.435,25.05995204,1.913009592,0.06272838384,62.72838384,1.12529976,1.234836021,2.96996997,T9,0.4937270783,2
G01,0,2,0,Soil13,Soil13_Neutral7,Slurry,HCl_NaOH,-100,-10,20,8.39,CHL,None,Soil13_T9,0.1115,0.7939471261,5530,92.2,3.8,-0.0002,Soil13_Neutral7_pH6.43,10_20cm,6.435,25.05995204,1.913009592,-0.1045473064,-104.5473064,1.12529976,1.234836021,8.56,T9,66.16226051,3
G02,0,2,0,Soil13,Soil13_Neutral7,Slurry,HCl_NaOH,-16,-1.6,20,7.94,CHL,None,Soil13_T9,0.0577,0.2071627281,5530,92.2,3.8,-0.000032,Soil13_Neutral7_pH6.43,10_20cm,6.435,25.05995204,1.913009592,-0.01672756902,-16.72756902,1.12529976,1.234836021,7.822822823,T9,17.26356067,3
G03,0,2,0,Soil13,Soil13_Neutral7,Slurry,HCl_NaOH,-7,-0.7,20,7.49,CHL,None,Soil13_T9,0.0578,0.2082534378,5530,92.2,3.8,-0.000014,Soil13_Neutral7_pH6.43,10_20cm,6.435,25.05995204,1.913009592,-0.007318311448,-7.318311448,1.12529976,1.234836021,7.138138138,T9,17.35445315,3
G04,0,2,0,Soil13,Soil13_Neutral7,Slurry,HCl_NaOH,-4,-0.4,20,7.04,CHL,None,Soil13_T9,0.0587,0.2180698196,5530,92.2,3.8,-0.000008,Soil13_Neutral7_pH6.43,10_20cm,6.435,25.05995204,1.913009592,-0.004181892256,-4.181892256,1.12529976,1.234836021,6.765765766,T9,18.17248497,3
G05,0,2,0,Soil13,Soil13_Neutral7,Slurry,HCl_NaOH,-1,-0.1,20,6.59,CHL,None,Soil13_T9,0.0551,0.1788042336,5530,92.2,3.8,-0.000002,Soil13_Neutral7_pH6.43,10_20cm,6.435,25.05995204,1.913009592,-0.001045473064,-1.045473064,1.12529976,1.234836021,5.732732733,T9,14.9003528,3
G06,0,2,0,Soil13,Soil13_Neutral7,Slurry,HCl_NaOH,4,0.4,20,5.69,CHL,None,Soil13_T9,0.05645,0.1935288467,5530,92.2,3.8,0.000008,Soil13_Neutral7_pH6.43,10_20cm,6.435,25.05995204,1.913009592,0.004181892256,4.181892256,1.12529976,1.234836021,4.891891892,T9,16.12740389,3
G07,0,2,0,Soil13,Soil13_Neutral7,Slurry,HCl_NaOH,6,0.6,20,5.24,CHL,None,Soil13_T9,0.0557,0.1853485088,5530,92.2,3.8,0.000012,Soil13_Neutral7_pH6.43,10_20cm,6.435,25.05995204,1.913009592,0.006272838384,6.272838384,1.12529976,1.234836021,4.615615616,T9,15.44570906,3
G08,0,2,0,Soil13,Soil13_Neutral7,Slurry,HCl_NaOH,9,0.9,20,4.79,CHL,None,Soil13_T9,0.0548,0.1755320944,5530,92.2,3.8,0.000018,Soil13_Neutral7_pH6.43,10_20cm,6.435,25.05995204,1.913009592,0.009409257576,9.409257576,1.12529976,1.234836021,4.255255255,T9,14.62767453,3
G09,0,2,0,Soil13,Soil13_Neutral7,Slurry,HCl_NaOH,12,1.2,20,4.34,CHL,None,Soil13_T9,0.0534,0.160262097,5530,92.2,3.8,0.000024,Soil13_Neutral7_pH6.43,10_20cm,6.435,25.05995204,1.913009592,0.01254567677,12.54567677,1.12529976,1.234836021,4.003003003,T9,13.35517475,3
G10,0,2,0,Soil13,Soil13_Neutral7,Slurry,HCl_NaOH,16,1.6,20,3.89,CHL,None,Soil13_T9,0.05215,0.1466281507,5530,92.2,3.8,0.000032,Soil13_Neutral7_pH6.43,10_20cm,6.435,25.05995204,1.913009592,0.01672756902,16.72756902,1.12529976,1.234836021,3.690690691,T9,12.21901256,3
G11,0,2,0,Soil13,Soil13_Neutral7,Slurry,HCl_NaOH,26,2.6,20,3.44,CHL,None,Soil13_T9,0.0508,0.1319034676,5530,92.2,3.8,0.000052,Soil13_Neutral7_pH6.43,10_20cm,6.435,25.05995204,1.913009592,0.02718229966,27.18229966,1.12529976,1.234836021,3.306306306,T9,10.99195564,3
G12,0,2,0,Soil13,Soil13_Neutral7,Slurry,HCl_NaOH,60,6,20,2.99,CHL,None,Soil13_T9,0.0427,0.0435549075,5530,92.2,3.8,0.00012,Soil13_Neutral7_pH6.43,10_20cm,6.435,25.05995204,1.913009592,0.06272838384,62.72838384,1.12529976,1.234836021,2.96996997,T9,3.629575625,3
H01,0,2,0,Soil13,Soil13_Neutral7,Slurry,HCl_NaOH,-100,-10,20,8.39,CHL,CHX,Soil13_T9,0.125,0.9411830865,5530,92.2,3.8,-0.0002,Soil13_Neutral7_pH6.43,10_20cm,6.435,25.05995204,1.913009592,-0.1045473064,-104.5473064,1.12529976,1.234836021,8.64,T9,78.43192388,1
H02,0,2,0,Soil13,Soil13_Neutral7,Slurry,HCl_NaOH,60,6,20,2.99,CHL,CHX,Soil13_T9,0.0613,0.2464282012,5530,92.2,3.8,0.00012,Soil13_Neutral7_pH6.43,10_20cm,6.435,25.05995204,1.913009592,0.06272838384,62.72838384,1.12529976,1.234836021,2.981981982,T9,20.53568344,1
H03,0,2,0,Soil13,Soil13_Neutral7,Slurry,HCl_NaOH,0,0,20,6.14,CHL,CHX,Soil13_T9,0.06165,0.2502456695,5530,92.2,3.8,0,Soil13_Neutral7_pH6.43,10_20cm,6.435,25.05995204,1.913009592,0,0,1.12529976,1.234836021,5.780780781,T9,20.85380579,1
H04,0,0,0,Soil13,Soil13_Neutral7,No_Nitrate,No_Nitrate,0,0,20,6.14,CHL,None,Soil13_T9,0.0575,0.2049813083,5530,92.2,3.8,0,Soil13_Neutral7_pH6.43,10_20cm,6.435,25.05995204,1.913009592,0,0,1.12529976,1.234836021,5.468468468,T9,17.08177569,1
H05,0,0,0,Soil13,Soil13_Neutral7,No_Nitrate,No_Nitrate,0,0,20,6.14,CHL,None,Soil13_T9,0.0573,0.2027998881,5530,92.2,3.8,0,Soil13_Neutral7_pH6.43,10_20cm,6.435,25.05995204,1.913009592,0,0,1.12529976,1.234836021,5.468468468,T9,16.89999067,2
H06,0,0,0,Soil13,Soil13_Neutral7,No_Nitrate,No_Nitrate,0,0,20,6.14,CHL,None,Soil13_T9,0.0587,0.2180698196,5530,92.2,3.8,0,Soil13_Neutral7_pH6.43,10_20cm,6.435,25.05995204,1.913009592,0,0,1.12529976,1.234836021,5.468468468,T9,18.17248497,3
H07,0,2,0,Soil13,Soil13_Neutral7,Slurry,HCl_NaOH,0,0,20,6.14,CHL,None,Soil13_T9,0.0558,0.1864392209,5530,92.2,3.8,0,Soil13_Neutral7_pH6.43,10_20cm,6.435,25.05995204,1.913009592,0,0,1.12529976,1.234836021,5.493333333,T9,15.53660174,1
H08,0,2,0,Soil13,Soil13_Neutral7,Slurry,HCl_NaOH,0,0,20,6.14,CHL,None,Soil13_T9,0.05355,0.1618981692,5530,92.2,3.8,0,Soil13_Neutral7_pH6.43,10_20cm,6.435,25.05995204,1.913009592,0,0,1.12529976,1.234836021,5.493333333,T9,13.4915141,2
H09,0,2,0,Soil13,Soil13_Neutral7,Slurry,HCl_NaOH,0,0,20,6.14,CHL,None,Soil13_T9,0.0542,0.1689878127,5530,92.2,3.8,0,Soil13_Neutral7_pH6.43,10_20cm,6.435,25.05995204,1.913009592,0,0,1.12529976,1.234836021,5.493333333,T9,14.08231772,3
E01,0,2,0,Soil5,Soil5_CE201,Slurry,HCl_NaOH,-100,-10,20,8.72,CHL,None,Soil5_T9,0.17565,1.526871835,5480,91.3,3.8,-0.0002,Soil5_CE201_pH5.32,10_20cm,5.324,25.1497006,1.913772455,-0.104505632,-104.505632,1.125748503,1.202267654,8.49,T9,127.2393196,1
E02,0,2,0,Soil5,Soil5_CE201,Slurry,HCl_NaOH,-55,-5.5,20,8.27,CHL,None,Soil5_T9,0.1266,0.9900230313,5480,91.3,3.8,-0.00011,Soil5_CE201_pH5.32,10_20cm,5.324,25.1497006,1.913772455,-0.05747809762,-57.47809762,1.125748503,1.202267654,8.123123123,T9,82.50191927,1
E03,0,2,0,Soil5,Soil5_CE201,Slurry,HCl_NaOH,-35,-3.5,20,7.82,CHL,None,Soil5_T9,0.1073,0.7784676309,5480,91.3,3.8,-0.00007,Soil5_CE201_pH5.32,10_20cm,5.324,25.1497006,1.913772455,-0.03657697121,-36.57697121,1.125748503,1.202267654,7.702702703,T9,64.87230257,1
E04,0,2,0,Soil5,Soil5_CE201,Slurry,HCl_NaOH,-28,-2.8,20,7.37,CHL,None,Soil5_T9,0.1044,0.7466639327,5480,91.3,3.8,-0.000056,Soil5_CE201_pH5.32,10_20cm,5.324,25.1497006,1.913772455,-0.02926157697,-29.26157697,1.125748503,1.202267654,7.27027027,T9,62.22199439,1
E05,0,2,0,Soil5,Soil5_CE201,Slurry,HCl_NaOH,-23,-2.3,20,6.92,CHL,None,Soil5_T9,0.09655,0.6605541615,5480,91.3,3.8,-0.000046,Soil5_CE201_pH5.32,10_20cm,5.324,25.1497006,1.913772455,-0.02403629537,-24.03629537,1.125748503,1.202267654,6.933933934,T9,55.04618012,1
E06,0,2,0,Soil5,Soil5_CE201,Slurry,HCl_NaOH,-19,-1.9,20,6.47,CHL,None,Soil5_T9,0.0864,0.5491704598,5480,91.3,3.8,-0.000038,Soil5_CE201_pH5.32,10_20cm,5.324,25.1497006,1.913772455,-0.01985607009,-19.85607009,1.125748503,1.202267654,6.453453453,T9,45.76420498,1
E07,0,2,0,Soil5,Soil5_CE201,Slurry,HCl_NaOH,-15,-1.5,20,6.02,CHL,None,Soil5_T9,0.07965,0.4750698541,5480,91.3,3.8,-0.00003,Soil5_CE201_pH5.32,10_20cm,5.324,25.1497006,1.913772455,-0.01567584481,-15.67584481,1.125748503,1.202267654,5.684684685,T9,39.58915451,1
E08,0,2,0,Soil5,Soil5_CE201,Slurry,HCl_NaOH,-12,-1.2,20,5.57,CHL,None,Soil5_T9,0.07365,0.409184054,5480,91.3,3.8,-0.000024,Soil5_CE201_pH5.32,10_20cm,5.324,25.1497006,1.913772455,-0.01254067584,-12.54067584,1.125748503,1.202267654,5.216216216,T9,34.09867117,1
E09,0,2,0,Soil5,Soil5_CE201,Slurry,HCl_NaOH,-9,-0.9,20,5.12,CHL,None,Soil5_T9,0.06395,0.3026316226,5480,91.3,3.8,-0.000018,Soil5_CE201_pH5.32,10_20cm,5.324,25.1497006,1.913772455,-0.009405506884,-9.405506884,1.125748503,1.202267654,4.975975976,T9,25.21930188,1
E10,0,2,0,Soil5,Soil5_CE201,Slurry,HCl_NaOH,-5,-0.5,20,4.67,CHL,None,Soil5_T9,0.05485,0.202628391,5480,91.3,3.8,-0.00001,Soil5_CE201_pH5.32,10_20cm,5.324,25.1497006,1.913772455,-0.005225281602,-5.225281602,1.125748503,1.202267654,4.555555556,T9,16.88569925,1
E11,0,2,0,Soil5,Soil5_CE201,Slurry,HCl_NaOH,7,0.7,20,3.77,CHL,None,Soil5_T9,0.0473,0.1196280209,5480,91.3,3.8,0.000014,Soil5_CE201_pH5.32,10_20cm,5.324,25.1497006,1.913772455,0.007315394243,7.315394243,1.125748503,1.202267654,3.642642643,T9,9.96900174,1
E12,0,2,0,Soil5,Soil5_CE201,Slurry,HCl_NaOH,20,2,20,3.32,CHL,None,Soil5_T9,0.0574,0.230655346,5480,91.3,3.8,0.00004,Soil5_CE201_pH5.32,10_20cm,5.324,25.1497006,1.913772455,0.02090112641,20.90112641,1.125748503,1.202267654,2.981981982,T9,19.22127883,1
F01,0,2,0,Soil5,Soil5_CE201,Slurry,HCl_NaOH,-100,-10,20,8.72,CHL,None,Soil5_T9,0.1833,1.610496251,5480,91.3,3.8,-0.0002,Soil5_CE201_pH5.32,10_20cm,5.324,25.1497006,1.913772455,-0.104505632,-104.505632,1.125748503,1.202267654,8.49,T9,134.2080209,2
F02,0,2,0,Soil5,Soil5_CE201,Slurry,HCl_NaOH,-55,-5.5,20,8.27,CHL,None,Soil5_T9,0.13205,1.049730164,5480,91.3,3.8,-0.00011,Soil5_CE201_pH5.32,10_20cm,5.324,25.1497006,1.913772455,-0.05747809762,-57.47809762,1.125748503,1.202267654,8.123123123,T9,87.47751363,2
F03,0,2,0,Soil5,Soil5_CE201,Slurry,HCl_NaOH,-35,-3.5,20,7.82,CHL,None,Soil5_T9,0.112,0.8300029051,5480,91.3,3.8,-0.00007,Soil5_CE201_pH5.32,10_20cm,5.324,25.1497006,1.913772455,-0.03657697121,-36.57697121,1.125748503,1.202267654,7.702702703,T9,69.16690876,2
F04,0,2,0,Soil5,Soil5_CE201,Slurry,HCl_NaOH,-28,-2.8,20,7.37,CHL,None,Soil5_T9,0.1095,0.8025918568,5480,91.3,3.8,-0.000056,Soil5_CE201_pH5.32,10_20cm,5.324,25.1497006,1.913772455,-0.02926157697,-29.26157697,1.125748503,1.202267654,7.27027027,T9,66.88265474,2
F05,0,2,0,Soil5,Soil5_CE201,Slurry,HCl_NaOH,-23,-2.3,20,6.92,CHL,None,Soil5_T9,0.1007,0.7060808837,5480,91.3,3.8,-0.000046,Soil5_CE201_pH5.32,10_20cm,5.324,25.1497006,1.913772455,-0.02403629537,-24.03629537,1.125748503,1.202267654,6.933933934,T9,58.84007364,2
F06,0,2,0,Soil5,Soil5_CE201,Slurry,HCl_NaOH,-19,-1.9,20,6.47,CHL,None,Soil5_T9,0.08945,0.5826456952,5480,91.3,3.8,-0.000038,Soil5_CE201_pH5.32,10_20cm,5.324,25.1497006,1.913772455,-0.01985607009,-19.85607009,1.125748503,1.202267654,6.453453453,T9,48.55380794,2
F07,0,2,0,Soil5,Soil5_CE201,Slurry,HCl_NaOH,-15,-1.5,20,6.02,CHL,None,Soil5_T9,0.082,0.5008703552,5480,91.3,3.8,-0.00003,Soil5_CE201_pH5.32,10_20cm,5.324,25.1497006,1.913772455,-0.01567584481,-15.67584481,1.125748503,1.202267654,5.684684685,T9,41.73919627,2
F08,0,2,0,Soil5,Soil5_CE201,Slurry,HCl_NaOH,-12,-1.2,20,5.57,CHL,None,Soil5_T9,0.0727,0.3987505298,5480,91.3,3.8,-0.000024,Soil5_CE201_pH5.32,10_20cm,5.324,25.1497006,1.913772455,-0.01254067584,-12.54067584,1.125748503,1.202267654,5.216216216,T9,33.22921081,2
F09,0,2,0,Soil5,Soil5_CE201,Slurry,HCl_NaOH,-9,-0.9,20,5.12,CHL,None,Soil5_T9,0.06105,0.270766843,5480,91.3,3.8,-0.000018,Soil5_CE201_pH5.32,10_20cm,5.324,25.1497006,1.913772455,-0.009405506884,-9.405506884,1.125748503,1.202267654,4.975975976,T9,22.56390358,2
F10,0,2,0,Soil5,Soil5_CE201,Slurry,HCl_NaOH,-5,-0.5,20,4.67,CHL,None,Soil5_T9,0.05395,0.1927357674,5480,91.3,3.8,-0.00001,Soil5_CE201_pH5.32,10_20cm,5.324,25.1497006,1.913772455,-0.005225281602,-5.225281602,1.125748503,1.202267654,4.555555556,T9,16.06131395,2
F11,0,2,0,Soil5,Soil5_CE201,Slurry,HCl_NaOH,7,0.7,20,3.77,CHL,None,Soil5_T9,0.04665,0.1124809928,5480,91.3,3.8,0.000014,Soil5_CE201_pH5.32,10_20cm,5.324,25.1497006,1.913772455,0.007315394243,7.315394243,1.125748503,1.202267654,3.642642643,T9,9.37341607,2
F12,0,2,0,Soil5,Soil5_CE201,Slurry,HCl_NaOH,20,2,20,3.32,CHL,None,Soil5_T9,0.044,0.08334097398,5480,91.3,3.8,0.00004,Soil5_CE201_pH5.32,10_20cm,5.324,25.1497006,1.913772455,0.02090112641,20.90112641,1.125748503,1.202267654,2.981981982,T9,6.945081165,2
G01,0,2,0,Soil5,Soil5_CE201,Slurry,HCl_NaOH,-100,-10,20,8.72,CHL,None,Soil5_T9,0.18545,1.633993484,5480,91.3,3.8,-0.0002,Soil5_CE201_pH5.32,10_20cm,5.324,25.1497006,1.913772455,-0.104505632,-104.505632,1.125748503,1.202267654,8.49,T9,136.1661237,3
G02,0,2,0,Soil5,Soil5_CE201,Slurry,HCl_NaOH,-55,-5.5,20,8.27,CHL,None,Soil5_T9,0.11875,0.9039976258,5480,91.3,3.8,-0.00011,Soil5_CE201_pH5.32,10_20cm,5.324,25.1497006,1.913772455,-0.05747809762,-57.47809762,1.125748503,1.202267654,8.123123123,T9,75.33313548,3
G03,0,2,0,Soil5,Soil5_CE201,Slurry,HCl_NaOH,-35,-3.5,20,7.82,CHL,None,Soil5_T9,0.1064,0.7685979537,5480,91.3,3.8,-0.00007,Soil5_CE201_pH5.32,10_20cm,5.324,25.1497006,1.913772455,-0.03657697121,-36.57697121,1.125748503,1.202267654,7.702702703,T9,64.04982947,3
G04,0,2,0,Soil5,Soil5_CE201,Slurry,HCl_NaOH,-28,-2.8,20,7.37,CHL,None,Soil5_T9,0.09735,0.669331047,5480,91.3,3.8,-0.000056,Soil5_CE201_pH5.32,10_20cm,5.324,25.1497006,1.913772455,-0.02926157697,-29.26157697,1.125748503,1.202267654,7.27027027,T9,55.77758725,3
G05,0,2,0,Soil5,Soil5_CE201,Slurry,HCl_NaOH,-23,-2.3,20,6.92,CHL,None,Soil5_T9,0.09515,0.6451938649,5480,91.3,3.8,-0.000046,Soil5_CE201_pH5.32,10_20cm,5.324,25.1497006,1.913772455,-0.02403629537,-24.03629537,1.125748503,1.202267654,6.933933934,T9,53.76615541,3
G06,0,2,0,Soil5,Soil5_CE201,Slurry,HCl_NaOH,-19,-1.9,20,6.47,CHL,None,Soil5_T9,0.0863,0.5480728346,5480,91.3,3.8,-0.000038,Soil5_CE201_pH5.32,10_20cm,5.324,25.1497006,1.913772455,-0.01985607009,-19.85607009,1.125748503,1.202267654,6.453453453,T9,45.67273621,3
G07,0,2,0,Soil5,Soil5_CE201,Slurry,HCl_NaOH,-15,-1.5,20,6.02,CHL,None,Soil5_T9,0.07855,0.4629921014,5480,91.3,3.8,-0.00003,Soil5_CE201_pH5.32,10_20cm,5.324,25.1497006,1.913772455,-0.01567584481,-15.67584481,1.125748503,1.202267654,5.684684685,T9,38.58267512,3
G08,0,2,0,Soil5,Soil5_CE201,Slurry,HCl_NaOH,-12,-1.2,20,5.57,CHL,None,Soil5_T9,0.0664,0.3295486745,5480,91.3,3.8,-0.000024,Soil5_CE201_pH5.32,10_20cm,5.324,25.1497006,1.913772455,-0.01254067584,-12.54067584,1.125748503,1.202267654,5.216216216,T9,27.46238954,3
G09,0,2,0,Soil5,Soil5_CE201,Slurry,HCl_NaOH,-9,-0.9,20,5.12,CHL,None,Soil5_T9,0.06395,0.3026316226,5480,91.3,3.8,-0.000018,Soil5_CE201_pH5.32,10_20cm,5.324,25.1497006,1.913772455,-0.009405506884,-9.405506884,1.125748503,1.202267654,4.975975976,T9,25.21930188,3
G10,0,2,0,Soil5,Soil5_CE201,Slurry,HCl_NaOH,-5,-0.5,20,4.67,CHL,None,Soil5_T9,0.051,0.1603071749,5480,91.3,3.8,-0.00001,Soil5_CE201_pH5.32,10_20cm,5.324,25.1497006,1.913772455,-0.005225281602,-5.225281602,1.125748503,1.202267654,4.555555556,T9,13.35893124,3
G11,0,2,0,Soil5,Soil5_CE201,Slurry,HCl_NaOH,7,0.7,20,3.77,CHL,None,Soil5_T9,0.04445,0.08828952083,5480,91.3,3.8,0.000014,Soil5_CE201_pH5.32,10_20cm,5.324,25.1497006,1.913772455,0.007315394243,7.315394243,1.125748503,1.202267654,3.642642643,T9,7.357460069,3
G12,0,2,0,Soil5,Soil5_CE201,Slurry,HCl_NaOH,20,2,20,3.32,CHL,None,Soil5_T9,0.039,0.02835046326,5480,91.3,3.8,0.00004,Soil5_CE201_pH5.32,10_20cm,5.324,25.1497006,1.913772455,0.02090112641,20.90112641,1.125748503,1.202267654,2.981981982,T9,2.362538605,3
H01,0,2,0,Soil5,Soil5_CE201,Slurry,HCl_NaOH,-100,-10,20,8.72,CHL,CHX,Soil5_T9,0.1928,1.714304502,5480,91.3,3.8,-0.0002,Soil5_CE201_pH5.32,10_20cm,5.324,25.1497006,1.913772455,-0.104505632,-104.505632,1.125748503,1.202267654,8.55,T9,142.8587085,1
H02,0,2,0,Soil5,Soil5_CE201,Slurry,HCl_NaOH,20,2,20,3.32,CHL,CHX,Soil5_T9,0.0339,0,5480,91.3,3.8,0.00004,Soil5_CE201_pH5.32,10_20cm,5.324,25.1497006,1.913772455,0.02090112641,20.90112641,1.125748503,1.202267654,3.318318318,T9,0,1
H03,0,2,0,Soil5,Soil5_CE201,Slurry,HCl_NaOH,0,0,20,4.22,CHL,CHX,Soil5_T9,0.03925,0.03110027895,5480,91.3,3.8,0,Soil5_CE201_pH5.32,10_20cm,5.324,25.1497006,1.913772455,0,0,1.125748503,1.202267654,4.159159159,T9,2.591689913,1
H04,0,0,0,Soil5,Soil5_CE201,No_Nitrate,No_Nitrate,0,0,20,4.22,CHL,None,Soil5_T9,0.0379,0.01625091126,5480,91.3,3.8,0,Soil5_CE201_pH5.32,10_20cm,5.324,25.1497006,1.913772455,0,0,1.125748503,1.202267654,4.083083083,T9,1.354242605,1
H05,0,0,0,Soil5,Soil5_CE201,No_Nitrate,No_Nitrate,0,0,20,4.22,CHL,None,Soil5_T9,0.03855,0.02340071802,5480,91.3,3.8,0,Soil5_CE201_pH5.32,10_20cm,5.324,25.1497006,1.913772455,0,0,1.125748503,1.202267654,4.083083083,T9,1.950059835,2
H06,0,0,0,Soil5,Soil5_CE201,No_Nitrate,No_Nitrate,0,0,20,4.22,CHL,None,Soil5_T9,0.04,0.03934954274,5480,91.3,3.8,0,Soil5_CE201_pH5.32,10_20cm,5.324,25.1497006,1.913772455,0,0,1.125748503,1.202267654,4.083083083,T9,3.279128562,3
H07,0,2,0,Soil5,Soil5_CE201,Slurry,HCl_NaOH,0,0,20,4.22,CHL,None,Soil5_T9,0.0389,0.02725052843,5480,91.3,3.8,0,Soil5_CE201_pH5.32,10_20cm,5.324,25.1497006,1.913772455,0,0,1.125748503,1.202267654,4.12,T9,2.270877369,1
H08,0,2,0,Soil5,Soil5_CE201,Slurry,HCl_NaOH,0,0,20,4.22,CHL,None,Soil5_T9,0.04215,0.06299590874,5480,91.3,3.8,0,Soil5_CE201_pH5.32,10_20cm,5.324,25.1497006,1.913772455,0,0,1.125748503,1.202267654,4.12,T9,5.249659061,2
H09,0,2,0,Soil5,Soil5_CE201,Slurry,HCl_NaOH,0,0,20,4.22,CHL,None,Soil5_T9,0.04145,0.0552973399,5480,91.3,3.8,0,Soil5_CE201_pH5.32,10_20cm,5.324,25.1497006,1.913772455,0,0,1.125748503,1.202267654,4.12,T9,4.608111658,3
E01,0,2,0,Soil12,Soil12_CE229,Slurry,HCl_NaOH,-100,-10,20,8.52,CHL,None,Soil12_T9,0.1138,0.8195815367,5460,91,3.8,-0.0002,Soil12_CE229_pH6.26,10_20cm,6.255,24.24242424,1.906060606,-0.1049284579,-104.9284579,1.121212121,1.22703048,8.231231231,T9,68.29846139,1
E02,0,2,0,Soil12,Soil12_CE229,Slurry,HCl_NaOH,-32,-3.2,20,8.07,CHL,None,Soil12_T9,0.0813,0.4716333201,5460,91,3.8,-0.000064,Soil12_CE229_pH6.26,10_20cm,6.255,24.24242424,1.906060606,-0.03357710652,-33.57710652,1.121212121,1.22703048,8.015015015,T9,39.30277667,1
E03,0,2,0,Soil12,Soil12_CE229,Slurry,HCl_NaOH,-13,-1.3,20,7.62,CHL,None,Soil12_T9,0.0631,0.2765636159,5460,91,3.8,-0.000026,Soil12_CE229_pH6.26,10_20cm,6.255,24.24242424,1.906060606,-0.01364069952,-13.64069952,1.121212121,1.22703048,7.102102102,T9,23.04696799,1
E04,0,2,0,Soil12,Soil12_CE229,Slurry,HCl_NaOH,-9,-0.9,20,7.17,CHL,None,Soil12_T9,0.05755,0.2170467548,5460,91,3.8,-0.000018,Soil12_CE229_pH6.26,10_20cm,6.255,24.24242424,1.906060606,-0.009443561208,-9.443561208,1.121212121,1.22703048,6.585585586,T9,18.08722957,1
E05,0,2,0,Soil12,Soil12_CE229,Slurry,HCl_NaOH,-6,-0.6,20,6.72,CHL,None,Soil12_T9,0.0554,0.1939867354,5460,91,3.8,-0.000012,Soil12_CE229_pH6.26,10_20cm,6.255,24.24242424,1.906060606,-0.006295707472,-6.295707472,1.121212121,1.22703048,6.153153153,T9,16.16556129,1
E06,0,2,0,Soil12,Soil12_CE229,Slurry,HCl_NaOH,-4,-0.4,20,6.27,CHL,None,Soil12_T9,0.0553,0.1929141228,5460,91,3.8,-0.000008,Soil12_CE229_pH6.26,10_20cm,6.255,24.24242424,1.906060606,-0.004197138315,-4.197138315,1.121212121,1.22703048,5.744744745,T9,16.0761769,1
E07,0,2,0,Soil12,Soil12_CE229,Slurry,HCl_NaOH,-2,-0.2,20,5.82,CHL,None,Soil12_T9,0.04865,0.1215747004,5460,91,3.8,-0.000004,Soil12_CE229_pH6.26,10_20cm,6.255,24.24242424,1.906060606,-0.002098569157,-2.098569157,1.121212121,1.22703048,5.288288288,T9,10.13122504,1
E08,0,2,0,Soil12,Soil12_CE229,Slurry,HCl_NaOH,3,0.3,20,4.92,CHL,None,Soil12_T9,0.0442,0.07382452536,5460,91,3.8,0.000006,Soil12_CE229_pH6.26,10_20cm,6.255,24.24242424,1.906060606,0.003147853736,3.147853736,1.121212121,1.22703048,4.591591592,T9,6.15204378,1
E09,0,2,0,Soil12,Soil12_CE229,Slurry,HCl_NaOH,6,0.6,20,4.47,CHL,None,Soil12_T9,0.0441,0.0727513793,5460,91,3.8,0.000012,Soil12_CE229_pH6.26,10_20cm,6.255,24.24242424,1.906060606,0.006295707472,6.295707472,1.121212121,1.22703048,4.231231231,T9,6.062614942,1
E10,0,2,0,Soil12,Soil12_CE229,Slurry,HCl_NaOH,10,1,20,4.02,CHL,None,Soil12_T9,0.0432,0.0630928502,5460,91,3.8,0.00002,Soil12_CE229_pH6.26,10_20cm,6.255,24.24242424,1.906060606,0.01049284579,10.49284579,1.121212121,1.22703048,3.990990991,T9,5.257737517,1
E11,0,2,0,Soil12,Soil12_CE229,Slurry,HCl_NaOH,20,2,20,3.57,CHL,None,Soil12_T9,0.0334,0,5460,91,3.8,0.00004,Soil12_CE229_pH6.26,10_20cm,6.255,24.24242424,1.906060606,0.02098569157,20.98569157,1.121212121,1.22703048,3.618618619,T9,0,1
E12,0,2,0,Soil12,Soil12_CE229,Slurry,HCl_NaOH,40,4,20,3.12,CHL,None,Soil12_T9,0.02555,0,5460,91,3.8,0.00008,Soil12_CE229_pH6.26,10_20cm,6.255,24.24242424,1.906060606,0.04197138315,41.97138315,1.121212121,1.22703048,3.186186186,T9,0,1
F01,0,2,0,Soil12,Soil12_CE229,Slurry,HCl_NaOH,-100,-10,20,8.52,CHL,None,Soil12_T9,0.1213,0.8998063574,5460,91,3.8,-0.0002,Soil12_CE229_pH6.26,10_20cm,6.255,24.24242424,1.906060606,-0.1049284579,-104.9284579,1.121212121,1.22703048,8.231231231,T9,74.98386312,2
F02,0,2,0,Soil12,Soil12_CE229,Slurry,HCl_NaOH,-32,-3.2,20,8.07,CHL,None,Soil12_T9,0.07895,0.4464545902,5460,91,3.8,-0.000064,Soil12_CE229_pH6.26,10_20cm,6.255,24.24242424,1.906060606,-0.03357710652,-33.57710652,1.121212121,1.22703048,8.015015015,T9,37.20454918,2
F03,0,2,0,Soil12,Soil12_CE229,Slurry,HCl_NaOH,-13,-1.3,20,7.62,CHL,None,Soil12_T9,0.07015,0.3521449981,5460,91,3.8,-0.000026,Soil12_CE229_pH6.26,10_20cm,6.255,24.24242424,1.906060606,-0.01364069952,-13.64069952,1.121212121,1.22703048,7.102102102,T9,29.34541651,2
F04,0,2,0,Soil12,Soil12_CE229,Slurry,HCl_NaOH,-9,-0.9,20,7.17,CHL,None,Soil12_T9,0.06325,0.2781719764,5460,91,3.8,-0.000018,Soil12_CE229_pH6.26,10_20cm,6.255,24.24242424,1.906060606,-0.009443561208,-9.443561208,1.121212121,1.22703048,6.585585586,T9,23.18099803,2
F05,0,2,0,Soil12,Soil12_CE229,Slurry,HCl_NaOH,-6,-0.6,20,6.72,CHL,None,Soil12_T9,0.05745,0.2159742445,5460,91,3.8,-0.000012,Soil12_CE229_pH6.26,10_20cm,6.255,24.24242424,1.906060606,-0.006295707472,-6.295707472,1.121212121,1.22703048,6.153153153,T9,17.99785371,2
F06,0,2,0,Soil12,Soil12_CE229,Slurry,HCl_NaOH,-4,-0.4,20,6.27,CHL,None,Soil12_T9,0.0549,0.1886236249,5460,91,3.8,-0.000008,Soil12_CE229_pH6.26,10_20cm,6.255,24.24242424,1.906060606,-0.004197138315,-4.197138315,1.121212121,1.22703048,5.744744745,T9,15.71863541,2
F07,0,2,0,Soil12,Soil12_CE229,Slurry,HCl_NaOH,-2,-0.2,20,5.82,CHL,None,Soil12_T9,0.05085,0.1451780434,5460,91,3.8,-0.000004,Soil12_CE229_pH6.26,10_20cm,6.255,24.24242424,1.906060606,-0.002098569157,-2.098569157,1.121212121,1.22703048,5.288288288,T9,12.09817028,2
F08,0,2,0,Soil12,Soil12_CE229,Slurry,HCl_NaOH,3,0.3,20,4.92,CHL,None,Soil12_T9,0.04685,0.1022611594,5460,91,3.8,0.000006,Soil12_CE229_pH6.26,10_20cm,6.255,24.24242424,1.906060606,0.003147853736,3.147853736,1.121212121,1.22703048,4.591591592,T9,8.521763282,2
F09,0,2,0,Soil12,Soil12_CE229,Slurry,HCl_NaOH,6,0.6,20,4.47,CHL,None,Soil12_T9,0.0483,0.1178194106,5460,91,3.8,0.000012,Soil12_CE229_pH6.26,10_20cm,6.255,24.24242424,1.906060606,0.006295707472,6.295707472,1.121212121,1.22703048,4.231231231,T9,9.818284213,2
F10,0,2,0,Soil12,Soil12_CE229,Slurry,HCl_NaOH,10,1,20,4.02,CHL,None,Soil12_T9,0.0458,0.09099421416,5460,91,3.8,0.00002,Soil12_CE229_pH6.26,10_20cm,6.255,24.24242424,1.906060606,0.01049284579,10.49284579,1.121212121,1.22703048,3.990990991,T9,7.58285118,2
F11,0,2,0,Soil12,Soil12_CE229,Slurry,HCl_NaOH,20,2,20,3.57,CHL,None,Soil12_T9,0.0359,0,5460,91,3.8,0.00004,Soil12_CE229_pH6.26,10_20cm,6.255,24.24242424,1.906060606,0.02098569157,20.98569157,1.121212121,1.22703048,3.618618619,T9,0,2
F12,0,2,0,Soil12,Soil12_CE229,Slurry,HCl_NaOH,40,4,20,3.12,CHL,None,Soil12_T9,0.0303,0,5460,91,3.8,0.00008,Soil12_CE229_pH6.26,10_20cm,6.255,24.24242424,1.906060606,0.04197138315,41.97138315,1.121212121,1.22703048,3.186186186,T9,0,2
G01,0,2,0,Soil12,Soil12_CE229,Slurry,HCl_NaOH,-100,-10,20,8.52,CHL,None,Soil12_T9,0.122,0.9072926528,5460,91,3.8,-0.0002,Soil12_CE229_pH6.26,10_20cm,6.255,24.24242424,1.906060606,-0.1049284579,-104.9284579,1.121212121,1.22703048,8.231231231,T9,75.60772107,3
G02,0,2,0,Soil12,Soil12_CE229,Slurry,HCl_NaOH,-32,-3.2,20,8.07,CHL,None,Soil12_T9,0.0885,0.5487603587,5460,91,3.8,-0.000064,Soil12_CE229_pH6.26,10_20cm,6.255,24.24242424,1.906060606,-0.03357710652,-33.57710652,1.121212121,1.22703048,8.015015015,T9,45.73002989,3
G03,0,2,0,Soil12,Soil12_CE229,Slurry,HCl_NaOH,-13,-1.3,20,7.62,CHL,None,Soil12_T9,0.068,0.32909786,5460,91,3.8,-0.000026,Soil12_CE229_pH6.26,10_20cm,6.255,24.24242424,1.906060606,-0.01364069952,-13.64069952,1.121212121,1.22703048,7.102102102,T9,27.42482166,3
G04,0,2,0,Soil12,Soil12_CE229,Slurry,HCl_NaOH,-9,-0.9,20,7.17,CHL,None,Soil12_T9,0.0642,0.2883580111,5460,91,3.8,-0.000018,Soil12_CE229_pH6.26,10_20cm,6.255,24.24242424,1.906060606,-0.009443561208,-9.443561208,1.121212121,1.22703048,6.585585586,T9,24.02983426,3
G05,0,2,0,Soil12,Soil12_CE229,Slurry,HCl_NaOH,-6,-0.6,20,6.72,CHL,None,Soil12_T9,0.0603,0.2465389226,5460,91,3.8,-0.000012,Soil12_CE229_pH6.26,10_20cm,6.255,24.24242424,1.906060606,-0.006295707472,-6.295707472,1.121212121,1.22703048,6.153153153,T9,20.54491022,3
G06,0,2,0,Soil12,Soil12_CE229,Slurry,HCl_NaOH,-4,-0.4,20,6.27,CHL,None,Soil12_T9,0.0563,0.2036400345,5460,91,3.8,-0.000008,Soil12_CE229_pH6.26,10_20cm,6.255,24.24242424,1.906060606,-0.004197138315,-4.197138315,1.121212121,1.22703048,5.744744745,T9,16.97000287,3
G07,0,2,0,Soil12,Soil12_CE229,Slurry,HCl_NaOH,-2,-0.2,20,5.82,CHL,None,Soil12_T9,0.0556,0.1961319463,5460,91,3.8,-0.000004,Soil12_CE229_pH6.26,10_20cm,6.255,24.24242424,1.906060606,-0.002098569157,-2.098569157,1.121212121,1.22703048,5.288288288,T9,16.34432886,3
G08,0,2,0,Soil12,Soil12_CE229,Slurry,HCl_NaOH,3,0.3,20,4.92,CHL,None,Soil12_T9,0.04525,0.08509227126,5460,91,3.8,0.000006,Soil12_CE229_pH6.26,10_20cm,6.255,24.24242424,1.906060606,0.003147853736,3.147853736,1.121212121,1.22703048,4.591591592,T9,7.091022605,3
G09,0,2,0,Soil12,Soil12_CE229,Slurry,HCl_NaOH,6,0.6,20,4.47,CHL,None,Soil12_T9,0.04645,0.09796905172,5460,91,3.8,0.000012,Soil12_CE229_pH6.26,10_20cm,6.255,24.24242424,1.906060606,0.006295707472,6.295707472,1.121212121,1.22703048,4.231231231,T9,8.164087644,3
G10,0,2,0,Soil12,Soil12_CE229,Slurry,HCl_NaOH,10,1,20,4.02,CHL,None,Soil12_T9,0.0474,0.1081626829,5460,91,3.8,0.00002,Soil12_CE229_pH6.26,10_20cm,6.255,24.24242424,1.906060606,0.01049284579,10.49284579,1.121212121,1.22703048,3.990990991,T9,9.013556911,3
G11,0,2,0,Soil12,Soil12_CE229,Slurry,HCl_NaOH,20,2,20,3.57,CHL,None,Soil12_T9,0.0378,0.005133564682,5460,91,3.8,0.00004,Soil12_CE229_pH6.26,10_20cm,6.255,24.24242424,1.906060606,0.02098569157,20.98569157,1.121212121,1.22703048,3.618618619,T9,0.4277970569,3
G12,0,2,0,Soil12,Soil12_CE229,Slurry,HCl_NaOH,40,4,20,3.12,CHL,None,Soil12_T9,0.0313,0,5460,91,3.8,0.00008,Soil12_CE229_pH6.26,10_20cm,6.255,24.24242424,1.906060606,0.04197138315,41.97138315,1.121212121,1.22703048,3.186186186,T9,0,3
H01,0,2,0,Soil12,Soil12_CE229,Slurry,HCl_NaOH,-100,-10,20,8.52,CHL,CHX,Soil12_T9,0.1407,1.10719818,5460,91,3.8,-0.0002,Soil12_CE229_pH6.26,10_20cm,6.255,24.24242424,1.906060606,-0.1049284579,-104.9284579,1.121212121,1.22703048,8.279279279,T9,92.26651496,1
H02,0,2,0,Soil12,Soil12_CE229,Slurry,HCl_NaOH,40,4,20,3.12,CHL,CHX,Soil12_T9,0.049,0.1253299319,5460,91,3.8,0.00008,Soil12_CE229_pH6.26,10_20cm,6.255,24.24242424,1.906060606,0.04197138315,41.97138315,1.121212121,1.22703048,3.21021021,T9,10.44416099,1
H03,0,2,0,Soil12,Soil12_CE229,Slurry,HCl_NaOH,0,0,20,5.37,CHL,CHX,Soil12_T9,0.05555,0.1955956454,5460,91,3.8,0,Soil12_CE229_pH6.26,10_20cm,6.255,24.24242424,1.906060606,0,0,1.121212121,1.22703048,4.963963964,T9,16.29963711,1
H04,0,0,0,Soil12,Soil12_CE229,No_Nitrate,No_Nitrate,0,0,20,5.37,CHL,None,Soil12_T9,0.0504,0.1403502744,5460,91,3.8,0,Soil12_CE229_pH6.26,10_20cm,6.255,24.24242424,1.906060606,0,0,1.121212121,1.22703048,4.931931932,T9,11.6958562,1
H05,0,0,0,Soil12,Soil12_CE229,No_Nitrate,No_Nitrate,0,0,20,5.37,CHL,None,Soil12_T9,0.0513,0.1500057159,5460,91,3.8,0,Soil12_CE229_pH6.26,10_20cm,6.255,24.24242424,1.906060606,0,0,1.121212121,1.22703048,4.931931932,T9,12.50047633,2
H06,0,0,0,Soil12,Soil12_CE229,No_Nitrate,No_Nitrate,0,0,20,5.37,CHL,None,Soil12_T9,0.0458,0.09099421416,5460,91,3.8,0,Soil12_CE229_pH6.26,10_20cm,6.255,24.24242424,1.906060606,0,0,1.121212121,1.22703048,4.931931932,T9,7.58285118,3
H07,0,2,0,Soil12,Soil12_CE229,Slurry,HCl_NaOH,0,0,20,5.37,CHL,None,Soil12_T9,0.0513,0.1500057159,5460,91,3.8,0,Soil12_CE229_pH6.26,10_20cm,6.255,24.24242424,1.906060606,0,0,1.121212121,1.22703048,4.773333333,T9,12.50047633,1
H08,0,2,0,Soil12,Soil12_CE229,Slurry,HCl_NaOH,0,0,20,5.37,CHL,None,Soil12_T9,0.0503,0.1392774238,5460,91,3.8,0,Soil12_CE229_pH6.26,10_20cm,6.255,24.24242424,1.906060606,0,0,1.121212121,1.22703048,4.773333333,T9,11.60645198,2
H09,0,2,0,Soil12,Soil12_CE229,Slurry,HCl_NaOH,0,0,20,5.37,CHL,None,Soil12_T9,0.04915,0.126939299,5460,91,3.8,0,Soil12_CE229_pH6.26,10_20cm,6.255,24.24242424,1.906060606,0,0,1.121212121,1.22703048,4.773333333,T9,10.57827492,3
E01,0,2,0,Soil3,Soil3_CE239,Slurry,HCl_NaOH,-85,-8.5,20,8.47,CHL,None,Soil3_T9,0.1825,1.625298465,5546,92.4,3.9,-0.00017,Soil3_CE239_pH4.99,10_20cm,4.987,24.78941035,1.910709988,-0.08897216274,-88.97216274,1.123947052,1.202267654,8.44,T9,135.4415388,1
E02,0,2,0,Soil3,Soil3_CE239,Slurry,HCl_NaOH,-50,-5,20,8.02,CHL,None,Soil3_T9,0.1354,1.102535919,5546,92.4,3.9,-0.0001,Soil3_CE239_pH4.99,10_20cm,4.987,24.78941035,1.910709988,-0.05233656632,-52.33656632,1.123947052,1.202267654,8.015015015,T9,91.87799323,1
E03,0,2,0,Soil3,Soil3_CE239,Slurry,HCl_NaOH,-32,-3.2,20,7.57,CHL,None,Soil3_T9,0.1189,0.9189022698,5546,92.4,3.9,-0.000064,Soil3_CE239_pH4.99,10_20cm,4.987,24.78941035,1.910709988,-0.03349540244,-33.49540244,1.123947052,1.202267654,6.945945946,T9,76.57518915,1
E04,0,2,0,Soil3,Soil3_CE239,Slurry,HCl_NaOH,-26,-2.6,20,7.12,CHL,None,Soil3_T9,0.10545,0.7690197105,5546,92.4,3.9,-0.000052,Soil3_CE239_pH4.99,10_20cm,4.987,24.78941035,1.910709988,-0.02721501449,-27.21501449,1.123947052,1.202267654,6.837837838,T9,64.08497588,1
E05,0,2,0,Soil3,Soil3_CE239,Slurry,HCl_NaOH,-22,-2.2,20,6.67,CHL,None,Soil3_T9,0.1022,0.7327766147,5546,92.4,3.9,-0.000044,Soil3_CE239_pH4.99,10_20cm,4.987,24.78941035,1.910709988,-0.02302808918,-23.02808918,1.123947052,1.202267654,6.345345345,T9,61.06471789,1
E06,0,2,0,Soil3,Soil3_CE239,Slurry,HCl_NaOH,-19,-1.9,20,6.22,CHL,None,Soil3_T9,0.0943,0.64463553,5546,92.4,3.9,-0.000038,Soil3_CE239_pH4.99,10_20cm,4.987,24.78941035,1.910709988,-0.0198878952,-19.8878952,1.123947052,1.202267654,5.600600601,T9,53.7196275,1
E07,0,2,0,Soil3,Soil3_CE239,Slurry,HCl_NaOH,-16,-1.6,20,5.77,CHL,None,Soil3_T9,0.0971,0.6758823002,5546,92.4,3.9,-0.000032,Soil3_CE239_pH4.99,10_20cm,4.987,24.78941035,1.910709988,-0.01674770122,-16.74770122,1.123947052,1.202267654,5.12012012,T9,56.32352501,1
E08,0,2,0,Soil3,Soil3_CE239,Slurry,HCl_NaOH,-14,-1.4,20,5.32,CHL,None,Soil3_T9,0.07675,0.4486124885,5546,92.4,3.9,-0.000028,Soil3_CE239_pH4.99,10_20cm,4.987,24.78941035,1.910709988,-0.01465423857,-14.65423857,1.123947052,1.202267654,4.855855856,T9,37.38437404,1
E09,0,2,0,Soil3,Soil3_CE239,Slurry,HCl_NaOH,-11,-1.1,20,4.87,CHL,None,Soil3_T9,0.0834,0.5229241283,5546,92.4,3.9,-0.000022,Soil3_CE239_pH4.99,10_20cm,4.987,24.78941035,1.910709988,-0.01151404459,-11.51404459,1.123947052,1.202267654,4.627627628,T9,43.57701069,1
E10,0,2,0,Soil3,Soil3_CE239,Slurry,HCl_NaOH,-7,-0.7,20,4.42,CHL,None,Soil3_T9,0.069,0.3619545338,5546,92.4,3.9,-0.000014,Soil3_CE239_pH4.99,10_20cm,4.987,24.78941035,1.910709988,-0.007327119285,-7.327119285,1.123947052,1.202267654,4.327327327,T9,30.16287781,1
E11,0,2,0,Soil3,Soil3_CE239,Slurry,HCl_NaOH,9,0.9,20,3.52,CHL,None,Soil3_T9,0.05775,0.2360567556,5546,92.4,3.9,0.000018,Soil3_CE239_pH4.99,10_20cm,4.987,24.78941035,1.910709988,0.009420581937,9.420581937,1.123947052,1.202267654,3.486486486,T9,19.6713963,1
E12,0,2,0,Soil3,Soil3_CE239,Slurry,HCl_NaOH,32,3.2,20,3.07,CHL,None,Soil3_T9,0.05395,0.1935034101,5546,92.4,3.9,0.000064,Soil3_CE239_pH4.99,10_20cm,4.987,24.78941035,1.910709988,0.03349540244,33.49540244,1.123947052,1.202267654,3.078078078,T9,16.12528417,1
F01,0,2,0,Soil3,Soil3_CE239,Slurry,HCl_NaOH,-85,-8.5,20,8.47,CHL,None,Soil3_T9,0.1771,1.56547072,5546,92.4,3.9,-0.00017,Soil3_CE239_pH4.99,10_20cm,4.987,24.78941035,1.910709988,-0.08897216274,-88.97216274,1.123947052,1.202267654,8.44,T9,130.4558933,2
F02,0,2,0,Soil3,Soil3_CE239,Slurry,HCl_NaOH,-50,-5,20,8.02,CHL,None,Soil3_T9,0.1288,1.029113752,5546,92.4,3.9,-0.0001,Soil3_CE239_pH4.99,10_20cm,4.987,24.78941035,1.910709988,-0.05233656632,-52.33656632,1.123947052,1.202267654,8.015015015,T9,85.75947934,2
F03,0,2,0,Soil3,Soil3_CE239,Slurry,HCl_NaOH,-32,-3.2,20,7.57,CHL,None,Soil3_T9,0.11415,0.8659896352,5546,92.4,3.9,-0.000064,Soil3_CE239_pH4.99,10_20cm,4.987,24.78941035,1.910709988,-0.03349540244,-33.49540244,1.123947052,1.202267654,6.945945946,T9,72.16580293,2
F04,0,2,0,Soil3,Soil3_CE239,Slurry,HCl_NaOH,-26,-2.6,20,7.12,CHL,None,Soil3_T9,0.105,0.7640020428,5546,92.4,3.9,-0.000052,Soil3_CE239_pH4.99,10_20cm,4.987,24.78941035,1.910709988,-0.02721501449,-27.21501449,1.123947052,1.202267654,6.837837838,T9,63.6668369,2
F05,0,2,0,Soil3,Soil3_CE239,Slurry,HCl_NaOH,-22,-2.2,20,6.67,CHL,None,Soil3_T9,0.0929,0.6290093048,5546,92.4,3.9,-0.000044,Soil3_CE239_pH4.99,10_20cm,4.987,24.78941035,1.910709988,-0.02302808918,-23.02808918,1.123947052,1.202267654,6.345345345,T9,52.41744207,2
F06,0,2,0,Soil3,Soil3_CE239,Slurry,HCl_NaOH,-19,-1.9,20,6.22,CHL,None,Soil3_T9,0.0947,0.649099818,5546,92.4,3.9,-0.000038,Soil3_CE239_pH4.99,10_20cm,4.987,24.78941035,1.910709988,-0.0198878952,-19.8878952,1.123947052,1.202267654,5.600600601,T9,54.0916515,2
F07,0,2,0,Soil3,Soil3_CE239,Slurry,HCl_NaOH,-16,-1.6,20,5.77,CHL,None,Soil3_T9,0.08725,0.5659270678,5546,92.4,3.9,-0.000032,Soil3_CE239_pH4.99,10_20cm,4.987,24.78941035,1.910709988,-0.01674770122,-16.74770122,1.123947052,1.202267654,5.12012012,T9,47.16058899,2
F08,0,2,0,Soil3,Soil3_CE239,Slurry,HCl_NaOH,-14,-1.4,20,5.32,CHL,None,Soil3_T9,0.0819,0.5061658493,5546,92.4,3.9,-0.000028,Soil3_CE239_pH4.99,10_20cm,4.987,24.78941035,1.910709988,-0.01465423857,-14.65423857,1.123947052,1.202267654,4.855855856,T9,42.18048745,2
F09,0,2,0,Soil3,Soil3_CE239,Slurry,HCl_NaOH,-11,-1.1,20,4.87,CHL,None,Soil3_T9,0.07715,0.453083574,5546,92.4,3.9,-0.000022,Soil3_CE239_pH4.99,10_20cm,4.987,24.78941035,1.910709988,-0.01151404459,-11.51404459,1.123947052,1.202267654,4.627627628,T9,37.7569645,2
F10,0,2,0,Soil3,Soil3_CE239,Slurry,HCl_NaOH,-7,-0.7,20,4.42,CHL,None,Soil3_T9,0.06495,0.3166455323,5546,92.4,3.9,-0.000014,Soil3_CE239_pH4.99,10_20cm,4.987,24.78941035,1.910709988,-0.007327119285,-7.327119285,1.123947052,1.202267654,4.327327327,T9,26.38712769,2
F11,0,2,0,Soil3,Soil3_CE239,Slurry,HCl_NaOH,9,0.9,20,3.52,CHL,None,Soil3_T9,0.0507,0.1570979163,5546,92.4,3.9,0.000018,Soil3_CE239_pH4.99,10_20cm,4.987,24.78941035,1.910709988,0.009420581937,9.420581937,1.123947052,1.202267654,3.486486486,T9,13.09149303,2
F12,0,2,0,Soil3,Soil3_CE239,Slurry,HCl_NaOH,32,3.2,20,3.07,CHL,None,Soil3_T9,0.05715,0.2293387431,5546,92.4,3.9,0.000064,Soil3_CE239_pH4.99,10_20cm,4.987,24.78941035,1.910709988,0.03349540244,33.49540244,1.123947052,1.202267654,3.078078078,T9,19.11156192,2
G01,0,2,0,Soil3,Soil3_CE239,Slurry,HCl_NaOH,-85,-8.5,20,8.47,CHL,None,Soil3_T9,0.1869,1.674026635,5546,92.4,3.9,-0.00017,Soil3_CE239_pH4.99,10_20cm,4.987,24.78941035,1.910709988,-0.08897216274,-88.97216274,1.123947052,1.202267654,8.44,T9,139.5022196,3
G02,0,2,0,Soil3,Soil3_CE239,Slurry,HCl_NaOH,-50,-5,20,8.02,CHL,None,Soil3_T9,0.1315,1.059155131,5546,92.4,3.9,-0.0001,Soil3_CE239_pH4.99,10_20cm,4.987,24.78941035,1.910709988,-0.05233656632,-52.33656632,1.123947052,1.202267654,8.015015015,T9,88.26292755,3
G03,0,2,0,Soil3,Soil3_CE239,Slurry,HCl_NaOH,-32,-3.2,20,7.57,CHL,None,Soil3_T9,0.1161,0.8877142867,5546,92.4,3.9,-0.000064,Soil3_CE239_pH4.99,10_20cm,4.987,24.78941035,1.910709988,-0.03349540244,-33.49540244,1.123947052,1.202267654,6.945945946,T9,73.97619056,3
G04,0,2,0,Soil3,Soil3_CE239,Slurry,HCl_NaOH,-26,-2.6,20,7.12,CHL,None,Soil3_T9,0.1055,0.7695772171,5546,92.4,3.9,-0.000052,Soil3_CE239_pH4.99,10_20cm,4.987,24.78941035,1.910709988,-0.02721501449,-27.21501449,1.123947052,1.202267654,6.837837838,T9,64.13143476,3
G05,0,2,0,Soil3,Soil3_CE239,Slurry,HCl_NaOH,-22,-2.2,20,6.67,CHL,None,Soil3_T9,0.0951,0.6535639513,5546,92.4,3.9,-0.000044,Soil3_CE239_pH4.99,10_20cm,4.987,24.78941035,1.910709988,-0.02302808918,-23.02808918,1.123947052,1.202267654,6.345345345,T9,54.46366261,3
G06,0,2,0,Soil3,Soil3_CE239,Slurry,HCl_NaOH,-19,-1.9,20,6.22,CHL,None,Soil3_T9,0.0895,0.5910520125,5546,92.4,3.9,-0.000038,Soil3_CE239_pH4.99,10_20cm,4.987,24.78941035,1.910709988,-0.0198878952,-19.8878952,1.123947052,1.202267654,5.600600601,T9,49.25433437,3
G07,0,2,0,Soil3,Soil3_CE239,Slurry,HCl_NaOH,-16,-1.6,20,5.77,CHL,None,Soil3_T9,0.0866,0.5586678383,5546,92.4,3.9,-0.000032,Soil3_CE239_pH4.99,10_20cm,4.987,24.78941035,1.910709988,-0.01674770122,-16.74770122,1.123947052,1.202267654,5.12012012,T9,46.5556532,3
G08,0,2,0,Soil3,Soil3_CE239,Slurry,HCl_NaOH,-14,-1.4,20,5.32,CHL,None,Soil3_T9,0.0814,0.5005792718,5546,92.4,3.9,-0.000028,Soil3_CE239_pH4.99,10_20cm,4.987,24.78941035,1.910709988,-0.01465423857,-14.65423857,1.123947052,1.202267654,4.855855856,T9,41.71493931,3
G09,0,2,0,Soil3,Soil3_CE239,Slurry,HCl_NaOH,-11,-1.1,20,4.87,CHL,None,Soil3_T9,0.07595,0.4396698514,5546,92.4,3.9,-0.000022,Soil3_CE239_pH4.99,10_20cm,4.987,24.78941035,1.910709988,-0.01151404459,-11.51404459,1.123947052,1.202267654,4.627627628,T9,36.63915429,3
G10,0,2,0,Soil3,Soil3_CE239,Slurry,HCl_NaOH,-7,-0.7,20,4.42,CHL,None,Soil3_T9,0.0641,0.3071342088,5546,92.4,3.9,-0.000014,Soil3_CE239_pH4.99,10_20cm,4.987,24.78941035,1.910709988,-0.007327119285,-7.327119285,1.123947052,1.202267654,4.327327327,T9,25.5945174,3
G11,0,2,0,Soil3,Soil3_CE239,Slurry,HCl_NaOH,9,0.9,20,3.52,CHL,None,Soil3_T9,0.0489,0.1369304327,5546,92.4,3.9,0.000018,Soil3_CE239_pH4.99,10_20cm,4.987,24.78941035,1.910709988,0.009420581937,9.420581937,1.123947052,1.202267654,3.486486486,T9,11.4108694,3
G12,0,2,0,Soil3,Soil3_CE239,Slurry,HCl_NaOH,32,3.2,20,3.07,CHL,None,Soil3_T9,0.05675,0.2248598729,5546,92.4,3.9,0.000064,Soil3_CE239_pH4.99,10_20cm,4.987,24.78941035,1.910709988,0.03349540244,33.49540244,1.123947052,1.202267654,3.078078078,T9,18.73832274,3
H01,0,2,0,Soil3,Soil3_CE239,Slurry,HCl_NaOH,-85,-8.5,20,8.47,CHL,CHX,Soil3_T9,0.1909,1.718309121,5546,92.4,3.9,-0.00017,Soil3_CE239_pH4.99,10_20cm,4.987,24.78941035,1.910709988,-0.08897216274,-88.97216274,1.123947052,1.202267654,8.47,T9,143.1924267,1
H02,0,2,0,Soil3,Soil3_CE239,Slurry,HCl_NaOH,32,3.2,20,3.07,CHL,CHX,Soil3_T9,0.04205,0.06015297613,5546,92.4,3.9,0.000064,Soil3_CE239_pH4.99,10_20cm,4.987,24.78941035,1.910709988,0.03349540244,33.49540244,1.123947052,1.202267654,3.078078078,T9,5.012748011,1
H03,0,2,0,Soil3,Soil3_CE239,Slurry,HCl_NaOH,0,0,20,3.97,CHL,CHX,Soil3_T9,0.0467,0.1122769843,5546,92.4,3.9,0,Soil3_CE239_pH4.99,10_20cm,4.987,24.78941035,1.910709988,0,0,1.123947052,1.202267654,3.882882883,T9,9.356415355,1
H04,0,0,0,Soil3,Soil3_CE239,No_Nitrate,No_Nitrate,0,0,20,3.97,CHL,None,Soil3_T9,0.0445,0.08761880113,5546,92.4,3.9,0,Soil3_CE239_pH4.99,10_20cm,4.987,24.78941035,1.910709988,0,0,1.123947052,1.202267654,3.850850851,T9,7.301566761,1
H05,0,0,0,Soil3,Soil3_CE239,No_Nitrate,No_Nitrate,0,0,20,3.97,CHL,None,Soil3_T9,0.04525,0.09602553201,5546,92.4,3.9,0,Soil3_CE239_pH4.99,10_20cm,4.987,24.78941035,1.910709988,0,0,1.123947052,1.202267654,3.850850851,T9,8.002127667,2
H06,0,0,0,Soil3,Soil3_CE239,No_Nitrate,No_Nitrate,0,0,20,3.97,CHL,None,Soil3_T9,0.0459,0.1033109202,5546,92.4,3.9,0,Soil3_CE239_pH4.99,10_20cm,4.987,24.78941035,1.910709988,0,0,1.123947052,1.202267654,3.850850851,T9,8.609243347,3
H07,0,2,0,Soil3,Soil3_CE239,Slurry,HCl_NaOH,0,0,20,3.97,CHL,None,Soil3_T9,0.04755,0.1218027414,5546,92.4,3.9,0,Soil3_CE239_pH4.99,10_20cm,4.987,24.78941035,1.910709988,0,0,1.123947052,1.202267654,3.92,T9,10.15022845,1
H08,0,2,0,Soil3,Soil3_CE239,Slurry,HCl_NaOH,0,0,20,3.97,CHL,None,Soil3_T9,0.0471,0.1167597815,5546,92.4,3.9,0,Soil3_CE239_pH4.99,10_20cm,4.987,24.78941035,1.910709988,0,0,1.123947052,1.202267654,3.92,T9,9.729981794,2
H09,0,2,0,Soil3,Soil3_CE239,Slurry,HCl_NaOH,0,0,20,3.97,CHL,None,Soil3_T9,0.0463,0.1077940305,5546,92.4,3.9,0,Soil3_CE239_pH4.99,10_20cm,4.987,24.78941035,1.910709988,0,0,1.123947052,1.202267654,3.92,T9,8.982835873,3
E01,0,2,0,Soil9,Soil9_CE277,Slurry,HCl_NaOH,-75,-7.5,20,8.46,CHL,None,Soil9_T9,0.11,0.7568213382,5460,91,3.8,-0.00015,Soil9_CE277_pH5.82,10_20cm,5.822,24.15048544,1.905279126,-0.07872862193,-78.72862193,1.120752427,1.217914003,8.49,T9,63.06844485,1
E02,0,2,0,Soil9,Soil9_CE277,Slurry,HCl_NaOH,-28,-2.8,20,8.01,CHL,None,Soil9_T9,0.0888,0.5317268127,5460,91,3.8,-0.000056,Soil9_CE277_pH5.82,10_20cm,5.822,24.15048544,1.905279126,-0.02939201885,-29.39201885,1.120752427,1.217914003,7.738738739,T9,44.31056773,1
E03,0,2,0,Soil9,Soil9_CE277,Slurry,HCl_NaOH,-20,-2,20,7.56,CHL,None,Soil9_T9,0.0942,0.5890789496,5460,91,3.8,-0.00004,Soil9_CE277_pH5.82,10_20cm,5.822,24.15048544,1.905279126,-0.02099429918,-20.99429918,1.120752427,1.217914003,7.318318318,T9,49.08991247,1
E04,0,2,0,Soil9,Soil9_CE277,Slurry,HCl_NaOH,-16,-1.6,20,7.11,CHL,None,Soil9_T9,0.0823,0.4626766423,5460,91,3.8,-0.000032,Soil9_CE277_pH5.82,10_20cm,5.822,24.15048544,1.905279126,-0.01679543935,-16.79543935,1.120752427,1.217914003,6.873873874,T9,38.55638686,1
E05,0,2,0,Soil9,Soil9_CE277,Slurry,HCl_NaOH,-13,-1.3,20,6.66,CHL,None,Soil9_T9,0.08035,0.4419583534,5460,91,3.8,-0.000026,Soil9_CE277_pH5.82,10_20cm,5.822,24.15048544,1.905279126,-0.01364629447,-13.64629447,1.120752427,1.217914003,6.573573574,T9,36.82986279,1
E06,0,2,0,Soil9,Soil9_CE277,Slurry,HCl_NaOH,-10,-1,20,6.21,CHL,None,Soil9_T9,0.0785,0.4223011591,5460,91,3.8,-0.00002,Soil9_CE277_pH5.82,10_20cm,5.822,24.15048544,1.905279126,-0.01049714959,-10.49714959,1.120752427,1.217914003,6.057057057,T9,35.19176326,1
E07,0,2,0,Soil9,Soil9_CE277,Slurry,HCl_NaOH,-7,-0.7,20,5.76,CHL,None,Soil9_T9,0.0756,0.3914844705,5460,91,3.8,-0.000014,Soil9_CE277_pH5.82,10_20cm,5.822,24.15048544,1.905279126,-0.007348004714,-7.348004714,1.120752427,1.217914003,5.540540541,T9,32.62370587,1
E08,0,2,0,Soil9,Soil9_CE277,Slurry,HCl_NaOH,-5,-0.5,20,5.31,CHL,None,Soil9_T9,0.0619,0.2458574379,5460,91,3.8,-0.00001,Soil9_CE277_pH5.82,10_20cm,5.822,24.15048544,1.905279126,-0.005248574795,-5.248574795,1.120752427,1.217914003,5.216216216,T9,20.48811983,1
E09,0,2,0,Soil9,Soil9_CE277,Slurry,HCl_NaOH,-2,-0.2,20,4.86,CHL,None,Soil9_T9,0.0643,0.2713740815,5460,91,3.8,-0.000004,Soil9_CE277_pH5.82,10_20cm,5.822,24.15048544,1.905279126,-0.002099429918,-2.099429918,1.120752427,1.217914003,4.615615616,T9,22.6145068,1
E10,0,2,0,Soil9,Soil9_CE277,Slurry,HCl_NaOH,4,0.4,20,3.96,CHL,None,Soil9_T9,0.04325,0.04749447959,5460,91,3.8,0.000008,Soil9_CE277_pH5.82,10_20cm,5.822,24.15048544,1.905279126,0.004198859836,4.198859836,1.120752427,1.217914003,3.990990991,T9,3.957873299,1
E11,0,2,0,Soil9,Soil9_CE277,Slurry,HCl_NaOH,13,1.3,20,3.51,CHL,None,Soil9_T9,0.04145,0.0283422682,5460,91,3.8,0.000026,Soil9_CE277_pH5.82,10_20cm,5.822,24.15048544,1.905279126,0.01364629447,13.64629447,1.120752427,1.217914003,3.558558559,T9,2.361855683,1
E12,0,2,0,Soil9,Soil9_CE277,Slurry,HCl_NaOH,38,3.8,20,3.06,CHL,None,Soil9_T9,0.0443,0.05866601222,5460,91,3.8,0.000076,Soil9_CE277_pH5.82,10_20cm,5.822,24.15048544,1.905279126,0.03988916844,39.88916844,1.120752427,1.217914003,3.05,T9,4.888834352,1
F01,0,2,0,Soil9,Soil9_CE277,Slurry,HCl_NaOH,-75,-7.5,20,8.46,CHL,None,Soil9_T9,0.0867,0.5094201113,5460,91,3.8,-0.00015,Soil9_CE277_pH5.82,10_20cm,5.822,24.15048544,1.905279126,-0.07872862193,-78.72862193,1.120752427,1.217914003,8.49,T9,42.45167594,2
F02,0,2,0,Soil9,Soil9_CE277,Slurry,HCl_NaOH,-28,-2.8,20,8.01,CHL,None,Soil9_T9,0.0658,0.2873208318,5460,91,3.8,-0.000056,Soil9_CE277_pH5.82,10_20cm,5.822,24.15048544,1.905279126,-0.02939201885,-29.39201885,1.120752427,1.217914003,7.738738739,T9,23.94340265,2
F03,0,2,0,Soil9,Soil9_CE277,Slurry,HCl_NaOH,-20,-2,20,7.56,CHL,None,Soil9_T9,0.06435,0.2719056542,5460,91,3.8,-0.00004,Soil9_CE277_pH5.82,10_20cm,5.822,24.15048544,1.905279126,-0.02099429918,-20.99429918,1.120752427,1.217914003,7.318318318,T9,22.65880451,2
F04,0,2,0,Soil9,Soil9_CE277,Slurry,HCl_NaOH,-16,-1.6,20,7.11,CHL,None,Soil9_T9,0.0698,0.3298411681,5460,91,3.8,-0.000032,Soil9_CE277_pH5.82,10_20cm,5.822,24.15048544,1.905279126,-0.01679543935,-16.79543935,1.120752427,1.217914003,6.873873874,T9,27.48676401,2
F05,0,2,0,Soil9,Soil9_CE277,Slurry,HCl_NaOH,-13,-1.3,20,6.66,CHL,None,Soil9_T9,0.06625,0.2921046841,5460,91,3.8,-0.000026,Soil9_CE277_pH5.82,10_20cm,5.822,24.15048544,1.905279126,-0.01364629447,-13.64629447,1.120752427,1.217914003,6.573573574,T9,24.34205701,2
F06,0,2,0,Soil9,Soil9_CE277,Slurry,HCl_NaOH,-10,-1,20,6.21,CHL,None,Soil9_T9,0.06275,0.254894842,5460,91,3.8,-0.00002,Soil9_CE277_pH5.82,10_20cm,5.822,24.15048544,1.905279126,-0.01049714959,-10.49714959,1.120752427,1.217914003,6.057057057,T9,21.24123684,2
F07,0,2,0,Soil9,Soil9_CE277,Slurry,HCl_NaOH,-7,-0.7,20,5.76,CHL,None,Soil9_T9,0.05705,0.1942856274,5460,91,3.8,-0.000014,Soil9_CE277_pH5.82,10_20cm,5.822,24.15048544,1.905279126,-0.007348004714,-7.348004714,1.120752427,1.217914003,5.540540541,T9,16.19046895,2
F08,0,2,0,Soil9,Soil9_CE277,Slurry,HCl_NaOH,-5,-0.5,20,5.31,CHL,None,Soil9_T9,0.05065,0.1262179139,5460,91,3.8,-0.00001,Soil9_CE277_pH5.82,10_20cm,5.822,24.15048544,1.905279126,-0.005248574795,-5.248574795,1.120752427,1.217914003,5.216216216,T9,10.51815949,2
F09,0,2,0,Soil9,Soil9_CE277,Slurry,HCl_NaOH,-2,-0.2,20,4.86,CHL,None,Soil9_T9,0.0455,0.07143294524,5460,91,3.8,-0.000004,Soil9_CE277_pH5.82,10_20cm,5.822,24.15048544,1.905279126,-0.002099429918,-2.099429918,1.120752427,1.217914003,4.615615616,T9,5.952745436,2
F10,0,2,0,Soil9,Soil9_CE277,Slurry,HCl_NaOH,4,0.4,20,3.96,CHL,None,Soil9_T9,0.0419,0.03313044096,5460,91,3.8,0.000008,Soil9_CE277_pH5.82,10_20cm,5.822,24.15048544,1.905279126,0.004198859836,4.198859836,1.120752427,1.217914003,3.990990991,T9,2.76087008,2
F11,0,2,0,Soil9,Soil9_CE277,Slurry,HCl_NaOH,13,1.3,20,3.51,CHL,None,Soil9_T9,0.03985,0.01131700634,5460,91,3.8,0.000026,Soil9_CE277_pH5.82,10_20cm,5.822,24.15048544,1.905279126,0.01364629447,13.64629447,1.120752427,1.217914003,3.558558559,T9,0.9430838619,2
F12,0,2,0,Soil9,Soil9_CE277,Slurry,HCl_NaOH,38,3.8,20,3.06,CHL,None,Soil9_T9,0.0426,0.0405785508,5460,91,3.8,0.000076,Soil9_CE277_pH5.82,10_20cm,5.822,24.15048544,1.905279126,0.03988916844,39.88916844,1.120752427,1.217914003,3.05,T9,3.3815459,2
G01,0,2,0,Soil9,Soil9_CE277,Slurry,HCl_NaOH,-75,-7.5,20,8.46,CHL,None,Soil9_T9,0.09055,0.5503144074,5460,91,3.8,-0.00015,Soil9_CE277_pH5.82,10_20cm,5.822,24.15048544,1.905279126,-0.07872862193,-78.72862193,1.120752427,1.217914003,8.49,T9,45.85953395,3
G02,0,2,0,Soil9,Soil9_CE277,Slurry,HCl_NaOH,-28,-2.8,20,8.01,CHL,None,Soil9_T9,0.0655,0.2841315526,5460,91,3.8,-0.000056,Soil9_CE277_pH5.82,10_20cm,5.822,24.15048544,1.905279126,-0.02939201885,-29.39201885,1.120752427,1.217914003,7.738738739,T9,23.67762939,3
G03,0,2,0,Soil9,Soil9_CE277,Slurry,HCl_NaOH,-20,-2,20,7.56,CHL,None,Soil9_T9,0.0644,0.2724372258,5460,91,3.8,-0.00004,Soil9_CE277_pH5.82,10_20cm,5.822,24.15048544,1.905279126,-0.02099429918,-20.99429918,1.120752427,1.217914003,7.318318318,T9,22.70310215,3
G04,0,2,0,Soil9,Soil9_CE277,Slurry,HCl_NaOH,-16,-1.6,20,7.11,CHL,None,Soil9_T9,0.069,0.3213376047,5460,91,3.8,-0.000032,Soil9_CE277_pH5.82,10_20cm,5.822,24.15048544,1.905279126,-0.01679543935,-16.79543935,1.120752427,1.217914003,6.873873874,T9,26.77813373,3
G05,0,2,0,Soil9,Soil9_CE277,Slurry,HCl_NaOH,-13,-1.3,20,6.66,CHL,None,Soil9_T9,0.066,0.2894469982,5460,91,3.8,-0.000026,Soil9_CE277_pH5.82,10_20cm,5.822,24.15048544,1.905279126,-0.01364629447,-13.64629447,1.120752427,1.217914003,6.573573574,T9,24.12058319,3
G06,0,2,0,Soil9,Soil9_CE277,Slurry,HCl_NaOH,-10,-1,20,6.21,CHL,None,Soil9_T9,0.0635,0.2628687858,5460,91,3.8,-0.00002,Soil9_CE277_pH5.82,10_20cm,5.822,24.15048544,1.905279126,-0.01049714959,-10.49714959,1.120752427,1.217914003,6.057057057,T9,21.90573215,3
G07,0,2,0,Soil9,Soil9_CE277,Slurry,HCl_NaOH,-7,-0.7,20,5.76,CHL,None,Soil9_T9,0.0544,0.1661032988,5460,91,3.8,-0.000014,Soil9_CE277_pH5.82,10_20cm,5.822,24.15048544,1.905279126,-0.007348004714,-7.348004714,1.120752427,1.217914003,5.540540541,T9,13.84194157,3
G08,0,2,0,Soil9,Soil9_CE277,Slurry,HCl_NaOH,-5,-0.5,20,5.31,CHL,None,Soil9_T9,0.05055,0.1251542277,5460,91,3.8,-0.00001,Soil9_CE277_pH5.82,10_20cm,5.822,24.15048544,1.905279126,-0.005248574795,-5.248574795,1.120752427,1.217914003,5.216216216,T9,10.42951897,3
G09,0,2,0,Soil9,Soil9_CE277,Slurry,HCl_NaOH,-2,-0.2,20,4.86,CHL,None,Soil9_T9,0.04735,0.09111418689,5460,91,3.8,-0.000004,Soil9_CE277_pH5.82,10_20cm,5.822,24.15048544,1.905279126,-0.002099429918,-2.099429918,1.120752427,1.217914003,4.615615616,T9,7.592848908,3
G10,0,2,0,Soil9,Soil9_CE277,Slurry,HCl_NaOH,4,0.4,20,3.96,CHL,None,Soil9_T9,0.0524,0.1448317836,5460,91,3.8,0.000008,Soil9_CE277_pH5.82,10_20cm,5.822,24.15048544,1.905279126,0.004198859836,4.198859836,1.120752427,1.217914003,3.990990991,T9,12.0693153,3
G11,0,2,0,Soil9,Soil9_CE277,Slurry,HCl_NaOH,13,1.3,20,3.51,CHL,None,Soil9_T9,0.04065,0.01982976363,5460,91,3.8,0.000026,Soil9_CE277_pH5.82,10_20cm,5.822,24.15048544,1.905279126,0.01364629447,13.64629447,1.120752427,1.217914003,3.558558559,T9,1.652480302,3
G12,0,2,0,Soil9,Soil9_CE277,Slurry,HCl_NaOH,38,3.8,20,3.06,CHL,None,Soil9_T9,0.03885,0.000675704317,5460,91,3.8,0.000076,Soil9_CE277_pH5.82,10_20cm,5.822,24.15048544,1.905279126,0.03988916844,39.88916844,1.120752427,1.217914003,3.05,T9,0.05630869308,3
H01,0,2,0,Soil9,Soil9_CE277,Slurry,HCl_NaOH,-75,-7.5,20,8.46,CHL,CHX,Soil9_T9,0.1043,0.6963179672,5460,91,3.8,-0.00015,Soil9_CE277_pH5.82,10_20cm,5.822,24.15048544,1.905279126,-0.07872862193,-78.72862193,1.120752427,1.217914003,8.52,T9,58.02649727,1
H02,0,2,0,Soil9,Soil9_CE277,Slurry,HCl_NaOH,38,3.8,20,3.06,CHL,CHX,Soil9_T9,0.0319,0,5460,91,3.8,0.000076,Soil9_CE277_pH5.82,10_20cm,5.822,24.15048544,1.905279126,0.03988916844,39.88916844,1.120752427,1.217914003,3.174174174,T9,0,1
H03,0,2,0,Soil9,Soil9_CE277,Slurry,HCl_NaOH,0,0,20,4.41,CHL,CHX,Soil9_T9,0.0389,0.001207778798,5460,91,3.8,0,Soil9_CE277_pH5.82,10_20cm,5.822,24.15048544,1.905279126,0,0,1.120752427,1.217914003,4.399399399,T9,0.1006482332,1
H04,0,0,0,Soil9,Soil9_CE277,No_Nitrate,No_Nitrate,0,0,20,4.41,CHL,None,Soil9_T9,0.0383,0,5460,91,3.8,0,Soil9_CE277_pH5.82,10_20cm,5.822,24.15048544,1.905279126,0,0,1.120752427,1.217914003,4.299299299,T9,0,1
H05,0,0,0,Soil9,Soil9_CE277,No_Nitrate,No_Nitrate,0,0,20,4.41,CHL,None,Soil9_T9,0.0405,0.01823364089,5460,91,3.8,0,Soil9_CE277_pH5.82,10_20cm,5.822,24.15048544,1.905279126,0,0,1.120752427,1.217914003,4.299299299,T9,1.519470074,2
H06,0,0,0,Soil9,Soil9_CE277,No_Nitrate,No_Nitrate,0,0,20,4.41,CHL,None,Soil9_T9,0.0429,0.04377053866,5460,91,3.8,0,Soil9_CE277_pH5.82,10_20cm,5.822,24.15048544,1.905279126,0,0,1.120752427,1.217914003,4.299299299,T9,3.647544888,3
H07,0,2,0,Soil9,Soil9_CE277,Slurry,HCl_NaOH,0,0,20,4.41,CHL,None,Soil9_T9,0.0413,0.02674619284,5460,91,3.8,0,Soil9_CE277_pH5.82,10_20cm,5.822,24.15048544,1.905279126,0,0,1.120752427,1.217914003,4.326666667,T9,2.228849403,1
H08,0,2,0,Soil9,Soil9_CE277,Slurry,HCl_NaOH,0,0,20,4.41,CHL,None,Soil9_T9,0.0402,0.01504136875,5460,91,3.8,0,Soil9_CE277_pH5.82,10_20cm,5.822,24.15048544,1.905279126,0,0,1.120752427,1.217914003,4.326666667,T9,1.253447396,2
H09,0,2,0,Soil9,Soil9_CE277,Slurry,HCl_NaOH,0,0,20,4.41,CHL,None,Soil9_T9,0.04125,0.02621416574,5460,91,3.8,0,Soil9_CE277_pH5.82,10_20cm,5.822,24.15048544,1.905279126,0,0,1.120752427,1.217914003,4.326666667,T9,2.184513812,3
E01,0,2,0,Soil10,Soil10_CE253,Slurry,HCl_NaOH,-100,-10,20,8.76,CHL,None,Soil10_T9,0.1063,0.7244367199,5436,90.6,3.8,-0.0002,Soil10_CE253_pH5.97,10_20cm,5.975,24.78941035,1.910709988,-0.1046731326,-104.6731326,1.123947052,1.213903643,8.62,T9,60.36972666,1
E02,0,2,0,Soil10,Soil10_CE253,Slurry,HCl_NaOH,-65,-6.5,20,8.31,CHL,None,Soil10_T9,0.0917,0.5684610347,5436,90.6,3.8,-0.00013,Soil10_CE253_pH5.97,10_20cm,5.975,24.78941035,1.910709988,-0.06803753621,-68.03753621,1.123947052,1.213903643,8.279279279,T9,47.37175289,1
E03,0,2,0,Soil10,Soil10_CE253,Slurry,HCl_NaOH,-26,-2.6,20,7.86,CHL,None,Soil10_T9,0.08365,0.4824247352,5436,90.6,3.8,-0.000052,Soil10_CE253_pH5.97,10_20cm,5.975,24.78941035,1.910709988,-0.02721501449,-27.21501449,1.123947052,1.213903643,7.738738739,T9,40.20206127,1
E04,0,2,0,Soil10,Soil10_CE253,Slurry,HCl_NaOH,-21,-2.1,20,7.41,CHL,None,Soil10_T9,0.0793,0.4359224075,5436,90.6,3.8,-0.000042,Soil10_CE253_pH5.97,10_20cm,5.975,24.78941035,1.910709988,-0.02198135785,-21.98135785,1.123947052,1.213903643,7.462462462,T9,36.32686729,1
E05,0,2,0,Soil10,Soil10_CE253,Slurry,HCl_NaOH,-17,-1.7,20,6.96,CHL,None,Soil10_T9,0.08215,0.4663902952,5436,90.6,3.8,-0.000034,Soil10_CE253_pH5.97,10_20cm,5.975,24.78941035,1.910709988,-0.01779443255,-17.79443255,1.123947052,1.213903643,7.186186186,T9,38.86585793,1
E06,0,2,0,Soil10,Soil10_CE253,Slurry,HCl_NaOH,-14,-1.4,20,6.51,CHL,None,Soil10_T9,0.0719,0.3567977985,5436,90.6,3.8,-0.000028,Soil10_CE253_pH5.97,10_20cm,5.975,24.78941035,1.910709988,-0.01465423857,-14.65423857,1.123947052,1.213903643,6.693693694,T9,29.73314988,1
E07,0,2,0,Soil10,Soil10_CE253,Slurry,HCl_NaOH,-12,-1.2,20,6.06,CHL,None,Soil10_T9,0.0722,0.3600059745,5436,90.6,3.8,-0.000024,Soil10_CE253_pH5.97,10_20cm,5.975,24.78941035,1.910709988,-0.01256077592,-12.56077592,1.123947052,1.213903643,6.465465465,T9,30.00049788,1
E08,0,2,0,Soil10,Soil10_CE253,Slurry,HCl_NaOH,-9,-0.9,20,5.61,CHL,None,Soil10_T9,0.0684,0.3193664458,5436,90.6,3.8,-0.000018,Soil10_CE253_pH5.97,10_20cm,5.975,24.78941035,1.910709988,-0.009420581937,-9.420581937,1.123947052,1.213903643,5.792792793,T9,26.61387048,1
E09,0,2,0,Soil10,Soil10_CE253,Slurry,HCl_NaOH,-6,-0.6,20,5.16,CHL,None,Soil10_T9,0.0606,0.2359305444,5436,90.6,3.8,-0.000012,Soil10_CE253_pH5.97,10_20cm,5.975,24.78941035,1.910709988,-0.006280387958,-6.280387958,1.123947052,1.213903643,5.12012012,T9,19.6608787,1
E10,0,2,0,Soil10,Soil10_CE253,Slurry,HCl_NaOH,-3,-0.3,20,4.71,CHL,None,Soil10_T9,0.0485,0.1064501929,5436,90.6,3.8,-0.000006,Soil10_CE253_pH5.97,10_20cm,5.975,24.78941035,1.910709988,-0.003140193979,-3.140193979,1.123947052,1.213903643,4.615615616,T9,8.870849407,1
E11,0,2,0,Soil10,Soil10_CE253,Slurry,HCl_NaOH,5,0.5,20,3.81,CHL,None,Soil10_T9,0.0417,0.03365887189,5436,90.6,3.8,0.00001,Soil10_CE253_pH5.97,10_20cm,5.975,24.78941035,1.910709988,0.005233656632,5.233656632,1.123947052,1.213903643,3.762762763,T9,2.804905991,1
E12,0,2,0,Soil10,Soil10_CE253,Slurry,HCl_NaOH,14,1.4,20,3.36,CHL,None,Soil10_T9,0.03695,0,5436,90.6,3.8,0.000028,Soil10_CE253_pH5.97,10_20cm,5.975,24.78941035,1.910709988,0.01465423857,14.65423857,1.123947052,1.213903643,3.402402402,T9,0,1
F01,0,2,0,Soil10,Soil10_CE253,Slurry,HCl_NaOH,-100,-10,20,8.76,CHL,None,Soil10_T9,0.10135,0.6715639797,5436,90.6,3.8,-0.0002,Soil10_CE253_pH5.97,10_20cm,5.975,24.78941035,1.910709988,-0.1046731326,-104.6731326,1.123947052,1.213903643,8.62,T9,55.96366498,2
F02,0,2,0,Soil10,Soil10_CE253,Slurry,HCl_NaOH,-65,-6.5,20,8.31,CHL,None,Soil10_T9,0.0821,0.4658557985,5436,90.6,3.8,-0.00013,Soil10_CE253_pH5.97,10_20cm,5.975,24.78941035,1.910709988,-0.06803753621,-68.03753621,1.123947052,1.213903643,8.279279279,T9,38.82131654,2
F03,0,2,0,Soil10,Soil10_CE253,Slurry,HCl_NaOH,-26,-2.6,20,7.86,CHL,None,Soil10_T9,0.0731,0.3696302886,5436,90.6,3.8,-0.000052,Soil10_CE253_pH5.97,10_20cm,5.975,24.78941035,1.910709988,-0.02721501449,-27.21501449,1.123947052,1.213903643,7.738738739,T9,30.80252405,2
F04,0,2,0,Soil10,Soil10_CE253,Slurry,HCl_NaOH,-21,-2.1,20,7.41,CHL,None,Soil10_T9,0.0761,0.4017090199,5436,90.6,3.8,-0.000042,Soil10_CE253_pH5.97,10_20cm,5.975,24.78941035,1.910709988,-0.02198135785,-21.98135785,1.123947052,1.213903643,7.462462462,T9,33.47575165,2
F05,0,2,0,Soil10,Soil10_CE253,Slurry,HCl_NaOH,-17,-1.7,20,6.96,CHL,None,Soil10_T9,0.069,0.3257835937,5436,90.6,3.8,-0.000034,Soil10_CE253_pH5.97,10_20cm,5.975,24.78941035,1.910709988,-0.01779443255,-17.79443255,1.123947052,1.213903643,7.186186186,T9,27.1486328,2
F06,0,2,0,Soil10,Soil10_CE253,Slurry,HCl_NaOH,-14,-1.4,20,6.51,CHL,None,Soil10_T9,0.06545,0.2878133946,5436,90.6,3.8,-0.000028,Soil10_CE253_pH5.97,10_20cm,5.975,24.78941035,1.910709988,-0.01465423857,-14.65423857,1.123947052,1.213903643,6.693693694,T9,23.98444955,2
F07,0,2,0,Soil10,Soil10_CE253,Slurry,HCl_NaOH,-12,-1.2,20,6.06,CHL,None,Soil10_T9,0.0647,0.2797908827,5436,90.6,3.8,-0.000024,Soil10_CE253_pH5.97,10_20cm,5.975,24.78941035,1.910709988,-0.01256077592,-12.56077592,1.123947052,1.213903643,6.465465465,T9,23.3159069,2
F08,0,2,0,Soil10,Soil10_CE253,Slurry,HCl_NaOH,-9,-0.9,20,5.61,CHL,None,Soil10_T9,0.058,0.2081132186,5436,90.6,3.8,-0.000018,Soil10_CE253_pH5.97,10_20cm,5.975,24.78941035,1.910709988,-0.009420581937,-9.420581937,1.123947052,1.213903643,5.792792793,T9,17.34276822,2
F09,0,2,0,Soil10,Soil10_CE253,Slurry,HCl_NaOH,-6,-0.6,20,5.16,CHL,None,Soil10_T9,0.05865,0.2150678014,5436,90.6,3.8,-0.000012,Soil10_CE253_pH5.97,10_20cm,5.975,24.78941035,1.910709988,-0.006280387958,-6.280387958,1.123947052,1.213903643,5.12012012,T9,17.92231678,2
F10,0,2,0,Soil10,Soil10_CE253,Slurry,HCl_NaOH,-3,-0.3,20,4.71,CHL,None,Soil10_T9,0.05265,0.1508652876,5436,90.6,3.8,-0.000006,Soil10_CE253_pH5.97,10_20cm,5.975,24.78941035,1.910709988,-0.003140193979,-3.140193979,1.123947052,1.213903643,4.615615616,T9,12.5721073,2
F11,0,2,0,Soil10,Soil10_CE253,Slurry,HCl_NaOH,5,0.5,20,3.81,CHL,None,Soil10_T9,0.04195,0.03633534857,5436,90.6,3.8,0.00001,Soil10_CE253_pH5.97,10_20cm,5.975,24.78941035,1.910709988,0.005233656632,5.233656632,1.123947052,1.213903643,3.762762763,T9,3.027945714,2
F12,0,2,0,Soil10,Soil10_CE253,Slurry,HCl_NaOH,14,1.4,20,3.36,CHL,None,Soil10_T9,0.03835,0,5436,90.6,3.8,0.000028,Soil10_CE253_pH5.97,10_20cm,5.975,24.78941035,1.910709988,0.01465423857,14.65423857,1.123947052,1.213903643,3.402402402,T9,0,2
G01,0,2,0,Soil10,Soil10_CE253,Slurry,HCl_NaOH,-100,-10,20,8.76,CHL,None,Soil10_T9,0.1069,0.7308448801,5436,90.6,3.8,-0.0002,Soil10_CE253_pH5.97,10_20cm,5.975,24.78941035,1.910709988,-0.1046731326,-104.6731326,1.123947052,1.213903643,8.62,T9,60.90374001,3
G02,0,2,0,Soil10,Soil10_CE253,Slurry,HCl_NaOH,-65,-6.5,20,8.31,CHL,None,Soil10_T9,0.093,0.5823526939,5436,90.6,3.8,-0.00013,Soil10_CE253_pH5.97,10_20cm,5.975,24.78941035,1.910709988,-0.06803753621,-68.03753621,1.123947052,1.213903643,8.279279279,T9,48.52939116,3
G03,0,2,0,Soil10,Soil10_CE253,Slurry,HCl_NaOH,-26,-2.6,20,7.86,CHL,None,Soil10_T9,0.0718,0.3557283986,5436,90.6,3.8,-0.000052,Soil10_CE253_pH5.97,10_20cm,5.975,24.78941035,1.910709988,-0.02721501449,-27.21501449,1.123947052,1.213903643,7.738738739,T9,29.64403322,3
G04,0,2,0,Soil10,Soil10_CE253,Slurry,HCl_NaOH,-21,-2.1,20,7.41,CHL,None,Soil10_T9,0.07435,0.3829968595,5436,90.6,3.8,-0.000042,Soil10_CE253_pH5.97,10_20cm,5.975,24.78941035,1.910709988,-0.02198135785,-21.98135785,1.123947052,1.213903643,7.462462462,T9,31.91640496,3
G05,0,2,0,Soil10,Soil10_CE253,Slurry,HCl_NaOH,-17,-1.7,20,6.96,CHL,None,Soil10_T9,0.07675,0.4086589421,5436,90.6,3.8,-0.000034,Soil10_CE253_pH5.97,10_20cm,5.975,24.78941035,1.910709988,-0.01779443255,-17.79443255,1.123947052,1.213903643,7.186186186,T9,34.05491184,3
G06,0,2,0,Soil10,Soil10_CE253,Slurry,HCl_NaOH,-14,-1.4,20,6.51,CHL,None,Soil10_T9,0.0708,0.3450341818,5436,90.6,3.8,-0.000028,Soil10_CE253_pH5.97,10_20cm,5.975,24.78941035,1.910709988,-0.01465423857,-14.65423857,1.123947052,1.213903643,6.693693694,T9,28.75284849,3
G07,0,2,0,Soil10,Soil10_CE253,Slurry,HCl_NaOH,-12,-1.2,20,6.06,CHL,None,Soil10_T9,0.06985,0.3348743091,5436,90.6,3.8,-0.000024,Soil10_CE253_pH5.97,10_20cm,5.975,24.78941035,1.910709988,-0.01256077592,-12.56077592,1.123947052,1.213903643,6.465465465,T9,27.90619242,3
G08,0,2,0,Soil10,Soil10_CE253,Slurry,HCl_NaOH,-9,-0.9,20,5.61,CHL,None,Soil10_T9,0.0634,0.2658846675,5436,90.6,3.8,-0.000018,Soil10_CE253_pH5.97,10_20cm,5.975,24.78941035,1.910709988,-0.009420581937,-9.420581937,1.123947052,1.213903643,5.792792793,T9,22.15705563,3
G09,0,2,0,Soil10,Soil10_CE253,Slurry,HCl_NaOH,-6,-0.6,20,5.16,CHL,None,Soil10_T9,0.0575,0.2027634256,5436,90.6,3.8,-0.000012,Soil10_CE253_pH5.97,10_20cm,5.975,24.78941035,1.910709988,-0.006280387958,-6.280387958,1.123947052,1.213903643,5.12012012,T9,16.89695213,3
G10,0,2,0,Soil10,Soil10_CE253,Slurry,HCl_NaOH,-3,-0.3,20,4.71,CHL,None,Soil10_T9,0.04875,0.1091259945,5436,90.6,3.8,-0.000006,Soil10_CE253_pH5.97,10_20cm,5.975,24.78941035,1.910709988,-0.003140193979,-3.140193979,1.123947052,1.213903643,4.615615616,T9,9.093832873,3
G11,0,2,0,Soil10,Soil10_CE253,Slurry,HCl_NaOH,5,0.5,20,3.81,CHL,None,Soil10_T9,0.0484,0.1053798653,5436,90.6,3.8,0.00001,Soil10_CE253_pH5.97,10_20cm,5.975,24.78941035,1.910709988,0.005233656632,5.233656632,1.123947052,1.213903643,3.762762763,T9,8.781655441,3
G12,0,2,0,Soil10,Soil10_CE253,Slurry,HCl_NaOH,14,1.4,20,3.36,CHL,None,Soil10_T9,0.03695,0,5436,90.6,3.8,0.000028,Soil10_CE253_pH5.97,10_20cm,5.975,24.78941035,1.910709988,0.01465423857,14.65423857,1.123947052,1.213903643,3.402402402,T9,0,3
H01,0,2,0,Soil10,Soil10_CE253,Slurry,HCl_NaOH,-100,-10,20,8.76,CHL,CHX,Soil10_T9,0.10965,0.7602137977,5436,90.6,3.8,-0.0002,Soil10_CE253_pH5.97,10_20cm,5.975,24.78941035,1.910709988,-0.1046731326,-104.6731326,1.123947052,1.213903643,8.64,T9,63.35114981,1
H02,0,2,0,Soil10,Soil10_CE253,Slurry,HCl_NaOH,14,1.4,20,3.36,CHL,CHX,Soil10_T9,0.05075,0.1305315142,5436,90.6,3.8,0.000028,Soil10_CE253_pH5.97,10_20cm,5.975,24.78941035,1.910709988,0.01465423857,14.65423857,1.123947052,1.213903643,3.414414414,T9,10.87762618,1
H03,0,2,0,Soil10,Soil10_CE253,Slurry,HCl_NaOH,0,0,20,4.26,CHL,CHX,Soil10_T9,0.0556,0.1824333079,5436,90.6,3.8,0,Soil10_CE253_pH5.97,10_20cm,5.975,24.78941035,1.910709988,0,0,1.123947052,1.213903643,4.279279279,T9,15.20277566,1
H04,0,0,0,Soil10,Soil10_CE253,No_Nitrate,No_Nitrate,0,0,20,4.26,CHL,None,Soil10_T9,0.04825,0.1037743665,5436,90.6,3.8,0,Soil10_CE253_pH5.97,10_20cm,5.975,24.78941035,1.910709988,0,0,1.123947052,1.213903643,4.171171171,T9,8.647863872,1
H05,0,0,0,Soil10,Soil10_CE253,No_Nitrate,No_Nitrate,0,0,20,4.26,CHL,None,Soil10_T9,0.0548,0.17387283,5436,90.6,3.8,0,Soil10_CE253_pH5.97,10_20cm,5.975,24.78941035,1.910709988,0,0,1.123947052,1.213903643,4.171171171,T9,14.4894025,2
H06,0,0,0,Soil10,Soil10_CE253,No_Nitrate,No_Nitrate,0,0,20,4.26,CHL,None,Soil10_T9,0.055,0.1760129733,5436,90.6,3.8,0,Soil10_CE253_pH5.97,10_20cm,5.975,24.78941035,1.910709988,0,0,1.123947052,1.213903643,4.171171171,T9,14.66774777,3
H07,0,2,0,Soil10,Soil10_CE253,Slurry,HCl_NaOH,0,0,20,4.26,CHL,None,Soil10_T9,0.0548,0.17387283,5436,90.6,3.8,0,Soil10_CE253_pH5.97,10_20cm,5.975,24.78941035,1.910709988,0,0,1.123947052,1.213903643,4.226666667,T9,14.4894025,1
H08,0,2,0,Soil10,Soil10_CE253,Slurry,HCl_NaOH,0,0,20,4.26,CHL,None,Soil10_T9,0.0497,0.1192938143,5436,90.6,3.8,0,Soil10_CE253_pH5.97,10_20cm,5.975,24.78941035,1.910709988,0,0,1.123947052,1.213903643,4.226666667,T9,9.941151192,2
H09,0,2,0,Soil10,Soil10_CE253,Slurry,HCl_NaOH,0,0,20,4.26,CHL,None,Soil10_T9,0.0502,0.1246451546,5436,90.6,3.8,0,Soil10_CE253_pH5.97,10_20cm,5.975,24.78941035,1.910709988,0,0,1.123947052,1.213903643,4.226666667,T9,10.38709621,3
E01,0,2,0,Soil6,Soil6_CE73,Slurry,HCl_NaOH,-70,-7,20,8.28,CHL,None,Soil6_T9,0.1855,1.736027025,5530,92.2,3.8,-0.00014,Soil6_CE73_pH5.4,10_20cm,5.405,26.9005848,1.928654971,-0.07258944815,-72.58944815,1.134502924,1.217914003,8.42,T9,144.6689187,1
E02,0,2,0,Soil6,Soil6_CE73,Slurry,HCl_NaOH,-40,-4,20,7.83,CHL,None,Soil6_T9,0.12975,1.089280326,5530,92.2,3.8,-0.00008,Soil6_CE73_pH5.4,10_20cm,5.405,26.9005848,1.928654971,-0.04147968466,-41.47968466,1.134502924,1.217914003,7.846846847,T9,90.77336049,1
E03,0,2,0,Soil6,Soil6_CE73,Slurry,HCl_NaOH,-26,-2.6,20,7.38,CHL,None,Soil6_T9,0.12155,0.993711149,5530,92.2,3.8,-0.000052,Soil6_CE73_pH5.4,10_20cm,5.405,26.9005848,1.928654971,-0.02696179503,-26.96179503,1.134502924,1.217914003,7.102102102,T9,82.80926242,1
E04,0,2,0,Soil6,Soil6_CE73,Slurry,HCl_NaOH,-21,-2.1,20,6.93,CHL,None,Soil6_T9,0.10615,0.813917465,5530,92.2,3.8,-0.000042,Soil6_CE73_pH5.4,10_20cm,5.405,26.9005848,1.928654971,-0.02177683445,-21.77683445,1.134502924,1.217914003,6.585585586,T9,67.82645541,1
E05,0,2,0,Soil6,Soil6_CE73,Slurry,HCl_NaOH,-17,-1.7,20,6.48,CHL,None,Soil6_T9,0.0955,0.6893417125,5530,92.2,3.8,-0.000034,Soil6_CE73_pH5.4,10_20cm,5.405,26.9005848,1.928654971,-0.01762886598,-17.62886598,1.134502924,1.217914003,6.213213213,T9,57.44514271,1
E06,0,2,0,Soil6,Soil6_CE73,Slurry,HCl_NaOH,-14,-1.4,20,6.03,CHL,None,Soil6_T9,0.0782,0.486561914,5530,92.2,3.8,-0.000028,Soil6_CE73_pH5.4,10_20cm,5.405,26.9005848,1.928654971,-0.01451788963,-14.51788963,1.134502924,1.217914003,5.804804805,T9,40.54682617,1
E07,0,2,0,Soil6,Soil6_CE73,Slurry,HCl_NaOH,-11,-1.1,20,5.58,CHL,None,Soil6_T9,0.07385,0.4354922629,5530,92.2,3.8,-0.000022,Soil6_CE73_pH5.4,10_20cm,5.405,26.9005848,1.928654971,-0.01140691328,-11.40691328,1.134502924,1.217914003,5.252252252,T9,36.29102191,1
E08,0,2,0,Soil6,Soil6_CE73,Slurry,HCl_NaOH,-7,-0.7,20,5.13,CHL,None,Soil6_T9,0.0664,0.3479515868,5530,92.2,3.8,-0.000014,Soil6_CE73_pH5.4,10_20cm,5.405,26.9005848,1.928654971,-0.007258944815,-7.258944815,1.134502924,1.217914003,4.81981982,T9,28.99596557,1
E09,0,2,0,Soil6,Soil6_CE73,Slurry,HCl_NaOH,-4,-0.4,20,4.68,CHL,None,Soil6_T9,0.06075,0.281497051,5530,92.2,3.8,-0.000008,Soil6_CE73_pH5.4,10_20cm,5.405,26.9005848,1.928654971,-0.004147968466,-4.147968466,1.134502924,1.217914003,4.603603604,T9,23.45808758,1
E10,0,2,0,Soil6,Soil6_CE73,Slurry,HCl_NaOH,7,0.7,20,3.78,CHL,None,Soil6_T9,0.05355,0.1967305957,5530,92.2,3.8,0.000014,Soil6_CE73_pH5.4,10_20cm,5.405,26.9005848,1.928654971,0.007258944815,7.258944815,1.134502924,1.217914003,3.870870871,T9,16.39421631,1
E11,0,2,0,Soil6,Soil6_CE73,Slurry,HCl_NaOH,22,2.2,20,3.33,CHL,None,Soil6_T9,0.04415,0.08592616496,5530,92.2,3.8,0.000044,Soil6_CE73_pH5.4,10_20cm,5.405,26.9005848,1.928654971,0.02281382656,22.81382656,1.134502924,1.217914003,3.426426426,T9,7.160513747,1
E12,0,2,0,Soil6,Soil6_CE73,Slurry,HCl_NaOH,60,6,20,2.88,CHL,None,Soil6_T9,0.03995,0.03636745422,5530,92.2,3.8,0.00012,Soil6_CE73_pH5.4,10_20cm,5.405,26.9005848,1.928654971,0.06221952699,62.21952699,1.134502924,1.217914003,2.88,T9,3.030621185,1
F01,0,2,0,Soil6,Soil6_CE73,Slurry,HCl_NaOH,-70,-7,20,8.28,CHL,None,Soil6_T9,0.154,1.371241915,5530,92.2,3.8,-0.00014,Soil6_CE73_pH5.4,10_20cm,5.405,26.9005848,1.928654971,-0.07258944815,-72.58944815,1.134502924,1.217914003,8.42,T9,114.2701596,2
F02,0,2,0,Soil6,Soil6_CE73,Slurry,HCl_NaOH,-40,-4,20,7.83,CHL,None,Soil6_T9,0.1227,1.007121044,5530,92.2,3.8,-0.00008,Soil6_CE73_pH5.4,10_20cm,5.405,26.9005848,1.928654971,-0.04147968466,-41.47968466,1.134502924,1.217914003,7.846846847,T9,83.9267537,2
F03,0,2,0,Soil6,Soil6_CE73,Slurry,HCl_NaOH,-26,-2.6,20,7.38,CHL,None,Soil6_T9,0.0927,0.6565569695,5530,92.2,3.8,-0.000052,Soil6_CE73_pH5.4,10_20cm,5.405,26.9005848,1.928654971,-0.02696179503,-26.96179503,1.134502924,1.217914003,7.102102102,T9,54.71308079,2
F04,0,2,0,Soil6,Soil6_CE73,Slurry,HCl_NaOH,-21,-2.1,20,6.93,CHL,None,Soil6_T9,0.0909,0.6354739166,5530,92.2,3.8,-0.000042,Soil6_CE73_pH5.4,10_20cm,5.405,26.9005848,1.928654971,-0.02177683445,-21.77683445,1.134502924,1.217914003,6.585585586,T9,52.95615972,2
F05,0,2,0,Soil6,Soil6_CE73,Slurry,HCl_NaOH,-17,-1.7,20,6.48,CHL,None,Soil6_T9,0.077,0.4724770212,5530,92.2,3.8,-0.000034,Soil6_CE73_pH5.4,10_20cm,5.405,26.9005848,1.928654971,-0.01762886598,-17.62886598,1.134502924,1.217914003,6.213213213,T9,39.3730851,2
F06,0,2,0,Soil6,Soil6_CE73,Slurry,HCl_NaOH,-14,-1.4,20,6.03,CHL,None,Soil6_T9,0.0735,0.4313817794,5530,92.2,3.8,-0.000028,Soil6_CE73_pH5.4,10_20cm,5.405,26.9005848,1.928654971,-0.01451788963,-14.51788963,1.134502924,1.217914003,5.804804805,T9,35.94848162,2
F07,0,2,0,Soil6,Soil6_CE73,Slurry,HCl_NaOH,-11,-1.1,20,5.58,CHL,None,Soil6_T9,0.0679,0.365585011,5530,92.2,3.8,-0.000022,Soil6_CE73_pH5.4,10_20cm,5.405,26.9005848,1.928654971,-0.01140691328,-11.40691328,1.134502924,1.217914003,5.252252252,T9,30.46541758,2
F08,0,2,0,Soil6,Soil6_CE73,Slurry,HCl_NaOH,-7,-0.7,20,5.13,CHL,None,Soil6_T9,0.05805,0.2497202845,5530,92.2,3.8,-0.000014,Soil6_CE73_pH5.4,10_20cm,5.405,26.9005848,1.928654971,-0.007258944815,-7.258944815,1.134502924,1.217914003,4.81981982,T9,20.81002371,2
F09,0,2,0,Soil6,Soil6_CE73,Slurry,HCl_NaOH,-4,-0.4,20,4.68,CHL,None,Soil6_T9,0.0555,0.2196971579,5530,92.2,3.8,-0.000008,Soil6_CE73_pH5.4,10_20cm,5.405,26.9005848,1.928654971,-0.004147968466,-4.147968466,1.134502924,1.217914003,4.603603604,T9,18.30809649,2
F10,0,2,0,Soil6,Soil6_CE73,Slurry,HCl_NaOH,7,0.7,20,3.78,CHL,None,Soil6_T9,0.0469,0.1183584575,5530,92.2,3.8,0.000014,Soil6_CE73_pH5.4,10_20cm,5.405,26.9005848,1.928654971,0.007258944815,7.258944815,1.134502924,1.217914003,3.870870871,T9,9.863204788,2
F11,0,2,0,Soil6,Soil6_CE73,Slurry,HCl_NaOH,22,2.2,20,3.33,CHL,None,Soil6_T9,0.0416,0.05584066303,5530,92.2,3.8,0.000044,Soil6_CE73_pH5.4,10_20cm,5.405,26.9005848,1.928654971,0.02281382656,22.81382656,1.134502924,1.217914003,3.426426426,T9,4.653388586,2
F12,0,2,0,Soil6,Soil6_CE73,Slurry,HCl_NaOH,60,6,20,2.88,CHL,None,Soil6_T9,0.0402,0.03931824965,5530,92.2,3.8,0.00012,Soil6_CE73_pH5.4,10_20cm,5.405,26.9005848,1.928654971,0.06221952699,62.21952699,1.134502924,1.217914003,2.88,T9,3.276520804,2
G01,0,2,0,Soil6,Soil6_CE73,Slurry,HCl_NaOH,-70,-7,20,8.28,CHL,None,Soil6_T9,0.25,2.4778587,5530,92.2,3.8,-0.00014,Soil6_CE73_pH5.4,10_20cm,5.405,26.9005848,1.928654971,-0.07258944815,-72.58944815,1.134502924,1.217914003,8.42,T9,206.488225,3
G02,0,2,0,Soil6,Soil6_CE73,Slurry,HCl_NaOH,-40,-4,20,7.83,CHL,None,Soil6_T9,0.17505,1.615194474,5530,92.2,3.8,-0.00008,Soil6_CE73_pH5.4,10_20cm,5.405,26.9005848,1.928654971,-0.04147968466,-41.47968466,1.134502924,1.217914003,7.846846847,T9,134.5995395,3
G03,0,2,0,Soil6,Soil6_CE73,Slurry,HCl_NaOH,-26,-2.6,20,7.38,CHL,None,Soil6_T9,0.15085,1.334672055,5530,92.2,3.8,-0.000052,Soil6_CE73_pH5.4,10_20cm,5.405,26.9005848,1.928654971,-0.02696179503,-26.96179503,1.134502924,1.217914003,7.102102102,T9,111.2226712,3
G04,0,2,0,Soil6,Soil6_CE73,Slurry,HCl_NaOH,-21,-2.1,20,6.93,CHL,None,Soil6_T9,0.1447,1.263225604,5530,92.2,3.8,-0.000042,Soil6_CE73_pH5.4,10_20cm,5.405,26.9005848,1.928654971,-0.02177683445,-21.77683445,1.134502924,1.217914003,6.585585586,T9,105.2688003,3
G05,0,2,0,Soil6,Soil6_CE73,Slurry,HCl_NaOH,-17,-1.7,20,6.48,CHL,None,Soil6_T9,0.11715,0.9423828988,5530,92.2,3.8,-0.000034,Soil6_CE73_pH5.4,10_20cm,5.405,26.9005848,1.928654971,-0.01762886598,-17.62886598,1.134502924,1.217914003,6.213213213,T9,78.53190823,3
G06,0,2,0,Soil6,Soil6_CE73,Slurry,HCl_NaOH,-14,-1.4,20,6.03,CHL,None,Soil6_T9,0.10535,0.8045664356,5530,92.2,3.8,-0.000028,Soil6_CE73_pH5.4,10_20cm,5.405,26.9005848,1.928654971,-0.01451788963,-14.51788963,1.134502924,1.217914003,5.804804805,T9,67.04720296,3
G07,0,2,0,Soil6,Soil6_CE73,Slurry,HCl_NaOH,-11,-1.1,20,5.58,CHL,None,Soil6_T9,0.0881,0.6026669273,5530,92.2,3.8,-0.000022,Soil6_CE73_pH5.4,10_20cm,5.405,26.9005848,1.928654971,-0.01140691328,-11.40691328,1.134502924,1.217914003,5.252252252,T9,50.22224394,3
G08,0,2,0,Soil6,Soil6_CE73,Slurry,HCl_NaOH,-7,-0.7,20,5.13,CHL,None,Soil6_T9,0.0676,0.3620586405,5530,92.2,3.8,-0.000014,Soil6_CE73_pH5.4,10_20cm,5.405,26.9005848,1.928654971,-0.007258944815,-7.258944815,1.134502924,1.217914003,4.81981982,T9,30.17155337,3
G09,0,2,0,Soil6,Soil6_CE73,Slurry,HCl_NaOH,-4,-0.4,20,4.68,CHL,None,Soil6_T9,0.05895,0.2603139594,5530,92.2,3.8,-0.000008,Soil6_CE73_pH5.4,10_20cm,5.405,26.9005848,1.928654971,-0.004147968466,-4.147968466,1.134502924,1.217914003,4.603603604,T9,21.69282995,3
G10,0,2,0,Soil6,Soil6_CE73,Slurry,HCl_NaOH,7,0.7,20,3.78,CHL,None,Soil6_T9,0.0471,0.1207166496,5530,92.2,3.8,0.000014,Soil6_CE73_pH5.4,10_20cm,5.405,26.9005848,1.928654971,0.007258944815,7.258944815,1.134502924,1.217914003,3.870870871,T9,10.0597208,3
G11,0,2,0,Soil6,Soil6_CE73,Slurry,HCl_NaOH,22,2.2,20,3.33,CHL,None,Soil6_T9,0.0473,0.1230747713,5530,92.2,3.8,0.000044,Soil6_CE73_pH5.4,10_20cm,5.405,26.9005848,1.928654971,0.02281382656,22.81382656,1.134502924,1.217914003,3.426426426,T9,10.25623094,3
G12,0,2,0,Soil6,Soil6_CE73,Slurry,HCl_NaOH,60,6,20,2.88,CHL,None,Soil6_T9,0.0476,0.1266118217,5530,92.2,3.8,0.00012,Soil6_CE73_pH5.4,10_20cm,5.405,26.9005848,1.928654971,0.06221952699,62.21952699,1.134502924,1.217914003,2.88,T9,10.55098514,3
H01,0,2,0,Soil6,Soil6_CE73,Slurry,HCl_NaOH,-70,-7,20,8.28,CHL,CHX,Soil6_T9,0.2054,1.965629192,5530,92.2,3.8,-0.00014,Soil6_CE73_pH5.4,10_20cm,5.405,26.9005848,1.928654971,-0.07258944815,-72.58944815,1.134502924,1.217914003,8.44,T9,163.8024326,1
H02,0,2,0,Soil6,Soil6_CE73,Slurry,HCl_NaOH,60,6,20,2.88,CHL,CHX,Soil6_T9,0.06255,0.3026744687,5530,92.2,3.8,0.00012,Soil6_CE73_pH5.4,10_20cm,5.405,26.9005848,1.928654971,0.06221952699,62.21952699,1.134502924,1.217914003,2.90990991,T9,25.22287239,1
H03,0,2,0,Soil6,Soil6_CE73,Slurry,HCl_NaOH,0,0,20,4.23,CHL,CHX,Soil6_T9,0.05895,0.2603139594,5530,92.2,3.8,0,Soil6_CE73_pH5.4,10_20cm,5.405,26.9005848,1.928654971,0,0,1.134502924,1.217914003,4.351351351,T9,21.69282995,1
H04,0,0,0,Soil6,Soil6_CE73,No_Nitrate,No_Nitrate,0,0,20,4.23,CHL,None,Soil6_T9,0.0649,0.3303142324,5530,92.2,3.8,0,Soil6_CE73_pH5.4,10_20cm,5.405,26.9005848,1.928654971,0,0,1.134502924,1.217914003,4.215215215,T9,27.52618603,1
H05,0,0,0,Soil6,Soil6_CE73,No_Nitrate,No_Nitrate,0,0,20,4.23,CHL,None,Soil6_T9,0.05615,0.2273511951,5530,92.2,3.8,0,Soil6_CE73_pH5.4,10_20cm,5.405,26.9005848,1.928654971,0,0,1.134502924,1.217914003,4.215215215,T9,18.94593293,2
H06,0,0,0,Soil6,Soil6_CE73,No_Nitrate,No_Nitrate,0,0,20,4.23,CHL,None,Soil6_T9,0.05585,0.2238186547,5530,92.2,3.8,0,Soil6_CE73_pH5.4,10_20cm,5.405,26.9005848,1.928654971,0,0,1.134502924,1.217914003,4.215215215,T9,18.65155456,3
H07,0,2,0,Soil6,Soil6_CE73,Slurry,HCl_NaOH,0,0,20,4.23,CHL,None,Soil6_T9,0.0665,0.3491272707,5530,92.2,3.8,0,Soil6_CE73_pH5.4,10_20cm,5.405,26.9005848,1.928654971,0,0,1.134502924,1.217914003,4.243333333,T9,29.09393922,1
H08,0,2,0,Soil6,Soil6_CE73,Slurry,HCl_NaOH,0,0,20,4.23,CHL,None,Soil6_T9,0.05205,0.1790594638,5530,92.2,3.8,0,Soil6_CE73_pH5.4,10_20cm,5.405,26.9005848,1.928654971,0,0,1.134502924,1.217914003,4.243333333,T9,14.92162199,2
H09,0,2,0,Soil6,Soil6_CE73,Slurry,HCl_NaOH,0,0,20,4.23,CHL,None,Soil6_T9,0.0512,0.1690440668,5530,92.2,3.8,0,Soil6_CE73_pH5.4,10_20cm,5.405,26.9005848,1.928654971,0,0,1.134502924,1.217914003,4.243333333,T9,14.08700557,3
E01,0,2,0,Soil8,Soil8_CE56a,Slurry,HCl_NaOH,-95,-9.5,20,8.56,CHL,None,Soil8_T9,0.17875,1.642274968,5520,92,3.8,-0.00019,Soil8_CE56a_pH5.55,10_20cm,5.552,24.42563482,1.907617896,-0.09960065923,-99.60065923,1.122128174,1.213903643,8.56,T9,136.8562473,1
E02,0,2,0,Soil8,Soil8_CE56a,Slurry,HCl_NaOH,-40,-4,20,8.11,CHL,None,Soil8_T9,0.1145,0.9014338563,5520,92,3.8,-0.00008,Soil8_CE56a_pH5.55,10_20cm,5.552,24.42563482,1.907617896,-0.04193711968,-41.93711968,1.122128174,1.213903643,8.087087087,T9,75.11948802,1
E03,0,2,0,Soil8,Soil8_CE56a,Slurry,HCl_NaOH,-22,-2.2,20,7.66,CHL,None,Soil8_T9,0.10765,0.8220394406,5520,92,3.8,-0.000044,Soil8_CE56a_pH5.55,10_20cm,5.552,24.42563482,1.907617896,-0.02306541582,-23.06541582,1.122128174,1.213903643,7.39039039,T9,68.50328671,1
E04,0,2,0,Soil8,Soil8_CE56a,Slurry,HCl_NaOH,-17,-1.7,20,7.21,CHL,None,Soil8_T9,0.08855,0.600239742,5520,92,3.8,-0.000034,Soil8_CE56a_pH5.55,10_20cm,5.552,24.42563482,1.907617896,-0.01782327586,-17.82327586,1.122128174,1.213903643,6.885885886,T9,50.0199785,1
E05,0,2,0,Soil8,Soil8_CE56a,Slurry,HCl_NaOH,-13,-1.3,20,6.76,CHL,None,Soil8_T9,0.07945,0.4943456233,5520,92,3.8,-0.000026,Soil8_CE56a_pH5.55,10_20cm,5.552,24.42563482,1.907617896,-0.01362956389,-13.62956389,1.122128174,1.213903643,6.465465465,T9,41.19546861,1
E06,0,2,0,Soil8,Soil8_CE56a,Slurry,HCl_NaOH,-10,-1,20,6.31,CHL,None,Soil8_T9,0.07825,0.4803709255,5520,92,3.8,-0.00002,Soil8_CE56a_pH5.55,10_20cm,5.552,24.42563482,1.907617896,-0.01048427992,-10.48427992,1.122128174,1.213903643,5.900900901,T9,40.03091045,1
E07,0,2,0,Soil8,Soil8_CE56a,Slurry,HCl_NaOH,-8,-0.8,20,5.86,CHL,None,Soil8_T9,0.073,0.4192024099,5520,92,3.8,-0.000016,Soil8_CE56a_pH5.55,10_20cm,5.552,24.42563482,1.907617896,-0.008387423935,-8.387423935,1.122128174,1.213903643,5.48048048,T9,34.93353416,1
E08,0,2,0,Soil8,Soil8_CE56a,Slurry,HCl_NaOH,-5,-0.5,20,5.41,CHL,None,Soil8_T9,0.0679,0.3597359515,5520,92,3.8,-0.00001,Soil8_CE56a_pH5.55,10_20cm,5.552,24.42563482,1.907617896,-0.005242139959,-5.242139959,1.122128174,1.213903643,5.048048048,T9,29.97799596,1
E09,0,2,0,Soil8,Soil8_CE56a,Slurry,HCl_NaOH,-2,-0.2,20,4.96,CHL,None,Soil8_T9,0.05755,0.2389154103,5520,92,3.8,-0.000004,Soil8_CE56a_pH5.55,10_20cm,5.552,24.42563482,1.907617896,-0.002096855984,-2.096855984,1.122128174,1.213903643,4.687687688,T9,19.90961752,1
E10,0,2,0,Soil8,Soil8_CE56a,Slurry,HCl_NaOH,4,0.4,20,4.06,CHL,None,Soil8_T9,0.05375,0.1945094352,5520,92,3.8,0.000008,Soil8_CE56a_pH5.55,10_20cm,5.552,24.42563482,1.907617896,0.004193711968,4.193711968,1.122128174,1.213903643,4.027027027,T9,16.2091196,1
E11,0,2,0,Soil8,Soil8_CE56a,Slurry,HCl_NaOH,10,1,20,3.61,CHL,None,Soil8_T9,0.0535,0.1915871074,5520,92,3.8,0.00002,Soil8_CE56a_pH5.55,10_20cm,5.552,24.42563482,1.907617896,0.01048427992,10.48427992,1.122128174,1.213903643,3.654654655,T9,15.96559228,1
E12,0,2,0,Soil8,Soil8_CE56a,Slurry,HCl_NaOH,30,3,20,3.16,CHL,None,Soil8_T9,0.05605,0.2213897403,5520,92,3.8,0.00006,Soil8_CE56a_pH5.55,10_20cm,5.552,24.42563482,1.907617896,0.03145283976,31.45283976,1.122128174,1.213903643,3.198198198,T9,18.44914502,1
F01,0,2,0,Soil8,Soil8_CE56a,Slurry,HCl_NaOH,-95,-9.5,20,8.56,CHL,None,Soil8_T9,0.1634,1.465906721,5520,92,3.8,-0.00019,Soil8_CE56a_pH5.55,10_20cm,5.552,24.42563482,1.907617896,-0.09960065923,-99.60065923,1.122128174,1.213903643,8.56,T9,122.1588934,2
F02,0,2,0,Soil8,Soil8_CE56a,Slurry,HCl_NaOH,-40,-4,20,8.11,CHL,None,Soil8_T9,0.09935,0.7257318724,5520,92,3.8,-0.00008,Soil8_CE56a_pH5.55,10_20cm,5.552,24.42563482,1.907617896,-0.04193711968,-41.93711968,1.122128174,1.213903643,8.087087087,T9,60.47765603,2
F03,0,2,0,Soil8,Soil8_CE56a,Slurry,HCl_NaOH,-22,-2.2,20,7.66,CHL,None,Soil8_T9,0.08695,0.5816313109,5520,92,3.8,-0.000044,Soil8_CE56a_pH5.55,10_20cm,5.552,24.42563482,1.907617896,-0.02306541582,-23.06541582,1.122128174,1.213903643,7.39039039,T9,48.46927591,2
F04,0,2,0,Soil8,Soil8_CE56a,Slurry,HCl_NaOH,-17,-1.7,20,7.21,CHL,None,Soil8_T9,0.07505,0.4430929217,5520,92,3.8,-0.000034,Soil8_CE56a_pH5.55,10_20cm,5.552,24.42563482,1.907617896,-0.01782327586,-17.82327586,1.122128174,1.213903643,6.885885886,T9,36.92441014,2
F05,0,2,0,Soil8,Soil8_CE56a,Slurry,HCl_NaOH,-13,-1.3,20,6.76,CHL,None,Soil8_T9,0.0779,0.4762945043,5520,92,3.8,-0.000026,Soil8_CE56a_pH5.55,10_20cm,5.552,24.42563482,1.907617896,-0.01362956389,-13.62956389,1.122128174,1.213903643,6.465465465,T9,39.69120869,2
F06,0,2,0,Soil8,Soil8_CE56a,Slurry,HCl_NaOH,-10,-1,20,6.31,CHL,None,Soil8_T9,0.0818,0.5217055524,5520,92,3.8,-0.00002,Soil8_CE56a_pH5.55,10_20cm,5.552,24.42563482,1.907617896,-0.01048427992,-10.48427992,1.122128174,1.213903643,5.900900901,T9,43.4754627,2
F07,0,2,0,Soil8,Soil8_CE56a,Slurry,HCl_NaOH,-8,-0.8,20,5.86,CHL,None,Soil8_T9,0.06805,0.3614856076,5520,92,3.8,-0.000016,Soil8_CE56a_pH5.55,10_20cm,5.552,24.42563482,1.907617896,-0.008387423935,-8.387423935,1.122128174,1.213903643,5.48048048,T9,30.12380063,2
F08,0,2,0,Soil8,Soil8_CE56a,Slurry,HCl_NaOH,-5,-0.5,20,5.41,CHL,None,Soil8_T9,0.0607,0.2757065748,5520,92,3.8,-0.00001,Soil8_CE56a_pH5.55,10_20cm,5.552,24.42563482,1.907617896,-0.005242139959,-5.242139959,1.122128174,1.213903643,5.048048048,T9,22.9755479,2
F09,0,2,0,Soil8,Soil8_CE56a,Slurry,HCl_NaOH,-2,-0.2,20,4.96,CHL,None,Soil8_T9,0.05705,0.2330739555,5520,92,3.8,-0.000004,Soil8_CE56a_pH5.55,10_20cm,5.552,24.42563482,1.907617896,-0.002096855984,-2.096855984,1.122128174,1.213903643,4.687687688,T9,19.42282962,2
F10,0,2,0,Soil8,Soil8_CE56a,Slurry,HCl_NaOH,4,0.4,20,4.06,CHL,None,Soil8_T9,0.05195,0.1734662425,5520,92,3.8,0.000008,Soil8_CE56a_pH5.55,10_20cm,5.552,24.42563482,1.907617896,0.004193711968,4.193711968,1.122128174,1.213903643,4.027027027,T9,14.45552021,2
F11,0,2,0,Soil8,Soil8_CE56a,Slurry,HCl_NaOH,10,1,20,3.61,CHL,None,Soil8_T9,0.05385,0.1956783358,5520,92,3.8,0.00002,Soil8_CE56a_pH5.55,10_20cm,5.552,24.42563482,1.907617896,0.01048427992,10.48427992,1.122128174,1.213903643,3.654654655,T9,16.30652798,2
F12,0,2,0,Soil8,Soil8_CE56a,Slurry,HCl_NaOH,30,3,20,3.16,CHL,None,Soil8_T9,0.0532,0.1880801702,5520,92,3.8,0.00006,Soil8_CE56a_pH5.55,10_20cm,5.552,24.42563482,1.907617896,0.03145283976,31.45283976,1.122128174,1.213903643,3.198198198,T9,15.67334752,2
G01,0,2,0,Soil8,Soil8_CE56a,Slurry,HCl_NaOH,-95,-9.5,20,8.56,CHL,None,Soil8_T9,0.1684,1.523398517,5520,92,3.8,-0.00019,Soil8_CE56a_pH5.55,10_20cm,5.552,24.42563482,1.907617896,-0.09960065923,-99.60065923,1.122128174,1.213903643,8.56,T9,126.9498764,3
G02,0,2,0,Soil8,Soil8_CE56a,Slurry,HCl_NaOH,-40,-4,20,8.11,CHL,None,Soil8_T9,0.0953,0.6786957248,5520,92,3.8,-0.00008,Soil8_CE56a_pH5.55,10_20cm,5.552,24.42563482,1.907617896,-0.04193711968,-41.93711968,1.122128174,1.213903643,8.087087087,T9,56.55797707,3
G03,0,2,0,Soil8,Soil8_CE56a,Slurry,HCl_NaOH,-22,-2.2,20,7.66,CHL,None,Soil8_T9,0.08055,0.5071535828,5520,92,3.8,-0.000044,Soil8_CE56a_pH5.55,10_20cm,5.552,24.42563482,1.907617896,-0.02306541582,-23.06541582,1.122128174,1.213903643,7.39039039,T9,42.26279857,3
G04,0,2,0,Soil8,Soil8_CE56a,Slurry,HCl_NaOH,-17,-1.7,20,7.21,CHL,None,Soil8_T9,0.07535,0.4465884853,5520,92,3.8,-0.000034,Soil8_CE56a_pH5.55,10_20cm,5.552,24.42563482,1.907617896,-0.01782327586,-17.82327586,1.122128174,1.213903643,6.885885886,T9,37.21570711,3
G05,0,2,0,Soil8,Soil8_CE56a,Slurry,HCl_NaOH,-13,-1.3,20,6.76,CHL,None,Soil8_T9,0.07385,0.4291091129,5520,92,3.8,-0.000026,Soil8_CE56a_pH5.55,10_20cm,5.552,24.42563482,1.907617896,-0.01362956389,-13.62956389,1.122128174,1.213903643,6.465465465,T9,35.75909274,3
G06,0,2,0,Soil8,Soil8_CE56a,Slurry,HCl_NaOH,-10,-1,20,6.31,CHL,None,Soil8_T9,0.07015,0.3859767018,5520,92,3.8,-0.00002,Soil8_CE56a_pH5.55,10_20cm,5.552,24.42563482,1.907617896,-0.01048427992,-10.48427992,1.122128174,1.213903643,5.900900901,T9,32.16472515,3
G07,0,2,0,Soil8,Soil8_CE56a,Slurry,HCl_NaOH,-8,-0.8,20,5.86,CHL,None,Soil8_T9,0.0661,0.3387370375,5520,92,3.8,-0.000016,Soil8_CE56a_pH5.55,10_20cm,5.552,24.42563482,1.907617896,-0.008387423935,-8.387423935,1.122128174,1.213903643,5.48048048,T9,28.22808646,3
G08,0,2,0,Soil8,Soil8_CE56a,Slurry,HCl_NaOH,-5,-0.5,20,5.41,CHL,None,Soil8_T9,0.05435,0.2015225774,5520,92,3.8,-0.00001,Soil8_CE56a_pH5.55,10_20cm,5.552,24.42563482,1.907617896,-0.005242139959,-5.242139959,1.122128174,1.213903643,5.048048048,T9,16.79354812,3
G09,0,2,0,Soil8,Soil8_CE56a,Slurry,HCl_NaOH,-2,-0.2,20,4.96,CHL,None,Soil8_T9,0.0532,0.1880801702,5520,92,3.8,-0.000004,Soil8_CE56a_pH5.55,10_20cm,5.552,24.42563482,1.907617896,-0.002096855984,-2.096855984,1.122128174,1.213903643,4.687687688,T9,15.67334752,3
G10,0,2,0,Soil8,Soil8_CE56a,Slurry,HCl_NaOH,4,0.4,20,4.06,CHL,None,Soil8_T9,0.051,0.1623578344,5520,92,3.8,0.000008,Soil8_CE56a_pH5.55,10_20cm,5.552,24.42563482,1.907617896,0.004193711968,4.193711968,1.122128174,1.213903643,4.027027027,T9,13.52981953,3
G11,0,2,0,Soil8,Soil8_CE56a,Slurry,HCl_NaOH,10,1,20,3.61,CHL,None,Soil8_T9,0.0521,0.1752200578,5520,92,3.8,0.00002,Soil8_CE56a_pH5.55,10_20cm,5.552,24.42563482,1.907617896,0.01048427992,10.48427992,1.122128174,1.213903643,3.654654655,T9,14.60167148,3
G12,0,2,0,Soil8,Soil8_CE56a,Slurry,HCl_NaOH,30,3,20,3.16,CHL,None,Soil8_T9,0.0531,0.1869111563,5520,92,3.8,0.00006,Soil8_CE56a_pH5.55,10_20cm,5.552,24.42563482,1.907617896,0.03145283976,31.45283976,1.122128174,1.213903643,3.198198198,T9,15.57592969,3
H01,0,2,0,Soil8,Soil8_CE56a,Slurry,HCl_NaOH,-95,-9.5,20,8.56,CHL,CHX,Soil8_T9,0.2028,1.917823536,5520,92,3.8,-0.00019,Soil8_CE56a_pH5.55,10_20cm,5.552,24.42563482,1.907617896,-0.09960065923,-99.60065923,1.122128174,1.213903643,8.55,T9,159.818628,1
H02,0,2,0,Soil8,Soil8_CE56a,Slurry,HCl_NaOH,30,3,20,3.16,CHL,CHX,Soil8_T9,0.03635,0,5520,92,3.8,0.00006,Soil8_CE56a_pH5.55,10_20cm,5.552,24.42563482,1.907617896,0.03145283976,31.45283976,1.122128174,1.213903643,3.222222222,T9,0,1
H03,0,2,0,Soil8,Soil8_CE56a,Slurry,HCl_NaOH,0,0,20,4.51,CHL,CHX,Soil8_T9,0.04275,0.06582376884,5520,92,3.8,0,Soil8_CE56a_pH5.55,10_20cm,5.552,24.42563482,1.907617896,0,0,1.122128174,1.213903643,4.471471471,T9,5.48531407,1
H04,0,0,0,Soil8,Soil8_CE56a,No_Nitrate,No_Nitrate,0,0,20,4.51,CHL,None,Soil8_T9,0.0379,0.009017814837,5520,92,3.8,0,Soil8_CE56a_pH5.55,10_20cm,5.552,24.42563482,1.907617896,0,0,1.122128174,1.213903643,4.339339339,T9,0.7514845697,1
H05,0,0,0,Soil8,Soil8_CE56a,No_Nitrate,No_Nitrate,0,0,20,4.51,CHL,None,Soil8_T9,0.0409,0.04416038468,5520,92,3.8,0,Soil8_CE56a_pH5.55,10_20cm,5.552,24.42563482,1.907617896,0,0,1.122128174,1.213903643,4.339339339,T9,3.680032057,2
H06,0,0,0,Soil8,Soil8_CE56a,No_Nitrate,No_Nitrate,0,0,20,4.51,CHL,None,Soil8_T9,0.0462,0.1062070401,5520,92,3.8,0,Soil8_CE56a_pH5.55,10_20cm,5.552,24.42563482,1.907617896,0,0,1.122128174,1.213903643,4.339339339,T9,8.850586674,3
H07,0,2,0,Soil8,Soil8_CE56a,Slurry,HCl_NaOH,0,0,20,4.51,CHL,None,Soil8_T9,0.04365,0.07636054423,5520,92,3.8,0,Soil8_CE56a_pH5.55,10_20cm,5.552,24.42563482,1.907617896,0,0,1.122128174,1.213903643,4.39,T9,6.363378686,1
H08,0,2,0,Soil8,Soil8_CE56a,Slurry,HCl_NaOH,0,0,20,4.51,CHL,None,Soil8_T9,0.0458,0.1015259893,5520,92,3.8,0,Soil8_CE56a_pH5.55,10_20cm,5.552,24.42563482,1.907617896,0,0,1.122128174,1.213903643,4.39,T9,8.460499108,2
H09,0,2,0,Soil8,Soil8_CE56a,Slurry,HCl_NaOH,0,0,20,4.51,CHL,None,Soil8_T9,0.0466,0.110887811,5520,92,3.8,0,Soil8_CE56a_pH5.55,10_20cm,5.552,24.42563482,1.907617896,0,0,1.122128174,1.213903643,4.39,T9,9.240650919,3
H10,2,0,0,Soil17,Soil17_Neutral3,Nitrite_Blank,Nitrite,0,0,20,None,CHL,None,Soil17_T9,0.0099,0,5530,92.2,3.8,0,Soil17_Neutral3_pH7.05,10_20cm,7.052,23.7804878,1.902134146,0,0,1.118902439,1.188815209,,T9,0,1
H11,0,2,0,Soil17,Soil17_Neutral3,Nitrate_Blank,Nitrate,0,0,20,None,CHL,None,Soil17_T9,0.0065,0,5530,92.2,3.8,0,Soil17_Neutral3_pH7.05,10_20cm,7.052,23.7804878,1.902134146,0,0,1.118902439,1.188815209,,T9,0,2
H12,0,0,2,Soil17,Soil17_Neutral3,Ammonium_Blank,Ammonium,0,0,20,None,CHL,None,Soil17_T9,0.0077,0,5530,92.2,3.8,0,Soil17_Neutral3_pH7.05,10_20cm,7.052,23.7804878,1.902134146,0,0,1.118902439,1.188815209,,T9,0,3
E12,2,0,0,Soil20,Soil20_CE251,Nitrite_Blank,Nitrite,0,0,20,4.43,CHL,None,Soil20_T9,0.0033,0,5480,91.3,3.8,0,Soil20_CE251_pH8.32,10_20cm,8.323,23.31288344,1.898159509,0,0,1.116564417,1.283617654,,T9,0,1
F12,0,2,0,Soil20,Soil20_CE251,Nitrate_Blank,Nitrate,0,0,20,4.43,CHL,None,Soil20_T9,0.00355,0,5480,91.3,3.8,0,Soil20_CE251_pH8.32,10_20cm,8.323,23.31288344,1.898159509,0,0,1.116564417,1.283617654,,T9,0,2
G12,0,0,2,Soil20,Soil20_CE251,Ammonium_Blank,Ammonium,0,0,20,4.43,CHL,None,Soil20_T9,0.0028,0,5480,91.3,3.8,0,Soil20_CE251_pH8.32,10_20cm,8.323,23.31288344,1.898159509,0,0,1.116564417,1.283617654,,T9,0,3
H10,2,0,0,Soil19,Soil19_Neutral4,Nitrite_Blank,Nitrite,0,0,20,None,CHL,None,Soil19_T9,0.0033,0,5480,91.3,3.8,0,Soil19_Neutral4_pH8.23,10_20cm,8.232,23.87332521,1.902923264,0,0,1.119366626,1.283617654,,T9,0,1
H11,0,2,0,Soil19,Soil19_Neutral4,Nitrate_Blank,Nitrate,0,0,20,None,CHL,None,Soil19_T9,0.0011,0,5480,91.3,3.8,0,Soil19_Neutral4_pH8.23,10_20cm,8.232,23.87332521,1.902923264,0,0,1.119366626,1.283617654,,T9,0,2
H12,0,0,2,Soil19,Soil19_Neutral4,Ammonium_Blank,Ammonium,0,0,20,None,CHL,None,Soil19_T9,0.0018,0,5480,91.3,3.8,0,Soil19_Neutral4_pH8.23,10_20cm,8.232,23.87332521,1.902923264,0,0,1.119366626,1.283617654,,T9,0,3
H10,2,0,0,Soil15,Soil15_Neutral5,Nitrite_Blank,Nitrite,0,0,20,None,CHL,None,Soil15_T9,0.00755,0,5550,92.5,3.9,0,Soil15_Neutral5_pH6.79,10_20cm,6.789,24.24242424,1.906060606,0,0,1.121212121,1.288461828,,T9,0,1
H11,0,2,0,Soil15,Soil15_Neutral5,Nitrate_Blank,Nitrate,0,0,20,None,CHL,None,Soil15_T9,0.00615,0,5550,92.5,3.9,0,Soil15_Neutral5_pH6.79,10_20cm,6.789,24.24242424,1.906060606,0,0,1.121212121,1.288461828,,T9,0,2
H12,0,0,2,Soil15,Soil15_Neutral5,Ammonium_Blank,Ammonium,0,0,20,None,CHL,None,Soil15_T9,0.00695,0,5550,92.5,3.9,0,Soil15_Neutral5_pH6.79,10_20cm,6.789,24.24242424,1.906060606,0,0,1.121212121,1.288461828,,T9,0,3
H10,2,0,0,Soil18,Soil18_Neutral1,Nitrite_Blank,Nitrite,0,0,20,None,CHL,None,Soil18_T9,0.01025,0,5430,90.5,3.8,0,Soil18_Neutral1_pH7.68,10_20cm,7.681,24.24242424,1.906060606,0,0,1.121212121,1.188815209,,T9,0,1
H11,0,2,0,Soil18,Soil18_Neutral1,Nitrate_Blank,Nitrate,0,0,20,None,CHL,None,Soil18_T9,0.0069,0,5430,90.5,3.8,0,Soil18_Neutral1_pH7.68,10_20cm,7.681,24.24242424,1.906060606,0,0,1.121212121,1.188815209,,T9,0,2
H12,0,0,2,Soil18,Soil18_Neutral1,Ammonium_Blank,Ammonium,0,0,20,None,CHL,None,Soil18_T9,0.00505,0,5430,90.5,3.8,0,Soil18_Neutral1_pH7.68,10_20cm,7.681,24.24242424,1.906060606,0,0,1.121212121,1.188815209,,T9,0,3
H10,2,0,0,Soil14,Soil14_Neutral2,Nitrite_Blank,Nitrite,0,0,20,None,CHL,None,Soil14_T9,0.00865,0,5460,91,3.8,0,Soil14_Neutral2_pH6.54,10_20cm,6.545,26.03550296,1.921301775,0,0,1.130177515,1.234836021,,T9,0,1
H11,0,2,0,Soil14,Soil14_Neutral2,Nitrate_Blank,Nitrate,0,0,20,None,CHL,None,Soil14_T9,0.0061,0,5460,91,3.8,0,Soil14_Neutral2_pH6.54,10_20cm,6.545,26.03550296,1.921301775,0,0,1.130177515,1.234836021,,T9,0,2
H12,0,0,2,Soil14,Soil14_Neutral2,Ammonium_Blank,Ammonium,0,0,20,None,CHL,None,Soil14_T9,0.01135,0,5460,91,3.8,0,Soil14_Neutral2_pH6.54,10_20cm,6.545,26.03550296,1.921301775,0,0,1.130177515,1.234836021,,T9,0,3
H10,2,0,0,Soil16,Soil16_Neutral6,Nitrite_Blank,Nitrite,0,0,20,None,CHL,None,Soil16_T9,0.0091,0,5472,91.2,3.8,0,Soil16_Neutral6_pH6.86,10_20cm,6.86,24.05832321,1.904495747,0,0,1.120291616,1.288461828,,T9,0,1
H11,0,2,0,Soil16,Soil16_Neutral6,Nitrate_Blank,Nitrate,0,0,20,None,CHL,None,Soil16_T9,0.0068,0,5472,91.2,3.8,0,Soil16_Neutral6_pH6.86,10_20cm,6.86,24.05832321,1.904495747,0,0,1.120291616,1.288461828,,T9,0,2
H12,0,0,2,Soil16,Soil16_Neutral6,Ammonium_Blank,Ammonium,0,0,20,None,CHL,None,Soil16_T9,0.0028,0,5472,91.2,3.8,0,Soil16_Neutral6_pH6.86,10_20cm,6.86,24.05832321,1.904495747,0,0,1.120291616,1.288461828,,T9,0,3
H10,2,0,0,Soil11,Soil11_CE234,Nitrite_Blank,Nitrite,0,0,20,None,CHL,None,Soil11_T9,0.0093,0,5535,92.2,3.8,0,Soil11_CE234_pH6.19,10_20cm,6.186,25.1497006,1.913772455,0,0,1.125748503,1.22703048,,T9,0,1
H11,0,2,0,Soil11,Soil11_CE234,Nitrate_Blank,Nitrate,0,0,20,None,CHL,None,Soil11_T9,0.00855,0,5535,92.2,3.8,0,Soil11_CE234_pH6.19,10_20cm,6.186,25.1497006,1.913772455,0,0,1.125748503,1.22703048,,T9,0,2
H12,0,0,2,Soil11,Soil11_CE234,Ammonium_Blank,Ammonium,0,0,20,None,CHL,None,Soil11_T9,0.00655,0,5535,92.2,3.8,0,Soil11_CE234_pH6.19,10_20cm,6.186,25.1497006,1.913772455,0,0,1.125748503,1.22703048,,T9,0,3
H10,2,0,0,Soil13,Soil13_Neutral7,Nitrite_Blank,Nitrite,0,0,20,None,CHL,None,Soil13_T9,0.0095,0,5530,92.2,3.8,0,Soil13_Neutral7_pH6.43,10_20cm,6.435,25.05995204,1.913009592,0,0,1.12529976,1.234836021,,T9,0,1
H11,0,2,0,Soil13,Soil13_Neutral7,Nitrate_Blank,Nitrate,0,0,20,None,CHL,None,Soil13_T9,0.0056,0,5530,92.2,3.8,0,Soil13_Neutral7_pH6.43,10_20cm,6.435,25.05995204,1.913009592,0,0,1.12529976,1.234836021,,T9,0,2
H12,0,0,2,Soil13,Soil13_Neutral7,Ammonium_Blank,Ammonium,0,0,20,None,CHL,None,Soil13_T9,0.006,0,5530,92.2,3.8,0,Soil13_Neutral7_pH6.43,10_20cm,6.435,25.05995204,1.913009592,0,0,1.12529976,1.234836021,,T9,0,3
H10,2,0,0,Soil5,Soil5_CE201,Nitrite_Blank,Nitrite,0,0,20,None,CHL,None,Soil5_T9,0.0062,0,5480,91.3,3.8,0,Soil5_CE201_pH5.32,10_20cm,5.324,25.1497006,1.913772455,0,0,1.125748503,1.202267654,,T9,0,1
H11,0,2,0,Soil5,Soil5_CE201,Nitrate_Blank,Nitrate,0,0,20,None,CHL,None,Soil5_T9,0.00625,0,5480,91.3,3.8,0,Soil5_CE201_pH5.32,10_20cm,5.324,25.1497006,1.913772455,0,0,1.125748503,1.202267654,,T9,0,2
H12,0,0,2,Soil5,Soil5_CE201,Ammonium_Blank,Ammonium,0,0,20,None,CHL,None,Soil5_T9,0.0041,0,5480,91.3,3.8,0,Soil5_CE201_pH5.32,10_20cm,5.324,25.1497006,1.913772455,0,0,1.125748503,1.202267654,,T9,0,3
H10,2,0,0,Soil12,Soil12_CE229,Nitrite_Blank,Nitrite,0,0,20,None,CHL,None,Soil12_T9,0.00635,0,5460,91,3.8,0,Soil12_CE229_pH6.26,10_20cm,6.255,24.24242424,1.906060606,0,0,1.121212121,1.22703048,,T9,0,1
H11,0,2,0,Soil12,Soil12_CE229,Nitrate_Blank,Nitrate,0,0,20,None,CHL,None,Soil12_T9,0.0019,0,5460,91,3.8,0,Soil12_CE229_pH6.26,10_20cm,6.255,24.24242424,1.906060606,0,0,1.121212121,1.22703048,,T9,0,2
H12,0,0,2,Soil12,Soil12_CE229,Ammonium_Blank,Ammonium,0,0,20,None,CHL,None,Soil12_T9,0.0018,0,5460,91,3.8,0,Soil12_CE229_pH6.26,10_20cm,6.255,24.24242424,1.906060606,0,0,1.121212121,1.22703048,,T9,0,3
H10,2,0,0,Soil3,Soil3_CE239,Nitrite_Blank,Nitrite,0,0,20,None,CHL,None,Soil3_T9,0.008,0,5546,92.4,3.9,0,Soil3_CE239_pH4.99,10_20cm,4.987,24.78941035,1.910709988,0,0,1.123947052,1.202267654,,T9,0,1
H11,0,2,0,Soil3,Soil3_CE239,Nitrate_Blank,Nitrate,0,0,20,None,CHL,None,Soil3_T9,0.00835,0,5546,92.4,3.9,0,Soil3_CE239_pH4.99,10_20cm,4.987,24.78941035,1.910709988,0,0,1.123947052,1.202267654,,T9,0,2
H12,0,0,2,Soil3,Soil3_CE239,Ammonium_Blank,Ammonium,0,0,20,None,CHL,None,Soil3_T9,0.00645,0,5546,92.4,3.9,0,Soil3_CE239_pH4.99,10_20cm,4.987,24.78941035,1.910709988,0,0,1.123947052,1.202267654,,T9,0,3
H10,2,0,0,Soil9,Soil9_CE277,Nitrite_Blank,Nitrite,0,0,20,None,CHL,None,Soil9_T9,0.0025,0,5460,91,3.8,0,Soil9_CE277_pH5.82,10_20cm,5.822,24.15048544,1.905279126,0,0,1.120752427,1.217914003,,T9,0,1
H11,0,2,0,Soil9,Soil9_CE277,Nitrate_Blank,Nitrate,0,0,20,None,CHL,None,Soil9_T9,0.0023,0,5460,91,3.8,0,Soil9_CE277_pH5.82,10_20cm,5.822,24.15048544,1.905279126,0,0,1.120752427,1.217914003,,T9,0,2
H12,0,0,2,Soil9,Soil9_CE277,Ammonium_Blank,Ammonium,0,0,20,None,CHL,None,Soil9_T9,0.00235,0,5460,91,3.8,0,Soil9_CE277_pH5.82,10_20cm,5.822,24.15048544,1.905279126,0,0,1.120752427,1.217914003,,T9,0,3
H10,2,0,0,Soil10,Soil10_CE253,Nitrite_Blank,Nitrite,0,0,20,None,CHL,None,Soil10_T9,0.0082,0,5436,90.6,3.8,0,Soil10_CE253_pH5.97,10_20cm,5.975,24.78941035,1.910709988,0,0,1.123947052,1.213903643,,T9,0,1
H11,0,2,0,Soil10,Soil10_CE253,Nitrate_Blank,Nitrate,0,0,20,None,CHL,None,Soil10_T9,0.0046,0,5436,90.6,3.8,0,Soil10_CE253_pH5.97,10_20cm,5.975,24.78941035,1.910709988,0,0,1.123947052,1.213903643,,T9,0,2
H12,0,0,2,Soil10,Soil10_CE253,Ammonium_Blank,Ammonium,0,0,20,None,CHL,None,Soil10_T9,0.0007,0,5436,90.6,3.8,0,Soil10_CE253_pH5.97,10_20cm,5.975,24.78941035,1.910709988,0,0,1.123947052,1.213903643,,T9,0,3
H10,2,0,0,Soil6,Soil6_CE73,Nitrite_Blank,Nitrite,0,0,20,None,CHL,None,Soil6_T9,0.00955,0,5530,92.2,3.8,0,Soil6_CE73_pH5.4,10_20cm,5.405,26.9005848,1.928654971,0,0,1.134502924,1.217914003,,T9,0,1
H11,0,2,0,Soil6,Soil6_CE73,Nitrate_Blank,Nitrate,0,0,20,None,CHL,None,Soil6_T9,0.0079,0,5530,92.2,3.8,0,Soil6_CE73_pH5.4,10_20cm,5.405,26.9005848,1.928654971,0,0,1.134502924,1.217914003,,T9,0,2
H12,0,0,2,Soil6,Soil6_CE73,Ammonium_Blank,Ammonium,0,0,20,None,CHL,None,Soil6_T9,0.0074,0,5530,92.2,3.8,0,Soil6_CE73_pH5.4,10_20cm,5.405,26.9005848,1.928654971,0,0,1.134502924,1.217914003,,T9,0,3
H10,2,0,0,Soil8,Soil8_CE56a,Nitrite_Blank,Nitrite,0,0,20,None,CHL,None,Soil8_T9,0.00905,0,5520,92,3.8,0,Soil8_CE56a_pH5.55,10_20cm,5.552,24.42563482,1.907617896,0,0,1.122128174,1.213903643,,T9,0,1
H11,0,2,0,Soil8,Soil8_CE56a,Nitrate_Blank,Nitrate,0,0,20,None,CHL,None,Soil8_T9,0.0088,0,5520,92,3.8,0,Soil8_CE56a_pH5.55,10_20cm,5.552,24.42563482,1.907617896,0,0,1.122128174,1.213903643,,T9,0,2
H12,0,0,2,Soil8,Soil8_CE56a,Ammonium_Blank,Ammonium,0,0,20,None,CHL,None,Soil8_T9,0.00855,0,5520,92,3.8,0,Soil8_CE56a_pH5.55,10_20cm,5.552,24.42563482,1.907617896,0,0,1.122128174,1.213903643,,T9,0,3
E01,0,2,0,Soil17,Soil17_Neutral3,Slurry,HCl_NaOH,-100,-10,20,8.85,CHL,None,Soil17_T0,0.04395,0.1886002616,0,0,0,-0.0002,Soil17_Neutral3_pH7.05,10_20cm,7.052,23.7804878,1.902134146,-0.1051450553,-105.1450553,1.118902439,1.188815209,8.37,T0,15.71668847,1
E02,0,2,0,Soil17,Soil17_Neutral3,Slurry,HCl_NaOH,-40,-4,20,8.4,CHL,None,Soil17_T0,0.0428,0.1734453828,0,0,0,-0.00008,Soil17_Neutral3_pH7.05,10_20cm,7.052,23.7804878,1.902134146,-0.04205802212,-42.05802212,1.118902439,1.188815209,8.279279279,T0,14.4537819,1
E03,0,2,0,Soil17,Soil17_Neutral3,Slurry,HCl_NaOH,-4,-0.4,20,7.95,CHL,None,Soil17_T0,0.0305,0.01134801064,0,0,0,-0.000008,Soil17_Neutral3_pH7.05,10_20cm,7.052,23.7804878,1.902134146,-0.004205802212,-4.205802212,1.118902439,1.188815209,7.762762763,T0,0.9456675533,1
E04,0,2,0,Soil17,Soil17_Neutral3,Slurry,HCl_NaOH,6,0.6,20,7.05,CHL,None,Soil17_T0,0.02875,0,0,0,0,0.000012,Soil17_Neutral3_pH7.05,10_20cm,7.052,23.7804878,1.902134146,0.006308703318,6.308703318,1.118902439,1.188815209,6.225225225,T0,0,1
E05,0,2,0,Soil17,Soil17_Neutral3,Slurry,HCl_NaOH,10,1,20,6.6,CHL,None,Soil17_T0,0.0295,0,0,0,0,0.00002,Soil17_Neutral3_pH7.05,10_20cm,7.052,23.7804878,1.902134146,0.01051450553,10.51450553,1.118902439,1.188815209,5.684684685,T0,0,1
E06,0,2,0,Soil17,Soil17_Neutral3,Slurry,HCl_NaOH,13,1.3,20,6.15,CHL,None,Soil17_T0,0.029,0,0,0,0,0.000026,Soil17_Neutral3_pH7.05,10_20cm,7.052,23.7804878,1.902134146,0.01366885719,13.66885719,1.118902439,1.188815209,5.42042042,T0,0,1
E07,0,2,0,Soil17,Soil17_Neutral3,Slurry,HCl_NaOH,16,1.6,20,5.7,CHL,None,Soil17_T0,0.0344,0.06274593847,0,0,0,0.000032,Soil17_Neutral3_pH7.05,10_20cm,7.052,23.7804878,1.902134146,0.01682320885,16.82320885,1.118902439,1.188815209,4.987987988,T0,5.228828206,1
E08,0,2,0,Soil17,Soil17_Neutral3,Slurry,HCl_NaOH,20,2,20,5.25,CHL,None,Soil17_T0,0.0335,0.05088497712,0,0,0,0.00004,Soil17_Neutral3_pH7.05,10_20cm,7.052,23.7804878,1.902134146,0.02102901106,21.02901106,1.118902439,1.188815209,4.603603604,T0,4.24041476,1
E09,0,2,0,Soil17,Soil17_Neutral3,Slurry,HCl_NaOH,24,2.4,20,4.8,CHL,None,Soil17_T0,0.0309,0.01661964427,0,0,0,0.000048,Soil17_Neutral3_pH7.05,10_20cm,7.052,23.7804878,1.902134146,0.02523481327,25.23481327,1.118902439,1.188815209,4.183183183,T0,1.384970356,1
E10,0,2,0,Soil17,Soil17_Neutral3,Slurry,HCl_NaOH,28,2.8,20,4.35,CHL,None,Soil17_T0,0.02635,0,0,0,0,0.000056,Soil17_Neutral3_pH7.05,10_20cm,7.052,23.7804878,1.902134146,0.02944061548,29.44061548,1.118902439,1.188815209,3.942942943,T0,0,1
E11,0,2,0,Soil17,Soil17_Neutral3,Slurry,HCl_NaOH,36,3.6,20,3.9,CHL,None,Soil17_T0,0.0189,0,0,0,0,0.000072,Soil17_Neutral3_pH7.05,10_20cm,7.052,23.7804878,1.902134146,0.03785221991,37.85221991,1.118902439,1.188815209,3.666666667,T0,0,1
E12,0,2,0,Soil17,Soil17_Neutral3,Slurry,HCl_NaOH,55,5.5,20,3.45,CHL,None,Soil17_T0,0.0142,0,0,0,0,0.00011,Soil17_Neutral3_pH7.05,10_20cm,7.052,23.7804878,1.902134146,0.05782978041,57.82978041,1.118902439,1.188815209,3.306306306,T0,0,1
F01,0,2,0,Soil17,Soil17_Neutral3,Slurry,HCl_NaOH,-100,-10,20,8.85,CHL,None,Soil17_T0,0.0404,0.1418174976,0,0,0,-0.0002,Soil17_Neutral3_pH7.05,10_20cm,7.052,23.7804878,1.902134146,-0.1051450553,-105.1450553,1.118902439,1.188815209,8.37,T0,11.8181248,2
F02,0,2,0,Soil17,Soil17_Neutral3,Slurry,HCl_NaOH,-40,-4,20,8.4,CHL,None,Soil17_T0,0.0407,0.1457710063,0,0,0,-0.00008,Soil17_Neutral3_pH7.05,10_20cm,7.052,23.7804878,1.902134146,-0.04205802212,-42.05802212,1.118902439,1.188815209,8.279279279,T0,12.14758386,2
F03,0,2,0,Soil17,Soil17_Neutral3,Slurry,HCl_NaOH,-4,-0.4,20,7.95,CHL,None,Soil17_T0,0.03015,0.006735321596,0,0,0,-0.000008,Soil17_Neutral3_pH7.05,10_20cm,7.052,23.7804878,1.902134146,-0.004205802212,-4.205802212,1.118902439,1.188815209,7.762762763,T0,0.5612767997,2
F04,0,2,0,Soil17,Soil17_Neutral3,Slurry,HCl_NaOH,6,0.6,20,7.05,CHL,None,Soil17_T0,0.0298,0.002122623576,0,0,0,0.000012,Soil17_Neutral3_pH7.05,10_20cm,7.052,23.7804878,1.902134146,0.006308703318,6.308703318,1.118902439,1.188815209,6.225225225,T0,0.176885298,2
F05,0,2,0,Soil17,Soil17_Neutral3,Slurry,HCl_NaOH,10,1,20,6.6,CHL,None,Soil17_T0,0.0285,0,0,0,0,0.00002,Soil17_Neutral3_pH7.05,10_20cm,7.052,23.7804878,1.902134146,0.01051450553,10.51450553,1.118902439,1.188815209,5.684684685,T0,0,2
F06,0,2,0,Soil17,Soil17_Neutral3,Slurry,HCl_NaOH,13,1.3,20,6.15,CHL,None,Soil17_T0,0.02985,0.002781580986,0,0,0,0.000026,Soil17_Neutral3_pH7.05,10_20cm,7.052,23.7804878,1.902134146,0.01366885719,13.66885719,1.118902439,1.188815209,5.42042042,T0,0.2317984155,2
F07,0,2,0,Soil17,Soil17_Neutral3,Slurry,HCl_NaOH,16,1.6,20,5.7,CHL,None,Soil17_T0,0.03265,0.03968290356,0,0,0,0.000032,Soil17_Neutral3_pH7.05,10_20cm,7.052,23.7804878,1.902134146,0.01682320885,16.82320885,1.118902439,1.188815209,4.987987988,T0,3.30690863,2
F08,0,2,0,Soil17,Soil17_Neutral3,Slurry,HCl_NaOH,20,2,20,5.25,CHL,None,Soil17_T0,0.0303,0.008712189428,0,0,0,0.00004,Soil17_Neutral3_pH7.05,10_20cm,7.052,23.7804878,1.902134146,0.02102901106,21.02901106,1.118902439,1.188815209,4.603603604,T0,0.7260157857,2
F09,0,2,0,Soil17,Soil17_Neutral3,Slurry,HCl_NaOH,24,2.4,20,4.8,CHL,None,Soil17_T0,0.02995,0.004099495255,0,0,0,0.000048,Soil17_Neutral3_pH7.05,10_20cm,7.052,23.7804878,1.902134146,0.02523481327,25.23481327,1.118902439,1.188815209,4.183183183,T0,0.3416246046,2
F10,0,2,0,Soil17,Soil17_Neutral3,Slurry,HCl_NaOH,28,2.8,20,4.35,CHL,None,Soil17_T0,0.0253,0,0,0,0,0.000056,Soil17_Neutral3_pH7.05,10_20cm,7.052,23.7804878,1.902134146,0.02944061548,29.44061548,1.118902439,1.188815209,3.942942943,T0,0,2
F11,0,2,0,Soil17,Soil17_Neutral3,Slurry,HCl_NaOH,36,3.6,20,3.9,CHL,None,Soil17_T0,0.01955,0,0,0,0,0.000072,Soil17_Neutral3_pH7.05,10_20cm,7.052,23.7804878,1.902134146,0.03785221991,37.85221991,1.118902439,1.188815209,3.666666667,T0,0,2
F12,0,2,0,Soil17,Soil17_Neutral3,Slurry,HCl_NaOH,55,5.5,20,3.45,CHL,None,Soil17_T0,0.0157,0,0,0,0,0.00011,Soil17_Neutral3_pH7.05,10_20cm,7.052,23.7804878,1.902134146,0.05782978041,57.82978041,1.118902439,1.188815209,3.306306306,T0,0,2
G01,0,2,0,Soil17,Soil17_Neutral3,Slurry,HCl_NaOH,-100,-10,20,8.85,CHL,None,Soil17_T0,0.04,0.1365461424,0,0,0,-0.0002,Soil17_Neutral3_pH7.05,10_20cm,7.052,23.7804878,1.902134146,-0.1051450553,-105.1450553,1.118902439,1.188815209,8.37,T0,11.3788452,3
G02,0,2,0,Soil17,Soil17_Neutral3,Slurry,HCl_NaOH,-40,-4,20,8.4,CHL,None,Soil17_T0,0.0409,0.1484066752,0,0,0,-0.00008,Soil17_Neutral3_pH7.05,10_20cm,7.052,23.7804878,1.902134146,-0.04205802212,-42.05802212,1.118902439,1.188815209,8.279279279,T0,12.36722293,3
G03,0,2,0,Soil17,Soil17_Neutral3,Slurry,HCl_NaOH,-4,-0.4,20,7.95,CHL,None,Soil17_T0,0.0307,0.01398382892,0,0,0,-0.000008,Soil17_Neutral3_pH7.05,10_20cm,7.052,23.7804878,1.902134146,-0.004205802212,-4.205802212,1.118902439,1.188815209,7.762762763,T0,1.165319077,3
G04,0,2,0,Soil17,Soil17_Neutral3,Slurry,HCl_NaOH,6,0.6,20,7.05,CHL,None,Soil17_T0,0.0333,0.04824919987,0,0,0,0.000012,Soil17_Neutral3_pH7.05,10_20cm,7.052,23.7804878,1.902134146,0.006308703318,6.308703318,1.118902439,1.188815209,6.225225225,T0,4.020766656,3
G05,0,2,0,Soil17,Soil17_Neutral3,Slurry,HCl_NaOH,10,1,20,6.6,CHL,None,Soil17_T0,0.0296,0,0,0,0,0.00002,Soil17_Neutral3_pH7.05,10_20cm,7.052,23.7804878,1.902134146,0.01051450553,10.51450553,1.118902439,1.188815209,5.684684685,T0,0,3
G06,0,2,0,Soil17,Soil17_Neutral3,Slurry,HCl_NaOH,13,1.3,20,6.15,CHL,None,Soil17_T0,0.03065,0.01332487462,0,0,0,0.000026,Soil17_Neutral3_pH7.05,10_20cm,7.052,23.7804878,1.902134146,0.01366885719,13.66885719,1.118902439,1.188815209,5.42042042,T0,1.110406219,3
G07,0,2,0,Soil17,Soil17_Neutral3,Slurry,HCl_NaOH,16,1.6,20,5.7,CHL,None,Soil17_T0,0.03365,0.05286180813,0,0,0,0.000032,Soil17_Neutral3_pH7.05,10_20cm,7.052,23.7804878,1.902134146,0.01682320885,16.82320885,1.118902439,1.188815209,4.987987988,T0,4.405150678,3
G08,0,2,0,Soil17,Soil17_Neutral3,Slurry,HCl_NaOH,20,2,20,5.25,CHL,None,Soil17_T0,0.0331,0.04561341969,0,0,0,0.00004,Soil17_Neutral3_pH7.05,10_20cm,7.052,23.7804878,1.902134146,0.02102901106,21.02901106,1.118902439,1.188815209,4.603603604,T0,3.801118307,3
G09,0,2,0,Soil17,Soil17_Neutral3,Slurry,HCl_NaOH,24,2.4,20,4.8,CHL,None,Soil17_T0,0.0301,0.006076365286,0,0,0,0.000048,Soil17_Neutral3_pH7.05,10_20cm,7.052,23.7804878,1.902134146,0.02523481327,25.23481327,1.118902439,1.188815209,4.183183183,T0,0.5063637738,3
G10,0,2,0,Soil17,Soil17_Neutral3,Slurry,HCl_NaOH,28,2.8,20,4.35,CHL,None,Soil17_T0,0.029,0,0,0,0,0.000056,Soil17_Neutral3_pH7.05,10_20cm,7.052,23.7804878,1.902134146,0.02944061548,29.44061548,1.118902439,1.188815209,3.942942943,T0,0,3
G11,0,2,0,Soil17,Soil17_Neutral3,Slurry,HCl_NaOH,36,3.6,20,3.9,CHL,None,Soil17_T0,0.023,0,0,0,0,0.000072,Soil17_Neutral3_pH7.05,10_20cm,7.052,23.7804878,1.902134146,0.03785221991,37.85221991,1.118902439,1.188815209,3.666666667,T0,0,3
G12,0,2,0,Soil17,Soil17_Neutral3,Slurry,HCl_NaOH,55,5.5,20,3.45,CHL,None,Soil17_T0,0.0211,0,0,0,0,0.00011,Soil17_Neutral3_pH7.05,10_20cm,7.052,23.7804878,1.902134146,0.05782978041,57.82978041,1.118902439,1.188815209,3.306306306,T0,0,3
H01,0,2,0,Soil17,Soil17_Neutral3,Slurry,HCl_NaOH,-100,-10,20,8.85,CHL,CHX,Soil17_T0,0.05135,0.2861162947,0,0,0,-0.0002,Soil17_Neutral3_pH7.05,10_20cm,7.052,23.7804878,1.902134146,-0.1051450553,-105.1450553,1.118902439,1.188815209,8.36,T0,23.84302456,1
H02,0,2,0,Soil17,Soil17_Neutral3,Slurry,HCl_NaOH,55,5.5,20,3.45,CHL,CHX,Soil17_T0,0.034,0.05747440742,0,0,0,0.00011,Soil17_Neutral3_pH7.05,10_20cm,7.052,23.7804878,1.902134146,0.05782978041,57.82978041,1.118902439,1.188815209,3.342342342,T0,4.789533952,1
H03,0,2,0,Soil17,Soil17_Neutral3,Slurry,HCl_NaOH,0,0,20,7.5,CHL,CHX,Soil17_T0,0.0334,0.04956708886,0,0,0,0,Soil17_Neutral3_pH7.05,10_20cm,7.052,23.7804878,1.902134146,0,0,1.118902439,1.188815209,7.33033033,T0,4.130590738,1
H04,0,0,0,Soil17,Soil17_Neutral3,No_Nitrate,No_Nitrate,0,0,20,7.5,CHL,None,Soil17_T0,0.0298,0.002122623576,0,0,0,0,Soil17_Neutral3_pH7.05,10_20cm,7.052,23.7804878,1.902134146,0,0,1.118902439,1.188815209,7.282282282,T0,0.176885298,1
H05,0,0,0,Soil17,Soil17_Neutral3,No_Nitrate,No_Nitrate,0,0,20,7.5,CHL,None,Soil17_T0,0.0295,0,0,0,0,0,Soil17_Neutral3_pH7.05,10_20cm,7.052,23.7804878,1.902134146,0,0,1.118902439,1.188815209,7.282282282,T0,0,2
H06,0,0,0,Soil17,Soil17_Neutral3,No_Nitrate,No_Nitrate,0,0,20,7.5,CHL,None,Soil17_T0,0.0297,0.0008047082078,0,0,0,0,Soil17_Neutral3_pH7.05,10_20cm,7.052,23.7804878,1.902134146,0,0,1.118902439,1.188815209,7.282282282,T0,0.06705901732,3
H07,0,2,0,Soil17,Soil17_Neutral3,Slurry,HCl_NaOH,0,0,20,7.5,CHL,None,Soil17_T0,0.034,0.05747440742,0,0,0,0,Soil17_Neutral3_pH7.05,10_20cm,7.052,23.7804878,1.902134146,0,0,1.118902439,1.188815209,7.333333333,T0,4.789533952,1
H08,0,2,0,Soil17,Soil17_Neutral3,Slurry,HCl_NaOH,0,0,20,7.5,CHL,None,Soil17_T0,0.03055,0.01200696548,0,0,0,0,Soil17_Neutral3_pH7.05,10_20cm,7.052,23.7804878,1.902134146,0,0,1.118902439,1.188815209,7.333333333,T0,1.000580457,2
H09,0,2,0,Soil17,Soil17_Neutral3,Slurry,HCl_NaOH,0,0,20,7.5,CHL,None,Soil17_T0,0.0249,0,0,0,0,0,Soil17_Neutral3_pH7.05,10_20cm,7.052,23.7804878,1.902134146,0,0,1.118902439,1.188815209,7.333333333,T0,0,3
E01,0,2,0,Soil19,Soil19_Neutral4,Slurry,HCl_NaOH,-80,-8,20,9.83,CHL,None,Soil19_T0,0.0341,0.05898262551,0,0,0,-0.00016,Soil19_Neutral4_pH8.23,10_20cm,8.232,23.87332521,1.902923264,-0.08408116239,-84.08116239,1.119366626,1.283617654,8.43,T0,4.915218793,1
E02,0,2,0,Soil19,Soil19_Neutral4,Slurry,HCl_NaOH,65,6.5,20,9.38,CHL,None,Soil19_T0,0.0141,0,0,0,0,0.00013,Soil19_Neutral4_pH8.23,10_20cm,8.232,23.87332521,1.902923264,0.06831594444,68.31594444,1.119366626,1.283617654,7.582582583,T0,0,1
E03,0,2,0,Soil19,Soil19_Neutral4,Slurry,HCl_NaOH,80,8,20,8.93,CHL,None,Soil19_T0,0.0246,0,0,0,0,0.00016,Soil19_Neutral4_pH8.23,10_20cm,8.232,23.87332521,1.902923264,0.08408116239,84.08116239,1.119366626,1.283617654,7.09009009,T0,0,1
E04,0,2,0,Soil19,Soil19_Neutral4,Slurry,HCl_NaOH,90,9,20,8.48,CHL,None,Soil19_T0,0.0285,0,0,0,0,0.00018,Soil19_Neutral4_pH8.23,10_20cm,8.232,23.87332521,1.902923264,0.09459130769,94.59130769,1.119366626,1.283617654,5.336336336,T0,0,1
E05,0,2,0,Soil19,Soil19_Neutral4,Slurry,HCl_NaOH,95,9.5,20,7.58,CHL,None,Soil19_T0,0.0245,0,0,0,0,0.00019,Soil19_Neutral4_pH8.23,10_20cm,8.232,23.87332521,1.902923264,0.09984638034,99.84638034,1.119366626,1.283617654,4.63963964,T0,0,1
E06,0,2,0,Soil19,Soil19_Neutral4,Slurry,HCl_NaOH,100,10,20,7.13,CHL,None,Soil19_T0,0.0239,0,0,0,0,0.0002,Soil19_Neutral4_pH8.23,10_20cm,8.232,23.87332521,1.902923264,0.105101453,105.101453,1.119366626,1.283617654,4.711711712,T0,0,1
E07,0,2,0,Soil20,Soil20_CE251,Slurry,HCl_NaOH,-80,-8,20,6.68,CHL,None,Soil20_T0,0.0332,0.04599741713,0,0,0,-0.00016,Soil20_CE251_pH8.32,10_20cm,8.323,23.31288344,1.898159509,-0.08429217841,-84.29217841,1.116564417,1.283617654,8.51,T0,3.833118094,1
E08,0,2,0,Soil20,Soil20_CE251,Slurry,HCl_NaOH,100,10,20,6.23,CHL,None,Soil20_T0,0.0288,0,0,0,0,0.0002,Soil20_CE251_pH8.32,10_20cm,8.323,23.31288344,1.898159509,0.105365223,105.365223,1.116564417,1.283617654,7.978978979,T0,0,1
E09,0,2,0,Soil20,Soil20_CE251,Slurry,HCl_NaOH,-80,-8,20,5.78,CHL,CHX,Soil20_T0,0.0379,0.1078080143,0,0,0,-0.00016,Soil20_CE251_pH8.32,10_20cm,8.323,23.31288344,1.898159509,-0.08429217841,-84.29217841,1.116564417,1.283617654,8.53,T0,8.984001192,1
E10,0,0,0,Soil20,Soil20_CE251,No_Nitrate,No_Nitrate,0,0,20,5.33,CHL,None,Soil20_T0,0.0131,0,0,0,0,0,Soil20_CE251_pH8.32,10_20cm,8.323,23.31288344,1.898159509,0,0,1.116564417,1.283617654,8.199199199,T0,0,1
E11,0,2,0,Soil20,Soil20_CE251,Slurry,HCl_NaOH,0,0,20,4.88,CHL,None,Soil20_T0,0.0106,0,0,0,0,0,Soil20_CE251_pH8.32,10_20cm,8.323,23.31288344,1.898159509,0,0,1.116564417,1.283617654,8.233333333,T0,0,1
F01,0,2,0,Soil19,Soil19_Neutral4,Slurry,HCl_NaOH,-80,-8,20,9.83,CHL,None,Soil19_T0,0.0223,0,0,0,0,-0.00016,Soil19_Neutral4_pH8.23,10_20cm,8.232,23.87332521,1.902923264,-0.08408116239,-84.08116239,1.119366626,1.283617654,8.43,T0,0,2
F02,0,2,0,Soil19,Soil19_Neutral4,Slurry,HCl_NaOH,65,6.5,20,9.38,CHL,None,Soil19_T0,0.01365,0,0,0,0,0.00013,Soil19_Neutral4_pH8.23,10_20cm,8.232,23.87332521,1.902923264,0.06831594444,68.31594444,1.119366626,1.283617654,7.582582583,T0,0,2
F03,0,2,0,Soil19,Soil19_Neutral4,Slurry,HCl_NaOH,80,8,20,8.93,CHL,None,Soil19_T0,0.0144,0,0,0,0,0.00016,Soil19_Neutral4_pH8.23,10_20cm,8.232,23.87332521,1.902923264,0.08408116239,84.08116239,1.119366626,1.283617654,7.09009009,T0,0,2
F04,0,2,0,Soil19,Soil19_Neutral4,Slurry,HCl_NaOH,90,9,20,8.48,CHL,None,Soil19_T0,0.01545,0,0,0,0,0.00018,Soil19_Neutral4_pH8.23,10_20cm,8.232,23.87332521,1.902923264,0.09459130769,94.59130769,1.119366626,1.283617654,5.336336336,T0,0,2
F05,0,2,0,Soil19,Soil19_Neutral4,Slurry,HCl_NaOH,95,9.5,20,7.58,CHL,None,Soil19_T0,0.0175,0,0,0,0,0.00019,Soil19_Neutral4_pH8.23,10_20cm,8.232,23.87332521,1.902923264,0.09984638034,99.84638034,1.119366626,1.283617654,4.63963964,T0,0,2
F06,0,2,0,Soil19,Soil19_Neutral4,Slurry,HCl_NaOH,100,10,20,7.13,CHL,None,Soil19_T0,0.01585,0,0,0,0,0.0002,Soil19_Neutral4_pH8.23,10_20cm,8.232,23.87332521,1.902923264,0.105101453,105.101453,1.119366626,1.283617654,4.711711712,T0,0,2
F07,0,2,0,Soil20,Soil20_CE251,Slurry,HCl_NaOH,-80,-8,20,6.68,CHL,None,Soil20_T0,0.02665,0,0,0,0,-0.00016,Soil20_CE251_pH8.32,10_20cm,8.323,23.31288344,1.898159509,-0.08429217841,-84.29217841,1.116564417,1.283617654,8.51,T0,0,2
F08,0,2,0,Soil20,Soil20_CE251,Slurry,HCl_NaOH,100,10,20,6.23,CHL,None,Soil20_T0,0.0164,0,0,0,0,0.0002,Soil20_CE251_pH8.32,10_20cm,8.323,23.31288344,1.898159509,0.105365223,105.365223,1.116564417,1.283617654,7.978978979,T0,0,2
F09,0,2,0,Soil20,Soil20_CE251,Slurry,HCl_NaOH,100,10,20,5.78,CHL,CHX,Soil20_T0,0.0226,0,0,0,0,0.0002,Soil20_CE251_pH8.32,10_20cm,8.323,23.31288344,1.898159509,0.105365223,105.365223,1.116564417,1.283617654,7.966966967,T0,0,2
F10,0,0,0,Soil20,Soil20_CE251,No_Nitrate,No_Nitrate,0,0,20,5.33,CHL,None,Soil20_T0,0.01215,0,0,0,0,0,Soil20_CE251_pH8.32,10_20cm,8.323,23.31288344,1.898159509,0,0,1.116564417,1.283617654,8.199199199,T0,0,2
F11,0,2,0,Soil20,Soil20_CE251,Slurry,HCl_NaOH,0,0,20,4.88,CHL,None,Soil20_T0,0.00635,0,0,0,0,0,Soil20_CE251_pH8.32,10_20cm,8.323,23.31288344,1.898159509,0,0,1.116564417,1.283617654,8.233333333,T0,0,2
G01,0,2,0,Soil19,Soil19_Neutral4,Slurry,HCl_NaOH,-80,-8,20,9.83,CHL,None,Soil19_T0,0.01915,0,0,0,0,-0.00016,Soil19_Neutral4_pH8.23,10_20cm,8.232,23.87332521,1.902923264,-0.08408116239,-84.08116239,1.119366626,1.283617654,8.43,T0,0,3
G02,0,2,0,Soil19,Soil19_Neutral4,Slurry,HCl_NaOH,65,6.5,20,9.38,CHL,None,Soil19_T0,0.0161,0,0,0,0,0.00013,Soil19_Neutral4_pH8.23,10_20cm,8.232,23.87332521,1.902923264,0.06831594444,68.31594444,1.119366626,1.283617654,7.582582583,T0,0,3
G03,0,2,0,Soil19,Soil19_Neutral4,Slurry,HCl_NaOH,80,8,20,8.93,CHL,None,Soil19_T0,0.0136,0,0,0,0,0.00016,Soil19_Neutral4_pH8.23,10_20cm,8.232,23.87332521,1.902923264,0.08408116239,84.08116239,1.119366626,1.283617654,7.09009009,T0,0,3
G04,0,2,0,Soil19,Soil19_Neutral4,Slurry,HCl_NaOH,90,9,20,8.48,CHL,None,Soil19_T0,0.0143,0,0,0,0,0.00018,Soil19_Neutral4_pH8.23,10_20cm,8.232,23.87332521,1.902923264,0.09459130769,94.59130769,1.119366626,1.283617654,5.336336336,T0,0,3
G05,0,2,0,Soil19,Soil19_Neutral4,Slurry,HCl_NaOH,95,9.5,20,7.58,CHL,None,Soil19_T0,0.0119,0,0,0,0,0.00019,Soil19_Neutral4_pH8.23,10_20cm,8.232,23.87332521,1.902923264,0.09984638034,99.84638034,1.119366626,1.283617654,4.63963964,T0,0,3
G06,0,2,0,Soil19,Soil19_Neutral4,Slurry,HCl_NaOH,100,10,20,7.13,CHL,None,Soil19_T0,0.0178,0,0,0,0,0.0002,Soil19_Neutral4_pH8.23,10_20cm,8.232,23.87332521,1.902923264,0.105101453,105.101453,1.119366626,1.283617654,4.711711712,T0,0,3
G07,0,2,0,Soil20,Soil20_CE251,Slurry,HCl_NaOH,-80,-8,20,6.68,CHL,None,Soil20_T0,0.0264,0,0,0,0,-0.00016,Soil20_CE251_pH8.32,10_20cm,8.323,23.31288344,1.898159509,-0.08429217841,-84.29217841,1.116564417,1.283617654,8.51,T0,0,3
G08,0,2,0,Soil20,Soil20_CE251,Slurry,HCl_NaOH,100,10,20,6.23,CHL,None,Soil20_T0,0.012,0,0,0,0,0.0002,Soil20_CE251_pH8.32,10_20cm,8.323,23.31288344,1.898159509,0.105365223,105.365223,1.116564417,1.283617654,7.978978979,T0,0,3
G09,0,2,0,Soil20,Soil20_CE251,Slurry,HCl_NaOH,0,0,20,5.78,CHL,CHX,Soil20_T0,0.0119,0,0,0,0,0,Soil20_CE251_pH8.32,10_20cm,8.323,23.31288344,1.898159509,0,0,1.116564417,1.283617654,8.219219219,T0,0,3
G10,0,0,0,Soil20,Soil20_CE251,No_Nitrate,No_Nitrate,0,0,20,5.33,CHL,None,Soil20_T0,0.0075,0,0,0,0,0,Soil20_CE251_pH8.32,10_20cm,8.323,23.31288344,1.898159509,0,0,1.116564417,1.283617654,8.199199199,T0,0,3
G11,0,2,0,Soil20,Soil20_CE251,Slurry,HCl_NaOH,0,0,20,4.88,CHL,None,Soil20_T0,0.0073,0,0,0,0,0,Soil20_CE251_pH8.32,10_20cm,8.323,23.31288344,1.898159509,0,0,1.116564417,1.283617654,8.233333333,T0,0,3
H01,0,2,0,Soil19,Soil19_Neutral4,Slurry,HCl_NaOH,-80,-8,20,9.83,CHL,CHX,Soil19_T0,0.0218,0,0,0,0,-0.00016,Soil19_Neutral4_pH8.23,10_20cm,8.232,23.87332521,1.902923264,-0.08408116239,-84.08116239,1.119366626,1.283617654,8.44,T0,0,1
H02,0,2,0,Soil19,Soil19_Neutral4,Slurry,HCl_NaOH,100,10,20,4.43,CHL,CHX,Soil19_T0,0.00765,0,0,0,0,0.0002,Soil19_Neutral4_pH8.23,10_20cm,8.232,23.87332521,1.902923264,0.105101453,105.101453,1.119366626,1.283617654,4.771771772,T0,0,1
H03,0,2,0,Soil19,Soil19_Neutral4,Slurry,HCl_NaOH,0,0,20,8.03,CHL,CHX,Soil19_T0,0.0069,0,0,0,0,0,Soil19_Neutral4_pH8.23,10_20cm,8.232,23.87332521,1.902923264,0,0,1.119366626,1.283617654,8.171171171,T0,0,1
H04,0,0,0,Soil19,Soil19_Neutral4,No_Nitrate,No_Nitrate,0,0,20,8.03,CHL,None,Soil19_T0,0.0045,0,0,0,0,0,Soil19_Neutral4_pH8.23,10_20cm,8.232,23.87332521,1.902923264,0,0,1.119366626,1.283617654,8.159159159,T0,0,1
H05,0,0,0,Soil19,Soil19_Neutral4,No_Nitrate,No_Nitrate,0,0,20,8.03,CHL,None,Soil19_T0,0.00645,0,0,0,0,0,Soil19_Neutral4_pH8.23,10_20cm,8.232,23.87332521,1.902923264,0,0,1.119366626,1.283617654,8.159159159,T0,0,2
H06,0,0,0,Soil19,Soil19_Neutral4,No_Nitrate,No_Nitrate,0,0,20,8.03,CHL,None,Soil19_T0,0.0052,0,0,0,0,0,Soil19_Neutral4_pH8.23,10_20cm,8.232,23.87332521,1.902923264,0,0,1.119366626,1.283617654,8.159159159,T0,0,3
H07,0,2,0,Soil19,Soil19_Neutral4,Slurry,HCl_NaOH,0,0,20,8.03,CHL,None,Soil19_T0,0.0053,0,0,0,0,0,Soil19_Neutral4_pH8.23,10_20cm,8.232,23.87332521,1.902923264,0,0,1.119366626,1.283617654,8.183333333,T0,0,1
H08,0,2,0,Soil19,Soil19_Neutral4,Slurry,HCl_NaOH,0,0,20,8.03,CHL,None,Soil19_T0,0.0495,0.2620121905,0,0,0,0,Soil19_Neutral4_pH8.23,10_20cm,8.232,23.87332521,1.902923264,0,0,1.119366626,1.283617654,8.183333333,T0,21.8343492,2
H09,0,2,0,Soil19,Soil19_Neutral4,Slurry,HCl_NaOH,0,0,20,8.03,CHL,None,Soil19_T0,0.0042,0,0,0,0,0,Soil19_Neutral4_pH8.23,10_20cm,8.232,23.87332521,1.902923264,0,0,1.119366626,1.283617654,8.183333333,T0,0,3
E01,0,2,0,Soil15,Soil15_Neutral5,Slurry,HCl_NaOH,-100,-10,20,8.8,CHL,None,Soil15_T0,0.04315,0.1353446858,0,0,0,-0.0002,Soil15_Neutral5_pH6.79,10_20cm,6.789,24.24242424,1.906060606,-0.1049284579,-104.9284579,1.121212121,1.288461828,8.52,T0,11.27872382,1
E02,0,2,0,Soil15,Soil15_Neutral5,Slurry,HCl_NaOH,-65,-6.5,20,8.35,CHL,None,Soil15_T0,0.04075,0.1047028889,0,0,0,-0.00013,Soil15_Neutral5_pH6.79,10_20cm,6.789,24.24242424,1.906060606,-0.06820349762,-68.20349762,1.121212121,1.288461828,8.423423423,T0,8.725240743,1
E03,0,2,0,Soil15,Soil15_Neutral5,Slurry,HCl_NaOH,7,0.7,20,7.45,CHL,None,Soil15_T0,0.03155,0,0,0,0,0.000014,Soil15_Neutral5_pH6.79,10_20cm,6.789,24.24242424,1.906060606,0.007344992051,7.344992051,1.121212121,1.288461828,7.354354354,T0,0,1
E04,0,2,0,Soil15,Soil15_Neutral5,Slurry,HCl_NaOH,12,1.2,20,7,CHL,None,Soil15_T0,0.03545,0.03705276379,0,0,0,0.000024,Soil15_Neutral5_pH6.79,10_20cm,6.789,24.24242424,1.906060606,0.01259141494,12.59141494,1.121212121,1.288461828,7.102102102,T0,3.087730316,1
E05,0,2,0,Soil15,Soil15_Neutral5,Slurry,HCl_NaOH,16,1.6,20,6.55,CHL,None,Soil15_T0,0.03655,0.05109141215,0,0,0,0.000032,Soil15_Neutral5_pH6.79,10_20cm,6.789,24.24242424,1.906060606,0.01678855326,16.78855326,1.121212121,1.288461828,5.852852853,T0,4.257617679,1
E06,0,2,0,Soil15,Soil15_Neutral5,Slurry,HCl_NaOH,20,2,20,6.1,CHL,None,Soil15_T0,0.0415,0.1142779294,0,0,0,0.00004,Soil15_Neutral5_pH6.79,10_20cm,6.789,24.24242424,1.906060606,0.02098569157,20.98569157,1.121212121,1.288461828,5.672672673,T0,9.523160783,1
E07,0,2,0,Soil15,Soil15_Neutral5,Slurry,HCl_NaOH,22,2.2,20,5.65,CHL,None,Soil15_T0,0.0348,0.02875767721,0,0,0,0.000044,Soil15_Neutral5_pH6.79,10_20cm,6.789,24.24242424,1.906060606,0.02308426073,23.08426073,1.121212121,1.288461828,5.204204204,T0,2.396473101,1
E08,0,2,0,Soil15,Soil15_Neutral5,Slurry,HCl_NaOH,26,2.6,20,5.2,CHL,None,Soil15_T0,0.03725,0.06002562743,0,0,0,0.000052,Soil15_Neutral5_pH6.79,10_20cm,6.789,24.24242424,1.906060606,0.02728139905,27.28139905,1.121212121,1.288461828,4.6996997,T0,5.002135619,1
E09,0,2,0,Soil15,Soil15_Neutral5,Slurry,HCl_NaOH,30,3,20,4.75,CHL,None,Soil15_T0,0.03775,0.06640746217,0,0,0,0.00006,Soil15_Neutral5_pH6.79,10_20cm,6.789,24.24242424,1.906060606,0.03147853736,31.47853736,1.121212121,1.288461828,4.423423423,T0,5.533955181,1
E10,0,2,0,Soil15,Soil15_Neutral5,Slurry,HCl_NaOH,34,3.4,20,4.3,CHL,None,Soil15_T0,0.0369,0.05555846826,0,0,0,0.000068,Soil15_Neutral5_pH6.79,10_20cm,6.789,24.24242424,1.906060606,0.03567567568,35.67567568,1.121212121,1.288461828,4.159159159,T0,4.629872355,1
E11,0,2,0,Soil15,Soil15_Neutral5,Slurry,HCl_NaOH,40,4,20,3.85,CHL,None,Soil15_T0,0.02715,0,0,0,0,0.00008,Soil15_Neutral5_pH6.79,10_20cm,6.789,24.24242424,1.906060606,0.04197138315,41.97138315,1.121212121,1.288461828,3.942942943,T0,0,1
E12,0,2,0,Soil15,Soil15_Neutral5,Slurry,HCl_NaOH,65,6.5,20,3.4,CHL,None,Soil15_T0,0.0269,0,0,0,0,0.00013,Soil15_Neutral5_pH6.79,10_20cm,6.789,24.24242424,1.906060606,0.06820349762,68.20349762,1.121212121,1.288461828,3.462462462,T0,0,1
F01,0,2,0,Soil15,Soil15_Neutral5,Slurry,HCl_NaOH,-100,-10,20,8.8,CHL,None,Soil15_T0,0.0451,0.1602447183,0,0,0,-0.0002,Soil15_Neutral5_pH6.79,10_20cm,6.789,24.24242424,1.906060606,-0.1049284579,-104.9284579,1.121212121,1.288461828,8.52,T0,13.35372652,2
F02,0,2,0,Soil15,Soil15_Neutral5,Slurry,HCl_NaOH,-65,-6.5,20,8.35,CHL,None,Soil15_T0,0.04285,0.1315141959,0,0,0,-0.00013,Soil15_Neutral5_pH6.79,10_20cm,6.789,24.24242424,1.906060606,-0.06820349762,-68.20349762,1.121212121,1.288461828,8.423423423,T0,10.95951633,2
F03,0,2,0,Soil15,Soil15_Neutral5,Slurry,HCl_NaOH,7,0.7,20,7.45,CHL,None,Soil15_T0,0.03425,0.02173903532,0,0,0,0.000014,Soil15_Neutral5_pH6.79,10_20cm,6.789,24.24242424,1.906060606,0.007344992051,7.344992051,1.121212121,1.288461828,7.354354354,T0,1.811586276,2
F04,0,2,0,Soil15,Soil15_Neutral5,Slurry,HCl_NaOH,12,1.2,20,7,CHL,None,Soil15_T0,0.03785,0.06768385437,0,0,0,0.000024,Soil15_Neutral5_pH6.79,10_20cm,6.789,24.24242424,1.906060606,0.01259141494,12.59141494,1.121212121,1.288461828,7.102102102,T0,5.640321197,2
F05,0,2,0,Soil15,Soil15_Neutral5,Slurry,HCl_NaOH,16,1.6,20,6.55,CHL,None,Soil15_T0,0.03865,0.07789529484,0,0,0,0.000032,Soil15_Neutral5_pH6.79,10_20cm,6.789,24.24242424,1.906060606,0.01678855326,16.78855326,1.121212121,1.288461828,5.852852853,T0,6.49127457,2
F06,0,2,0,Soil15,Soil15_Neutral5,Slurry,HCl_NaOH,20,2,20,6.1,CHL,None,Soil15_T0,0.0428,0.1308757883,0,0,0,0.00004,Soil15_Neutral5_pH6.79,10_20cm,6.789,24.24242424,1.906060606,0.02098569157,20.98569157,1.121212121,1.288461828,5.672672673,T0,10.90631569,2
F07,0,2,0,Soil15,Soil15_Neutral5,Slurry,HCl_NaOH,22,2.2,20,5.65,CHL,None,Soil15_T0,0.0391,0.08363946679,0,0,0,0.000044,Soil15_Neutral5_pH6.79,10_20cm,6.789,24.24242424,1.906060606,0.02308426073,23.08426073,1.121212121,1.288461828,5.204204204,T0,6.969955566,2
F08,0,2,0,Soil15,Soil15_Neutral5,Slurry,HCl_NaOH,26,2.6,20,5.2,CHL,None,Soil15_T0,0.03675,0.05364400302,0,0,0,0.000052,Soil15_Neutral5_pH6.79,10_20cm,6.789,24.24242424,1.906060606,0.02728139905,27.28139905,1.121212121,1.288461828,4.6996997,T0,4.470333585,2
F09,0,2,0,Soil15,Soil15_Neutral5,Slurry,HCl_NaOH,30,3,20,4.75,CHL,None,Soil15_T0,0.03675,0.05364400302,0,0,0,0.00006,Soil15_Neutral5_pH6.79,10_20cm,6.789,24.24242424,1.906060606,0.03147853736,31.47853736,1.121212121,1.288461828,4.423423423,T0,4.470333585,2
F10,0,2,0,Soil15,Soil15_Neutral5,Slurry,HCl_NaOH,34,3.4,20,4.3,CHL,None,Soil15_T0,0.03625,0.04726258893,0,0,0,0.000068,Soil15_Neutral5_pH6.79,10_20cm,6.789,24.24242424,1.906060606,0.03567567568,35.67567568,1.121212121,1.288461828,4.159159159,T0,3.938549077,2
F11,0,2,0,Soil15,Soil15_Neutral5,Slurry,HCl_NaOH,40,4,20,3.85,CHL,None,Soil15_T0,0.03045,0,0,0,0,0.00008,Soil15_Neutral5_pH6.79,10_20cm,6.789,24.24242424,1.906060606,0.04197138315,41.97138315,1.121212121,1.288461828,3.942942943,T0,0,2
F12,0,2,0,Soil15,Soil15_Neutral5,Slurry,HCl_NaOH,65,6.5,20,3.4,CHL,None,Soil15_T0,0.02955,0,0,0,0,0.00013,Soil15_Neutral5_pH6.79,10_20cm,6.789,24.24242424,1.906060606,0.06820349762,68.20349762,1.121212121,1.288461828,3.462462462,T0,0,2
G01,0,2,0,Soil15,Soil15_Neutral5,Slurry,HCl_NaOH,-100,-10,20,8.8,CHL,None,Soil15_T0,0.0509,0.2343252968,0,0,0,-0.0002,Soil15_Neutral5_pH6.79,10_20cm,6.789,24.24242424,1.906060606,-0.1049284579,-104.9284579,1.121212121,1.288461828,8.52,T0,19.52710807,3
G02,0,2,0,Soil15,Soil15_Neutral5,Slurry,HCl_NaOH,-65,-6.5,20,8.35,CHL,None,Soil15_T0,0.05125,0.2387965842,0,0,0,-0.00013,Soil15_Neutral5_pH6.79,10_20cm,6.789,24.24242424,1.906060606,-0.06820349762,-68.20349762,1.121212121,1.288461828,8.423423423,T0,19.89971535,3
G03,0,2,0,Soil15,Soil15_Neutral5,Slurry,HCl_NaOH,7,0.7,20,7.45,CHL,None,Soil15_T0,0.039,0.08236296941,0,0,0,0.000014,Soil15_Neutral5_pH6.79,10_20cm,6.789,24.24242424,1.906060606,0.007344992051,7.344992051,1.121212121,1.288461828,7.354354354,T0,6.863580784,3
G04,0,2,0,Soil15,Soil15_Neutral5,Slurry,HCl_NaOH,12,1.2,20,7,CHL,None,Soil15_T0,0.04055,0.1021496248,0,0,0,0.000024,Soil15_Neutral5_pH6.79,10_20cm,6.789,24.24242424,1.906060606,0.01259141494,12.59141494,1.121212121,1.288461828,7.102102102,T0,8.512468731,3
G05,0,2,0,Soil15,Soil15_Neutral5,Slurry,HCl_NaOH,16,1.6,20,6.55,CHL,None,Soil15_T0,0.04165,0.1161929943,0,0,0,0.000032,Soil15_Neutral5_pH6.79,10_20cm,6.789,24.24242424,1.906060606,0.01678855326,16.78855326,1.121212121,1.288461828,5.852852853,T0,9.682749528,3
G06,0,2,0,Soil15,Soil15_Neutral5,Slurry,HCl_NaOH,20,2,20,6.1,CHL,None,Soil15_T0,0.0426,0.1283221789,0,0,0,0.00004,Soil15_Neutral5_pH6.79,10_20cm,6.789,24.24242424,1.906060606,0.02098569157,20.98569157,1.121212121,1.288461828,5.672672673,T0,10.69351491,3
G07,0,2,0,Soil15,Soil15_Neutral5,Slurry,HCl_NaOH,22,2.2,20,5.65,CHL,None,Soil15_T0,0.0413,0.111724539,0,0,0,0.000044,Soil15_Neutral5_pH6.79,10_20cm,6.789,24.24242424,1.906060606,0.02308426073,23.08426073,1.121212121,1.288461828,5.204204204,T0,9.310378247,3
G08,0,2,0,Soil15,Soil15_Neutral5,Slurry,HCl_NaOH,26,2.6,20,5.2,CHL,None,Soil15_T0,0.04315,0.1353446858,0,0,0,0.000052,Soil15_Neutral5_pH6.79,10_20cm,6.789,24.24242424,1.906060606,0.02728139905,27.28139905,1.121212121,1.288461828,4.6996997,T0,11.27872382,3
G09,0,2,0,Soil15,Soil15_Neutral5,Slurry,HCl_NaOH,30,3,20,4.75,CHL,None,Soil15_T0,0.04115,0.1098095182,0,0,0,0.00006,Soil15_Neutral5_pH6.79,10_20cm,6.789,24.24242424,1.906060606,0.03147853736,31.47853736,1.121212121,1.288461828,4.423423423,T0,9.150793186,3
G10,0,2,0,Soil15,Soil15_Neutral5,Slurry,HCl_NaOH,34,3.4,20,4.3,CHL,None,Soil15_T0,0.041,0.1078945165,0,0,0,0.000068,Soil15_Neutral5_pH6.79,10_20cm,6.789,24.24242424,1.906060606,0.03567567568,35.67567568,1.121212121,1.288461828,4.159159159,T0,8.991209704,3
G11,0,2,0,Soil15,Soil15_Neutral5,Slurry,HCl_NaOH,40,4,20,3.85,CHL,None,Soil15_T0,0.03615,0.04598633134,0,0,0,0.00008,Soil15_Neutral5_pH6.79,10_20cm,6.789,24.24242424,1.906060606,0.04197138315,41.97138315,1.121212121,1.288461828,3.942942943,T0,3.832194279,3
G12,0,2,0,Soil15,Soil15_Neutral5,Slurry,HCl_NaOH,65,6.5,20,3.4,CHL,None,Soil15_T0,0.035,0.0313099737,0,0,0,0.00013,Soil15_Neutral5_pH6.79,10_20cm,6.789,24.24242424,1.906060606,0.06820349762,68.20349762,1.121212121,1.288461828,3.462462462,T0,2.609164475,3
H01,0,2,0,Soil15,Soil15_Neutral5,Slurry,HCl_NaOH,-100,-10,20,8.8,CHL,CHX,Soil15_T0,0.06295,0.3883248515,0,0,0,-0.0002,Soil15_Neutral5_pH6.79,10_20cm,6.789,24.24242424,1.906060606,-0.1049284579,-104.9284579,1.121212121,1.288461828,8.51,T0,32.36040429,1
H02,0,2,0,Soil15,Soil15_Neutral5,Slurry,HCl_NaOH,65,6.5,20,3.4,CHL,CHX,Soil15_T0,0.0458,0.169183973,0,0,0,0.00013,Soil15_Neutral5_pH6.79,10_20cm,6.789,24.24242424,1.906060606,0.06820349762,68.20349762,1.121212121,1.288461828,3.570570571,T0,14.09866441,1
H03,0,2,0,Soil15,Soil15_Neutral5,Slurry,HCl_NaOH,0,0,20,7.9,CHL,CHX,Soil15_T0,0.04165,0.1161929943,0,0,0,0,Soil15_Neutral5_pH6.79,10_20cm,6.789,24.24242424,1.906060606,0,0,1.121212121,1.288461828,7.954954955,T0,9.682749528,1
H04,0,0,0,Soil15,Soil15_Neutral5,No_Nitrate,No_Nitrate,0,0,20,7.9,CHL,None,Soil15_T0,0.0407,0.1040645697,0,0,0,0,Soil15_Neutral5_pH6.79,10_20cm,6.789,24.24242424,1.906060606,0,0,1.121212121,1.288461828,7.930930931,T0,8.672047477,1
H05,0,0,0,Soil15,Soil15_Neutral5,No_Nitrate,No_Nitrate,0,0,20,7.9,CHL,None,Soil15_T0,0.03945,0.08810727392,0,0,0,0,Soil15_Neutral5_pH6.79,10_20cm,6.789,24.24242424,1.906060606,0,0,1.121212121,1.288461828,7.930930931,T0,7.342272827,2
H06,0,0,0,Soil15,Soil15_Neutral5,No_Nitrate,No_Nitrate,0,0,20,7.9,CHL,None,Soil15_T0,0.04265,0.1289605781,0,0,0,0,Soil15_Neutral5_pH6.79,10_20cm,6.789,24.24242424,1.906060606,0,0,1.121212121,1.288461828,7.930930931,T0,10.74671484,3
H07,0,2,0,Soil15,Soil15_Neutral5,Slurry,HCl_NaOH,0,0,20,7.9,CHL,None,Soil15_T0,0.0379,0.06832205362,0,0,0,0,Soil15_Neutral5_pH6.79,10_20cm,6.789,24.24242424,1.906060606,0,0,1.121212121,1.288461828,7.916666667,T0,5.693504468,1
H08,0,2,0,Soil15,Soil15_Neutral5,Slurry,HCl_NaOH,0,0,20,7.9,CHL,None,Soil15_T0,0.03795,0.06896025497,0,0,0,0,Soil15_Neutral5_pH6.79,10_20cm,6.789,24.24242424,1.906060606,0,0,1.121212121,1.288461828,7.916666667,T0,5.746687914,2
H09,0,2,0,Soil15,Soil15_Neutral5,Slurry,HCl_NaOH,0,0,20,7.9,CHL,None,Soil15_T0,0.0366,0.05172955671,0,0,0,0,Soil15_Neutral5_pH6.79,10_20cm,6.789,24.24242424,1.906060606,0,0,1.121212121,1.288461828,7.916666667,T0,4.310796392,3
E01,0,2,0,Soil18,Soil18_Neutral1,Slurry,HCl_NaOH,-100,-10,20,8.91,CHL,None,Soil18_T0,0.031,0,0,0,0,-0.0002,Soil18_Neutral1_pH7.68,10_20cm,7.681,24.24242424,1.906060606,-0.1049284579,-104.9284579,1.121212121,1.188815209,8.38,T0,0,1
E02,0,2,0,Soil18,Soil18_Neutral1,Slurry,HCl_NaOH,-60,-6,20,8.46,CHL,None,Soil18_T0,0.03205,0,0,0,0,-0.00012,Soil18_Neutral1_pH7.68,10_20cm,7.681,24.24242424,1.906060606,-0.06295707472,-62.95707472,1.121212121,1.188815209,8.423423423,T0,0,1
E03,0,2,0,Soil18,Soil18_Neutral1,Slurry,HCl_NaOH,30,3,20,7.56,CHL,None,Soil18_T0,0.0225,0,0,0,0,0.00006,Soil18_Neutral1_pH7.68,10_20cm,7.681,24.24242424,1.906060606,0.03147853736,31.47853736,1.121212121,1.188815209,7.45045045,T0,0,1
E04,0,2,0,Soil18,Soil18_Neutral1,Slurry,HCl_NaOH,34,3.4,20,7.11,CHL,None,Soil18_T0,0.02565,0,0,0,0,0.000068,Soil18_Neutral1_pH7.68,10_20cm,7.681,24.24242424,1.906060606,0.03567567568,35.67567568,1.121212121,1.188815209,7.438438438,T0,0,1
E05,0,2,0,Soil18,Soil18_Neutral1,Slurry,HCl_NaOH,40,4,20,6.66,CHL,None,Soil18_T0,0.02615,0,0,0,0,0.00008,Soil18_Neutral1_pH7.68,10_20cm,7.681,24.24242424,1.906060606,0.04197138315,41.97138315,1.121212121,1.188815209,6.741741742,T0,0,1
E06,0,2,0,Soil18,Soil18_Neutral1,Slurry,HCl_NaOH,45,4.5,20,6.21,CHL,None,Soil18_T0,0.0236,0,0,0,0,0.00009,Soil18_Neutral1_pH7.68,10_20cm,7.681,24.24242424,1.906060606,0.04721780604,47.21780604,1.121212121,1.188815209,5.576576577,T0,0,1
E07,0,2,0,Soil18,Soil18_Neutral1,Slurry,HCl_NaOH,50,5,20,5.76,CHL,None,Soil18_T0,0.02525,0,0,0,0,0.0001,Soil18_Neutral1_pH7.68,10_20cm,7.681,24.24242424,1.906060606,0.05246422893,52.46422893,1.121212121,1.188815209,5.732732733,T0,0,1
E08,0,2,0,Soil18,Soil18_Neutral1,Slurry,HCl_NaOH,55,5.5,20,5.31,CHL,None,Soil18_T0,0.02515,0,0,0,0,0.00011,Soil18_Neutral1_pH7.68,10_20cm,7.681,24.24242424,1.906060606,0.05771065183,57.71065183,1.121212121,1.188815209,4.495495495,T0,0,1
E09,0,2,0,Soil18,Soil18_Neutral1,Slurry,HCl_NaOH,60,6,20,4.86,CHL,None,Soil18_T0,0.0232,0,0,0,0,0.00012,Soil18_Neutral1_pH7.68,10_20cm,7.681,24.24242424,1.906060606,0.06295707472,62.95707472,1.121212121,1.188815209,4.207207207,T0,0,1
E10,0,2,0,Soil18,Soil18_Neutral1,Slurry,HCl_NaOH,65,6.5,20,4.41,CHL,None,Soil18_T0,0.0202,0,0,0,0,0.00013,Soil18_Neutral1_pH7.68,10_20cm,7.681,24.24242424,1.906060606,0.06820349762,68.20349762,1.121212121,1.188815209,4.051051051,T0,0,1
E11,0,2,0,Soil18,Soil18_Neutral1,Slurry,HCl_NaOH,75,7.5,20,3.96,CHL,None,Soil18_T0,0.01735,0,0,0,0,0.00015,Soil18_Neutral1_pH7.68,10_20cm,7.681,24.24242424,1.906060606,0.0786963434,78.6963434,1.121212121,1.188815209,3.534534535,T0,0,1
E12,0,2,0,Soil18,Soil18_Neutral1,Slurry,HCl_NaOH,90,9,20,3.51,CHL,None,Soil18_T0,0.0144,0,0,0,0,0.00018,Soil18_Neutral1_pH7.68,10_20cm,7.681,24.24242424,1.906060606,0.09443561208,94.43561208,1.121212121,1.188815209,3.426426426,T0,0,1
F01,0,2,0,Soil18,Soil18_Neutral1,Slurry,HCl_NaOH,-100,-10,20,8.91,CHL,None,Soil18_T0,0.02675,0,0,0,0,-0.0002,Soil18_Neutral1_pH7.68,10_20cm,7.681,24.24242424,1.906060606,-0.1049284579,-104.9284579,1.121212121,1.188815209,8.38,T0,0,2
F02,0,2,0,Soil18,Soil18_Neutral1,Slurry,HCl_NaOH,-60,-6,20,8.46,CHL,None,Soil18_T0,0.0264,0,0,0,0,-0.00012,Soil18_Neutral1_pH7.68,10_20cm,7.681,24.24242424,1.906060606,-0.06295707472,-62.95707472,1.121212121,1.188815209,8.423423423,T0,0,2
F03,0,2,0,Soil18,Soil18_Neutral1,Slurry,HCl_NaOH,30,3,20,7.56,CHL,None,Soil18_T0,0.01345,0,0,0,0,0.00006,Soil18_Neutral1_pH7.68,10_20cm,7.681,24.24242424,1.906060606,0.03147853736,31.47853736,1.121212121,1.188815209,7.45045045,T0,0,2
F04,0,2,0,Soil18,Soil18_Neutral1,Slurry,HCl_NaOH,34,3.4,20,7.11,CHL,None,Soil18_T0,0.01365,0,0,0,0,0.000068,Soil18_Neutral1_pH7.68,10_20cm,7.681,24.24242424,1.906060606,0.03567567568,35.67567568,1.121212121,1.188815209,7.438438438,T0,0,2
F05,0,2,0,Soil18,Soil18_Neutral1,Slurry,HCl_NaOH,40,4,20,6.66,CHL,None,Soil18_T0,0.01695,0,0,0,0,0.00008,Soil18_Neutral1_pH7.68,10_20cm,7.681,24.24242424,1.906060606,0.04197138315,41.97138315,1.121212121,1.188815209,6.741741742,T0,0,2
F06,0,2,0,Soil18,Soil18_Neutral1,Slurry,HCl_NaOH,45,4.5,20,6.21,CHL,None,Soil18_T0,0.01825,0,0,0,0,0.00009,Soil18_Neutral1_pH7.68,10_20cm,7.681,24.24242424,1.906060606,0.04721780604,47.21780604,1.121212121,1.188815209,5.576576577,T0,0,2
F07,0,2,0,Soil18,Soil18_Neutral1,Slurry,HCl_NaOH,50,5,20,5.76,CHL,None,Soil18_T0,0.02365,0,0,0,0,0.0001,Soil18_Neutral1_pH7.68,10_20cm,7.681,24.24242424,1.906060606,0.05246422893,52.46422893,1.121212121,1.188815209,5.732732733,T0,0,2
F08,0,2,0,Soil18,Soil18_Neutral1,Slurry,HCl_NaOH,55,5.5,20,5.31,CHL,None,Soil18_T0,0.018,0,0,0,0,0.00011,Soil18_Neutral1_pH7.68,10_20cm,7.681,24.24242424,1.906060606,0.05771065183,57.71065183,1.121212121,1.188815209,4.495495495,T0,0,2
F09,0,2,0,Soil18,Soil18_Neutral1,Slurry,HCl_NaOH,60,6,20,4.86,CHL,None,Soil18_T0,0.01705,0,0,0,0,0.00012,Soil18_Neutral1_pH7.68,10_20cm,7.681,24.24242424,1.906060606,0.06295707472,62.95707472,1.121212121,1.188815209,4.207207207,T0,0,2
F10,0,2,0,Soil18,Soil18_Neutral1,Slurry,HCl_NaOH,65,6.5,20,4.41,CHL,None,Soil18_T0,0.01595,0,0,0,0,0.00013,Soil18_Neutral1_pH7.68,10_20cm,7.681,24.24242424,1.906060606,0.06820349762,68.20349762,1.121212121,1.188815209,4.051051051,T0,0,2
F11,0,2,0,Soil18,Soil18_Neutral1,Slurry,HCl_NaOH,75,7.5,20,3.96,CHL,None,Soil18_T0,0.0132,0,0,0,0,0.00015,Soil18_Neutral1_pH7.68,10_20cm,7.681,24.24242424,1.906060606,0.0786963434,78.6963434,1.121212121,1.188815209,3.534534535,T0,0,2
F12,0,2,0,Soil18,Soil18_Neutral1,Slurry,HCl_NaOH,90,9,20,3.51,CHL,None,Soil18_T0,0.01395,0,0,0,0,0.00018,Soil18_Neutral1_pH7.68,10_20cm,7.681,24.24242424,1.906060606,0.09443561208,94.43561208,1.121212121,1.188815209,3.426426426,T0,0,2
G01,0,2,0,Soil18,Soil18_Neutral1,Slurry,HCl_NaOH,-100,-10,20,8.91,CHL,None,Soil18_T0,0.03055,0,0,0,0,-0.0002,Soil18_Neutral1_pH7.68,10_20cm,7.681,24.24242424,1.906060606,-0.1049284579,-104.9284579,1.121212121,1.188815209,8.38,T0,0,3
G02,0,2,0,Soil18,Soil18_Neutral1,Slurry,HCl_NaOH,-60,-6,20,8.46,CHL,None,Soil18_T0,0.02945,0,0,0,0,-0.00012,Soil18_Neutral1_pH7.68,10_20cm,7.681,24.24242424,1.906060606,-0.06295707472,-62.95707472,1.121212121,1.188815209,8.423423423,T0,0,3
G03,0,2,0,Soil18,Soil18_Neutral1,Slurry,HCl_NaOH,30,3,20,7.56,CHL,None,Soil18_T0,0.0168,0,0,0,0,0.00006,Soil18_Neutral1_pH7.68,10_20cm,7.681,24.24242424,1.906060606,0.03147853736,31.47853736,1.121212121,1.188815209,7.45045045,T0,0,3
G04,0,2,0,Soil18,Soil18_Neutral1,Slurry,HCl_NaOH,34,3.4,20,7.11,CHL,None,Soil18_T0,0.01775,0,0,0,0,0.000068,Soil18_Neutral1_pH7.68,10_20cm,7.681,24.24242424,1.906060606,0.03567567568,35.67567568,1.121212121,1.188815209,7.438438438,T0,0,3
G05,0,2,0,Soil18,Soil18_Neutral1,Slurry,HCl_NaOH,40,4,20,6.66,CHL,None,Soil18_T0,0.01395,0,0,0,0,0.00008,Soil18_Neutral1_pH7.68,10_20cm,7.681,24.24242424,1.906060606,0.04197138315,41.97138315,1.121212121,1.188815209,6.741741742,T0,0,3
G06,0,2,0,Soil18,Soil18_Neutral1,Slurry,HCl_NaOH,45,4.5,20,6.21,CHL,None,Soil18_T0,0.01605,0,0,0,0,0.00009,Soil18_Neutral1_pH7.68,10_20cm,7.681,24.24242424,1.906060606,0.04721780604,47.21780604,1.121212121,1.188815209,5.576576577,T0,0,3
G07,0,2,0,Soil18,Soil18_Neutral1,Slurry,HCl_NaOH,50,5,20,5.76,CHL,None,Soil18_T0,0.01505,0,0,0,0,0.0001,Soil18_Neutral1_pH7.68,10_20cm,7.681,24.24242424,1.906060606,0.05246422893,52.46422893,1.121212121,1.188815209,5.732732733,T0,0,3
G08,0,2,0,Soil18,Soil18_Neutral1,Slurry,HCl_NaOH,55,5.5,20,5.31,CHL,None,Soil18_T0,0.0179,0,0,0,0,0.00011,Soil18_Neutral1_pH7.68,10_20cm,7.681,24.24242424,1.906060606,0.05771065183,57.71065183,1.121212121,1.188815209,4.495495495,T0,0,3
G09,0,2,0,Soil18,Soil18_Neutral1,Slurry,HCl_NaOH,60,6,20,4.86,CHL,None,Soil18_T0,0.0197,0,0,0,0,0.00012,Soil18_Neutral1_pH7.68,10_20cm,7.681,24.24242424,1.906060606,0.06295707472,62.95707472,1.121212121,1.188815209,4.207207207,T0,0,3
G10,0,2,0,Soil18,Soil18_Neutral1,Slurry,HCl_NaOH,65,6.5,20,4.41,CHL,None,Soil18_T0,0.01695,0,0,0,0,0.00013,Soil18_Neutral1_pH7.68,10_20cm,7.681,24.24242424,1.906060606,0.06820349762,68.20349762,1.121212121,1.188815209,4.051051051,T0,0,3
G11,0,2,0,Soil18,Soil18_Neutral1,Slurry,HCl_NaOH,75,7.5,20,3.96,CHL,None,Soil18_T0,0.0192,0,0,0,0,0.00015,Soil18_Neutral1_pH7.68,10_20cm,7.681,24.24242424,1.906060606,0.0786963434,78.6963434,1.121212121,1.188815209,3.534534535,T0,0,3
G12,0,2,0,Soil18,Soil18_Neutral1,Slurry,HCl_NaOH,90,9,20,3.51,CHL,None,Soil18_T0,0.0165,0,0,0,0,0.00018,Soil18_Neutral1_pH7.68,10_20cm,7.681,24.24242424,1.906060606,0.09443561208,94.43561208,1.121212121,1.188815209,3.426426426,T0,0,3
H01,0,2,0,Soil18,Soil18_Neutral1,Slurry,HCl_NaOH,-100,-10,20,8.91,CHL,CHX,Soil18_T0,0.02845,0,0,0,0,-0.0002,Soil18_Neutral1_pH7.68,10_20cm,7.681,24.24242424,1.906060606,-0.1049284579,-104.9284579,1.121212121,1.188815209,8.39,T0,0,1
H02,0,2,0,Soil18,Soil18_Neutral1,Slurry,HCl_NaOH,90,9,20,3.51,CHL,CHX,Soil18_T0,0.01245,0,0,0,0,0.00018,Soil18_Neutral1_pH7.68,10_20cm,7.681,24.24242424,1.906060606,0.09443561208,94.43561208,1.121212121,1.188815209,4.291291291,T0,0,1
H03,0,2,0,Soil18,Soil18_Neutral1,Slurry,HCl_NaOH,0,0,20,8.01,CHL,CHX,Soil18_T0,0.0145,0,0,0,0,0,Soil18_Neutral1_pH7.68,10_20cm,7.681,24.24242424,1.906060606,0,0,1.121212121,1.188815209,7.966966967,T0,0,1
H04,0,0,0,Soil18,Soil18_Neutral1,No_Nitrate,No_Nitrate,0,0,20,8.01,CHL,None,Soil18_T0,0.00885,0,0,0,0,0,Soil18_Neutral1_pH7.68,10_20cm,7.681,24.24242424,1.906060606,0,0,1.121212121,1.188815209,8.003003003,T0,0,1
H05,0,0,0,Soil18,Soil18_Neutral1,No_Nitrate,No_Nitrate,0,0,20,8.01,CHL,None,Soil18_T0,0.00875,0,0,0,0,0,Soil18_Neutral1_pH7.68,10_20cm,7.681,24.24242424,1.906060606,0,0,1.121212121,1.188815209,8.003003003,T0,0,2
H06,0,0,0,Soil18,Soil18_Neutral1,No_Nitrate,No_Nitrate,0,0,20,8.01,CHL,None,Soil18_T0,0.00565,0,0,0,0,0,Soil18_Neutral1_pH7.68,10_20cm,7.681,24.24242424,1.906060606,0,0,1.121212121,1.188815209,8.003003003,T0,0,3
H07,0,2,0,Soil18,Soil18_Neutral1,Slurry,HCl_NaOH,0,0,20,8.01,CHL,None,Soil18_T0,0.0061,0,0,0,0,0,Soil18_Neutral1_pH7.68,10_20cm,7.681,24.24242424,1.906060606,0,0,1.121212121,1.188815209,7.973333333,T0,0,1
H08,0,2,0,Soil18,Soil18_Neutral1,Slurry,HCl_NaOH,0,0,20,8.01,CHL,None,Soil18_T0,0.00775,0,0,0,0,0,Soil18_Neutral1_pH7.68,10_20cm,7.681,24.24242424,1.906060606,0,0,1.121212121,1.188815209,7.973333333,T0,0,2
H09,0,2,0,Soil18,Soil18_Neutral1,Slurry,HCl_NaOH,0,0,20,8.01,CHL,None,Soil18_T0,0.00695,0,0,0,0,0,Soil18_Neutral1_pH7.68,10_20cm,7.681,24.24242424,1.906060606,0,0,1.121212121,1.188815209,7.973333333,T0,0,3
E01,0,2,0,Soil14,Soil14_Neutral2,Slurry,HCl_NaOH,-90,-9,20,8.32,CHL,None,Soil14_T0,0.0652,0.3393423848,0,0,0,-0.00018,Soil14_Neutral2_pH6.54,10_20cm,6.545,26.03550296,1.921301775,-0.09368647983,-93.68647983,1.130177515,1.234836021,8.62,T0,28.27853206,1
E02,0,2,0,Soil14,Soil14_Neutral2,Slurry,HCl_NaOH,-23,-2.3,20,7.87,CHL,None,Soil14_T0,0.043,0.08145998693,0,0,0,-0.000046,Soil14_Neutral2_pH6.54,10_20cm,6.545,26.03550296,1.921301775,-0.0239421004,-23.9421004,1.130177515,1.234836021,7.942942943,T0,6.788332244,1
E03,0,2,0,Soil14,Soil14_Neutral2,Slurry,HCl_NaOH,-8,-0.8,20,7.42,CHL,None,Soil14_T0,0.03705,0.01232499139,0,0,0,-0.000016,Soil14_Neutral2_pH6.54,10_20cm,6.545,26.03550296,1.921301775,-0.008327687096,-8.327687096,1.130177515,1.234836021,7.318318318,T0,1.027082616,1
E04,0,2,0,Soil14,Soil14_Neutral2,Slurry,HCl_NaOH,-5,-0.5,20,6.97,CHL,None,Soil14_T0,0.03725,0.01464897952,0,0,0,-0.00001,Soil14_Neutral2_pH6.54,10_20cm,6.545,26.03550296,1.921301775,-0.005204804435,-5.204804435,1.130177515,1.234836021,6.873873874,T0,1.220748293,1
E05,0,2,0,Soil14,Soil14_Neutral2,Slurry,HCl_NaOH,-2,-0.2,20,6.52,CHL,None,Soil14_T0,0.0407,0.05473643077,0,0,0,-0.000004,Soil14_Neutral2_pH6.54,10_20cm,6.545,26.03550296,1.921301775,-0.002081921774,-2.081921774,1.130177515,1.234836021,6.225225225,T0,4.561369231,1
E06,0,2,0,Soil14,Soil14_Neutral2,Slurry,HCl_NaOH,2,0.2,20,5.62,CHL,None,Soil14_T0,0.0354,0,0,0,0,0.000004,Soil14_Neutral2_pH6.54,10_20cm,6.545,26.03550296,1.921301775,0.002081921774,2.081921774,1.130177515,1.234836021,5.384384384,T0,0,1
E07,0,2,0,Soil14,Soil14_Neutral2,Slurry,HCl_NaOH,5,0.5,20,5.17,CHL,None,Soil14_T0,0.03805,0.02394484665,0,0,0,0.00001,Soil14_Neutral2_pH6.54,10_20cm,6.545,26.03550296,1.921301775,0.005204804435,5.204804435,1.130177515,1.234836021,5.12012012,T0,1.995403888,1
E08,0,2,0,Soil14,Soil14_Neutral2,Slurry,HCl_NaOH,9,0.9,20,4.72,CHL,None,Soil14_T0,0.0384,0.02801174556,0,0,0,0.000018,Soil14_Neutral2_pH6.54,10_20cm,6.545,26.03550296,1.921301775,0.009368647983,9.368647983,1.130177515,1.234836021,4.483483483,T0,2.33431213,1
E09,0,2,0,Soil14,Soil14_Neutral2,Slurry,HCl_NaOH,14,1.4,20,4.27,CHL,None,Soil14_T0,0.03605,0.0007049226592,0,0,0,0.000028,Soil14_Neutral2_pH6.54,10_20cm,6.545,26.03550296,1.921301775,0.01457345242,14.57345242,1.130177515,1.234836021,4.051051051,T0,0.05874355493,1
E10,0,2,0,Soil14,Soil14_Neutral2,Slurry,HCl_NaOH,22,2.2,20,3.82,CHL,None,Soil14_T0,0.032,0,0,0,0,0.000044,Soil14_Neutral2_pH6.54,10_20cm,6.545,26.03550296,1.921301775,0.02290113951,22.90113951,1.130177515,1.234836021,3.594594595,T0,0,1
E11,0,2,0,Soil14,Soil14_Neutral2,Slurry,HCl_NaOH,34,3.4,20,3.37,CHL,None,Soil14_T0,0.0261,0,0,0,0,0.000068,Soil14_Neutral2_pH6.54,10_20cm,6.545,26.03550296,1.921301775,0.03539267016,35.39267016,1.130177515,1.234836021,3.282282282,T0,0,1
E12,0,2,0,Soil14,Soil14_Neutral2,Slurry,HCl_NaOH,80,8,20,2.92,CHL,None,Soil14_T0,0.02665,0,0,0,0,0.00016,Soil14_Neutral2_pH6.54,10_20cm,6.545,26.03550296,1.921301775,0.08327687096,83.27687096,1.130177515,1.234836021,2.897897898,T0,0,1
F01,0,2,0,Soil14,Soil14_Neutral2,Slurry,HCl_NaOH,-90,-9,20,8.32,CHL,None,Soil14_T0,0.06195,0.3015958976,0,0,0,-0.00018,Soil14_Neutral2_pH6.54,10_20cm,6.545,26.03550296,1.921301775,-0.09368647983,-93.68647983,1.130177515,1.234836021,8.62,T0,25.13299146,2
F02,0,2,0,Soil14,Soil14_Neutral2,Slurry,HCl_NaOH,-23,-2.3,20,7.87,CHL,None,Soil14_T0,0.0446,0.100049621,0,0,0,-0.000046,Soil14_Neutral2_pH6.54,10_20cm,6.545,26.03550296,1.921301775,-0.0239421004,-23.9421004,1.130177515,1.234836021,7.942942943,T0,8.33746842,2
F03,0,2,0,Soil14,Soil14_Neutral2,Slurry,HCl_NaOH,-8,-0.8,20,7.42,CHL,None,Soil14_T0,0.03965,0.04253617107,0,0,0,-0.000016,Soil14_Neutral2_pH6.54,10_20cm,6.545,26.03550296,1.921301775,-0.008327687096,-8.327687096,1.130177515,1.234836021,7.318318318,T0,3.544680923,2
F04,0,2,0,Soil14,Soil14_Neutral2,Slurry,HCl_NaOH,-5,-0.5,20,6.97,CHL,None,Soil14_T0,0.0406,0.05357451141,0,0,0,-0.00001,Soil14_Neutral2_pH6.54,10_20cm,6.545,26.03550296,1.921301775,-0.005204804435,-5.204804435,1.130177515,1.234836021,6.873873874,T0,4.464542618,2
F05,0,2,0,Soil14,Soil14_Neutral2,Slurry,HCl_NaOH,-2,-0.2,20,6.52,CHL,None,Soil14_T0,0.03875,0.03207861832,0,0,0,-0.000004,Soil14_Neutral2_pH6.54,10_20cm,6.545,26.03550296,1.921301775,-0.002081921774,-2.081921774,1.130177515,1.234836021,6.225225225,T0,2.673218194,2
F06,0,2,0,Soil14,Soil14_Neutral2,Slurry,HCl_NaOH,2,0.2,20,5.62,CHL,None,Soil14_T0,0.03905,0.03556448845,0,0,0,0.000004,Soil14_Neutral2_pH6.54,10_20cm,6.545,26.03550296,1.921301775,0.002081921774,2.081921774,1.130177515,1.234836021,5.384384384,T0,2.963707371,2
F07,0,2,0,Soil14,Soil14_Neutral2,Slurry,HCl_NaOH,5,0.5,20,5.17,CHL,None,Soil14_T0,0.04265,0.07739343165,0,0,0,0.00001,Soil14_Neutral2_pH6.54,10_20cm,6.545,26.03550296,1.921301775,0.005204804435,5.204804435,1.130177515,1.234836021,5.12012012,T0,6.449452637,2
F08,0,2,0,Soil14,Soil14_Neutral2,Slurry,HCl_NaOH,9,0.9,20,4.72,CHL,None,Soil14_T0,0.0415,0.06403170879,0,0,0,0.000018,Soil14_Neutral2_pH6.54,10_20cm,6.545,26.03550296,1.921301775,0.009368647983,9.368647983,1.130177515,1.234836021,4.483483483,T0,5.335975732,2
F09,0,2,0,Soil14,Soil14_Neutral2,Slurry,HCl_NaOH,14,1.4,20,4.27,CHL,None,Soil14_T0,0.0328,0,0,0,0,0.000028,Soil14_Neutral2_pH6.54,10_20cm,6.545,26.03550296,1.921301775,0.01457345242,14.57345242,1.130177515,1.234836021,4.051051051,T0,0,2
F10,0,2,0,Soil14,Soil14_Neutral2,Slurry,HCl_NaOH,22,2.2,20,3.82,CHL,None,Soil14_T0,0.0347,0,0,0,0,0.000044,Soil14_Neutral2_pH6.54,10_20cm,6.545,26.03550296,1.921301775,0.02290113951,22.90113951,1.130177515,1.234836021,3.594594595,T0,0,2
F11,0,2,0,Soil14,Soil14_Neutral2,Slurry,HCl_NaOH,34,3.4,20,3.37,CHL,None,Soil14_T0,0.0264,0,0,0,0,0.000068,Soil14_Neutral2_pH6.54,10_20cm,6.545,26.03550296,1.921301775,0.03539267016,35.39267016,1.130177515,1.234836021,3.282282282,T0,0,2
F12,0,2,0,Soil14,Soil14_Neutral2,Slurry,HCl_NaOH,80,8,20,2.92,CHL,None,Soil14_T0,0.0276,0,0,0,0,0.00016,Soil14_Neutral2_pH6.54,10_20cm,6.545,26.03550296,1.921301775,0.08327687096,83.27687096,1.130177515,1.234836021,2.897897898,T0,0,2
G01,0,2,0,Soil14,Soil14_Neutral2,Slurry,HCl_NaOH,-90,-9,20,8.32,CHL,None,Soil14_T0,0.0739,0.4403757489,0,0,0,-0.00018,Soil14_Neutral2_pH6.54,10_20cm,6.545,26.03550296,1.921301775,-0.09368647983,-93.68647983,1.130177515,1.234836021,8.62,T0,36.69797908,3
G02,0,2,0,Soil14,Soil14_Neutral2,Slurry,HCl_NaOH,-23,-2.3,20,7.87,CHL,None,Soil14_T0,0.0495,0.1569769776,0,0,0,-0.000046,Soil14_Neutral2_pH6.54,10_20cm,6.545,26.03550296,1.921301775,-0.0239421004,-23.9421004,1.130177515,1.234836021,7.942942943,T0,13.0814148,3
G03,0,2,0,Soil14,Soil14_Neutral2,Slurry,HCl_NaOH,-8,-0.8,20,7.42,CHL,None,Soil14_T0,0.0474,0.1325801663,0,0,0,-0.000016,Soil14_Neutral2_pH6.54,10_20cm,6.545,26.03550296,1.921301775,-0.008327687096,-8.327687096,1.130177515,1.234836021,7.318318318,T0,11.04834719,3
G04,0,2,0,Soil14,Soil14_Neutral2,Slurry,HCl_NaOH,-5,-0.5,20,6.97,CHL,None,Soil14_T0,0.0427,0.07797436972,0,0,0,-0.00001,Soil14_Neutral2_pH6.54,10_20cm,6.545,26.03550296,1.921301775,-0.005204804435,-5.204804435,1.130177515,1.234836021,6.873873874,T0,6.497864143,3
G05,0,2,0,Soil14,Soil14_Neutral2,Slurry,HCl_NaOH,-2,-0.2,20,6.52,CHL,None,Soil14_T0,0.0435,0.08726930627,0,0,0,-0.000004,Soil14_Neutral2_pH6.54,10_20cm,6.545,26.03550296,1.921301775,-0.002081921774,-2.081921774,1.130177515,1.234836021,6.225225225,T0,7.27244219,3
G06,0,2,0,Soil14,Soil14_Neutral2,Slurry,HCl_NaOH,2,0.2,20,5.62,CHL,None,Soil14_T0,0.0421,0.07100307767,0,0,0,0.000004,Soil14_Neutral2_pH6.54,10_20cm,6.545,26.03550296,1.921301775,0.002081921774,2.081921774,1.130177515,1.234836021,5.384384384,T0,5.916923139,3
G07,0,2,0,Soil14,Soil14_Neutral2,Slurry,HCl_NaOH,5,0.5,20,5.17,CHL,None,Soil14_T0,0.0405,0.05241258992,0,0,0,0.00001,Soil14_Neutral2_pH6.54,10_20cm,6.545,26.03550296,1.921301775,0.005204804435,5.204804435,1.130177515,1.234836021,5.12012012,T0,4.367715827,3
G08,0,2,0,Soil14,Soil14_Neutral2,Slurry,HCl_NaOH,9,0.9,20,4.72,CHL,None,Soil14_T0,0.0405,0.05241258992,0,0,0,0.000018,Soil14_Neutral2_pH6.54,10_20cm,6.545,26.03550296,1.921301775,0.009368647983,9.368647983,1.130177515,1.234836021,4.483483483,T0,4.367715827,3
G09,0,2,0,Soil14,Soil14_Neutral2,Slurry,HCl_NaOH,14,1.4,20,4.27,CHL,None,Soil14_T0,0.041,0.05822217603,0,0,0,0.000028,Soil14_Neutral2_pH6.54,10_20cm,6.545,26.03550296,1.921301775,0.01457345242,14.57345242,1.130177515,1.234836021,4.051051051,T0,4.851848003,3
G10,0,2,0,Soil14,Soil14_Neutral2,Slurry,HCl_NaOH,22,2.2,20,3.82,CHL,None,Soil14_T0,0.0383,0.02684977711,0,0,0,0.000044,Soil14_Neutral2_pH6.54,10_20cm,6.545,26.03550296,1.921301775,0.02290113951,22.90113951,1.130177515,1.234836021,3.594594595,T0,2.237481426,3
G11,0,2,0,Soil14,Soil14_Neutral2,Slurry,HCl_NaOH,34,3.4,20,3.37,CHL,None,Soil14_T0,0.0317,0,0,0,0,0.000068,Soil14_Neutral2_pH6.54,10_20cm,6.545,26.03550296,1.921301775,0.03539267016,35.39267016,1.130177515,1.234836021,3.282282282,T0,0,3
G12,0,2,0,Soil14,Soil14_Neutral2,Slurry,HCl_NaOH,80,8,20,2.92,CHL,None,Soil14_T0,0.0291,0,0,0,0,0.00016,Soil14_Neutral2_pH6.54,10_20cm,6.545,26.03550296,1.921301775,0.08327687096,83.27687096,1.130177515,1.234836021,2.897897898,T0,0,3
H01,0,2,0,Soil14,Soil14_Neutral2,Slurry,HCl_NaOH,-90,-9,20,8.32,CHL,CHX,Soil14_T0,0.0782,0.4903058245,0,0,0,-0.00018,Soil14_Neutral2_pH6.54,10_20cm,6.545,26.03550296,1.921301775,-0.09368647983,-93.68647983,1.130177515,1.234836021,8.56,T0,40.85881871,1
H02,0,2,0,Soil14,Soil14_Neutral2,Slurry,HCl_NaOH,80,8,20,2.92,CHL,CHX,Soil14_T0,0.0498,0.1604621595,0,0,0,0.00016,Soil14_Neutral2_pH6.54,10_20cm,6.545,26.03550296,1.921301775,0.08327687096,83.27687096,1.130177515,1.234836021,2.945945946,T0,13.37184663,1
H03,0,2,0,Soil14,Soil14_Neutral2,Slurry,HCl_NaOH,0,0,20,6.07,CHL,CHX,Soil14_T0,0.0477,0.1360654827,0,0,0,0,Soil14_Neutral2_pH6.54,10_20cm,6.545,26.03550296,1.921301775,0,0,1.130177515,1.234836021,5.732732733,T0,11.33879022,1
H04,0,0,0,Soil14,Soil14_Neutral2,No_Nitrate,No_Nitrate,0,0,20,6.07,CHL,None,Soil14_T0,0.0422,0.07216496501,0,0,0,0,Soil14_Neutral2_pH6.54,10_20cm,6.545,26.03550296,1.921301775,0,0,1.130177515,1.234836021,5.692692693,T0,6.013747084,1
H05,0,0,0,Soil14,Soil14_Neutral2,No_Nitrate,No_Nitrate,0,0,20,6.07,CHL,None,Soil14_T0,0.0415,0.06403170879,0,0,0,0,Soil14_Neutral2_pH6.54,10_20cm,6.545,26.03550296,1.921301775,0,0,1.130177515,1.234836021,5.692692693,T0,5.335975732,2
H06,0,0,0,Soil14,Soil14_Neutral2,No_Nitrate,No_Nitrate,0,0,20,6.07,CHL,None,Soil14_T0,0.0437,0.08959301907,0,0,0,0,Soil14_Neutral2_pH6.54,10_20cm,6.545,26.03550296,1.921301775,0,0,1.130177515,1.234836021,5.692692693,T0,7.466084923,3
H07,0,2,0,Soil14,Soil14_Neutral2,Slurry,HCl_NaOH,0,0,20,6.07,CHL,None,Soil14_T0,0.0423,0.07332685022,0,0,0,0,Soil14_Neutral2_pH6.54,10_20cm,6.545,26.03550296,1.921301775,0,0,1.130177515,1.234836021,5.716666667,T0,6.110570852,1
H08,0,2,0,Soil14,Soil14_Neutral2,Slurry,HCl_NaOH,0,0,20,6.07,CHL,None,Soil14_T0,0.0425,0.07565061424,0,0,0,0,Soil14_Neutral2_pH6.54,10_20cm,6.545,26.03550296,1.921301775,0,0,1.130177515,1.234836021,5.716666667,T0,6.304217853,2
H09,0,2,0,Soil14,Soil14_Neutral2,Slurry,HCl_NaOH,0,0,20,6.07,CHL,None,Soil14_T0,0.0407,0.05473643077,0,0,0,0,Soil14_Neutral2_pH6.54,10_20cm,6.545,26.03550296,1.921301775,0,0,1.130177515,1.234836021,5.716666667,T0,4.561369231,3
E01,0,2,0,Soil16,Soil16_Neutral6,Slurry,HCl_NaOH,-100,-10,20,8.39,CHL,None,Soil16_T0,0.0289,0,0,0,0,-0.0002,Soil16_Neutral6_pH6.86,10_20cm,6.86,24.05832321,1.904495747,-0.105014674,-105.014674,1.120291616,1.288461828,8.4,T0,0,1
E02,0,2,0,Soil16,Soil16_Neutral6,Slurry,HCl_NaOH,-7,-0.7,20,7.94,CHL,None,Soil16_T0,0.01745,0,0,0,0,-0.000014,Soil16_Neutral6_pH6.86,10_20cm,6.86,24.05832321,1.904495747,-0.007351027179,-7.351027179,1.120291616,1.288461828,8.003003003,T0,0,1
E03,0,2,0,Soil16,Soil16_Neutral6,Slurry,HCl_NaOH,3,0.3,20,7.04,CHL,None,Soil16_T0,0.0174,0,0,0,0,0.000006,Soil16_Neutral6_pH6.86,10_20cm,6.86,24.05832321,1.904495747,0.003150440219,3.150440219,1.120291616,1.288461828,6.513513514,T0,0,1
E04,0,2,0,Soil16,Soil16_Neutral6,Slurry,HCl_NaOH,6,0.6,20,6.59,CHL,None,Soil16_T0,0.019,0,0,0,0,0.000012,Soil16_Neutral6_pH6.86,10_20cm,6.86,24.05832321,1.904495747,0.006300880439,6.300880439,1.120291616,1.288461828,5.912912913,T0,0,1
E05,0,2,0,Soil16,Soil16_Neutral6,Slurry,HCl_NaOH,8,0.8,20,6.14,CHL,None,Soil16_T0,0.01595,0,0,0,0,0.000016,Soil16_Neutral6_pH6.86,10_20cm,6.86,24.05832321,1.904495747,0.008401173919,8.401173919,1.120291616,1.288461828,5.624624625,T0,0,1
E06,0,2,0,Soil16,Soil16_Neutral6,Slurry,HCl_NaOH,11,1.1,20,5.69,CHL,None,Soil16_T0,0.0196,0,0,0,0,0.000022,Soil16_Neutral6_pH6.86,10_20cm,6.86,24.05832321,1.904495747,0.01155161414,11.55161414,1.120291616,1.288461828,5.228228228,T0,0,1
E07,0,2,0,Soil16,Soil16_Neutral6,Slurry,HCl_NaOH,14,1.4,20,5.24,CHL,None,Soil16_T0,0.01775,0,0,0,0,0.000028,Soil16_Neutral6_pH6.86,10_20cm,6.86,24.05832321,1.904495747,0.01470205436,14.70205436,1.120291616,1.288461828,4.807807808,T0,0,1
E08,0,2,0,Soil16,Soil16_Neutral6,Slurry,HCl_NaOH,18,1.8,20,4.79,CHL,None,Soil16_T0,0.0169,0,0,0,0,0.000036,Soil16_Neutral6_pH6.86,10_20cm,6.86,24.05832321,1.904495747,0.01890264132,18.90264132,1.120291616,1.288461828,4.459459459,T0,0,1
E09,0,2,0,Soil16,Soil16_Neutral6,Slurry,HCl_NaOH,22,2.2,20,4.34,CHL,None,Soil16_T0,0.01945,0,0,0,0,0.000044,Soil16_Neutral6_pH6.86,10_20cm,6.86,24.05832321,1.904495747,0.02310322828,23.10322828,1.120291616,1.288461828,4.207207207,T0,0,1
E10,0,2,0,Soil16,Soil16_Neutral6,Slurry,HCl_NaOH,28,2.8,20,3.89,CHL,None,Soil16_T0,0.0192,0,0,0,0,0.000056,Soil16_Neutral6_pH6.86,10_20cm,6.86,24.05832321,1.904495747,0.02940410872,29.40410872,1.120291616,1.288461828,3.918918919,T0,0,1
E11,0,2,0,Soil16,Soil16_Neutral6,Slurry,HCl_NaOH,40,4,20,3.44,CHL,None,Soil16_T0,0.0159,0,0,0,0,0.00008,Soil16_Neutral6_pH6.86,10_20cm,6.86,24.05832321,1.904495747,0.04200586959,42.00586959,1.120291616,1.288461828,3.618618619,T0,0,1
E12,0,2,0,Soil16,Soil16_Neutral6,Slurry,HCl_NaOH,90,9,20,2.99,CHL,None,Soil16_T0,0.0172,0,0,0,0,0.00018,Soil16_Neutral6_pH6.86,10_20cm,6.86,24.05832321,1.904495747,0.09451320658,94.51320658,1.120291616,1.288461828,3.198198198,T0,0,1
F01,0,2,0,Soil16,Soil16_Neutral6,Slurry,HCl_NaOH,-100,-10,20,8.39,CHL,None,Soil16_T0,0.0277,0,0,0,0,-0.0002,Soil16_Neutral6_pH6.86,10_20cm,6.86,24.05832321,1.904495747,-0.105014674,-105.014674,1.120291616,1.288461828,8.4,T0,0,2
F02,0,2,0,Soil16,Soil16_Neutral6,Slurry,HCl_NaOH,-7,-0.7,20,7.94,CHL,None,Soil16_T0,0.0129,0,0,0,0,-0.000014,Soil16_Neutral6_pH6.86,10_20cm,6.86,24.05832321,1.904495747,-0.007351027179,-7.351027179,1.120291616,1.288461828,8.003003003,T0,0,2
F03,0,2,0,Soil16,Soil16_Neutral6,Slurry,HCl_NaOH,3,0.3,20,7.04,CHL,None,Soil16_T0,0.0143,0,0,0,0,0.000006,Soil16_Neutral6_pH6.86,10_20cm,6.86,24.05832321,1.904495747,0.003150440219,3.150440219,1.120291616,1.288461828,6.513513514,T0,0,2
F04,0,2,0,Soil16,Soil16_Neutral6,Slurry,HCl_NaOH,6,0.6,20,6.59,CHL,None,Soil16_T0,0.01185,0,0,0,0,0.000012,Soil16_Neutral6_pH6.86,10_20cm,6.86,24.05832321,1.904495747,0.006300880439,6.300880439,1.120291616,1.288461828,5.912912913,T0,0,2
F05,0,2,0,Soil16,Soil16_Neutral6,Slurry,HCl_NaOH,8,0.8,20,6.14,CHL,None,Soil16_T0,0.0115,0,0,0,0,0.000016,Soil16_Neutral6_pH6.86,10_20cm,6.86,24.05832321,1.904495747,0.008401173919,8.401173919,1.120291616,1.288461828,5.624624625,T0,0,2
F06,0,2,0,Soil16,Soil16_Neutral6,Slurry,HCl_NaOH,11,1.1,20,5.69,CHL,None,Soil16_T0,0.01275,0,0,0,0,0.000022,Soil16_Neutral6_pH6.86,10_20cm,6.86,24.05832321,1.904495747,0.01155161414,11.55161414,1.120291616,1.288461828,5.228228228,T0,0,2
F07,0,2,0,Soil16,Soil16_Neutral6,Slurry,HCl_NaOH,14,1.4,20,5.24,CHL,None,Soil16_T0,0.0229,0,0,0,0,0.000028,Soil16_Neutral6_pH6.86,10_20cm,6.86,24.05832321,1.904495747,0.01470205436,14.70205436,1.120291616,1.288461828,4.807807808,T0,0,2
F08,0,2,0,Soil16,Soil16_Neutral6,Slurry,HCl_NaOH,18,1.8,20,4.79,CHL,None,Soil16_T0,0.0162,0,0,0,0,0.000036,Soil16_Neutral6_pH6.86,10_20cm,6.86,24.05832321,1.904495747,0.01890264132,18.90264132,1.120291616,1.288461828,4.459459459,T0,0,2
F09,0,2,0,Soil16,Soil16_Neutral6,Slurry,HCl_NaOH,22,2.2,20,4.34,CHL,None,Soil16_T0,0.0123,0,0,0,0,0.000044,Soil16_Neutral6_pH6.86,10_20cm,6.86,24.05832321,1.904495747,0.02310322828,23.10322828,1.120291616,1.288461828,4.207207207,T0,0,2
F10,0,2,0,Soil16,Soil16_Neutral6,Slurry,HCl_NaOH,28,2.8,20,3.89,CHL,None,Soil16_T0,0.0152,0,0,0,0,0.000056,Soil16_Neutral6_pH6.86,10_20cm,6.86,24.05832321,1.904495747,0.02940410872,29.40410872,1.120291616,1.288461828,3.918918919,T0,0,2
F11,0,2,0,Soil16,Soil16_Neutral6,Slurry,HCl_NaOH,40,4,20,3.44,CHL,None,Soil16_T0,0.0147,0,0,0,0,0.00008,Soil16_Neutral6_pH6.86,10_20cm,6.86,24.05832321,1.904495747,0.04200586959,42.00586959,1.120291616,1.288461828,3.618618619,T0,0,2
F12,0,2,0,Soil16,Soil16_Neutral6,Slurry,HCl_NaOH,90,9,20,2.99,CHL,None,Soil16_T0,0.0147,0,0,0,0,0.00018,Soil16_Neutral6_pH6.86,10_20cm,6.86,24.05832321,1.904495747,0.09451320658,94.51320658,1.120291616,1.288461828,3.198198198,T0,0,2
G01,0,2,0,Soil16,Soil16_Neutral6,Slurry,HCl_NaOH,-100,-10,20,8.39,CHL,None,Soil16_T0,0.03065,0,0,0,0,-0.0002,Soil16_Neutral6_pH6.86,10_20cm,6.86,24.05832321,1.904495747,-0.105014674,-105.014674,1.120291616,1.288461828,8.4,T0,0,3
G02,0,2,0,Soil16,Soil16_Neutral6,Slurry,HCl_NaOH,-7,-0.7,20,7.94,CHL,None,Soil16_T0,0.01685,0,0,0,0,-0.000014,Soil16_Neutral6_pH6.86,10_20cm,6.86,24.05832321,1.904495747,-0.007351027179,-7.351027179,1.120291616,1.288461828,8.003003003,T0,0,3
G03,0,2,0,Soil16,Soil16_Neutral6,Slurry,HCl_NaOH,3,0.3,20,7.04,CHL,None,Soil16_T0,0.0101,0,0,0,0,0.000006,Soil16_Neutral6_pH6.86,10_20cm,6.86,24.05832321,1.904495747,0.003150440219,3.150440219,1.120291616,1.288461828,6.513513514,T0,0,3
G04,0,2,0,Soil16,Soil16_Neutral6,Slurry,HCl_NaOH,6,0.6,20,6.59,CHL,None,Soil16_T0,0.0108,0,0,0,0,0.000012,Soil16_Neutral6_pH6.86,10_20cm,6.86,24.05832321,1.904495747,0.006300880439,6.300880439,1.120291616,1.288461828,5.912912913,T0,0,3
G05,0,2,0,Soil16,Soil16_Neutral6,Slurry,HCl_NaOH,8,0.8,20,6.14,CHL,None,Soil16_T0,0.0103,0,0,0,0,0.000016,Soil16_Neutral6_pH6.86,10_20cm,6.86,24.05832321,1.904495747,0.008401173919,8.401173919,1.120291616,1.288461828,5.624624625,T0,0,3
G06,0,2,0,Soil16,Soil16_Neutral6,Slurry,HCl_NaOH,11,1.1,20,5.69,CHL,None,Soil16_T0,0.0097,0,0,0,0,0.000022,Soil16_Neutral6_pH6.86,10_20cm,6.86,24.05832321,1.904495747,0.01155161414,11.55161414,1.120291616,1.288461828,5.228228228,T0,0,3
G07,0,2,0,Soil16,Soil16_Neutral6,Slurry,HCl_NaOH,14,1.4,20,5.24,CHL,None,Soil16_T0,0.01185,0,0,0,0,0.000028,Soil16_Neutral6_pH6.86,10_20cm,6.86,24.05832321,1.904495747,0.01470205436,14.70205436,1.120291616,1.288461828,4.807807808,T0,0,3
G08,0,2,0,Soil16,Soil16_Neutral6,Slurry,HCl_NaOH,18,1.8,20,4.79,CHL,None,Soil16_T0,0.0094,0,0,0,0,0.000036,Soil16_Neutral6_pH6.86,10_20cm,6.86,24.05832321,1.904495747,0.01890264132,18.90264132,1.120291616,1.288461828,4.459459459,T0,0,3
G09,0,2,0,Soil16,Soil16_Neutral6,Slurry,HCl_NaOH,22,2.2,20,4.34,CHL,None,Soil16_T0,0.01115,0,0,0,0,0.000044,Soil16_Neutral6_pH6.86,10_20cm,6.86,24.05832321,1.904495747,0.02310322828,23.10322828,1.120291616,1.288461828,4.207207207,T0,0,3
G10,0,2,0,Soil16,Soil16_Neutral6,Slurry,HCl_NaOH,28,2.8,20,3.89,CHL,None,Soil16_T0,0.0121,0,0,0,0,0.000056,Soil16_Neutral6_pH6.86,10_20cm,6.86,24.05832321,1.904495747,0.02940410872,29.40410872,1.120291616,1.288461828,3.918918919,T0,0,3
G11,0,2,0,Soil16,Soil16_Neutral6,Slurry,HCl_NaOH,40,4,20,3.44,CHL,None,Soil16_T0,0.0106,0,0,0,0,0.00008,Soil16_Neutral6_pH6.86,10_20cm,6.86,24.05832321,1.904495747,0.04200586959,42.00586959,1.120291616,1.288461828,3.618618619,T0,0,3
G12,0,2,0,Soil16,Soil16_Neutral6,Slurry,HCl_NaOH,90,9,20,2.99,CHL,None,Soil16_T0,0.0121,0,0,0,0,0.00018,Soil16_Neutral6_pH6.86,10_20cm,6.86,24.05832321,1.904495747,0.09451320658,94.51320658,1.120291616,1.288461828,3.198198198,T0,0,3
H01,0,2,0,Soil16,Soil16_Neutral6,Slurry,HCl_NaOH,-100,-10,20,8.39,CHL,CHX,Soil16_T0,0.0312,0,0,0,0,-0.0002,Soil16_Neutral6_pH6.86,10_20cm,6.86,24.05832321,1.904495747,-0.105014674,-105.014674,1.120291616,1.288461828,8.38,T0,0,1
H02,0,2,0,Soil16,Soil16_Neutral6,Slurry,HCl_NaOH,90,9,20,2.99,CHL,CHX,Soil16_T0,0.0142,0,0,0,0,0.00018,Soil16_Neutral6_pH6.86,10_20cm,6.86,24.05832321,1.904495747,0.09451320658,94.51320658,1.120291616,1.288461828,3.258258258,T0,0,1
H03,0,2,0,Soil16,Soil16_Neutral6,Slurry,HCl_NaOH,0,0,20,7.49,CHL,CHX,Soil16_T0,0.0135,0,0,0,0,0,Soil16_Neutral6_pH6.86,10_20cm,6.86,24.05832321,1.904495747,0,0,1.120291616,1.288461828,7.126126126,T0,0,1
H04,0,0,0,Soil16,Soil16_Neutral6,No_Nitrate,No_Nitrate,0,0,20,7.49,CHL,None,Soil16_T0,0.0132,0,0,0,0,0,Soil16_Neutral6_pH6.86,10_20cm,6.86,24.05832321,1.904495747,0,0,1.120291616,1.288461828,7.19019019,T0,0,1
H05,0,0,0,Soil16,Soil16_Neutral6,No_Nitrate,No_Nitrate,0,0,20,7.49,CHL,None,Soil16_T0,0.0111,0,0,0,0,0,Soil16_Neutral6_pH6.86,10_20cm,6.86,24.05832321,1.904495747,0,0,1.120291616,1.288461828,7.19019019,T0,0,2
H06,0,0,0,Soil16,Soil16_Neutral6,No_Nitrate,No_Nitrate,0,0,20,7.49,CHL,None,Soil16_T0,0.0121,0,0,0,0,0,Soil16_Neutral6_pH6.86,10_20cm,6.86,24.05832321,1.904495747,0,0,1.120291616,1.288461828,7.19019019,T0,0,3
H07,0,2,0,Soil16,Soil16_Neutral6,Slurry,HCl_NaOH,0,0,20,7.49,CHL,None,Soil16_T0,0.0096,0,0,0,0,0,Soil16_Neutral6_pH6.86,10_20cm,6.86,24.05832321,1.904495747,0,0,1.120291616,1.288461828,7.26,T0,0,1
H08,0,2,0,Soil16,Soil16_Neutral6,Slurry,HCl_NaOH,0,0,20,7.49,CHL,None,Soil16_T0,0.0101,0,0,0,0,0,Soil16_Neutral6_pH6.86,10_20cm,6.86,24.05832321,1.904495747,0,0,1.120291616,1.288461828,7.26,T0,0,2
H09,0,2,0,Soil16,Soil16_Neutral6,Slurry,HCl_NaOH,0,0,20,7.49,CHL,None,Soil16_T0,0.01,0,0,0,0,0,Soil16_Neutral6_pH6.86,10_20cm,6.86,24.05832321,1.904495747,0,0,1.120291616,1.288461828,7.26,T0,0,3
E01,0,2,0,Soil11,Soil11_CE234,Slurry,HCl_NaOH,-100,-10,20,8.58,CHL,None,Soil11_T0,0.1438,1.510088477,0,0,0,-0.0002,Soil11_CE234_pH6.19,10_20cm,6.186,25.1497006,1.913772455,-0.104505632,-104.505632,1.125748503,1.22703048,8.55,T0,125.8407064,1
E02,0,2,0,Soil11,Soil11_CE234,Slurry,HCl_NaOH,-50,-5,20,8.13,CHL,None,Soil11_T0,0.0887,0.7677275148,0,0,0,-0.0001,Soil11_CE234_pH6.19,10_20cm,6.186,25.1497006,1.913772455,-0.05225281602,-52.25281602,1.125748503,1.22703048,8.099099099,T0,63.9772929,1
E03,0,2,0,Soil11,Soil11_CE234,Slurry,HCl_NaOH,-25,-2.5,20,7.68,CHL,None,Soil11_T0,0.05955,0.3749719814,0,0,0,-0.00005,Soil11_CE234_pH6.19,10_20cm,6.186,25.1497006,1.913772455,-0.02612640801,-26.12640801,1.125748503,1.22703048,7.294294294,T0,31.24766511,1
E04,0,2,0,Soil11,Soil11_CE234,Slurry,HCl_NaOH,-18,-1.8,20,7.23,CHL,None,Soil11_T0,0.0504,0.2516859017,0,0,0,-0.000036,Soil11_CE234_pH6.19,10_20cm,6.186,25.1497006,1.913772455,-0.01881101377,-18.81101377,1.125748503,1.22703048,6.777777778,T0,20.97382514,1
E05,0,2,0,Soil11,Soil11_CE234,Slurry,HCl_NaOH,-14,-1.4,20,6.78,CHL,None,Soil11_T0,0.05085,0.2577491806,0,0,0,-0.000028,Soil11_CE234_pH6.19,10_20cm,6.186,25.1497006,1.913772455,-0.01463078849,-14.63078849,1.125748503,1.22703048,6.249249249,T0,21.47909839,1
E06,0,2,0,Soil11,Soil11_CE234,Slurry,HCl_NaOH,-10,-1,20,6.33,CHL,None,Soil11_T0,0.04305,0.1526519179,0,0,0,-0.00002,Soil11_CE234_pH6.19,10_20cm,6.186,25.1497006,1.913772455,-0.0104505632,-10.4505632,1.125748503,1.22703048,5.696696697,T0,12.72099316,1
E07,0,2,0,Soil11,Soil11_CE234,Slurry,HCl_NaOH,-8,-0.8,20,5.88,CHL,None,Soil11_T0,0.0411,0.1263774605,0,0,0,-0.000016,Soil11_CE234_pH6.19,10_20cm,6.186,25.1497006,1.913772455,-0.008360450563,-8.360450563,1.125748503,1.22703048,5.348348348,T0,10.53145505,1
E08,0,2,0,Soil11,Soil11_CE234,Slurry,HCl_NaOH,-5,-0.5,20,5.43,CHL,None,Soil11_T0,0.03885,0.09606070862,0,0,0,-0.00001,Soil11_CE234_pH6.19,10_20cm,6.186,25.1497006,1.913772455,-0.005225281602,-5.225281602,1.125748503,1.22703048,5,T0,8.005059052,1
E09,0,2,0,Soil11,Soil11_CE234,Slurry,HCl_NaOH,-3,-0.3,20,4.98,CHL,None,Soil11_T0,0.03945,0.1041451832,0,0,0,-0.000006,Soil11_CE234_pH6.19,10_20cm,6.186,25.1497006,1.913772455,-0.003135168961,-3.135168961,1.125748503,1.22703048,4.807807808,T0,8.678765265,1
E10,0,2,0,Soil11,Soil11_CE234,Slurry,HCl_NaOH,3,0.3,20,4.08,CHL,None,Soil11_T0,0.04065,0.1203141162,0,0,0,0.000006,Soil11_CE234_pH6.19,10_20cm,6.186,25.1497006,1.913772455,0.003135168961,3.135168961,1.125748503,1.22703048,4.231231231,T0,10.02617635,1
E11,0,2,0,Soil11,Soil11_CE234,Slurry,HCl_NaOH,9,0.9,20,3.63,CHL,None,Soil11_T0,0.02625,0,0,0,0,0.000018,Soil11_CE234_pH6.19,10_20cm,6.186,25.1497006,1.913772455,0.009405506884,9.405506884,1.125748503,1.22703048,3.846846847,T0,0,1
E12,0,2,0,Soil11,Soil11_CE234,Slurry,HCl_NaOH,30,3,20,3.18,CHL,None,Soil11_T0,0.0244,0,0,0,0,0.00006,Soil11_CE234_pH6.19,10_20cm,6.186,25.1497006,1.913772455,0.03135168961,31.35168961,1.125748503,1.22703048,3.306306306,T0,0,1
F01,0,2,0,Soil11,Soil11_CE234,Slurry,HCl_NaOH,-100,-10,20,8.58,CHL,None,Soil11_T0,0.14935,1.584860985,0,0,0,-0.0002,Soil11_CE234_pH6.19,10_20cm,6.186,25.1497006,1.913772455,-0.104505632,-104.505632,1.125748503,1.22703048,8.55,T0,132.0717488,2
F02,0,2,0,Soil11,Soil11_CE234,Slurry,HCl_NaOH,-50,-5,20,8.13,CHL,None,Soil11_T0,0.0889,0.7704221917,0,0,0,-0.0001,Soil11_CE234_pH6.19,10_20cm,6.186,25.1497006,1.913772455,-0.05225281602,-52.25281602,1.125748503,1.22703048,8.099099099,T0,64.20184931,2
F03,0,2,0,Soil11,Soil11_CE234,Slurry,HCl_NaOH,-25,-2.5,20,7.68,CHL,None,Soil11_T0,0.05425,0.3035605243,0,0,0,-0.00005,Soil11_CE234_pH6.19,10_20cm,6.186,25.1497006,1.913772455,-0.02612640801,-26.12640801,1.125748503,1.22703048,7.294294294,T0,25.29671036,2
F04,0,2,0,Soil11,Soil11_CE234,Slurry,HCl_NaOH,-18,-1.8,20,7.23,CHL,None,Soil11_T0,0.0527,0.2826759625,0,0,0,-0.000036,Soil11_CE234_pH6.19,10_20cm,6.186,25.1497006,1.913772455,-0.01881101377,-18.81101377,1.125748503,1.22703048,6.777777778,T0,23.55633021,2
F05,0,2,0,Soil11,Soil11_CE234,Slurry,HCl_NaOH,-14,-1.4,20,6.78,CHL,None,Soil11_T0,0.0499,0.2449489215,0,0,0,-0.000028,Soil11_CE234_pH6.19,10_20cm,6.186,25.1497006,1.913772455,-0.01463078849,-14.63078849,1.125748503,1.22703048,6.249249249,T0,20.41241012,2
F06,0,2,0,Soil11,Soil11_CE234,Slurry,HCl_NaOH,-10,-1,20,6.33,CHL,None,Soil11_T0,0.046,0.1924003482,0,0,0,-0.00002,Soil11_CE234_pH6.19,10_20cm,6.186,25.1497006,1.913772455,-0.0104505632,-10.4505632,1.125748503,1.22703048,5.696696697,T0,16.03336235,2
F07,0,2,0,Soil11,Soil11_CE234,Slurry,HCl_NaOH,-8,-0.8,20,5.88,CHL,None,Soil11_T0,0.0446,0.1735367025,0,0,0,-0.000016,Soil11_CE234_pH6.19,10_20cm,6.186,25.1497006,1.913772455,-0.008360450563,-8.360450563,1.125748503,1.22703048,5.348348348,T0,14.46139188,2
F08,0,2,0,Soil11,Soil11_CE234,Slurry,HCl_NaOH,-5,-0.5,20,5.43,CHL,None,Soil11_T0,0.04665,0.2011584595,0,0,0,-0.00001,Soil11_CE234_pH6.19,10_20cm,6.186,25.1497006,1.913772455,-0.005225281602,-5.225281602,1.125748503,1.22703048,5,T0,16.76320496,2
F09,0,2,0,Soil11,Soil11_CE234,Slurry,HCl_NaOH,-3,-0.3,20,4.98,CHL,None,Soil11_T0,0.0409,0.1236826412,0,0,0,-0.000006,Soil11_CE234_pH6.19,10_20cm,6.186,25.1497006,1.913772455,-0.003135168961,-3.135168961,1.125748503,1.22703048,4.807807808,T0,10.30688677,2
F10,0,2,0,Soil11,Soil11_CE234,Slurry,HCl_NaOH,3,0.3,20,4.08,CHL,None,Soil11_T0,0.0355,0.05092229378,0,0,0,0.000006,Soil11_CE234_pH6.19,10_20cm,6.186,25.1497006,1.913772455,0.003135168961,3.135168961,1.125748503,1.22703048,4.231231231,T0,4.243524482,2
F11,0,2,0,Soil11,Soil11_CE234,Slurry,HCl_NaOH,9,0.9,20,3.63,CHL,None,Soil11_T0,0.0328,0.01454195715,0,0,0,0.000018,Soil11_CE234_pH6.19,10_20cm,6.186,25.1497006,1.913772455,0.009405506884,9.405506884,1.125748503,1.22703048,3.846846847,T0,1.211829763,2
F12,0,2,0,Soil11,Soil11_CE234,Slurry,HCl_NaOH,30,3,20,3.18,CHL,None,Soil11_T0,0.02285,0,0,0,0,0.00006,Soil11_CE234_pH6.19,10_20cm,6.186,25.1497006,1.913772455,0.03135168961,31.35168961,1.125748503,1.22703048,3.306306306,T0,0,2
G01,0,2,0,Soil11,Soil11_CE234,Slurry,HCl_NaOH,-100,-10,20,8.58,CHL,None,Soil11_T0,0.17055,1.870474272,0,0,0,-0.0002,Soil11_CE234_pH6.19,10_20cm,6.186,25.1497006,1.913772455,-0.104505632,-104.505632,1.125748503,1.22703048,8.55,T0,155.872856,3
G02,0,2,0,Soil11,Soil11_CE234,Slurry,HCl_NaOH,-50,-5,20,8.13,CHL,None,Soil11_T0,0.1055,0.9940782989,0,0,0,-0.0001,Soil11_CE234_pH6.19,10_20cm,6.186,25.1497006,1.913772455,-0.05225281602,-52.25281602,1.125748503,1.22703048,8.099099099,T0,82.83985824,3
G03,0,2,0,Soil11,Soil11_CE234,Slurry,HCl_NaOH,-25,-2.5,20,7.68,CHL,None,Soil11_T0,0.07195,0.5420462082,0,0,0,-0.00005,Soil11_CE234_pH6.19,10_20cm,6.186,25.1497006,1.913772455,-0.02612640801,-26.12640801,1.125748503,1.22703048,7.294294294,T0,45.17051735,3
G04,0,2,0,Soil11,Soil11_CE234,Slurry,HCl_NaOH,-18,-1.8,20,7.23,CHL,None,Soil11_T0,0.06875,0.4989304979,0,0,0,-0.000036,Soil11_CE234_pH6.19,10_20cm,6.186,25.1497006,1.913772455,-0.01881101377,-18.81101377,1.125748503,1.22703048,6.777777778,T0,41.5775415,3
G05,0,2,0,Soil11,Soil11_CE234,Slurry,HCl_NaOH,-14,-1.4,20,6.78,CHL,None,Soil11_T0,0.0649,0.4470567069,0,0,0,-0.000028,Soil11_CE234_pH6.19,10_20cm,6.186,25.1497006,1.913772455,-0.01463078849,-14.63078849,1.125748503,1.22703048,6.249249249,T0,37.25472558,3
G06,0,2,0,Soil11,Soil11_CE234,Slurry,HCl_NaOH,-10,-1,20,6.33,CHL,None,Soil11_T0,0.0691,0.5036462862,0,0,0,-0.00002,Soil11_CE234_pH6.19,10_20cm,6.186,25.1497006,1.913772455,-0.0104505632,-10.4505632,1.125748503,1.22703048,5.696696697,T0,41.97052385,3
G07,0,2,0,Soil11,Soil11_CE234,Slurry,HCl_NaOH,-8,-0.8,20,5.88,CHL,None,Soil11_T0,0.0475,0.2126113647,0,0,0,-0.000016,Soil11_CE234_pH6.19,10_20cm,6.186,25.1497006,1.913772455,-0.008360450563,-8.360450563,1.125748503,1.22703048,5.348348348,T0,17.71761373,3
G08,0,2,0,Soil11,Soil11_CE234,Slurry,HCl_NaOH,-5,-0.5,20,5.43,CHL,None,Soil11_T0,0.04585,0.1903792447,0,0,0,-0.00001,Soil11_CE234_pH6.19,10_20cm,6.186,25.1497006,1.913772455,-0.005225281602,-5.225281602,1.125748503,1.22703048,5,T0,15.86493706,3
G09,0,2,0,Soil11,Soil11_CE234,Slurry,HCl_NaOH,-3,-0.3,20,4.98,CHL,None,Soil11_T0,0.04085,0.1230089363,0,0,0,-0.000006,Soil11_CE234_pH6.19,10_20cm,6.186,25.1497006,1.913772455,-0.003135168961,-3.135168961,1.125748503,1.22703048,4.807807808,T0,10.25074469,3
G10,0,2,0,Soil11,Soil11_CE234,Slurry,HCl_NaOH,3,0.3,20,4.08,CHL,None,Soil11_T0,0.03575,0.05429083798,0,0,0,0.000006,Soil11_CE234_pH6.19,10_20cm,6.186,25.1497006,1.913772455,0.003135168961,3.135168961,1.125748503,1.22703048,4.231231231,T0,4.524236498,3
G11,0,2,0,Soil11,Soil11_CE234,Slurry,HCl_NaOH,9,0.9,20,3.63,CHL,None,Soil11_T0,0.0318,0.001067730839,0,0,0,0.000018,Soil11_CE234_pH6.19,10_20cm,6.186,25.1497006,1.913772455,0.009405506884,9.405506884,1.125748503,1.22703048,3.846846847,T0,0.08897756994,3
G12,0,2,0,Soil11,Soil11_CE234,Slurry,HCl_NaOH,30,3,20,3.18,CHL,None,Soil11_T0,0.0241,0,0,0,0,0.00006,Soil11_CE234_pH6.19,10_20cm,6.186,25.1497006,1.913772455,0.03135168961,31.35168961,1.125748503,1.22703048,3.306306306,T0,0,3
H01,0,2,0,Soil11,Soil11_CE234,Slurry,HCl_NaOH,-100,-10,20,8.58,CHL,CHX,Soil11_T0,0.16565,1.804460475,0,0,0,-0.0002,Soil11_CE234_pH6.19,10_20cm,6.186,25.1497006,1.913772455,-0.104505632,-104.505632,1.125748503,1.22703048,8.55,T0,150.3717062,1
H02,0,2,0,Soil11,Soil11_CE234,Slurry,HCl_NaOH,30,3,20,3.18,CHL,CHX,Soil11_T0,0.0455,0.1856633352,0,0,0,0.00006,Soil11_CE234_pH6.19,10_20cm,6.186,25.1497006,1.913772455,0.03135168961,31.35168961,1.125748503,1.22703048,3.33033033,T0,15.4719446,1
H03,0,2,0,Soil11,Soil11_CE234,Slurry,HCl_NaOH,0,0,20,4.53,CHL,CHX,Soil11_T0,0.04385,0.163431166,0,0,0,0,Soil11_CE234_pH6.19,10_20cm,6.186,25.1497006,1.913772455,0,0,1.125748503,1.22703048,4.507507508,T0,13.61926384,1
H04,0,0,0,Soil11,Soil11_CE234,No_Nitrate,No_Nitrate,0,0,20,4.53,CHL,None,Soil11_T0,0.0408,0.1223352313,0,0,0,0,Soil11_CE234_pH6.19,10_20cm,6.186,25.1497006,1.913772455,0,0,1.125748503,1.22703048,4.403403403,T0,10.19460261,1
H05,0,0,0,Soil11,Soil11_CE234,No_Nitrate,No_Nitrate,0,0,20,4.53,CHL,None,Soil11_T0,0.0399,0.1102085356,0,0,0,0,Soil11_CE234_pH6.19,10_20cm,6.186,25.1497006,1.913772455,0,0,1.125748503,1.22703048,4.403403403,T0,9.184044631,2
H06,0,0,0,Soil11,Soil11_CE234,No_Nitrate,No_Nitrate,0,0,20,4.53,CHL,None,Soil11_T0,0.0409,0.1236826412,0,0,0,0,Soil11_CE234_pH6.19,10_20cm,6.186,25.1497006,1.913772455,0,0,1.125748503,1.22703048,4.403403403,T0,10.30688677,3
H07,0,2,0,Soil11,Soil11_CE234,Slurry,HCl_NaOH,0,0,20,4.53,CHL,None,Soil11_T0,0.0423,0.1425463641,0,0,0,0,Soil11_CE234_pH6.19,10_20cm,6.186,25.1497006,1.913772455,0,0,1.125748503,1.22703048,4.426666667,T0,11.87886367,1
H08,0,2,0,Soil11,Soil11_CE234,Slurry,HCl_NaOH,0,0,20,4.53,CHL,None,Soil11_T0,0.04785,0.2173272638,0,0,0,0,Soil11_CE234_pH6.19,10_20cm,6.186,25.1497006,1.913772455,0,0,1.125748503,1.22703048,4.426666667,T0,18.11060531,2
H09,0,2,0,Soil11,Soil11_CE234,Slurry,HCl_NaOH,0,0,20,4.53,CHL,None,Soil11_T0,0.04395,0.1647785714,0,0,0,0,Soil11_CE234_pH6.19,10_20cm,6.186,25.1497006,1.913772455,0,0,1.125748503,1.22703048,4.426666667,T0,13.73154761,3
E01,0,2,0,Soil13,Soil13_Neutral7,Slurry,HCl_NaOH,-100,-10,20,8.39,CHL,None,Soil13_T0,0.0596,0.3753364866,0,0,0,-0.0002,Soil13_Neutral7_pH6.43,10_20cm,6.435,25.05995204,1.913009592,-0.1045473064,-104.5473064,1.12529976,1.234836021,8.56,T0,31.27804055,1
E02,0,2,0,Soil13,Soil13_Neutral7,Slurry,HCl_NaOH,-16,-1.6,20,7.94,CHL,None,Soil13_T0,0.03875,0.09451609441,0,0,0,-0.000032,Soil13_Neutral7_pH6.43,10_20cm,6.435,25.05995204,1.913009592,-0.01672756902,-16.72756902,1.12529976,1.234836021,7.822822823,T0,7.876341201,1
E03,0,2,0,Soil13,Soil13_Neutral7,Slurry,HCl_NaOH,-7,-0.7,20,7.49,CHL,None,Soil13_T0,0.02805,0,0,0,0,-0.000014,Soil13_Neutral7_pH6.43,10_20cm,6.435,25.05995204,1.913009592,-0.007318311448,-7.318311448,1.12529976,1.234836021,7.138138138,T0,0,1
E04,0,2,0,Soil13,Soil13_Neutral7,Slurry,HCl_NaOH,-4,-0.4,20,7.04,CHL,None,Soil13_T0,0.02835,0,0,0,0,-0.000008,Soil13_Neutral7_pH6.43,10_20cm,6.435,25.05995204,1.913009592,-0.004181892256,-4.181892256,1.12529976,1.234836021,6.765765766,T0,0,1
E05,0,2,0,Soil13,Soil13_Neutral7,Slurry,HCl_NaOH,-1,-0.1,20,6.59,CHL,None,Soil13_T0,0.02605,0,0,0,0,-0.000002,Soil13_Neutral7_pH6.43,10_20cm,6.435,25.05995204,1.913009592,-0.001045473064,-1.045473064,1.12529976,1.234836021,5.732732733,T0,0,1
E06,0,2,0,Soil13,Soil13_Neutral7,Slurry,HCl_NaOH,4,0.4,20,5.69,CHL,None,Soil13_T0,0.0241,0,0,0,0,0.000008,Soil13_Neutral7_pH6.43,10_20cm,6.435,25.05995204,1.913009592,0.004181892256,4.181892256,1.12529976,1.234836021,4.891891892,T0,0,1
E07,0,2,0,Soil13,Soil13_Neutral7,Slurry,HCl_NaOH,6,0.6,20,5.24,CHL,None,Soil13_T0,0.02275,0,0,0,0,0.000012,Soil13_Neutral7_pH6.43,10_20cm,6.435,25.05995204,1.913009592,0.006272838384,6.272838384,1.12529976,1.234836021,4.615615616,T0,0,1
E08,0,2,0,Soil13,Soil13_Neutral7,Slurry,HCl_NaOH,9,0.9,20,4.79,CHL,None,Soil13_T0,0.0218,0,0,0,0,0.000018,Soil13_Neutral7_pH6.43,10_20cm,6.435,25.05995204,1.913009592,0.009409257576,9.409257576,1.12529976,1.234836021,4.255255255,T0,0,1
E09,0,2,0,Soil13,Soil13_Neutral7,Slurry,HCl_NaOH,12,1.2,20,4.34,CHL,None,Soil13_T0,0.024,0,0,0,0,0.000024,Soil13_Neutral7_pH6.43,10_20cm,6.435,25.05995204,1.913009592,0.01254567677,12.54567677,1.12529976,1.234836021,4.003003003,T0,0,1
E10,0,2,0,Soil13,Soil13_Neutral7,Slurry,HCl_NaOH,16,1.6,20,3.89,CHL,None,Soil13_T0,0.0226,0,0,0,0,0.000032,Soil13_Neutral7_pH6.43,10_20cm,6.435,25.05995204,1.913009592,0.01672756902,16.72756902,1.12529976,1.234836021,3.690690691,T0,0,1
E11,0,2,0,Soil13,Soil13_Neutral7,Slurry,HCl_NaOH,26,2.6,20,3.44,CHL,None,Soil13_T0,0.0172,0,0,0,0,0.000052,Soil13_Neutral7_pH6.43,10_20cm,6.435,25.05995204,1.913009592,0.02718229966,27.18229966,1.12529976,1.234836021,3.306306306,T0,0,1
E12,0,2,0,Soil13,Soil13_Neutral7,Slurry,HCl_NaOH,60,6,20,2.99,CHL,None,Soil13_T0,0.0191,0,0,0,0,0.00012,Soil13_Neutral7_pH6.43,10_20cm,6.435,25.05995204,1.913009592,0.06272838384,62.72838384,1.12529976,1.234836021,2.96996997,T0,0,1
F01,0,2,0,Soil13,Soil13_Neutral7,Slurry,HCl_NaOH,-100,-10,20,8.39,CHL,None,Soil13_T0,0.0637,0.4305570011,0,0,0,-0.0002,Soil13_Neutral7_pH6.43,10_20cm,6.435,25.05995204,1.913009592,-0.1045473064,-104.5473064,1.12529976,1.234836021,8.56,T0,35.87975009,2
F02,0,2,0,Soil13,Soil13_Neutral7,Slurry,HCl_NaOH,-16,-1.6,20,7.94,CHL,None,Soil13_T0,0.0367,0.06690510676,0,0,0,-0.000032,Soil13_Neutral7_pH6.43,10_20cm,6.435,25.05995204,1.913009592,-0.01672756902,-16.72756902,1.12529976,1.234836021,7.822822823,T0,5.575425563,2
F03,0,2,0,Soil13,Soil13_Neutral7,Slurry,HCl_NaOH,-7,-0.7,20,7.49,CHL,None,Soil13_T0,0.0199,0,0,0,0,-0.000014,Soil13_Neutral7_pH6.43,10_20cm,6.435,25.05995204,1.913009592,-0.007318311448,-7.318311448,1.12529976,1.234836021,7.138138138,T0,0,2
F04,0,2,0,Soil13,Soil13_Neutral7,Slurry,HCl_NaOH,-4,-0.4,20,7.04,CHL,None,Soil13_T0,0.02225,0,0,0,0,-0.000008,Soil13_Neutral7_pH6.43,10_20cm,6.435,25.05995204,1.913009592,-0.004181892256,-4.181892256,1.12529976,1.234836021,6.765765766,T0,0,2
F05,0,2,0,Soil13,Soil13_Neutral7,Slurry,HCl_NaOH,-1,-0.1,20,6.59,CHL,None,Soil13_T0,0.01765,0,0,0,0,-0.000002,Soil13_Neutral7_pH6.43,10_20cm,6.435,25.05995204,1.913009592,-0.001045473064,-1.045473064,1.12529976,1.234836021,5.732732733,T0,0,2
F06,0,2,0,Soil13,Soil13_Neutral7,Slurry,HCl_NaOH,4,0.4,20,5.69,CHL,None,Soil13_T0,0.01575,0,0,0,0,0.000008,Soil13_Neutral7_pH6.43,10_20cm,6.435,25.05995204,1.913009592,0.004181892256,4.181892256,1.12529976,1.234836021,4.891891892,T0,0,2
F07,0,2,0,Soil13,Soil13_Neutral7,Slurry,HCl_NaOH,6,0.6,20,5.24,CHL,None,Soil13_T0,0.0152,0,0,0,0,0.000012,Soil13_Neutral7_pH6.43,10_20cm,6.435,25.05995204,1.913009592,0.006272838384,6.272838384,1.12529976,1.234836021,4.615615616,T0,0,2
F08,0,2,0,Soil13,Soil13_Neutral7,Slurry,HCl_NaOH,9,0.9,20,4.79,CHL,None,Soil13_T0,0.01595,0,0,0,0,0.000018,Soil13_Neutral7_pH6.43,10_20cm,6.435,25.05995204,1.913009592,0.009409257576,9.409257576,1.12529976,1.234836021,4.255255255,T0,0,2
F09,0,2,0,Soil13,Soil13_Neutral7,Slurry,HCl_NaOH,12,1.2,20,4.34,CHL,None,Soil13_T0,0.01685,0,0,0,0,0.000024,Soil13_Neutral7_pH6.43,10_20cm,6.435,25.05995204,1.913009592,0.01254567677,12.54567677,1.12529976,1.234836021,4.003003003,T0,0,2
F10,0,2,0,Soil13,Soil13_Neutral7,Slurry,HCl_NaOH,16,1.6,20,3.89,CHL,None,Soil13_T0,0.0172,0,0,0,0,0.000032,Soil13_Neutral7_pH6.43,10_20cm,6.435,25.05995204,1.913009592,0.01672756902,16.72756902,1.12529976,1.234836021,3.690690691,T0,0,2
F11,0,2,0,Soil13,Soil13_Neutral7,Slurry,HCl_NaOH,26,2.6,20,3.44,CHL,None,Soil13_T0,0.0157,0,0,0,0,0.000052,Soil13_Neutral7_pH6.43,10_20cm,6.435,25.05995204,1.913009592,0.02718229966,27.18229966,1.12529976,1.234836021,3.306306306,T0,0,2
F12,0,2,0,Soil13,Soil13_Neutral7,Slurry,HCl_NaOH,60,6,20,2.99,CHL,None,Soil13_T0,0.01635,0,0,0,0,0.00012,Soil13_Neutral7_pH6.43,10_20cm,6.435,25.05995204,1.913009592,0.06272838384,62.72838384,1.12529976,1.234836021,2.96996997,T0,0,2
G01,0,2,0,Soil13,Soil13_Neutral7,Slurry,HCl_NaOH,-100,-10,20,8.39,CHL,None,Soil13_T0,0.0478,0.2164077553,0,0,0,-0.0002,Soil13_Neutral7_pH6.43,10_20cm,6.435,25.05995204,1.913009592,-0.1045473064,-104.5473064,1.12529976,1.234836021,8.56,T0,18.0339796,3
G02,0,2,0,Soil13,Soil13_Neutral7,Slurry,HCl_NaOH,-16,-1.6,20,7.94,CHL,None,Soil13_T0,0.02555,0,0,0,0,-0.000032,Soil13_Neutral7_pH6.43,10_20cm,6.435,25.05995204,1.913009592,-0.01672756902,-16.72756902,1.12529976,1.234836021,7.822822823,T0,0,3
G03,0,2,0,Soil13,Soil13_Neutral7,Slurry,HCl_NaOH,-7,-0.7,20,7.49,CHL,None,Soil13_T0,0.01715,0,0,0,0,-0.000014,Soil13_Neutral7_pH6.43,10_20cm,6.435,25.05995204,1.913009592,-0.007318311448,-7.318311448,1.12529976,1.234836021,7.138138138,T0,0,3
G04,0,2,0,Soil13,Soil13_Neutral7,Slurry,HCl_NaOH,-4,-0.4,20,7.04,CHL,None,Soil13_T0,0.0247,0,0,0,0,-0.000008,Soil13_Neutral7_pH6.43,10_20cm,6.435,25.05995204,1.913009592,-0.004181892256,-4.181892256,1.12529976,1.234836021,6.765765766,T0,0,3
G05,0,2,0,Soil13,Soil13_Neutral7,Slurry,HCl_NaOH,-1,-0.1,20,6.59,CHL,None,Soil13_T0,0.0137,0,0,0,0,-0.000002,Soil13_Neutral7_pH6.43,10_20cm,6.435,25.05995204,1.913009592,-0.001045473064,-1.045473064,1.12529976,1.234836021,5.732732733,T0,0,3
G06,0,2,0,Soil13,Soil13_Neutral7,Slurry,HCl_NaOH,4,0.4,20,5.69,CHL,None,Soil13_T0,0.01355,0,0,0,0,0.000008,Soil13_Neutral7_pH6.43,10_20cm,6.435,25.05995204,1.913009592,0.004181892256,4.181892256,1.12529976,1.234836021,4.891891892,T0,0,3
G07,0,2,0,Soil13,Soil13_Neutral7,Slurry,HCl_NaOH,6,0.6,20,5.24,CHL,None,Soil13_T0,0.01435,0,0,0,0,0.000012,Soil13_Neutral7_pH6.43,10_20cm,6.435,25.05995204,1.913009592,0.006272838384,6.272838384,1.12529976,1.234836021,4.615615616,T0,0,3
G08,0,2,0,Soil13,Soil13_Neutral7,Slurry,HCl_NaOH,9,0.9,20,4.79,CHL,None,Soil13_T0,0.0132,0,0,0,0,0.000018,Soil13_Neutral7_pH6.43,10_20cm,6.435,25.05995204,1.913009592,0.009409257576,9.409257576,1.12529976,1.234836021,4.255255255,T0,0,3
G09,0,2,0,Soil13,Soil13_Neutral7,Slurry,HCl_NaOH,12,1.2,20,4.34,CHL,None,Soil13_T0,0.0118,0,0,0,0,0.000024,Soil13_Neutral7_pH6.43,10_20cm,6.435,25.05995204,1.913009592,0.01254567677,12.54567677,1.12529976,1.234836021,4.003003003,T0,0,3
G10,0,2,0,Soil13,Soil13_Neutral7,Slurry,HCl_NaOH,16,1.6,20,3.89,CHL,None,Soil13_T0,0.01525,0,0,0,0,0.000032,Soil13_Neutral7_pH6.43,10_20cm,6.435,25.05995204,1.913009592,0.01672756902,16.72756902,1.12529976,1.234836021,3.690690691,T0,0,3
G11,0,2,0,Soil13,Soil13_Neutral7,Slurry,HCl_NaOH,26,2.6,20,3.44,CHL,None,Soil13_T0,0.01555,0,0,0,0,0.000052,Soil13_Neutral7_pH6.43,10_20cm,6.435,25.05995204,1.913009592,0.02718229966,27.18229966,1.12529976,1.234836021,3.306306306,T0,0,3
G12,0,2,0,Soil13,Soil13_Neutral7,Slurry,HCl_NaOH,60,6,20,2.99,CHL,None,Soil13_T0,0.01655,0,0,0,0,0.00012,Soil13_Neutral7_pH6.43,10_20cm,6.435,25.05995204,1.913009592,0.06272838384,62.72838384,1.12529976,1.234836021,2.96996997,T0,0,3
H01,0,2,0,Soil13,Soil13_Neutral7,Slurry,HCl_NaOH,-100,-10,20,8.39,CHL,CHX,Soil13_T0,0.0455,0.1854298797,0,0,0,-0.0002,Soil13_Neutral7_pH6.43,10_20cm,6.435,25.05995204,1.913009592,-0.1045473064,-104.5473064,1.12529976,1.234836021,8.64,T0,15.45248998,1
H02,0,2,0,Soil13,Soil13_Neutral7,Slurry,HCl_NaOH,60,6,20,2.99,CHL,CHX,Soil13_T0,0.0185,0,0,0,0,0.00012,Soil13_Neutral7_pH6.43,10_20cm,6.435,25.05995204,1.913009592,0.06272838384,62.72838384,1.12529976,1.234836021,2.981981982,T0,0,1
H03,0,2,0,Soil13,Soil13_Neutral7,Slurry,HCl_NaOH,0,0,20,6.14,CHL,CHX,Soil13_T0,0.0193,0,0,0,0,0,Soil13_Neutral7_pH6.43,10_20cm,6.435,25.05995204,1.913009592,0,0,1.12529976,1.234836021,5.780780781,T0,0,1
H04,0,0,0,Soil13,Soil13_Neutral7,No_Nitrate,No_Nitrate,0,0,20,6.14,CHL,None,Soil13_T0,0.0169,0,0,0,0,0,Soil13_Neutral7_pH6.43,10_20cm,6.435,25.05995204,1.913009592,0,0,1.12529976,1.234836021,5.468468468,T0,0,1
H05,0,0,0,Soil13,Soil13_Neutral7,No_Nitrate,No_Nitrate,0,0,20,6.14,CHL,None,Soil13_T0,0.012,0,0,0,0,0,Soil13_Neutral7_pH6.43,10_20cm,6.435,25.05995204,1.913009592,0,0,1.12529976,1.234836021,5.468468468,T0,0,2
H06,0,0,0,Soil13,Soil13_Neutral7,No_Nitrate,No_Nitrate,0,0,20,6.14,CHL,None,Soil13_T0,0.0123,0,0,0,0,0,Soil13_Neutral7_pH6.43,10_20cm,6.435,25.05995204,1.913009592,0,0,1.12529976,1.234836021,5.468468468,T0,0,3
H07,0,2,0,Soil13,Soil13_Neutral7,Slurry,HCl_NaOH,0,0,20,6.14,CHL,None,Soil13_T0,0.014,0,0,0,0,0,Soil13_Neutral7_pH6.43,10_20cm,6.435,25.05995204,1.913009592,0,0,1.12529976,1.234836021,5.493333333,T0,0,1
H08,0,2,0,Soil13,Soil13_Neutral7,Slurry,HCl_NaOH,0,0,20,6.14,CHL,None,Soil13_T0,0.0157,0,0,0,0,0,Soil13_Neutral7_pH6.43,10_20cm,6.435,25.05995204,1.913009592,0,0,1.12529976,1.234836021,5.493333333,T0,0,2
H09,0,2,0,Soil13,Soil13_Neutral7,Slurry,HCl_NaOH,0,0,20,6.14,CHL,None,Soil13_T0,0.0148,0,0,0,0,0,Soil13_Neutral7_pH6.43,10_20cm,6.435,25.05995204,1.913009592,0,0,1.12529976,1.234836021,5.493333333,T0,0,3
E01,0,2,0,Soil5,Soil5_CE201,Slurry,HCl_NaOH,-100,-10,20,8.72,CHL,None,Soil5_T0,0.14905,1.566766224,0,0,0,-0.0002,Soil5_CE201_pH5.32,10_20cm,5.324,25.1497006,1.913772455,-0.104505632,-104.505632,1.125748503,1.202267654,8.49,T0,130.563852,1
E02,0,2,0,Soil5,Soil5_CE201,Slurry,HCl_NaOH,-55,-5.5,20,8.27,CHL,None,Soil5_T0,0.0917,0.8110894681,0,0,0,-0.00011,Soil5_CE201_pH5.32,10_20cm,5.324,25.1497006,1.913772455,-0.05747809762,-57.47809762,1.125748503,1.202267654,8.123123123,T0,67.59078901,1
E03,0,2,0,Soil5,Soil5_CE201,Slurry,HCl_NaOH,-35,-3.5,20,7.82,CHL,None,Soil5_T0,0.0666,0.4797543731,0,0,0,-0.00007,Soil5_CE201_pH5.32,10_20cm,5.324,25.1497006,1.913772455,-0.03657697121,-36.57697121,1.125748503,1.202267654,7.702702703,T0,39.97953109,1
E04,0,2,0,Soil5,Soil5_CE201,Slurry,HCl_NaOH,-28,-2.8,20,7.37,CHL,None,Soil5_T0,0.0607,0.4018173252,0,0,0,-0.000056,Soil5_CE201_pH5.32,10_20cm,5.324,25.1497006,1.913772455,-0.02926157697,-29.26157697,1.125748503,1.202267654,7.27027027,T0,33.4847771,1
E05,0,2,0,Soil5,Soil5_CE201,Slurry,HCl_NaOH,-23,-2.3,20,6.92,CHL,None,Soil5_T0,0.0536,0.3080016303,0,0,0,-0.000046,Soil5_CE201_pH5.32,10_20cm,5.324,25.1497006,1.913772455,-0.02403629537,-24.03629537,1.125748503,1.202267654,6.933933934,T0,25.66680252,1
E06,0,2,0,Soil5,Soil5_CE201,Slurry,HCl_NaOH,-19,-1.9,20,6.47,CHL,None,Soil5_T0,0.0469,0.2194442119,0,0,0,-0.000038,Soil5_CE201_pH5.32,10_20cm,5.324,25.1497006,1.913772455,-0.01985607009,-19.85607009,1.125748503,1.202267654,6.453453453,T0,18.28701766,1
E07,0,2,0,Soil5,Soil5_CE201,Slurry,HCl_NaOH,-15,-1.5,20,6.02,CHL,None,Soil5_T0,0.04615,0.2095294284,0,0,0,-0.00003,Soil5_CE201_pH5.32,10_20cm,5.324,25.1497006,1.913772455,-0.01567584481,-15.67584481,1.125748503,1.202267654,5.684684685,T0,17.4607857,1
E08,0,2,0,Soil5,Soil5_CE201,Slurry,HCl_NaOH,-12,-1.2,20,5.57,CHL,None,Soil5_T0,0.04065,0.1368109231,0,0,0,-0.000024,Soil5_CE201_pH5.32,10_20cm,5.324,25.1497006,1.913772455,-0.01254067584,-12.54067584,1.125748503,1.202267654,5.216216216,T0,11.40091026,1
E09,0,2,0,Soil5,Soil5_CE201,Slurry,HCl_NaOH,-9,-0.9,20,5.12,CHL,None,Soil5_T0,0.0349,0.06076802778,0,0,0,-0.000018,Soil5_CE201_pH5.32,10_20cm,5.324,25.1497006,1.913772455,-0.009405506884,-9.405506884,1.125748503,1.202267654,4.975975976,T0,5.064002315,1
E10,0,2,0,Soil5,Soil5_CE201,Slurry,HCl_NaOH,-5,-0.5,20,4.67,CHL,None,Soil5_T0,0.02835,0,0,0,0,-0.00001,Soil5_CE201_pH5.32,10_20cm,5.324,25.1497006,1.913772455,-0.005225281602,-5.225281602,1.125748503,1.202267654,4.555555556,T0,0,1
E11,0,2,0,Soil5,Soil5_CE201,Slurry,HCl_NaOH,7,0.7,20,3.77,CHL,None,Soil5_T0,0.02175,0,0,0,0,0.000014,Soil5_CE201_pH5.32,10_20cm,5.324,25.1497006,1.913772455,0.007315394243,7.315394243,1.125748503,1.202267654,3.642642643,T0,0,1
E12,0,2,0,Soil5,Soil5_CE201,Slurry,HCl_NaOH,20,2,20,3.32,CHL,None,Soil5_T0,0.0195,0,0,0,0,0.00004,Soil5_CE201_pH5.32,10_20cm,5.324,25.1497006,1.913772455,0.02090112641,20.90112641,1.125748503,1.202267654,2.981981982,T0,0,1
F01,0,2,0,Soil5,Soil5_CE201,Slurry,HCl_NaOH,-100,-10,20,8.72,CHL,None,Soil5_T0,0.1463,1.530574229,0,0,0,-0.0002,Soil5_CE201_pH5.32,10_20cm,5.324,25.1497006,1.913772455,-0.104505632,-104.505632,1.125748503,1.202267654,8.49,T0,127.5478524,2
F02,0,2,0,Soil5,Soil5_CE201,Slurry,HCl_NaOH,-55,-5.5,20,8.27,CHL,None,Soil5_T0,0.09275,0.8249420794,0,0,0,-0.00011,Soil5_CE201_pH5.32,10_20cm,5.324,25.1497006,1.913772455,-0.05747809762,-57.47809762,1.125748503,1.202267654,8.123123123,T0,68.74517328,2
F03,0,2,0,Soil5,Soil5_CE201,Slurry,HCl_NaOH,-35,-3.5,20,7.82,CHL,None,Soil5_T0,0.0678,0.4956034813,0,0,0,-0.00007,Soil5_CE201_pH5.32,10_20cm,5.324,25.1497006,1.913772455,-0.03657697121,-36.57697121,1.125748503,1.202267654,7.702702703,T0,41.30029011,2
F04,0,2,0,Soil5,Soil5_CE201,Slurry,HCl_NaOH,-28,-2.8,20,7.37,CHL,None,Soil5_T0,0.05905,0.380017722,0,0,0,-0.000056,Soil5_CE201_pH5.32,10_20cm,5.324,25.1497006,1.913772455,-0.02926157697,-29.26157697,1.125748503,1.202267654,7.27027027,T0,31.6681435,2
F05,0,2,0,Soil5,Soil5_CE201,Slurry,HCl_NaOH,-23,-2.3,20,6.92,CHL,None,Soil5_T0,0.05645,0.3456635936,0,0,0,-0.000046,Soil5_CE201_pH5.32,10_20cm,5.324,25.1497006,1.913772455,-0.02403629537,-24.03629537,1.125748503,1.202267654,6.933933934,T0,28.80529947,2
F06,0,2,0,Soil5,Soil5_CE201,Slurry,HCl_NaOH,-19,-1.9,20,6.47,CHL,None,Soil5_T0,0.05105,0.2743000459,0,0,0,-0.000038,Soil5_CE201_pH5.32,10_20cm,5.324,25.1497006,1.913772455,-0.01985607009,-19.85607009,1.125748503,1.202267654,6.453453453,T0,22.85833716,2
F07,0,2,0,Soil5,Soil5_CE201,Slurry,HCl_NaOH,-15,-1.5,20,6.02,CHL,None,Soil5_T0,0.04525,0.1976312523,0,0,0,-0.00003,Soil5_CE201_pH5.32,10_20cm,5.324,25.1497006,1.913772455,-0.01567584481,-15.67584481,1.125748503,1.202267654,5.684684685,T0,16.46927103,2
F08,0,2,0,Soil5,Soil5_CE201,Slurry,HCl_NaOH,-12,-1.2,20,5.57,CHL,None,Soil5_T0,0.04325,0.1711891581,0,0,0,-0.000024,Soil5_CE201_pH5.32,10_20cm,5.324,25.1497006,1.913772455,-0.01254067584,-12.54067584,1.125748503,1.202267654,5.216216216,T0,14.26576317,2
F09,0,2,0,Soil5,Soil5_CE201,Slurry,HCl_NaOH,-9,-0.9,20,5.12,CHL,None,Soil5_T0,0.03845,0.1077185453,0,0,0,-0.000018,Soil5_CE201_pH5.32,10_20cm,5.324,25.1497006,1.913772455,-0.009405506884,-9.405506884,1.125748503,1.202267654,4.975975976,T0,8.97654544,2
F10,0,2,0,Soil5,Soil5_CE201,Slurry,HCl_NaOH,-5,-0.5,20,4.67,CHL,None,Soil5_T0,0.0367,0.08457484984,0,0,0,-0.00001,Soil5_CE201_pH5.32,10_20cm,5.324,25.1497006,1.913772455,-0.005225281602,-5.225281602,1.125748503,1.202267654,4.555555556,T0,7.047904154,2
F11,0,2,0,Soil5,Soil5_CE201,Slurry,HCl_NaOH,7,0.7,20,3.77,CHL,None,Soil5_T0,0.024,0,0,0,0,0.000014,Soil5_CE201_pH5.32,10_20cm,5.324,25.1497006,1.913772455,0.007315394243,7.315394243,1.125748503,1.202267654,3.642642643,T0,0,2
F12,0,2,0,Soil5,Soil5_CE201,Slurry,HCl_NaOH,20,2,20,3.32,CHL,None,Soil5_T0,0.01915,0,0,0,0,0.00004,Soil5_CE201_pH5.32,10_20cm,5.324,25.1497006,1.913772455,0.02090112641,20.90112641,1.125748503,1.202267654,2.981981982,T0,0,2
G01,0,2,0,Soil5,Soil5_CE201,Slurry,HCl_NaOH,-100,-10,20,8.72,CHL,None,Soil5_T0,0.17375,1.891639993,0,0,0,-0.0002,Soil5_CE201_pH5.32,10_20cm,5.324,25.1497006,1.913772455,-0.104505632,-104.505632,1.125748503,1.202267654,8.49,T0,157.6366661,3
G02,0,2,0,Soil5,Soil5_CE201,Slurry,HCl_NaOH,-55,-5.5,20,8.27,CHL,None,Soil5_T0,0.09555,0.8618792315,0,0,0,-0.00011,Soil5_CE201_pH5.32,10_20cm,5.324,25.1497006,1.913772455,-0.05747809762,-57.47809762,1.125748503,1.202267654,8.123123123,T0,71.82326929,3
G03,0,2,0,Soil5,Soil5_CE201,Slurry,HCl_NaOH,-35,-3.5,20,7.82,CHL,None,Soil5_T0,0.0691,0.5127723972,0,0,0,-0.00007,Soil5_CE201_pH5.32,10_20cm,5.324,25.1497006,1.913772455,-0.03657697121,-36.57697121,1.125748503,1.202267654,7.702702703,T0,42.7310331,3
G04,0,2,0,Soil5,Soil5_CE201,Slurry,HCl_NaOH,-28,-2.8,20,7.37,CHL,None,Soil5_T0,0.0628,0.4295599676,0,0,0,-0.000056,Soil5_CE201_pH5.32,10_20cm,5.324,25.1497006,1.913772455,-0.02926157697,-29.26157697,1.125748503,1.202267654,7.27027027,T0,35.79666397,3
G05,0,2,0,Soil5,Soil5_CE201,Slurry,HCl_NaOH,-23,-2.3,20,6.92,CHL,None,Soil5_T0,0.0556,0.3344315767,0,0,0,-0.000046,Soil5_CE201_pH5.32,10_20cm,5.324,25.1497006,1.913772455,-0.02403629537,-24.03629537,1.125748503,1.202267654,6.933933934,T0,27.86929806,3
G06,0,2,0,Soil5,Soil5_CE201,Slurry,HCl_NaOH,-19,-1.9,20,6.47,CHL,None,Soil5_T0,0.05105,0.2743000459,0,0,0,-0.000038,Soil5_CE201_pH5.32,10_20cm,5.324,25.1497006,1.913772455,-0.01985607009,-19.85607009,1.125748503,1.202267654,6.453453453,T0,22.85833716,3
G07,0,2,0,Soil5,Soil5_CE201,Slurry,HCl_NaOH,-15,-1.5,20,6.02,CHL,None,Soil5_T0,0.0474,0.2260538841,0,0,0,-0.00003,Soil5_CE201_pH5.32,10_20cm,5.324,25.1497006,1.913772455,-0.01567584481,-15.67584481,1.125748503,1.202267654,5.684684685,T0,18.83782368,3
G08,0,2,0,Soil5,Soil5_CE201,Slurry,HCl_NaOH,-12,-1.2,20,5.57,CHL,None,Soil5_T0,0.04625,0.2108514186,0,0,0,-0.000024,Soil5_CE201_pH5.32,10_20cm,5.324,25.1497006,1.913772455,-0.01254067584,-12.54067584,1.125748503,1.202267654,5.216216216,T0,17.57095155,3
G09,0,2,0,Soil5,Soil5_CE201,Slurry,HCl_NaOH,-9,-0.9,20,5.12,CHL,None,Soil5_T0,0.0415,0.1480503984,0,0,0,-0.000018,Soil5_CE201_pH5.32,10_20cm,5.324,25.1497006,1.913772455,-0.009405506884,-9.405506884,1.125748503,1.202267654,4.975975976,T0,12.3375332,3
G10,0,2,0,Soil5,Soil5_CE201,Slurry,HCl_NaOH,-5,-0.5,20,4.67,CHL,None,Soil5_T0,0.03435,0.05349334107,0,0,0,-0.00001,Soil5_CE201_pH5.32,10_20cm,5.324,25.1497006,1.913772455,-0.005225281602,-5.225281602,1.125748503,1.202267654,4.555555556,T0,4.457778422,3
G11,0,2,0,Soil5,Soil5_CE201,Slurry,HCl_NaOH,7,0.7,20,3.77,CHL,None,Soil5_T0,0.0269,0,0,0,0,0.000014,Soil5_CE201_pH5.32,10_20cm,5.324,25.1497006,1.913772455,0.007315394243,7.315394243,1.125748503,1.202267654,3.642642643,T0,0,3
G12,0,2,0,Soil5,Soil5_CE201,Slurry,HCl_NaOH,20,2,20,3.32,CHL,None,Soil5_T0,0.01955,0,0,0,0,0.00004,Soil5_CE201_pH5.32,10_20cm,5.324,25.1497006,1.913772455,0.02090112641,20.90112641,1.125748503,1.202267654,2.981981982,T0,0,3
H01,0,2,0,Soil5,Soil5_CE201,Slurry,HCl_NaOH,-100,-10,20,8.72,CHL,CHX,Soil5_T0,0.1817,1.996129652,0,0,0,-0.0002,Soil5_CE201_pH5.32,10_20cm,5.324,25.1497006,1.913772455,-0.104505632,-104.505632,1.125748503,1.202267654,8.55,T0,166.3441376,1
H02,0,2,0,Soil5,Soil5_CE201,Slurry,HCl_NaOH,20,2,20,3.32,CHL,CHX,Soil5_T0,0.04595,0.2068854304,0,0,0,0.00004,Soil5_CE201_pH5.32,10_20cm,5.324,25.1497006,1.913772455,0.02090112641,20.90112641,1.125748503,1.202267654,3.318318318,T0,17.24045253,1
H03,0,2,0,Soil5,Soil5_CE201,Slurry,HCl_NaOH,0,0,20,4.22,CHL,CHX,Soil5_T0,0.0466,0.2154783382,0,0,0,0,Soil5_CE201_pH5.32,10_20cm,5.324,25.1497006,1.913772455,0,0,1.125748503,1.202267654,4.159159159,T0,17.95652818,1
H04,0,0,0,Soil5,Soil5_CE201,No_Nitrate,No_Nitrate,0,0,20,4.22,CHL,None,Soil5_T0,0.03695,0.08788120226,0,0,0,0,Soil5_CE201_pH5.32,10_20cm,5.324,25.1497006,1.913772455,0,0,1.125748503,1.202267654,4.083083083,T0,7.323433522,1
H05,0,0,0,Soil5,Soil5_CE201,No_Nitrate,No_Nitrate,0,0,20,4.22,CHL,None,Soil5_T0,0.04235,0.1592894492,0,0,0,0,Soil5_CE201_pH5.32,10_20cm,5.324,25.1497006,1.913772455,0,0,1.125748503,1.202267654,4.083083083,T0,13.27412077,2
H06,0,0,0,Soil5,Soil5_CE201,No_Nitrate,No_Nitrate,0,0,20,4.22,CHL,None,Soil5_T0,0.0378,0.09912252568,0,0,0,0,Soil5_CE201_pH5.32,10_20cm,5.324,25.1497006,1.913772455,0,0,1.125748503,1.202267654,4.083083083,T0,8.260210473,3
H07,0,2,0,Soil5,Soil5_CE201,Slurry,HCl_NaOH,0,0,20,4.22,CHL,None,Soil5_T0,0.0379,0.1004450064,0,0,0,0,Soil5_CE201_pH5.32,10_20cm,5.324,25.1497006,1.913772455,0,0,1.125748503,1.202267654,4.12,T0,8.3704172,1
H08,0,2,0,Soil5,Soil5_CE201,Slurry,HCl_NaOH,0,0,20,4.22,CHL,None,Soil5_T0,0.0431,0.1692059063,0,0,0,0,Soil5_CE201_pH5.32,10_20cm,5.324,25.1497006,1.913772455,0,0,1.125748503,1.202267654,4.12,T0,14.10049219,2
H09,0,2,0,Soil5,Soil5_CE201,Slurry,HCl_NaOH,0,0,20,4.22,CHL,None,Soil5_T0,0.037,0.08854246834,0,0,0,0,Soil5_CE201_pH5.32,10_20cm,5.324,25.1497006,1.913772455,0,0,1.125748503,1.202267654,4.12,T0,7.378539028,3
E01,0,2,0,Soil12,Soil12_CE229,Slurry,HCl_NaOH,-100,-10,20,8.52,CHL,None,Soil12_T0,0.0621,0.4170071273,0,0,0,-0.0002,Soil12_CE229_pH6.26,10_20cm,6.255,24.24242424,1.906060606,-0.1049284579,-104.9284579,1.121212121,1.22703048,8.231231231,T0,34.75059395,1
E02,0,2,0,Soil12,Soil12_CE229,Slurry,HCl_NaOH,-32,-3.2,20,8.07,CHL,None,Soil12_T0,0.0415,0.1458419426,0,0,0,-0.000064,Soil12_CE229_pH6.26,10_20cm,6.255,24.24242424,1.906060606,-0.03357710652,-33.57710652,1.121212121,1.22703048,8.015015015,T0,12.15349521,1
E03,0,2,0,Soil12,Soil12_CE229,Slurry,HCl_NaOH,-13,-1.3,20,7.62,CHL,None,Soil12_T0,0.0273,0,0,0,0,-0.000026,Soil12_CE229_pH6.26,10_20cm,6.255,24.24242424,1.906060606,-0.01364069952,-13.64069952,1.121212121,1.22703048,7.102102102,T0,0,1
E04,0,2,0,Soil12,Soil12_CE229,Slurry,HCl_NaOH,-9,-0.9,20,7.17,CHL,None,Soil12_T0,0.0248,0,0,0,0,-0.000018,Soil12_CE229_pH6.26,10_20cm,6.255,24.24242424,1.906060606,-0.009443561208,-9.443561208,1.121212121,1.22703048,6.585585586,T0,0,1
E05,0,2,0,Soil12,Soil12_CE229,Slurry,HCl_NaOH,-6,-0.6,20,6.72,CHL,None,Soil12_T0,0.0208,0,0,0,0,-0.000012,Soil12_CE229_pH6.26,10_20cm,6.255,24.24242424,1.906060606,-0.006295707472,-6.295707472,1.121212121,1.22703048,6.153153153,T0,0,1
E06,0,2,0,Soil12,Soil12_CE229,Slurry,HCl_NaOH,-4,-0.4,20,6.27,CHL,None,Soil12_T0,0.0188,0,0,0,0,-0.000008,Soil12_CE229_pH6.26,10_20cm,6.255,24.24242424,1.906060606,-0.004197138315,-4.197138315,1.121212121,1.22703048,5.744744745,T0,0,1
E07,0,2,0,Soil12,Soil12_CE229,Slurry,HCl_NaOH,-2,-0.2,20,5.82,CHL,None,Soil12_T0,0.0198,0,0,0,0,-0.000004,Soil12_CE229_pH6.26,10_20cm,6.255,24.24242424,1.906060606,-0.002098569157,-2.098569157,1.121212121,1.22703048,5.288288288,T0,0,1
E08,0,2,0,Soil12,Soil12_CE229,Slurry,HCl_NaOH,3,0.3,20,4.92,CHL,None,Soil12_T0,0.01685,0,0,0,0,0.000006,Soil12_CE229_pH6.26,10_20cm,6.255,24.24242424,1.906060606,0.003147853736,3.147853736,1.121212121,1.22703048,4.591591592,T0,0,1
E09,0,2,0,Soil12,Soil12_CE229,Slurry,HCl_NaOH,6,0.6,20,4.47,CHL,None,Soil12_T0,0.0207,0,0,0,0,0.000012,Soil12_CE229_pH6.26,10_20cm,6.255,24.24242424,1.906060606,0.006295707472,6.295707472,1.121212121,1.22703048,4.231231231,T0,0,1
E10,0,2,0,Soil12,Soil12_CE229,Slurry,HCl_NaOH,10,1,20,4.02,CHL,None,Soil12_T0,0.01465,0,0,0,0,0.00002,Soil12_CE229_pH6.26,10_20cm,6.255,24.24242424,1.906060606,0.01049284579,10.49284579,1.121212121,1.22703048,3.990990991,T0,0,1
E11,0,2,0,Soil12,Soil12_CE229,Slurry,HCl_NaOH,20,2,20,3.57,CHL,None,Soil12_T0,0.01385,0,0,0,0,0.00004,Soil12_CE229_pH6.26,10_20cm,6.255,24.24242424,1.906060606,0.02098569157,20.98569157,1.121212121,1.22703048,3.618618619,T0,0,1
E12,0,2,0,Soil12,Soil12_CE229,Slurry,HCl_NaOH,40,4,20,3.12,CHL,None,Soil12_T0,0.0132,0,0,0,0,0.00008,Soil12_CE229_pH6.26,10_20cm,6.255,24.24242424,1.906060606,0.04197138315,41.97138315,1.121212121,1.22703048,3.186186186,T0,0,1
F01,0,2,0,Soil12,Soil12_CE229,Slurry,HCl_NaOH,-100,-10,20,8.52,CHL,None,Soil12_T0,0.05385,0.3084391838,0,0,0,-0.0002,Soil12_CE229_pH6.26,10_20cm,6.255,24.24242424,1.906060606,-0.1049284579,-104.9284579,1.121212121,1.22703048,8.231231231,T0,25.70326531,2
F02,0,2,0,Soil12,Soil12_CE229,Slurry,HCl_NaOH,-32,-3.2,20,8.07,CHL,None,Soil12_T0,0.0399,0.1247701863,0,0,0,-0.000064,Soil12_CE229_pH6.26,10_20cm,6.255,24.24242424,1.906060606,-0.03357710652,-33.57710652,1.121212121,1.22703048,8.015015015,T0,10.39751552,2
F03,0,2,0,Soil12,Soil12_CE229,Slurry,HCl_NaOH,-13,-1.3,20,7.62,CHL,None,Soil12_T0,0.026,0,0,0,0,-0.000026,Soil12_CE229_pH6.26,10_20cm,6.255,24.24242424,1.906060606,-0.01364069952,-13.64069952,1.121212121,1.22703048,7.102102102,T0,0,2
F04,0,2,0,Soil12,Soil12_CE229,Slurry,HCl_NaOH,-9,-0.9,20,7.17,CHL,None,Soil12_T0,0.02195,0,0,0,0,-0.000018,Soil12_CE229_pH6.26,10_20cm,6.255,24.24242424,1.906060606,-0.009443561208,-9.443561208,1.121212121,1.22703048,6.585585586,T0,0,2
F05,0,2,0,Soil12,Soil12_CE229,Slurry,HCl_NaOH,-6,-0.6,20,6.72,CHL,None,Soil12_T0,0.0163,0,0,0,0,-0.000012,Soil12_CE229_pH6.26,10_20cm,6.255,24.24242424,1.906060606,-0.006295707472,-6.295707472,1.121212121,1.22703048,6.153153153,T0,0,2
F06,0,2,0,Soil12,Soil12_CE229,Slurry,HCl_NaOH,-4,-0.4,20,6.27,CHL,None,Soil12_T0,0.0133,0,0,0,0,-0.000008,Soil12_CE229_pH6.26,10_20cm,6.255,24.24242424,1.906060606,-0.004197138315,-4.197138315,1.121212121,1.22703048,5.744744745,T0,0,2
F07,0,2,0,Soil12,Soil12_CE229,Slurry,HCl_NaOH,-2,-0.2,20,5.82,CHL,None,Soil12_T0,0.0148,0,0,0,0,-0.000004,Soil12_CE229_pH6.26,10_20cm,6.255,24.24242424,1.906060606,-0.002098569157,-2.098569157,1.121212121,1.22703048,5.288288288,T0,0,2
F08,0,2,0,Soil12,Soil12_CE229,Slurry,HCl_NaOH,3,0.3,20,4.92,CHL,None,Soil12_T0,0.0119,0,0,0,0,0.000006,Soil12_CE229_pH6.26,10_20cm,6.255,24.24242424,1.906060606,0.003147853736,3.147853736,1.121212121,1.22703048,4.591591592,T0,0,2
F09,0,2,0,Soil12,Soil12_CE229,Slurry,HCl_NaOH,6,0.6,20,4.47,CHL,None,Soil12_T0,0.0151,0,0,0,0,0.000012,Soil12_CE229_pH6.26,10_20cm,6.255,24.24242424,1.906060606,0.006295707472,6.295707472,1.121212121,1.22703048,4.231231231,T0,0,2
F10,0,2,0,Soil12,Soil12_CE229,Slurry,HCl_NaOH,10,1,20,4.02,CHL,None,Soil12_T0,0.01295,0,0,0,0,0.00002,Soil12_CE229_pH6.26,10_20cm,6.255,24.24242424,1.906060606,0.01049284579,10.49284579,1.121212121,1.22703048,3.990990991,T0,0,2
F11,0,2,0,Soil12,Soil12_CE229,Slurry,HCl_NaOH,20,2,20,3.57,CHL,None,Soil12_T0,0.0156,0,0,0,0,0.00004,Soil12_CE229_pH6.26,10_20cm,6.255,24.24242424,1.906060606,0.02098569157,20.98569157,1.121212121,1.22703048,3.618618619,T0,0,2
F12,0,2,0,Soil12,Soil12_CE229,Slurry,HCl_NaOH,40,4,20,3.12,CHL,None,Soil12_T0,0.0165,0,0,0,0,0.00008,Soil12_CE229_pH6.26,10_20cm,6.255,24.24242424,1.906060606,0.04197138315,41.97138315,1.121212121,1.22703048,3.186186186,T0,0,2
G01,0,2,0,Soil12,Soil12_CE229,Slurry,HCl_NaOH,-100,-10,20,8.52,CHL,None,Soil12_T0,0.0604,0.3946388012,0,0,0,-0.0002,Soil12_CE229_pH6.26,10_20cm,6.255,24.24242424,1.906060606,-0.1049284579,-104.9284579,1.121212121,1.22703048,8.231231231,T0,32.88656677,3
G02,0,2,0,Soil12,Soil12_CE229,Slurry,HCl_NaOH,-32,-3.2,20,8.07,CHL,None,Soil12_T0,0.05025,0.2610516239,0,0,0,-0.000064,Soil12_CE229_pH6.26,10_20cm,6.255,24.24242424,1.906060606,-0.03357710652,-33.57710652,1.121212121,1.22703048,8.015015015,T0,21.75430199,3
G03,0,2,0,Soil12,Soil12_CE229,Slurry,HCl_NaOH,-13,-1.3,20,7.62,CHL,None,Soil12_T0,0.0266,0,0,0,0,-0.000026,Soil12_CE229_pH6.26,10_20cm,6.255,24.24242424,1.906060606,-0.01364069952,-13.64069952,1.121212121,1.22703048,7.102102102,T0,0,3
G04,0,2,0,Soil12,Soil12_CE229,Slurry,HCl_NaOH,-9,-0.9,20,7.17,CHL,None,Soil12_T0,0.0197,0,0,0,0,-0.000018,Soil12_CE229_pH6.26,10_20cm,6.255,24.24242424,1.906060606,-0.009443561208,-9.443561208,1.121212121,1.22703048,6.585585586,T0,0,3
G05,0,2,0,Soil12,Soil12_CE229,Slurry,HCl_NaOH,-6,-0.6,20,6.72,CHL,None,Soil12_T0,0.0148,0,0,0,0,-0.000012,Soil12_CE229_pH6.26,10_20cm,6.255,24.24242424,1.906060606,-0.006295707472,-6.295707472,1.121212121,1.22703048,6.153153153,T0,0,3
G06,0,2,0,Soil12,Soil12_CE229,Slurry,HCl_NaOH,-4,-0.4,20,6.27,CHL,None,Soil12_T0,0.0124,0,0,0,0,-0.000008,Soil12_CE229_pH6.26,10_20cm,6.255,24.24242424,1.906060606,-0.004197138315,-4.197138315,1.121212121,1.22703048,5.744744745,T0,0,3
G07,0,2,0,Soil12,Soil12_CE229,Slurry,HCl_NaOH,-2,-0.2,20,5.82,CHL,None,Soil12_T0,0.0117,0,0,0,0,-0.000004,Soil12_CE229_pH6.26,10_20cm,6.255,24.24242424,1.906060606,-0.002098569157,-2.098569157,1.121212121,1.22703048,5.288288288,T0,0,3
G08,0,2,0,Soil12,Soil12_CE229,Slurry,HCl_NaOH,3,0.3,20,4.92,CHL,None,Soil12_T0,0.00955,0,0,0,0,0.000006,Soil12_CE229_pH6.26,10_20cm,6.255,24.24242424,1.906060606,0.003147853736,3.147853736,1.121212121,1.22703048,4.591591592,T0,0,3
G09,0,2,0,Soil12,Soil12_CE229,Slurry,HCl_NaOH,6,0.6,20,4.47,CHL,None,Soil12_T0,0.0092,0,0,0,0,0.000012,Soil12_CE229_pH6.26,10_20cm,6.255,24.24242424,1.906060606,0.006295707472,6.295707472,1.121212121,1.22703048,4.231231231,T0,0,3
G10,0,2,0,Soil12,Soil12_CE229,Slurry,HCl_NaOH,10,1,20,4.02,CHL,None,Soil12_T0,0.0096,0,0,0,0,0.00002,Soil12_CE229_pH6.26,10_20cm,6.255,24.24242424,1.906060606,0.01049284579,10.49284579,1.121212121,1.22703048,3.990990991,T0,0,3
G11,0,2,0,Soil12,Soil12_CE229,Slurry,HCl_NaOH,20,2,20,3.57,CHL,None,Soil12_T0,0.0096,0,0,0,0,0.00004,Soil12_CE229_pH6.26,10_20cm,6.255,24.24242424,1.906060606,0.02098569157,20.98569157,1.121212121,1.22703048,3.618618619,T0,0,3
G12,0,2,0,Soil12,Soil12_CE229,Slurry,HCl_NaOH,40,4,20,3.12,CHL,None,Soil12_T0,0.0261,0,0,0,0,0.00008,Soil12_CE229_pH6.26,10_20cm,6.255,24.24242424,1.906060606,0.04197138315,41.97138315,1.121212121,1.22703048,3.186186186,T0,0,3
H01,0,2,0,Soil12,Soil12_CE229,Slurry,HCl_NaOH,-100,-10,20,8.52,CHL,CHX,Soil12_T0,0.0666,0.4762092636,0,0,0,-0.0002,Soil12_CE229_pH6.26,10_20cm,6.255,24.24242424,1.906060606,-0.1049284579,-104.9284579,1.121212121,1.22703048,8.279279279,T0,39.6841053,1
H02,0,2,0,Soil12,Soil12_CE229,Slurry,HCl_NaOH,40,4,20,3.12,CHL,CHX,Soil12_T0,0.013,0,0,0,0,0.00008,Soil12_CE229_pH6.26,10_20cm,6.255,24.24242424,1.906060606,0.04197138315,41.97138315,1.121212121,1.22703048,3.21021021,T0,0,1
H03,0,2,0,Soil12,Soil12_CE229,Slurry,HCl_NaOH,0,0,20,5.37,CHL,CHX,Soil12_T0,0.0121,0,0,0,0,0,Soil12_CE229_pH6.26,10_20cm,6.255,24.24242424,1.906060606,0,0,1.121212121,1.22703048,4.963963964,T0,0,1
H04,0,0,0,Soil12,Soil12_CE229,No_Nitrate,No_Nitrate,0,0,20,5.37,CHL,None,Soil12_T0,0.0205,0,0,0,0,0,Soil12_CE229_pH6.26,10_20cm,6.255,24.24242424,1.906060606,0,0,1.121212121,1.22703048,4.931931932,T0,0,1
H05,0,0,0,Soil12,Soil12_CE229,No_Nitrate,No_Nitrate,0,0,20,5.37,CHL,None,Soil12_T0,0.0101,0,0,0,0,0,Soil12_CE229_pH6.26,10_20cm,6.255,24.24242424,1.906060606,0,0,1.121212121,1.22703048,4.931931932,T0,0,2
H06,0,0,0,Soil12,Soil12_CE229,No_Nitrate,No_Nitrate,0,0,20,5.37,CHL,None,Soil12_T0,0.0096,0,0,0,0,0,Soil12_CE229_pH6.26,10_20cm,6.255,24.24242424,1.906060606,0,0,1.121212121,1.22703048,4.931931932,T0,0,3
H07,0,2,0,Soil12,Soil12_CE229,Slurry,HCl_NaOH,0,0,20,5.37,CHL,None,Soil12_T0,0.0097,0,0,0,0,0,Soil12_CE229_pH6.26,10_20cm,6.255,24.24242424,1.906060606,0,0,1.121212121,1.22703048,4.773333333,T0,0,1
H08,0,2,0,Soil12,Soil12_CE229,Slurry,HCl_NaOH,0,0,20,5.37,CHL,None,Soil12_T0,0.01215,0,0,0,0,0,Soil12_CE229_pH6.26,10_20cm,6.255,24.24242424,1.906060606,0,0,1.121212121,1.22703048,4.773333333,T0,0,2
H09,0,2,0,Soil12,Soil12_CE229,Slurry,HCl_NaOH,0,0,20,5.37,CHL,None,Soil12_T0,0.0086,0,0,0,0,0,Soil12_CE229_pH6.26,10_20cm,6.255,24.24242424,1.906060606,0,0,1.121212121,1.22703048,4.773333333,T0,0,3
E01,0,2,0,Soil3,Soil3_CE239,Slurry,HCl_NaOH,-85,-8.5,20,8.47,CHL,None,Soil3_T0,0.1556,1.676308776,0,0,0,-0.00017,Soil3_CE239_pH4.99,10_20cm,4.987,24.78941035,1.910709988,-0.08897216274,-88.97216274,1.123947052,1.202267654,8.44,T0,139.692398,1
E02,0,2,0,Soil3,Soil3_CE239,Slurry,HCl_NaOH,-50,-5,20,8.02,CHL,None,Soil3_T0,0.0855,0.7378045346,0,0,0,-0.0001,Soil3_CE239_pH4.99,10_20cm,4.987,24.78941035,1.910709988,-0.05233656632,-52.33656632,1.123947052,1.202267654,8.015015015,T0,61.48371122,1
E03,0,2,0,Soil3,Soil3_CE239,Slurry,HCl_NaOH,-32,-3.2,20,7.57,CHL,None,Soil3_T0,0.0633,0.4394013129,0,0,0,-0.000064,Soil3_CE239_pH4.99,10_20cm,4.987,24.78941035,1.910709988,-0.03349540244,-33.49540244,1.123947052,1.202267654,6.945945946,T0,36.61677608,1
E04,0,2,0,Soil3,Soil3_CE239,Slurry,HCl_NaOH,-26,-2.6,20,7.12,CHL,None,Soil3_T0,0.0524,0.2926769829,0,0,0,-0.000052,Soil3_CE239_pH4.99,10_20cm,4.987,24.78941035,1.910709988,-0.02721501449,-27.21501449,1.123947052,1.202267654,6.837837838,T0,24.38974858,1
E05,0,2,0,Soil3,Soil3_CE239,Slurry,HCl_NaOH,-22,-2.2,20,6.67,CHL,None,Soil3_T0,0.05005,0.2610254864,0,0,0,-0.000044,Soil3_CE239_pH4.99,10_20cm,4.987,24.78941035,1.910709988,-0.02302808918,-23.02808918,1.123947052,1.202267654,6.345345345,T0,21.75212386,1
E06,0,2,0,Soil3,Soil3_CE239,Slurry,HCl_NaOH,-19,-1.9,20,6.22,CHL,None,Soil3_T0,0.04685,0.2179151407,0,0,0,-0.000038,Soil3_CE239_pH4.99,10_20cm,4.987,24.78941035,1.910709988,-0.0198878952,-19.8878952,1.123947052,1.202267654,5.600600601,T0,18.15959506,1
E07,0,2,0,Soil3,Soil3_CE239,Slurry,HCl_NaOH,-16,-1.6,20,5.77,CHL,None,Soil3_T0,0.0414,0.1444651069,0,0,0,-0.000032,Soil3_CE239_pH4.99,10_20cm,4.987,24.78941035,1.910709988,-0.01674770122,-16.74770122,1.123947052,1.202267654,5.12012012,T0,12.0387589,1
E08,0,2,0,Soil3,Soil3_CE239,Slurry,HCl_NaOH,-14,-1.4,20,5.32,CHL,None,Soil3_T0,0.04575,0.2030931786,0,0,0,-0.000028,Soil3_CE239_pH4.99,10_20cm,4.987,24.78941035,1.910709988,-0.01465423857,-14.65423857,1.123947052,1.202267654,4.855855856,T0,16.92443155,1
E09,0,2,0,Soil3,Soil3_CE239,Slurry,HCl_NaOH,-11,-1.1,20,4.87,CHL,None,Soil3_T0,0.03815,0.1006479809,0,0,0,-0.000022,Soil3_CE239_pH4.99,10_20cm,4.987,24.78941035,1.910709988,-0.01151404459,-11.51404459,1.123947052,1.202267654,4.627627628,T0,8.387331744,1
E10,0,2,0,Soil3,Soil3_CE239,Slurry,HCl_NaOH,-7,-0.7,20,4.42,CHL,None,Soil3_T0,0.0316,0.01230177696,0,0,0,-0.000014,Soil3_CE239_pH4.99,10_20cm,4.987,24.78941035,1.910709988,-0.007327119285,-7.327119285,1.123947052,1.202267654,4.327327327,T0,1.02514808,1
E11,0,2,0,Soil3,Soil3_CE239,Slurry,HCl_NaOH,9,0.9,20,3.52,CHL,None,Soil3_T0,0.02565,0,0,0,0,0.000018,Soil3_CE239_pH4.99,10_20cm,4.987,24.78941035,1.910709988,0.009420581937,9.420581937,1.123947052,1.202267654,3.486486486,T0,0,1
E12,0,2,0,Soil3,Soil3_CE239,Slurry,HCl_NaOH,32,3.2,20,3.07,CHL,None,Soil3_T0,0.02225,0,0,0,0,0.000064,Soil3_CE239_pH4.99,10_20cm,4.987,24.78941035,1.910709988,0.03349540244,33.49540244,1.123947052,1.202267654,3.078078078,T0,0,1
F01,0,2,0,Soil3,Soil3_CE239,Slurry,HCl_NaOH,-85,-8.5,20,8.47,CHL,None,Soil3_T0,0.15095,1.614229322,0,0,0,-0.00017,Soil3_CE239_pH4.99,10_20cm,4.987,24.78941035,1.910709988,-0.08897216274,-88.97216274,1.123947052,1.202267654,8.44,T0,134.5191101,2
F02,0,2,0,Soil3,Soil3_CE239,Slurry,HCl_NaOH,-50,-5,20,8.02,CHL,None,Soil3_T0,0.0921,0.8264082055,0,0,0,-0.0001,Soil3_CE239_pH4.99,10_20cm,4.987,24.78941035,1.910709988,-0.05233656632,-52.33656632,1.123947052,1.202267654,8.015015015,T0,68.86735046,2
F03,0,2,0,Soil3,Soil3_CE239,Slurry,HCl_NaOH,-32,-3.2,20,7.57,CHL,None,Soil3_T0,0.07205,0.5570839166,0,0,0,-0.000064,Soil3_CE239_pH4.99,10_20cm,4.987,24.78941035,1.910709988,-0.03349540244,-33.49540244,1.123947052,1.202267654,6.945945946,T0,46.42365971,2
F04,0,2,0,Soil3,Soil3_CE239,Slurry,HCl_NaOH,-26,-2.6,20,7.12,CHL,None,Soil3_T0,0.05835,0.3727868901,0,0,0,-0.000052,Soil3_CE239_pH4.99,10_20cm,4.987,24.78941035,1.910709988,-0.02721501449,-27.21501449,1.123947052,1.202267654,6.837837838,T0,31.06557418,2
F05,0,2,0,Soil3,Soil3_CE239,Slurry,HCl_NaOH,-22,-2.2,20,6.67,CHL,None,Soil3_T0,0.0551,0.3290345264,0,0,0,-0.000044,Soil3_CE239_pH4.99,10_20cm,4.987,24.78941035,1.910709988,-0.02302808918,-23.02808918,1.123947052,1.202267654,6.345345345,T0,27.41954386,2
F06,0,2,0,Soil3,Soil3_CE239,Slurry,HCl_NaOH,-19,-1.9,20,6.22,CHL,None,Soil3_T0,0.05465,0.32297553,0,0,0,-0.000038,Soil3_CE239_pH4.99,10_20cm,4.987,24.78941035,1.910709988,-0.0198878952,-19.8878952,1.123947052,1.202267654,5.600600601,T0,26.9146275,2
F07,0,2,0,Soil3,Soil3_CE239,Slurry,HCl_NaOH,-16,-1.6,20,5.77,CHL,None,Soil3_T0,0.0476,0.2280202081,0,0,0,-0.000032,Soil3_CE239_pH4.99,10_20cm,4.987,24.78941035,1.910709988,-0.01674770122,-16.74770122,1.123947052,1.202267654,5.12012012,T0,19.00168401,2
F08,0,2,0,Soil3,Soil3_CE239,Slurry,HCl_NaOH,-14,-1.4,20,5.32,CHL,None,Soil3_T0,0.0449,0.1916388693,0,0,0,-0.000028,Soil3_CE239_pH4.99,10_20cm,4.987,24.78941035,1.910709988,-0.01465423857,-14.65423857,1.123947052,1.202267654,4.855855856,T0,15.96990577,2
F09,0,2,0,Soil3,Soil3_CE239,Slurry,HCl_NaOH,-11,-1.1,20,4.87,CHL,None,Soil3_T0,0.0464,0.2118517828,0,0,0,-0.000022,Soil3_CE239_pH4.99,10_20cm,4.987,24.78941035,1.910709988,-0.01151404459,-11.51404459,1.123947052,1.202267654,4.627627628,T0,17.65431523,2
F10,0,2,0,Soil3,Soil3_CE239,Slurry,HCl_NaOH,-7,-0.7,20,4.42,CHL,None,Soil3_T0,0.0361,0.0730030833,0,0,0,-0.000014,Soil3_CE239_pH4.99,10_20cm,4.987,24.78941035,1.910709988,-0.007327119285,-7.327119285,1.123947052,1.202267654,4.327327327,T0,6.083590275,2
F11,0,2,0,Soil3,Soil3_CE239,Slurry,HCl_NaOH,9,0.9,20,3.52,CHL,None,Soil3_T0,0.0297,0,0,0,0,0.000018,Soil3_CE239_pH4.99,10_20cm,4.987,24.78941035,1.910709988,0.009420581937,9.420581937,1.123947052,1.202267654,3.486486486,T0,0,2
F12,0,2,0,Soil3,Soil3_CE239,Slurry,HCl_NaOH,32,3.2,20,3.07,CHL,None,Soil3_T0,0.02525,0,0,0,0,0.000064,Soil3_CE239_pH4.99,10_20cm,4.987,24.78941035,1.910709988,0.03349540244,33.49540244,1.123947052,1.202267654,3.078078078,T0,0,2
G01,0,2,0,Soil3,Soil3_CE239,Slurry,HCl_NaOH,-85,-8.5,20,8.47,CHL,None,Soil3_T0,0.1581,1.709674607,0,0,0,-0.00017,Soil3_CE239_pH4.99,10_20cm,4.987,24.78941035,1.910709988,-0.08897216274,-88.97216274,1.123947052,1.202267654,8.44,T0,142.4728839,3
G02,0,2,0,Soil3,Soil3_CE239,Slurry,HCl_NaOH,-50,-5,20,8.02,CHL,None,Soil3_T0,0.1005,0.9391033033,0,0,0,-0.0001,Soil3_CE239_pH4.99,10_20cm,4.987,24.78941035,1.910709988,-0.05233656632,-52.33656632,1.123947052,1.202267654,8.015015015,T0,78.25860861,3
G03,0,2,0,Soil3,Soil3_CE239,Slurry,HCl_NaOH,-32,-3.2,20,7.57,CHL,None,Soil3_T0,0.0675,0.495900139,0,0,0,-0.000064,Soil3_CE239_pH4.99,10_20cm,4.987,24.78941035,1.910709988,-0.03349540244,-33.49540244,1.123947052,1.202267654,6.945945946,T0,41.32501159,3
G04,0,2,0,Soil3,Soil3_CE239,Slurry,HCl_NaOH,-26,-2.6,20,7.12,CHL,None,Soil3_T0,0.0623,0.4259461677,0,0,0,-0.000052,Soil3_CE239_pH4.99,10_20cm,4.987,24.78941035,1.910709988,-0.02721501449,-27.21501449,1.123947052,1.202267654,6.837837838,T0,35.49551398,3
G05,0,2,0,Soil3,Soil3_CE239,Slurry,HCl_NaOH,-22,-2.2,20,6.67,CHL,None,Soil3_T0,0.0551,0.3290345264,0,0,0,-0.000044,Soil3_CE239_pH4.99,10_20cm,4.987,24.78941035,1.910709988,-0.02302808918,-23.02808918,1.123947052,1.202267654,6.345345345,T0,27.41954386,3
G06,0,2,0,Soil3,Soil3_CE239,Slurry,HCl_NaOH,-19,-1.9,20,6.22,CHL,None,Soil3_T0,0.0503,0.2643929752,0,0,0,-0.000038,Soil3_CE239_pH4.99,10_20cm,4.987,24.78941035,1.910709988,-0.0198878952,-19.8878952,1.123947052,1.202267654,5.600600601,T0,22.03274794,3
G07,0,2,0,Soil3,Soil3_CE239,Slurry,HCl_NaOH,-16,-1.6,20,5.77,CHL,None,Soil3_T0,0.04695,0.2192625213,0,0,0,-0.000032,Soil3_CE239_pH4.99,10_20cm,4.987,24.78941035,1.910709988,-0.01674770122,-16.74770122,1.123947052,1.202267654,5.12012012,T0,18.27187677,3
G08,0,2,0,Soil3,Soil3_CE239,Slurry,HCl_NaOH,-14,-1.4,20,5.32,CHL,None,Soil3_T0,0.042,0.1525530618,0,0,0,-0.000028,Soil3_CE239_pH4.99,10_20cm,4.987,24.78941035,1.910709988,-0.01465423857,-14.65423857,1.123947052,1.202267654,4.855855856,T0,12.71275515,3
G09,0,2,0,Soil3,Soil3_CE239,Slurry,HCl_NaOH,-11,-1.1,20,4.87,CHL,None,Soil3_T0,0.0498,0.257657924,0,0,0,-0.000022,Soil3_CE239_pH4.99,10_20cm,4.987,24.78941035,1.910709988,-0.01151404459,-11.51404459,1.123947052,1.202267654,4.627627628,T0,21.47149367,3
G10,0,2,0,Soil3,Soil3_CE239,Slurry,HCl_NaOH,-7,-0.7,20,4.42,CHL,None,Soil3_T0,0.03875,0.1087382333,0,0,0,-0.000014,Soil3_CE239_pH4.99,10_20cm,4.987,24.78941035,1.910709988,-0.007327119285,-7.327119285,1.123947052,1.202267654,4.327327327,T0,9.061519439,3
G11,0,2,0,Soil3,Soil3_CE239,Slurry,HCl_NaOH,9,0.9,20,3.52,CHL,None,Soil3_T0,0.0308,0.001507931204,0,0,0,0.000018,Soil3_CE239_pH4.99,10_20cm,4.987,24.78941035,1.910709988,0.009420581937,9.420581937,1.123947052,1.202267654,3.486486486,T0,0.1256609336,3
G12,0,2,0,Soil3,Soil3_CE239,Slurry,HCl_NaOH,32,3.2,20,3.07,CHL,None,Soil3_T0,0.0252,0,0,0,0,0.000064,Soil3_CE239_pH4.99,10_20cm,4.987,24.78941035,1.910709988,0.03349540244,33.49540244,1.123947052,1.202267654,3.078078078,T0,0,3
H01,0,2,0,Soil3,Soil3_CE239,Slurry,HCl_NaOH,-85,-8.5,20,8.47,CHL,CHX,Soil3_T0,0.1708,1.879062838,0,0,0,-0.00017,Soil3_CE239_pH4.99,10_20cm,4.987,24.78941035,1.910709988,-0.08897216274,-88.97216274,1.123947052,1.202267654,8.47,T0,156.5885698,1
H02,0,2,0,Soil3,Soil3_CE239,Slurry,HCl_NaOH,32,3.2,20,3.07,CHL,CHX,Soil3_T0,0.04325,0.1694016065,0,0,0,0.000064,Soil3_CE239_pH4.99,10_20cm,4.987,24.78941035,1.910709988,0.03349540244,33.49540244,1.123947052,1.202267654,3.078078078,T0,14.11680054,1
H03,0,2,0,Soil3,Soil3_CE239,Slurry,HCl_NaOH,0,0,20,3.97,CHL,CHX,Soil3_T0,0.0462,0.2091568806,0,0,0,0,Soil3_CE239_pH4.99,10_20cm,4.987,24.78941035,1.910709988,0,0,1.123947052,1.202267654,3.882882883,T0,17.42974005,1
H04,0,0,0,Soil3,Soil3_CE239,No_Nitrate,No_Nitrate,0,0,20,3.97,CHL,None,Soil3_T0,0.0376,0.09323154351,0,0,0,0,Soil3_CE239_pH4.99,10_20cm,4.987,24.78941035,1.910709988,0,0,1.123947052,1.202267654,3.850850851,T0,7.769295293,1
H05,0,0,0,Soil3,Soil3_CE239,No_Nitrate,No_Nitrate,0,0,20,3.97,CHL,None,Soil3_T0,0.04,0.125591563,0,0,0,0,Soil3_CE239_pH4.99,10_20cm,4.987,24.78941035,1.910709988,0,0,1.123947052,1.202267654,3.850850851,T0,10.46596358,2
H06,0,0,0,Soil3,Soil3_CE239,No_Nitrate,No_Nitrate,0,0,20,3.97,CHL,None,Soil3_T0,0.0398,0.122895154,0,0,0,0,Soil3_CE239_pH4.99,10_20cm,4.987,24.78941035,1.910709988,0,0,1.123947052,1.202267654,3.850850851,T0,10.24126283,3
H07,0,2,0,Soil3,Soil3_CE239,Slurry,HCl_NaOH,0,0,20,3.97,CHL,None,Soil3_T0,0.037,0.08514047779,0,0,0,0,Soil3_CE239_pH4.99,10_20cm,4.987,24.78941035,1.910709988,0,0,1.123947052,1.202267654,3.92,T0,7.095039816,1
H08,0,2,0,Soil3,Soil3_CE239,Slurry,HCl_NaOH,0,0,20,3.97,CHL,None,Soil3_T0,0.0399,0.1242433644,0,0,0,0,Soil3_CE239_pH4.99,10_20cm,4.987,24.78941035,1.910709988,0,0,1.123947052,1.202267654,3.92,T0,10.3536137,2
H09,0,2,0,Soil3,Soil3_CE239,Slurry,HCl_NaOH,0,0,20,3.97,CHL,None,Soil3_T0,0.038,0.09862535154,0,0,0,0,Soil3_CE239_pH4.99,10_20cm,4.987,24.78941035,1.910709988,0,0,1.123947052,1.202267654,3.92,T0,8.218779295,3
E01,0,2,0,Soil9,Soil9_CE277,Slurry,HCl_NaOH,-75,-7.5,20,8.46,CHL,None,Soil9_T0,0.0818,0.6441961118,0,0,0,-0.00015,Soil9_CE277_pH5.82,10_20cm,5.822,24.15048544,1.905279126,-0.07872862193,-78.72862193,1.120752427,1.217914003,8.49,T0,53.68300932,1
E02,0,2,0,Soil9,Soil9_CE277,Slurry,HCl_NaOH,-28,-2.8,20,8.01,CHL,None,Soil9_T0,0.0541,0.2855792257,0,0,0,-0.000056,Soil9_CE277_pH5.82,10_20cm,5.822,24.15048544,1.905279126,-0.02939201885,-29.39201885,1.120752427,1.217914003,7.738738739,T0,23.79826881,1
E03,0,2,0,Soil9,Soil9_CE277,Slurry,HCl_NaOH,-20,-2,20,7.56,CHL,None,Soil9_T0,0.0499,0.2311719614,0,0,0,-0.00004,Soil9_CE277_pH5.82,10_20cm,5.822,24.15048544,1.905279126,-0.02099429918,-20.99429918,1.120752427,1.217914003,7.318318318,T0,19.26433012,1
E04,0,2,0,Soil9,Soil9_CE277,Slurry,HCl_NaOH,-16,-1.6,20,7.11,CHL,None,Soil9_T0,0.04685,0.1916566128,0,0,0,-0.000032,Soil9_CE277_pH5.82,10_20cm,5.822,24.15048544,1.905279126,-0.01679543935,-16.79543935,1.120752427,1.217914003,6.873873874,T0,15.9713844,1
E05,0,2,0,Soil9,Soil9_CE277,Slurry,HCl_NaOH,-13,-1.3,20,6.66,CHL,None,Soil9_T0,0.0384,0.08215630807,0,0,0,-0.000026,Soil9_CE277_pH5.82,10_20cm,5.822,24.15048544,1.905279126,-0.01364629447,-13.64629447,1.120752427,1.217914003,6.573573574,T0,6.846359006,1
E06,0,2,0,Soil9,Soil9_CE277,Slurry,HCl_NaOH,-10,-1,20,6.21,CHL,None,Soil9_T0,0.03575,0.04780890242,0,0,0,-0.00002,Soil9_CE277_pH5.82,10_20cm,5.822,24.15048544,1.905279126,-0.01049714959,-10.49714959,1.120752427,1.217914003,6.057057057,T0,3.984075202,1
E07,0,2,0,Soil9,Soil9_CE277,Slurry,HCl_NaOH,-7,-0.7,20,5.76,CHL,None,Soil9_T0,0.0397,0.09900474363,0,0,0,-0.000014,Soil9_CE277_pH5.82,10_20cm,5.822,24.15048544,1.905279126,-0.007348004714,-7.348004714,1.120752427,1.217914003,5.540540541,T0,8.250395302,1
E08,0,2,0,Soil9,Soil9_CE277,Slurry,HCl_NaOH,-5,-0.5,20,5.31,CHL,None,Soil9_T0,0.03705,0.06465899529,0,0,0,-0.00001,Soil9_CE277_pH5.82,10_20cm,5.822,24.15048544,1.905279126,-0.005248574795,-5.248574795,1.120752427,1.217914003,5.216216216,T0,5.388249608,1
E09,0,2,0,Soil9,Soil9_CE277,Slurry,HCl_NaOH,-2,-0.2,20,4.86,CHL,None,Soil9_T0,0.03435,0.02966173912,0,0,0,-0.000004,Soil9_CE277_pH5.82,10_20cm,5.822,24.15048544,1.905279126,-0.002099429918,-2.099429918,1.120752427,1.217914003,4.615615616,T0,2.471811593,1
E10,0,2,0,Soil9,Soil9_CE277,Slurry,HCl_NaOH,4,0.4,20,3.96,CHL,None,Soil9_T0,0.0279,0,0,0,0,0.000008,Soil9_CE277_pH5.82,10_20cm,5.822,24.15048544,1.905279126,0.004198859836,4.198859836,1.120752427,1.217914003,3.990990991,T0,0,1
E11,0,2,0,Soil9,Soil9_CE277,Slurry,HCl_NaOH,13,1.3,20,3.51,CHL,None,Soil9_T0,0.0215,0,0,0,0,0.000026,Soil9_CE277_pH5.82,10_20cm,5.822,24.15048544,1.905279126,0.01364629447,13.64629447,1.120752427,1.217914003,3.558558559,T0,0,1
E12,0,2,0,Soil9,Soil9_CE277,Slurry,HCl_NaOH,38,3.8,20,3.06,CHL,None,Soil9_T0,0.019,0,0,0,0,0.000076,Soil9_CE277_pH5.82,10_20cm,5.822,24.15048544,1.905279126,0.03988916844,39.88916844,1.120752427,1.217914003,3.05,T0,0,1
F01,0,2,0,Soil9,Soil9_CE277,Slurry,HCl_NaOH,-75,-7.5,20,8.46,CHL,None,Soil9_T0,0.084,0.6726625592,0,0,0,-0.00015,Soil9_CE277_pH5.82,10_20cm,5.822,24.15048544,1.905279126,-0.07872862193,-78.72862193,1.120752427,1.217914003,8.49,T0,56.05521327,2
F02,0,2,0,Soil9,Soil9_CE277,Slurry,HCl_NaOH,-28,-2.8,20,8.01,CHL,None,Soil9_T0,0.0556,0.3050083384,0,0,0,-0.000056,Soil9_CE277_pH5.82,10_20cm,5.822,24.15048544,1.905279126,-0.02939201885,-29.39201885,1.120752427,1.217914003,7.738738739,T0,25.41736153,2
F03,0,2,0,Soil9,Soil9_CE277,Slurry,HCl_NaOH,-20,-2,20,7.56,CHL,None,Soil9_T0,0.0525,0.2648536478,0,0,0,-0.00004,Soil9_CE277_pH5.82,10_20cm,5.822,24.15048544,1.905279126,-0.02099429918,-20.99429918,1.120752427,1.217914003,7.318318318,T0,22.07113732,2
F04,0,2,0,Soil9,Soil9_CE277,Slurry,HCl_NaOH,-16,-1.6,20,7.11,CHL,None,Soil9_T0,0.0438,0.1521367935,0,0,0,-0.000032,Soil9_CE277_pH5.82,10_20cm,5.822,24.15048544,1.905279126,-0.01679543935,-16.79543935,1.120752427,1.217914003,6.873873874,T0,12.67806613,2
F05,0,2,0,Soil9,Soil9_CE277,Slurry,HCl_NaOH,-13,-1.3,20,6.66,CHL,None,Soil9_T0,0.04055,0.1100205889,0,0,0,-0.000026,Soil9_CE277_pH5.82,10_20cm,5.822,24.15048544,1.905279126,-0.01364629447,-13.64629447,1.120752427,1.217914003,6.573573574,T0,9.16838241,2
F06,0,2,0,Soil9,Soil9_CE277,Slurry,HCl_NaOH,-10,-1,20,6.21,CHL,None,Soil9_T0,0.04035,0.1074286566,0,0,0,-0.00002,Soil9_CE277_pH5.82,10_20cm,5.822,24.15048544,1.905279126,-0.01049714959,-10.49714959,1.120752427,1.217914003,6.057057057,T0,8.952388049,2
F07,0,2,0,Soil9,Soil9_CE277,Slurry,HCl_NaOH,-7,-0.7,20,5.76,CHL,None,Soil9_T0,0.03915,0.09187665856,0,0,0,-0.000014,Soil9_CE277_pH5.82,10_20cm,5.822,24.15048544,1.905279126,-0.007348004714,-7.348004714,1.120752427,1.217914003,5.540540541,T0,7.656388213,2
F08,0,2,0,Soil9,Soil9_CE277,Slurry,HCl_NaOH,-5,-0.5,20,5.31,CHL,None,Soil9_T0,0.03785,0.07502787907,0,0,0,-0.00001,Soil9_CE277_pH5.82,10_20cm,5.822,24.15048544,1.905279126,-0.005248574795,-5.248574795,1.120752427,1.217914003,5.216216216,T0,6.252323256,2
F09,0,2,0,Soil9,Soil9_CE277,Slurry,HCl_NaOH,-2,-0.2,20,4.86,CHL,None,Soil9_T0,0.03505,0.03873543867,0,0,0,-0.000004,Soil9_CE277_pH5.82,10_20cm,5.822,24.15048544,1.905279126,-0.002099429918,-2.099429918,1.120752427,1.217914003,4.615615616,T0,3.227953222,2
F10,0,2,0,Soil9,Soil9_CE277,Slurry,HCl_NaOH,4,0.4,20,3.96,CHL,None,Soil9_T0,0.0306,0,0,0,0,0.000008,Soil9_CE277_pH5.82,10_20cm,5.822,24.15048544,1.905279126,0.004198859836,4.198859836,1.120752427,1.217914003,3.990990991,T0,0,2
F11,0,2,0,Soil9,Soil9_CE277,Slurry,HCl_NaOH,13,1.3,20,3.51,CHL,None,Soil9_T0,0.0239,0,0,0,0,0.000026,Soil9_CE277_pH5.82,10_20cm,5.822,24.15048544,1.905279126,0.01364629447,13.64629447,1.120752427,1.217914003,3.558558559,T0,0,2
F12,0,2,0,Soil9,Soil9_CE277,Slurry,HCl_NaOH,38,3.8,20,3.06,CHL,None,Soil9_T0,0.0171,0,0,0,0,0.000076,Soil9_CE277_pH5.82,10_20cm,5.822,24.15048544,1.905279126,0.03988916844,39.88916844,1.120752427,1.217914003,3.05,T0,0,2
G01,0,2,0,Soil9,Soil9_CE277,Slurry,HCl_NaOH,-75,-7.5,20,8.46,CHL,None,Soil9_T0,0.0925,0.7826248009,0,0,0,-0.00015,Soil9_CE277_pH5.82,10_20cm,5.822,24.15048544,1.905279126,-0.07872862193,-78.72862193,1.120752427,1.217914003,8.49,T0,65.21873341,3
G02,0,2,0,Soil9,Soil9_CE277,Slurry,HCl_NaOH,-28,-2.8,20,8.01,CHL,None,Soil9_T0,0.0601,0.3632891957,0,0,0,-0.000056,Soil9_CE277_pH5.82,10_20cm,5.822,24.15048544,1.905279126,-0.02939201885,-29.39201885,1.120752427,1.217914003,7.738738739,T0,30.27409964,3
G03,0,2,0,Soil9,Soil9_CE277,Slurry,HCl_NaOH,-20,-2,20,7.56,CHL,None,Soil9_T0,0.057,0.3231412023,0,0,0,-0.00004,Soil9_CE277_pH5.82,10_20cm,5.822,24.15048544,1.905279126,-0.02099429918,-20.99429918,1.120752427,1.217914003,7.318318318,T0,26.92843353,3
G04,0,2,0,Soil9,Soil9_CE277,Slurry,HCl_NaOH,-16,-1.6,20,7.11,CHL,None,Soil9_T0,0.05055,0.2395926875,0,0,0,-0.000032,Soil9_CE277_pH5.82,10_20cm,5.822,24.15048544,1.905279126,-0.01679543935,-16.79543935,1.120752427,1.217914003,6.873873874,T0,19.96605729,3
G05,0,2,0,Soil9,Soil9_CE277,Slurry,HCl_NaOH,-13,-1.3,20,6.66,CHL,None,Soil9_T0,0.0466,0.1884174516,0,0,0,-0.000026,Soil9_CE277_pH5.82,10_20cm,5.822,24.15048544,1.905279126,-0.01364629447,-13.64629447,1.120752427,1.217914003,6.573573574,T0,15.7014543,3
G06,0,2,0,Soil9,Soil9_CE277,Slurry,HCl_NaOH,-10,-1,20,6.21,CHL,None,Soil9_T0,0.04355,0.1488972658,0,0,0,-0.00002,Soil9_CE277_pH5.82,10_20cm,5.822,24.15048544,1.905279126,-0.01049714959,-10.49714959,1.120752427,1.217914003,6.057057057,T0,12.40810548,3
G07,0,2,0,Soil9,Soil9_CE277,Slurry,HCl_NaOH,-7,-0.7,20,5.76,CHL,None,Soil9_T0,0.04315,0.1437139589,0,0,0,-0.000014,Soil9_CE277_pH5.82,10_20cm,5.822,24.15048544,1.905279126,-0.007348004714,-7.348004714,1.120752427,1.217914003,5.540540541,T0,11.97616324,3
G08,0,2,0,Soil9,Soil9_CE277,Slurry,HCl_NaOH,-5,-0.5,20,5.31,CHL,None,Soil9_T0,0.03675,0.06077058449,0,0,0,-0.00001,Soil9_CE277_pH5.82,10_20cm,5.822,24.15048544,1.905279126,-0.005248574795,-5.248574795,1.120752427,1.217914003,5.216216216,T0,5.064215374,3
G09,0,2,0,Soil9,Soil9_CE277,Slurry,HCl_NaOH,-2,-0.2,20,4.86,CHL,None,Soil9_T0,0.04345,0.1476014463,0,0,0,-0.000004,Soil9_CE277_pH5.82,10_20cm,5.822,24.15048544,1.905279126,-0.002099429918,-2.099429918,1.120752427,1.217914003,4.615615616,T0,12.30012052,3
G10,0,2,0,Soil9,Soil9_CE277,Slurry,HCl_NaOH,4,0.4,20,3.96,CHL,None,Soil9_T0,0.03155,0,0,0,0,0.000008,Soil9_CE277_pH5.82,10_20cm,5.822,24.15048544,1.905279126,0.004198859836,4.198859836,1.120752427,1.217914003,3.990990991,T0,0,3
G11,0,2,0,Soil9,Soil9_CE277,Slurry,HCl_NaOH,13,1.3,20,3.51,CHL,None,Soil9_T0,0.0292,0,0,0,0,0.000026,Soil9_CE277_pH5.82,10_20cm,5.822,24.15048544,1.905279126,0.01364629447,13.64629447,1.120752427,1.217914003,3.558558559,T0,0,3
G12,0,2,0,Soil9,Soil9_CE277,Slurry,HCl_NaOH,38,3.8,20,3.06,CHL,None,Soil9_T0,0.0223,0,0,0,0,0.000076,Soil9_CE277_pH5.82,10_20cm,5.822,24.15048544,1.905279126,0.03988916844,39.88916844,1.120752427,1.217914003,3.05,T0,0,3
H01,0,2,0,Soil9,Soil9_CE277,Slurry,HCl_NaOH,-75,-7.5,20,8.46,CHL,CHX,Soil9_T0,0.10005,0.8802681729,0,0,0,-0.00015,Soil9_CE277_pH5.82,10_20cm,5.822,24.15048544,1.905279126,-0.07872862193,-78.72862193,1.120752427,1.217914003,8.52,T0,73.35568107,1
H02,0,2,0,Soil9,Soil9_CE277,Slurry,HCl_NaOH,38,3.8,20,3.06,CHL,CHX,Soil9_T0,0.04145,0.1216840464,0,0,0,0.000076,Soil9_CE277_pH5.82,10_20cm,5.822,24.15048544,1.905279126,0.03988916844,39.88916844,1.120752427,1.217914003,3.174174174,T0,10.1403372,1
H03,0,2,0,Soil9,Soil9_CE277,Slurry,HCl_NaOH,0,0,20,4.41,CHL,CHX,Soil9_T0,0.0427,0.1378826467,0,0,0,0,Soil9_CE277_pH5.82,10_20cm,5.822,24.15048544,1.905279126,0,0,1.120752427,1.217914003,4.399399399,T0,11.49022056,1
H04,0,0,0,Soil9,Soil9_CE277,No_Nitrate,No_Nitrate,0,0,20,4.41,CHL,None,Soil9_T0,0.0365,0.05753020908,0,0,0,0,Soil9_CE277_pH5.82,10_20cm,5.822,24.15048544,1.905279126,0,0,1.120752427,1.217914003,4.299299299,T0,4.79418409,1
H05,0,0,0,Soil9,Soil9_CE277,No_Nitrate,No_Nitrate,0,0,20,4.41,CHL,None,Soil9_T0,0.0374,0.06919541983,0,0,0,0,Soil9_CE277_pH5.82,10_20cm,5.822,24.15048544,1.905279126,0,0,1.120752427,1.217914003,4.299299299,T0,5.766284986,2
H06,0,0,0,Soil9,Soil9_CE277,No_Nitrate,No_Nitrate,0,0,20,4.41,CHL,None,Soil9_T0,0.03835,0.08150827508,0,0,0,0,Soil9_CE277_pH5.82,10_20cm,5.822,24.15048544,1.905279126,0,0,1.120752427,1.217914003,4.299299299,T0,6.792356257,3
H07,0,2,0,Soil9,Soil9_CE277,Slurry,HCl_NaOH,0,0,20,4.41,CHL,None,Soil9_T0,0.03535,0.04262409486,0,0,0,0,Soil9_CE277_pH5.82,10_20cm,5.822,24.15048544,1.905279126,0,0,1.120752427,1.217914003,4.326666667,T0,3.552007905,1
H08,0,2,0,Soil9,Soil9_CE277,Slurry,HCl_NaOH,0,0,20,4.41,CHL,None,Soil9_T0,0.03885,0.08798855083,0,0,0,0,Soil9_CE277_pH5.82,10_20cm,5.822,24.15048544,1.905279126,0,0,1.120752427,1.217914003,4.326666667,T0,7.332379236,2
H09,0,2,0,Soil9,Soil9_CE277,Slurry,HCl_NaOH,0,0,20,4.41,CHL,None,Soil9_T0,0.03935,0.09446870633,0,0,0,0,Soil9_CE277_pH5.82,10_20cm,5.822,24.15048544,1.905279126,0,0,1.120752427,1.217914003,4.326666667,T0,7.872392194,3
E01,0,2,0,Soil10,Soil10_CE253,Slurry,HCl_NaOH,-100,-10,20,8.76,CHL,None,Soil10_T0,0.07255,0.5271174523,0,0,0,-0.0002,Soil10_CE253_pH5.97,10_20cm,5.975,24.78941035,1.910709988,-0.1046731326,-104.6731326,1.123947052,1.213903643,8.62,T0,43.92645435,1
E02,0,2,0,Soil10,Soil10_CE253,Slurry,HCl_NaOH,-65,-6.5,20,8.31,CHL,None,Soil10_T0,0.06735,0.459608984,0,0,0,-0.00013,Soil10_CE253_pH5.97,10_20cm,5.975,24.78941035,1.910709988,-0.06803753621,-68.03753621,1.123947052,1.213903643,8.279279279,T0,38.30074867,1
E03,0,2,0,Soil10,Soil10_CE253,Slurry,HCl_NaOH,-26,-2.6,20,7.86,CHL,None,Soil10_T0,0.053,0.2732441026,0,0,0,-0.000052,Soil10_CE253_pH5.97,10_20cm,5.975,24.78941035,1.910709988,-0.02721501449,-27.21501449,1.123947052,1.213903643,7.738738739,T0,22.77034188,1
E04,0,2,0,Soil10,Soil10_CE253,Slurry,HCl_NaOH,-21,-2.1,20,7.41,CHL,None,Soil10_T0,0.04,0.1043261884,0,0,0,-0.000042,Soil10_CE253_pH5.97,10_20cm,5.975,24.78941035,1.910709988,-0.02198135785,-21.98135785,1.123947052,1.213903643,7.462462462,T0,8.693849035,1
E05,0,2,0,Soil10,Soil10_CE253,Slurry,HCl_NaOH,-17,-1.7,20,6.96,CHL,None,Soil10_T0,0.0345,0.03283638552,0,0,0,-0.000034,Soil10_CE253_pH5.97,10_20cm,5.975,24.78941035,1.910709988,-0.01779443255,-17.79443255,1.123947052,1.213903643,7.186186186,T0,2.73636546,1
E06,0,2,0,Soil10,Soil10_CE253,Slurry,HCl_NaOH,-14,-1.4,20,6.51,CHL,None,Soil10_T0,0.02805,0,0,0,0,-0.000028,Soil10_CE253_pH5.97,10_20cm,5.975,24.78941035,1.910709988,-0.01465423857,-14.65423857,1.123947052,1.213903643,6.693693694,T0,0,1
E07,0,2,0,Soil10,Soil10_CE253,Slurry,HCl_NaOH,-12,-1.2,20,6.06,CHL,None,Soil10_T0,0.02345,0,0,0,0,-0.000024,Soil10_CE253_pH5.97,10_20cm,5.975,24.78941035,1.910709988,-0.01256077592,-12.56077592,1.123947052,1.213903643,6.465465465,T0,0,1
E08,0,2,0,Soil10,Soil10_CE253,Slurry,HCl_NaOH,-9,-0.9,20,5.61,CHL,None,Soil10_T0,0.0229,0,0,0,0,-0.000018,Soil10_CE253_pH5.97,10_20cm,5.975,24.78941035,1.910709988,-0.009420581937,-9.420581937,1.123947052,1.213903643,5.792792793,T0,0,1
E09,0,2,0,Soil10,Soil10_CE253,Slurry,HCl_NaOH,-6,-0.6,20,5.16,CHL,None,Soil10_T0,0.017,0,0,0,0,-0.000012,Soil10_CE253_pH5.97,10_20cm,5.975,24.78941035,1.910709988,-0.006280387958,-6.280387958,1.123947052,1.213903643,5.12012012,T0,0,1
E10,0,2,0,Soil10,Soil10_CE253,Slurry,HCl_NaOH,-3,-0.3,20,4.71,CHL,None,Soil10_T0,0.01455,0,0,0,0,-0.000006,Soil10_CE253_pH5.97,10_20cm,5.975,24.78941035,1.910709988,-0.003140193979,-3.140193979,1.123947052,1.213903643,4.615615616,T0,0,1
E11,0,2,0,Soil10,Soil10_CE253,Slurry,HCl_NaOH,5,0.5,20,3.81,CHL,None,Soil10_T0,0.0133,0,0,0,0,0.00001,Soil10_CE253_pH5.97,10_20cm,5.975,24.78941035,1.910709988,0.005233656632,5.233656632,1.123947052,1.213903643,3.762762763,T0,0,1
E12,0,2,0,Soil10,Soil10_CE253,Slurry,HCl_NaOH,14,1.4,20,3.36,CHL,None,Soil10_T0,0.0111,0,0,0,0,0.000028,Soil10_CE253_pH5.97,10_20cm,5.975,24.78941035,1.910709988,0.01465423857,14.65423857,1.123947052,1.213903643,3.402402402,T0,0,1
F01,0,2,0,Soil10,Soil10_CE253,Slurry,HCl_NaOH,-100,-10,20,8.76,CHL,None,Soil10_T0,0.0652,0.4316930299,0,0,0,-0.0002,Soil10_CE253_pH5.97,10_20cm,5.975,24.78941035,1.910709988,-0.1046731326,-104.6731326,1.123947052,1.213903643,8.62,T0,35.97441916,2
F02,0,2,0,Soil10,Soil10_CE253,Slurry,HCl_NaOH,-65,-6.5,20,8.31,CHL,None,Soil10_T0,0.0546,0.2940283719,0,0,0,-0.00013,Soil10_CE253_pH5.97,10_20cm,5.975,24.78941035,1.910709988,-0.06803753621,-68.03753621,1.123947052,1.213903643,8.279279279,T0,24.50236432,2
F03,0,2,0,Soil10,Soil10_CE253,Slurry,HCl_NaOH,-26,-2.6,20,7.86,CHL,None,Soil10_T0,0.0384,0.08353066011,0,0,0,-0.000052,Soil10_CE253_pH5.97,10_20cm,5.975,24.78941035,1.910709988,-0.02721501449,-27.21501449,1.123947052,1.213903643,7.738738739,T0,6.960888342,2
F04,0,2,0,Soil10,Soil10_CE253,Slurry,HCl_NaOH,-21,-2.1,20,7.41,CHL,None,Soil10_T0,0.0343,0.03023648128,0,0,0,-0.000042,Soil10_CE253_pH5.97,10_20cm,5.975,24.78941035,1.910709988,-0.02198135785,-21.98135785,1.123947052,1.213903643,7.462462462,T0,2.519706773,2
F05,0,2,0,Soil10,Soil10_CE253,Slurry,HCl_NaOH,-17,-1.7,20,6.96,CHL,None,Soil10_T0,0.0269,0,0,0,0,-0.000034,Soil10_CE253_pH5.97,10_20cm,5.975,24.78941035,1.910709988,-0.01779443255,-17.79443255,1.123947052,1.213903643,7.186186186,T0,0,2
F06,0,2,0,Soil10,Soil10_CE253,Slurry,HCl_NaOH,-14,-1.4,20,6.51,CHL,None,Soil10_T0,0.0215,0,0,0,0,-0.000028,Soil10_CE253_pH5.97,10_20cm,5.975,24.78941035,1.910709988,-0.01465423857,-14.65423857,1.123947052,1.213903643,6.693693694,T0,0,2
F07,0,2,0,Soil10,Soil10_CE253,Slurry,HCl_NaOH,-12,-1.2,20,6.06,CHL,None,Soil10_T0,0.0205,0,0,0,0,-0.000024,Soil10_CE253_pH5.97,10_20cm,5.975,24.78941035,1.910709988,-0.01256077592,-12.56077592,1.123947052,1.213903643,6.465465465,T0,0,2
F08,0,2,0,Soil10,Soil10_CE253,Slurry,HCl_NaOH,-9,-0.9,20,5.61,CHL,None,Soil10_T0,0.0149,0,0,0,0,-0.000018,Soil10_CE253_pH5.97,10_20cm,5.975,24.78941035,1.910709988,-0.009420581937,-9.420581937,1.123947052,1.213903643,5.792792793,T0,0,2
F09,0,2,0,Soil10,Soil10_CE253,Slurry,HCl_NaOH,-6,-0.6,20,5.16,CHL,None,Soil10_T0,0.0125,0,0,0,0,-0.000012,Soil10_CE253_pH5.97,10_20cm,5.975,24.78941035,1.910709988,-0.006280387958,-6.280387958,1.123947052,1.213903643,5.12012012,T0,0,2
F10,0,2,0,Soil10,Soil10_CE253,Slurry,HCl_NaOH,-3,-0.3,20,4.71,CHL,None,Soil10_T0,0.01035,0,0,0,0,-0.000006,Soil10_CE253_pH5.97,10_20cm,5.975,24.78941035,1.910709988,-0.003140193979,-3.140193979,1.123947052,1.213903643,4.615615616,T0,0,2
F11,0,2,0,Soil10,Soil10_CE253,Slurry,HCl_NaOH,5,0.5,20,3.81,CHL,None,Soil10_T0,0.0082,0,0,0,0,0.00001,Soil10_CE253_pH5.97,10_20cm,5.975,24.78941035,1.910709988,0.005233656632,5.233656632,1.123947052,1.213903643,3.762762763,T0,0,2
F12,0,2,0,Soil10,Soil10_CE253,Slurry,HCl_NaOH,14,1.4,20,3.36,CHL,None,Soil10_T0,0.0073,0,0,0,0,0.000028,Soil10_CE253_pH5.97,10_20cm,5.975,24.78941035,1.910709988,0.01465423857,14.65423857,1.123947052,1.213903643,3.402402402,T0,0,2
G01,0,2,0,Soil10,Soil10_CE253,Slurry,HCl_NaOH,-100,-10,20,8.76,CHL,None,Soil10_T0,0.061,0.3771531239,0,0,0,-0.0002,Soil10_CE253_pH5.97,10_20cm,5.975,24.78941035,1.910709988,-0.1046731326,-104.6731326,1.123947052,1.213903643,8.62,T0,31.42942699,3
G02,0,2,0,Soil10,Soil10_CE253,Slurry,HCl_NaOH,-65,-6.5,20,8.31,CHL,None,Soil10_T0,0.0508,0.244663719,0,0,0,-0.00013,Soil10_CE253_pH5.97,10_20cm,5.975,24.78941035,1.910709988,-0.06803753621,-68.03753621,1.123947052,1.213903643,8.279279279,T0,20.38864325,3
G03,0,2,0,Soil10,Soil10_CE253,Slurry,HCl_NaOH,-26,-2.6,20,7.86,CHL,None,Soil10_T0,0.0251,0,0,0,0,-0.000052,Soil10_CE253_pH5.97,10_20cm,5.975,24.78941035,1.910709988,-0.02721501449,-27.21501449,1.123947052,1.213903643,7.738738739,T0,0,3
G04,0,2,0,Soil10,Soil10_CE253,Slurry,HCl_NaOH,-21,-2.1,20,7.41,CHL,None,Soil10_T0,0.0272,0,0,0,0,-0.000042,Soil10_CE253_pH5.97,10_20cm,5.975,24.78941035,1.910709988,-0.02198135785,-21.98135785,1.123947052,1.213903643,7.462462462,T0,0,3
G05,0,2,0,Soil10,Soil10_CE253,Slurry,HCl_NaOH,-17,-1.7,20,6.96,CHL,None,Soil10_T0,0.0225,0,0,0,0,-0.000034,Soil10_CE253_pH5.97,10_20cm,5.975,24.78941035,1.910709988,-0.01779443255,-17.79443255,1.123947052,1.213903643,7.186186186,T0,0,3
G06,0,2,0,Soil10,Soil10_CE253,Slurry,HCl_NaOH,-14,-1.4,20,6.51,CHL,None,Soil10_T0,0.0163,0,0,0,0,-0.000028,Soil10_CE253_pH5.97,10_20cm,5.975,24.78941035,1.910709988,-0.01465423857,-14.65423857,1.123947052,1.213903643,6.693693694,T0,0,3
G07,0,2,0,Soil10,Soil10_CE253,Slurry,HCl_NaOH,-12,-1.2,20,6.06,CHL,None,Soil10_T0,0.0146,0,0,0,0,-0.000024,Soil10_CE253_pH5.97,10_20cm,5.975,24.78941035,1.910709988,-0.01256077592,-12.56077592,1.123947052,1.213903643,6.465465465,T0,0,3
G08,0,2,0,Soil10,Soil10_CE253,Slurry,HCl_NaOH,-9,-0.9,20,5.61,CHL,None,Soil10_T0,0.0139,0,0,0,0,-0.000018,Soil10_CE253_pH5.97,10_20cm,5.975,24.78941035,1.910709988,-0.009420581937,-9.420581937,1.123947052,1.213903643,5.792792793,T0,0,3
G09,0,2,0,Soil10,Soil10_CE253,Slurry,HCl_NaOH,-6,-0.6,20,5.16,CHL,None,Soil10_T0,0.0103,0,0,0,0,-0.000012,Soil10_CE253_pH5.97,10_20cm,5.975,24.78941035,1.910709988,-0.006280387958,-6.280387958,1.123947052,1.213903643,5.12012012,T0,0,3
G10,0,2,0,Soil10,Soil10_CE253,Slurry,HCl_NaOH,-3,-0.3,20,4.71,CHL,None,Soil10_T0,0.00935,0,0,0,0,-0.000006,Soil10_CE253_pH5.97,10_20cm,5.975,24.78941035,1.910709988,-0.003140193979,-3.140193979,1.123947052,1.213903643,4.615615616,T0,0,3
G11,0,2,0,Soil10,Soil10_CE253,Slurry,HCl_NaOH,5,0.5,20,3.81,CHL,None,Soil10_T0,0.0063,0,0,0,0,0.00001,Soil10_CE253_pH5.97,10_20cm,5.975,24.78941035,1.910709988,0.005233656632,5.233656632,1.123947052,1.213903643,3.762762763,T0,0,3
G12,0,2,0,Soil10,Soil10_CE253,Slurry,HCl_NaOH,14,1.4,20,3.36,CHL,None,Soil10_T0,0.0065,0,0,0,0,0.000028,Soil10_CE253_pH5.97,10_20cm,5.975,24.78941035,1.910709988,0.01465423857,14.65423857,1.123947052,1.213903643,3.402402402,T0,0,3
H01,0,2,0,Soil10,Soil10_CE253,Slurry,HCl_NaOH,-100,-10,20,8.76,CHL,CHX,Soil10_T0,0.0717,0.5160833029,0,0,0,-0.0002,Soil10_CE253_pH5.97,10_20cm,5.975,24.78941035,1.910709988,-0.1046731326,-104.6731326,1.123947052,1.213903643,8.64,T0,43.0069419,1
H02,0,2,0,Soil10,Soil10_CE253,Slurry,HCl_NaOH,14,1.4,20,3.36,CHL,CHX,Soil10_T0,0.0076,0,0,0,0,0.000028,Soil10_CE253_pH5.97,10_20cm,5.975,24.78941035,1.910709988,0.01465423857,14.65423857,1.123947052,1.213903643,3.414414414,T0,0,1
H03,0,2,0,Soil10,Soil10_CE253,Slurry,HCl_NaOH,0,0,20,4.26,CHL,CHX,Soil10_T0,0.009,0,0,0,0,0,Soil10_CE253_pH5.97,10_20cm,5.975,24.78941035,1.910709988,0,0,1.123947052,1.213903643,4.279279279,T0,0,1
H04,0,0,0,Soil10,Soil10_CE253,No_Nitrate,No_Nitrate,0,0,20,4.26,CHL,None,Soil10_T0,0.0087,0,0,0,0,0,Soil10_CE253_pH5.97,10_20cm,5.975,24.78941035,1.910709988,0,0,1.123947052,1.213903643,4.171171171,T0,0,1
H05,0,0,0,Soil10,Soil10_CE253,No_Nitrate,No_Nitrate,0,0,20,4.26,CHL,None,Soil10_T0,0.0097,0,0,0,0,0,Soil10_CE253_pH5.97,10_20cm,5.975,24.78941035,1.910709988,0,0,1.123947052,1.213903643,4.171171171,T0,0,2
H06,0,0,0,Soil10,Soil10_CE253,No_Nitrate,No_Nitrate,0,0,20,4.26,CHL,None,Soil10_T0,0.0082,0,0,0,0,0,Soil10_CE253_pH5.97,10_20cm,5.975,24.78941035,1.910709988,0,0,1.123947052,1.213903643,4.171171171,T0,0,3
H07,0,2,0,Soil10,Soil10_CE253,Slurry,HCl_NaOH,0,0,20,4.26,CHL,None,Soil10_T0,0.0052,0,0,0,0,0,Soil10_CE253_pH5.97,10_20cm,5.975,24.78941035,1.910709988,0,0,1.123947052,1.213903643,4.226666667,T0,0,1
H08,0,2,0,Soil10,Soil10_CE253,Slurry,HCl_NaOH,0,0,20,4.26,CHL,None,Soil10_T0,0.0059,0,0,0,0,0,Soil10_CE253_pH5.97,10_20cm,5.975,24.78941035,1.910709988,0,0,1.123947052,1.213903643,4.226666667,T0,0,2
H09,0,2,0,Soil10,Soil10_CE253,Slurry,HCl_NaOH,0,0,20,4.26,CHL,None,Soil10_T0,0.0059,0,0,0,0,0,Soil10_CE253_pH5.97,10_20cm,5.975,24.78941035,1.910709988,0,0,1.123947052,1.213903643,4.226666667,T0,0,3
E01,0,2,0,Soil6,Soil6_CE73,Slurry,HCl_NaOH,-70,-7,20,8.28,CHL,None,Soil6_T0,0.117,1.179442769,0,0,0,-0.00014,Soil6_CE73_pH5.4,10_20cm,5.405,26.9005848,1.928654971,-0.07258944815,-72.58944815,1.134502924,1.217914003,8.42,T0,98.28689743,1
E02,0,2,0,Soil6,Soil6_CE73,Slurry,HCl_NaOH,-40,-4,20,7.83,CHL,None,Soil6_T0,0.066,0.4805714598,0,0,0,-0.00008,Soil6_CE73_pH5.4,10_20cm,5.405,26.9005848,1.928654971,-0.04147968466,-41.47968466,1.134502924,1.217914003,7.846846847,T0,40.04762165,1
E03,0,2,0,Soil6,Soil6_CE73,Slurry,HCl_NaOH,-26,-2.6,20,7.38,CHL,None,Soil6_T0,0.0455,0.1986112427,0,0,0,-0.000052,Soil6_CE73_pH5.4,10_20cm,5.405,26.9005848,1.928654971,-0.02696179503,-26.96179503,1.134502924,1.217914003,7.102102102,T0,16.55093689,1
E04,0,2,0,Soil6,Soil6_CE73,Slurry,HCl_NaOH,-21,-2.1,20,6.93,CHL,None,Soil6_T0,0.0403,0.1269939233,0,0,0,-0.000042,Soil6_CE73_pH5.4,10_20cm,5.405,26.9005848,1.928654971,-0.02177683445,-21.77683445,1.134502924,1.217914003,6.585585586,T0,10.58282694,1
E05,0,2,0,Soil6,Soil6_CE73,Slurry,HCl_NaOH,-17,-1.7,20,6.48,CHL,None,Soil6_T0,0.0353,0.05809447672,0,0,0,-0.000034,Soil6_CE73_pH5.4,10_20cm,5.405,26.9005848,1.928654971,-0.01762886598,-17.62886598,1.134502924,1.217914003,6.213213213,T0,4.841206393,1
E06,0,2,0,Soil6,Soil6_CE73,Slurry,HCl_NaOH,-14,-1.4,20,6.03,CHL,None,Soil6_T0,0.03115,0.0008806149231,0,0,0,-0.000028,Soil6_CE73_pH5.4,10_20cm,5.405,26.9005848,1.928654971,-0.01451788963,-14.51788963,1.134502924,1.217914003,5.804804805,T0,0.07338457692,1
E07,0,2,0,Soil6,Soil6_CE73,Slurry,HCl_NaOH,-11,-1.1,20,5.58,CHL,None,Soil6_T0,0.0426,0.1586756028,0,0,0,-0.000022,Soil6_CE73_pH5.4,10_20cm,5.405,26.9005848,1.928654971,-0.01140691328,-11.40691328,1.134502924,1.217914003,5.252252252,T0,13.2229669,1
E08,0,2,0,Soil6,Soil6_CE73,Slurry,HCl_NaOH,-7,-0.7,20,5.13,CHL,None,Soil6_T0,0.02625,0,0,0,0,-0.000014,Soil6_CE73_pH5.4,10_20cm,5.405,26.9005848,1.928654971,-0.007258944815,-7.258944815,1.134502924,1.217914003,4.81981982,T0,0,1
E09,0,2,0,Soil6,Soil6_CE73,Slurry,HCl_NaOH,-4,-0.4,20,4.68,CHL,None,Soil6_T0,0.025,0,0,0,0,-0.000008,Soil6_CE73_pH5.4,10_20cm,5.405,26.9005848,1.928654971,-0.004147968466,-4.147968466,1.134502924,1.217914003,4.603603604,T0,0,1
E10,0,2,0,Soil6,Soil6_CE73,Slurry,HCl_NaOH,7,0.7,20,3.78,CHL,None,Soil6_T0,0.0201,0,0,0,0,0.000014,Soil6_CE73_pH5.4,10_20cm,5.405,26.9005848,1.928654971,0.007258944815,7.258944815,1.134502924,1.217914003,3.870870871,T0,0,1
E11,0,2,0,Soil6,Soil6_CE73,Slurry,HCl_NaOH,22,2.2,20,3.33,CHL,None,Soil6_T0,0.01745,0,0,0,0,0.000044,Soil6_CE73_pH5.4,10_20cm,5.405,26.9005848,1.928654971,0.02281382656,22.81382656,1.134502924,1.217914003,3.426426426,T0,0,1
E12,0,2,0,Soil6,Soil6_CE73,Slurry,HCl_NaOH,60,6,20,2.88,CHL,None,Soil6_T0,0.0162,0,0,0,0,0.00012,Soil6_CE73_pH5.4,10_20cm,5.405,26.9005848,1.928654971,0.06221952699,62.21952699,1.134502924,1.217914003,2.88,T0,0,1
F01,0,2,0,Soil6,Soil6_CE73,Slurry,HCl_NaOH,-70,-7,20,8.28,CHL,None,Soil6_T0,0.1001,0.948263126,0,0,0,-0.00014,Soil6_CE73_pH5.4,10_20cm,5.405,26.9005848,1.928654971,-0.07258944815,-72.58944815,1.134502924,1.217914003,8.42,T0,79.02192717,2
F02,0,2,0,Soil6,Soil6_CE73,Slurry,HCl_NaOH,-40,-4,20,7.83,CHL,None,Soil6_T0,0.05585,0.3410418764,0,0,0,-0.00008,Soil6_CE73_pH5.4,10_20cm,5.405,26.9005848,1.928654971,-0.04147968466,-41.47968466,1.134502924,1.217914003,7.846846847,T0,28.42015636,2
F03,0,2,0,Soil6,Soil6_CE73,Slurry,HCl_NaOH,-26,-2.6,20,7.38,CHL,None,Soil6_T0,0.0375,0.08841466239,0,0,0,-0.000052,Soil6_CE73_pH5.4,10_20cm,5.405,26.9005848,1.928654971,-0.02696179503,-26.96179503,1.134502924,1.217914003,7.102102102,T0,7.367888532,2
F04,0,2,0,Soil6,Soil6_CE73,Slurry,HCl_NaOH,-21,-2.1,20,6.93,CHL,None,Soil6_T0,0.0317,0.008464600805,0,0,0,-0.000042,Soil6_CE73_pH5.4,10_20cm,5.405,26.9005848,1.928654971,-0.02177683445,-21.77683445,1.134502924,1.217914003,6.585585586,T0,0.7053834004,2
F05,0,2,0,Soil6,Soil6_CE73,Slurry,HCl_NaOH,-17,-1.7,20,6.48,CHL,None,Soil6_T0,0.028,0,0,0,0,-0.000034,Soil6_CE73_pH5.4,10_20cm,5.405,26.9005848,1.928654971,-0.01762886598,-17.62886598,1.134502924,1.217914003,6.213213213,T0,0,2
F06,0,2,0,Soil6,Soil6_CE73,Slurry,HCl_NaOH,-14,-1.4,20,6.03,CHL,None,Soil6_T0,0.02555,0,0,0,0,-0.000028,Soil6_CE73_pH5.4,10_20cm,5.405,26.9005848,1.928654971,-0.01451788963,-14.51788963,1.134502924,1.217914003,5.804804805,T0,0,2
F07,0,2,0,Soil6,Soil6_CE73,Slurry,HCl_NaOH,-11,-1.1,20,5.58,CHL,None,Soil6_T0,0.0221,0,0,0,0,-0.000022,Soil6_CE73_pH5.4,10_20cm,5.405,26.9005848,1.928654971,-0.01140691328,-11.40691328,1.134502924,1.217914003,5.252252252,T0,0,2
F08,0,2,0,Soil6,Soil6_CE73,Slurry,HCl_NaOH,-7,-0.7,20,5.13,CHL,None,Soil6_T0,0.0189,0,0,0,0,-0.000014,Soil6_CE73_pH5.4,10_20cm,5.405,26.9005848,1.928654971,-0.007258944815,-7.258944815,1.134502924,1.217914003,4.81981982,T0,0,2
F09,0,2,0,Soil6,Soil6_CE73,Slurry,HCl_NaOH,-4,-0.4,20,4.68,CHL,None,Soil6_T0,0.0179,0,0,0,0,-0.000008,Soil6_CE73_pH5.4,10_20cm,5.405,26.9005848,1.928654971,-0.004147968466,-4.147968466,1.134502924,1.217914003,4.603603604,T0,0,2
F10,0,2,0,Soil6,Soil6_CE73,Slurry,HCl_NaOH,7,0.7,20,3.78,CHL,None,Soil6_T0,0.01925,0,0,0,0,0.000014,Soil6_CE73_pH5.4,10_20cm,5.405,26.9005848,1.928654971,0.007258944815,7.258944815,1.134502924,1.217914003,3.870870871,T0,0,2
F11,0,2,0,Soil6,Soil6_CE73,Slurry,HCl_NaOH,22,2.2,20,3.33,CHL,None,Soil6_T0,0.014,0,0,0,0,0.000044,Soil6_CE73_pH5.4,10_20cm,5.405,26.9005848,1.928654971,0.02281382656,22.81382656,1.134502924,1.217914003,3.426426426,T0,0,2
F12,0,2,0,Soil6,Soil6_CE73,Slurry,HCl_NaOH,60,6,20,2.88,CHL,None,Soil6_T0,0.0174,0,0,0,0,0.00012,Soil6_CE73_pH5.4,10_20cm,5.405,26.9005848,1.928654971,0.06221952699,62.21952699,1.134502924,1.217914003,2.88,T0,0,2
G01,0,2,0,Soil6,Soil6_CE73,Slurry,HCl_NaOH,-70,-7,20,8.28,CHL,None,Soil6_T0,0.10985,1.081685024,0,0,0,-0.00014,Soil6_CE73_pH5.4,10_20cm,5.405,26.9005848,1.928654971,-0.07258944815,-72.58944815,1.134502924,1.217914003,8.42,T0,90.14041864,3
G02,0,2,0,Soil6,Soil6_CE73,Slurry,HCl_NaOH,-40,-4,20,7.83,CHL,None,Soil6_T0,0.0601,0.3994834943,0,0,0,-0.00008,Soil6_CE73_pH5.4,10_20cm,5.405,26.9005848,1.928654971,-0.04147968466,-41.47968466,1.134502924,1.217914003,7.846846847,T0,33.29029119,3
G03,0,2,0,Soil6,Soil6_CE73,Slurry,HCl_NaOH,-26,-2.6,20,7.38,CHL,None,Soil6_T0,0.04575,0.2020534053,0,0,0,-0.000052,Soil6_CE73_pH5.4,10_20cm,5.405,26.9005848,1.928654971,-0.02696179503,-26.96179503,1.134502924,1.217914003,7.102102102,T0,16.83778378,3
G04,0,2,0,Soil6,Soil6_CE73,Slurry,HCl_NaOH,-21,-2.1,20,6.93,CHL,None,Soil6_T0,0.0396,0.1173501646,0,0,0,-0.000042,Soil6_CE73_pH5.4,10_20cm,5.405,26.9005848,1.928654971,-0.02177683445,-21.77683445,1.134502924,1.217914003,6.585585586,T0,9.779180381,3
G05,0,2,0,Soil6,Soil6_CE73,Slurry,HCl_NaOH,-17,-1.7,20,6.48,CHL,None,Soil6_T0,0.0281,0,0,0,0,-0.000034,Soil6_CE73_pH5.4,10_20cm,5.405,26.9005848,1.928654971,-0.01762886598,-17.62886598,1.134502924,1.217914003,6.213213213,T0,0,3
G06,0,2,0,Soil6,Soil6_CE73,Slurry,HCl_NaOH,-14,-1.4,20,6.03,CHL,None,Soil6_T0,0.0236,0,0,0,0,-0.000028,Soil6_CE73_pH5.4,10_20cm,5.405,26.9005848,1.928654971,-0.01451788963,-14.51788963,1.134502924,1.217914003,5.804804805,T0,0,3
G07,0,2,0,Soil6,Soil6_CE73,Slurry,HCl_NaOH,-11,-1.1,20,5.58,CHL,None,Soil6_T0,0.01945,0,0,0,0,-0.000022,Soil6_CE73_pH5.4,10_20cm,5.405,26.9005848,1.928654971,-0.01140691328,-11.40691328,1.134502924,1.217914003,5.252252252,T0,0,3
G08,0,2,0,Soil6,Soil6_CE73,Slurry,HCl_NaOH,-7,-0.7,20,5.13,CHL,None,Soil6_T0,0.015,0,0,0,0,-0.000014,Soil6_CE73_pH5.4,10_20cm,5.405,26.9005848,1.928654971,-0.007258944815,-7.258944815,1.134502924,1.217914003,4.81981982,T0,0,3
G09,0,2,0,Soil6,Soil6_CE73,Slurry,HCl_NaOH,-4,-0.4,20,4.68,CHL,None,Soil6_T0,0.0145,0,0,0,0,-0.000008,Soil6_CE73_pH5.4,10_20cm,5.405,26.9005848,1.928654971,-0.004147968466,-4.147968466,1.134502924,1.217914003,4.603603604,T0,0,3
G10,0,2,0,Soil6,Soil6_CE73,Slurry,HCl_NaOH,7,0.7,20,3.78,CHL,None,Soil6_T0,0.0128,0,0,0,0,0.000014,Soil6_CE73_pH5.4,10_20cm,5.405,26.9005848,1.928654971,0.007258944815,7.258944815,1.134502924,1.217914003,3.870870871,T0,0,3
G11,0,2,0,Soil6,Soil6_CE73,Slurry,HCl_NaOH,22,2.2,20,3.33,CHL,None,Soil6_T0,0.01295,0,0,0,0,0.000044,Soil6_CE73_pH5.4,10_20cm,5.405,26.9005848,1.928654971,0.02281382656,22.81382656,1.134502924,1.217914003,3.426426426,T0,0,3
G12,0,2,0,Soil6,Soil6_CE73,Slurry,HCl_NaOH,60,6,20,2.88,CHL,None,Soil6_T0,0.0126,0,0,0,0,0.00012,Soil6_CE73_pH5.4,10_20cm,5.405,26.9005848,1.928654971,0.06221952699,62.21952699,1.134502924,1.217914003,2.88,T0,0,3
H01,0,2,0,Soil6,Soil6_CE73,Slurry,HCl_NaOH,-70,-7,20,8.28,CHL,CHX,Soil6_T0,0.1025,0.9811178635,0,0,0,-0.00014,Soil6_CE73_pH5.4,10_20cm,5.405,26.9005848,1.928654971,-0.07258944815,-72.58944815,1.134502924,1.217914003,8.44,T0,81.75982196,1
H02,0,2,0,Soil6,Soil6_CE73,Slurry,HCl_NaOH,60,6,20,2.88,CHL,CHX,Soil6_T0,0.01805,0,0,0,0,0.00012,Soil6_CE73_pH5.4,10_20cm,5.405,26.9005848,1.928654971,0.06221952699,62.21952699,1.134502924,1.217914003,2.90990991,T0,0,1
H03,0,2,0,Soil6,Soil6_CE73,Slurry,HCl_NaOH,0,0,20,4.23,CHL,CHX,Soil6_T0,0.01555,0,0,0,0,0,Soil6_CE73_pH5.4,10_20cm,5.405,26.9005848,1.928654971,0,0,1.134502924,1.217914003,4.351351351,T0,0,1
H04,0,0,0,Soil6,Soil6_CE73,No_Nitrate,No_Nitrate,0,0,20,4.23,CHL,None,Soil6_T0,0.012,0,0,0,0,0,Soil6_CE73_pH5.4,10_20cm,5.405,26.9005848,1.928654971,0,0,1.134502924,1.217914003,4.215215215,T0,0,1
H05,0,0,0,Soil6,Soil6_CE73,No_Nitrate,No_Nitrate,0,0,20,4.23,CHL,None,Soil6_T0,0.01515,0,0,0,0,0,Soil6_CE73_pH5.4,10_20cm,5.405,26.9005848,1.928654971,0,0,1.134502924,1.217914003,4.215215215,T0,0,2
H06,0,0,0,Soil6,Soil6_CE73,No_Nitrate,No_Nitrate,0,0,20,4.23,CHL,None,Soil6_T0,0.0105,0,0,0,0,0,Soil6_CE73_pH5.4,10_20cm,5.405,26.9005848,1.928654971,0,0,1.134502924,1.217914003,4.215215215,T0,0,3
H07,0,2,0,Soil6,Soil6_CE73,Slurry,HCl_NaOH,0,0,20,4.23,CHL,None,Soil6_T0,0.01175,0,0,0,0,0,Soil6_CE73_pH5.4,10_20cm,5.405,26.9005848,1.928654971,0,0,1.134502924,1.217914003,4.243333333,T0,0,1
H08,0,2,0,Soil6,Soil6_CE73,Slurry,HCl_NaOH,0,0,20,4.23,CHL,None,Soil6_T0,0.01215,0,0,0,0,0,Soil6_CE73_pH5.4,10_20cm,5.405,26.9005848,1.928654971,0,0,1.134502924,1.217914003,4.243333333,T0,0,2
H09,0,2,0,Soil6,Soil6_CE73,Slurry,HCl_NaOH,0,0,20,4.23,CHL,None,Soil6_T0,0.0128,0,0,0,0,0,Soil6_CE73_pH5.4,10_20cm,5.405,26.9005848,1.928654971,0,0,1.134502924,1.217914003,4.243333333,T0,0,3
E01,0,2,0,Soil8,Soil8_CE56a,Slurry,HCl_NaOH,-95,-9.5,20,8.56,CHL,None,Soil8_T0,0.1068,1.071472162,0,0,0,-0.00019,Soil8_CE56a_pH5.55,10_20cm,5.552,24.42563482,1.907617896,-0.09960065923,-99.60065923,1.122128174,1.213903643,8.56,T0,89.28934685,1
E02,0,2,0,Soil8,Soil8_CE56a,Slurry,HCl_NaOH,-40,-4,20,8.11,CHL,None,Soil8_T0,0.0762,0.6396984413,0,0,0,-0.00008,Soil8_CE56a_pH5.55,10_20cm,5.552,24.42563482,1.907617896,-0.04193711968,-41.93711968,1.122128174,1.213903643,8.087087087,T0,53.30820344,1
E03,0,2,0,Soil8,Soil8_CE56a,Slurry,HCl_NaOH,-22,-2.2,20,7.66,CHL,None,Soil8_T0,0.0583,0.3862171986,0,0,0,-0.000044,Soil8_CE56a_pH5.55,10_20cm,5.552,24.42563482,1.907617896,-0.02306541582,-23.06541582,1.122128174,1.213903643,7.39039039,T0,32.18476655,1
E04,0,2,0,Soil8,Soil8_CE56a,Slurry,HCl_NaOH,-17,-1.7,20,7.21,CHL,None,Soil8_T0,0.054,0.3252244612,0,0,0,-0.000034,Soil8_CE56a_pH5.55,10_20cm,5.552,24.42563482,1.907617896,-0.01782327586,-17.82327586,1.122128174,1.213903643,6.885885886,T0,27.10203843,1
E05,0,2,0,Soil8,Soil8_CE56a,Slurry,HCl_NaOH,-13,-1.3,20,6.76,CHL,None,Soil8_T0,0.0517,0.2925843838,0,0,0,-0.000026,Soil8_CE56a_pH5.55,10_20cm,5.552,24.42563482,1.907617896,-0.01362956389,-13.62956389,1.122128174,1.213903643,6.465465465,T0,24.38203198,1
E06,0,2,0,Soil8,Soil8_CE56a,Slurry,HCl_NaOH,-10,-1,20,6.31,CHL,None,Soil8_T0,0.04925,0.2578032808,0,0,0,-0.00002,Soil8_CE56a_pH5.55,10_20cm,5.552,24.42563482,1.907617896,-0.01048427992,-10.48427992,1.122128174,1.213903643,5.900900901,T0,21.48360673,1
E07,0,2,0,Soil8,Soil8_CE56a,Slurry,HCl_NaOH,-8,-0.8,20,5.86,CHL,None,Soil8_T0,0.0412,0.1434328244,0,0,0,-0.000016,Soil8_CE56a_pH5.55,10_20cm,5.552,24.42563482,1.907617896,-0.008387423935,-8.387423935,1.122128174,1.213903643,5.48048048,T0,11.95273536,1
E08,0,2,0,Soil8,Soil8_CE56a,Slurry,HCl_NaOH,-5,-0.5,20,5.41,CHL,None,Soil8_T0,0.0401,0.1277938647,0,0,0,-0.00001,Soil8_CE56a_pH5.55,10_20cm,5.552,24.42563482,1.907617896,-0.005242139959,-5.242139959,1.122128174,1.213903643,5.048048048,T0,10.64948873,1
E09,0,2,0,Soil8,Soil8_CE56a,Slurry,HCl_NaOH,-2,-0.2,20,4.96,CHL,None,Soil8_T0,0.0357,0.06521225085,0,0,0,-0.000004,Soil8_CE56a_pH5.55,10_20cm,5.552,24.42563482,1.907617896,-0.002096855984,-2.096855984,1.122128174,1.213903643,4.687687688,T0,5.434354238,1
E10,0,2,0,Soil8,Soil8_CE56a,Slurry,HCl_NaOH,4,0.4,20,4.06,CHL,None,Soil8_T0,0.0293,0,0,0,0,0.000008,Soil8_CE56a_pH5.55,10_20cm,5.552,24.42563482,1.907617896,0.004193711968,4.193711968,1.122128174,1.213903643,4.027027027,T0,0,1
E11,0,2,0,Soil8,Soil8_CE56a,Slurry,HCl_NaOH,10,1,20,3.61,CHL,None,Soil8_T0,0.0281,0,0,0,0,0.00002,Soil8_CE56a_pH5.55,10_20cm,5.552,24.42563482,1.907617896,0.01048427992,10.48427992,1.122128174,1.213903643,3.654654655,T0,0,1
E12,0,2,0,Soil8,Soil8_CE56a,Slurry,HCl_NaOH,30,3,20,3.16,CHL,None,Soil8_T0,0.0234,0,0,0,0,0.00006,Soil8_CE56a_pH5.55,10_20cm,5.552,24.42563482,1.907617896,0.03145283976,31.45283976,1.122128174,1.213903643,3.198198198,T0,0,1
F01,0,2,0,Soil8,Soil8_CE56a,Slurry,HCl_NaOH,-95,-9.5,20,8.56,CHL,None,Soil8_T0,0.11065,1.125659023,0,0,0,-0.00019,Soil8_CE56a_pH5.55,10_20cm,5.552,24.42563482,1.907617896,-0.09960065923,-99.60065923,1.122128174,1.213903643,8.56,T0,93.80491858,2
F02,0,2,0,Soil8,Soil8_CE56a,Slurry,HCl_NaOH,-40,-4,20,8.11,CHL,None,Soil8_T0,0.0887,0.8163120969,0,0,0,-0.00008,Soil8_CE56a_pH5.55,10_20cm,5.552,24.42563482,1.907617896,-0.04193711968,-41.93711968,1.122128174,1.213903643,8.087087087,T0,68.02600807,2
F03,0,2,0,Soil8,Soil8_CE56a,Slurry,HCl_NaOH,-22,-2.2,20,7.66,CHL,None,Soil8_T0,0.0612,0.4273297831,0,0,0,-0.000044,Soil8_CE56a_pH5.55,10_20cm,5.552,24.42563482,1.907617896,-0.02306541582,-23.06541582,1.122128174,1.213903643,7.39039039,T0,35.61081526,2
F04,0,2,0,Soil8,Soil8_CE56a,Slurry,HCl_NaOH,-17,-1.7,20,7.21,CHL,None,Soil8_T0,0.05885,0.394015777,0,0,0,-0.000034,Soil8_CE56a_pH5.55,10_20cm,5.552,24.42563482,1.907617896,-0.01782327586,-17.82327586,1.122128174,1.213903643,6.885885886,T0,32.83464808,2
F05,0,2,0,Soil8,Soil8_CE56a,Slurry,HCl_NaOH,-13,-1.3,20,6.76,CHL,None,Soil8_T0,0.0543,0.3294810371,0,0,0,-0.000026,Soil8_CE56a_pH5.55,10_20cm,5.552,24.42563482,1.907617896,-0.01362956389,-13.62956389,1.122128174,1.213903643,6.465465465,T0,27.45675309,2
F06,0,2,0,Soil8,Soil8_CE56a,Slurry,HCl_NaOH,-10,-1,20,6.31,CHL,None,Soil8_T0,0.0494,0.2599331017,0,0,0,-0.00002,Soil8_CE56a_pH5.55,10_20cm,5.552,24.42563482,1.907617896,-0.01048427992,-10.48427992,1.122128174,1.213903643,5.900900901,T0,21.66109181,2
F07,0,2,0,Soil8,Soil8_CE56a,Slurry,HCl_NaOH,-8,-0.8,20,5.86,CHL,None,Soil8_T0,0.0433,0.1732818707,0,0,0,-0.000016,Soil8_CE56a_pH5.55,10_20cm,5.552,24.42563482,1.907617896,-0.008387423935,-8.387423935,1.122128174,1.213903643,5.48048048,T0,14.44015589,2
F08,0,2,0,Soil8,Soil8_CE56a,Slurry,HCl_NaOH,-5,-0.5,20,5.41,CHL,None,Soil8_T0,0.0374,0.08939640234,0,0,0,-0.00001,Soil8_CE56a_pH5.55,10_20cm,5.552,24.42563482,1.907617896,-0.005242139959,-5.242139959,1.122128174,1.213903643,5.048048048,T0,7.449700195,2
F09,0,2,0,Soil8,Soil8_CE56a,Slurry,HCl_NaOH,-2,-0.2,20,4.96,CHL,None,Soil8_T0,0.0342,0.04386817375,0,0,0,-0.000004,Soil8_CE56a_pH5.55,10_20cm,5.552,24.42563482,1.907617896,-0.002096855984,-2.096855984,1.122128174,1.213903643,4.687687688,T0,3.655681146,2
F10,0,2,0,Soil8,Soil8_CE56a,Slurry,HCl_NaOH,4,0.4,20,4.06,CHL,None,Soil8_T0,0.0319,0.01113125866,0,0,0,0.000008,Soil8_CE56a_pH5.55,10_20cm,5.552,24.42563482,1.907617896,0.004193711968,4.193711968,1.122128174,1.213903643,4.027027027,T0,0.927604888,2
F11,0,2,0,Soil8,Soil8_CE56a,Slurry,HCl_NaOH,10,1,20,3.61,CHL,None,Soil8_T0,0.02695,0,0,0,0,0.00002,Soil8_CE56a_pH5.55,10_20cm,5.552,24.42563482,1.907617896,0.01048427992,10.48427992,1.122128174,1.213903643,3.654654655,T0,0,2
F12,0,2,0,Soil8,Soil8_CE56a,Slurry,HCl_NaOH,30,3,20,3.16,CHL,None,Soil8_T0,0.02495,0,0,0,0,0.00006,Soil8_CE56a_pH5.55,10_20cm,5.552,24.42563482,1.907617896,0.03145283976,31.45283976,1.122128174,1.213903643,3.198198198,T0,0,2
G01,0,2,0,Soil8,Soil8_CE56a,Slurry,HCl_NaOH,-95,-9.5,20,8.56,CHL,None,Soil8_T0,0.117,1.214965358,0,0,0,-0.00019,Soil8_CE56a_pH5.55,10_20cm,5.552,24.42563482,1.907617896,-0.09960065923,-99.60065923,1.122128174,1.213903643,8.56,T0,101.2471132,3
G02,0,2,0,Soil8,Soil8_CE56a,Slurry,HCl_NaOH,-40,-4,20,8.11,CHL,None,Soil8_T0,0.08325,0.7393486758,0,0,0,-0.00008,Soil8_CE56a_pH5.55,10_20cm,5.552,24.42563482,1.907617896,-0.04193711968,-41.93711968,1.122128174,1.213903643,8.087087087,T0,61.61238965,3
G03,0,2,0,Soil8,Soil8_CE56a,Slurry,HCl_NaOH,-22,-2.2,20,7.66,CHL,None,Soil8_T0,0.0587,0.3918889553,0,0,0,-0.000044,Soil8_CE56a_pH5.55,10_20cm,5.552,24.42563482,1.907617896,-0.02306541582,-23.06541582,1.122128174,1.213903643,7.39039039,T0,32.65741294,3
G04,0,2,0,Soil8,Soil8_CE56a,Slurry,HCl_NaOH,-17,-1.7,20,7.21,CHL,None,Soil8_T0,0.05755,0.375581744,0,0,0,-0.000034,Soil8_CE56a_pH5.55,10_20cm,5.552,24.42563482,1.907617896,-0.01782327586,-17.82327586,1.122128174,1.213903643,6.885885886,T0,31.29847866,3
G05,0,2,0,Soil8,Soil8_CE56a,Slurry,HCl_NaOH,-13,-1.3,20,6.76,CHL,None,Soil8_T0,0.0522,0.2996810055,0,0,0,-0.000026,Soil8_CE56a_pH5.55,10_20cm,5.552,24.42563482,1.907617896,-0.01362956389,-13.62956389,1.122128174,1.213903643,6.465465465,T0,24.97341713,3
G06,0,2,0,Soil8,Soil8_CE56a,Slurry,HCl_NaOH,-10,-1,20,6.31,CHL,None,Soil8_T0,0.047,0.2258502401,0,0,0,-0.00002,Soil8_CE56a_pH5.55,10_20cm,5.552,24.42563482,1.907617896,-0.01048427992,-10.48427992,1.122128174,1.213903643,5.900900901,T0,18.82085334,3
G07,0,2,0,Soil8,Soil8_CE56a,Slurry,HCl_NaOH,-8,-0.8,20,5.86,CHL,None,Soil8_T0,0.0408,0.1377462279,0,0,0,-0.000016,Soil8_CE56a_pH5.55,10_20cm,5.552,24.42563482,1.907617896,-0.008387423935,-8.387423935,1.122128174,1.213903643,5.48048048,T0,11.47885233,3
G08,0,2,0,Soil8,Soil8_CE56a,Slurry,HCl_NaOH,-5,-0.5,20,5.41,CHL,None,Soil8_T0,0.0391,0.1135743931,0,0,0,-0.00001,Soil8_CE56a_pH5.55,10_20cm,5.552,24.42563482,1.907617896,-0.005242139959,-5.242139959,1.122128174,1.213903643,5.048048048,T0,9.464532762,3
G09,0,2,0,Soil8,Soil8_CE56a,Slurry,HCl_NaOH,-2,-0.2,20,4.96,CHL,None,Soil8_T0,0.0356,0.06378946175,0,0,0,-0.000004,Soil8_CE56a_pH5.55,10_20cm,5.552,24.42563482,1.907617896,-0.002096855984,-2.096855984,1.122128174,1.213903643,4.687687688,T0,5.315788479,3
G10,0,2,0,Soil8,Soil8_CE56a,Slurry,HCl_NaOH,4,0.4,20,4.06,CHL,None,Soil8_T0,0.0316,0.006860393069,0,0,0,0.000008,Soil8_CE56a_pH5.55,10_20cm,5.552,24.42563482,1.907617896,0.004193711968,4.193711968,1.122128174,1.213903643,4.027027027,T0,0.5716994224,3
G11,0,2,0,Soil8,Soil8_CE56a,Slurry,HCl_NaOH,10,1,20,3.61,CHL,None,Soil8_T0,0.0301,0,0,0,0,0.00002,Soil8_CE56a_pH5.55,10_20cm,5.552,24.42563482,1.907617896,0.01048427992,10.48427992,1.122128174,1.213903643,3.654654655,T0,0,3
G12,0,2,0,Soil8,Soil8_CE56a,Slurry,HCl_NaOH,30,3,20,3.16,CHL,None,Soil8_T0,0.02415,0,0,0,0,0.00006,Soil8_CE56a_pH5.55,10_20cm,5.552,24.42563482,1.907617896,0.03145283976,31.45283976,1.122128174,1.213903643,3.198198198,T0,0,3
H01,0,2,0,Soil8,Soil8_CE56a,Slurry,HCl_NaOH,-95,-9.5,20,8.56,CHL,CHX,Soil8_T0,0.1532,1.722503955,0,0,0,-0.00019,Soil8_CE56a_pH5.55,10_20cm,5.552,24.42563482,1.907617896,-0.09960065923,-99.60065923,1.122128174,1.213903643,8.55,T0,143.5419963,1
H02,0,2,0,Soil8,Soil8_CE56a,Slurry,HCl_NaOH,30,3,20,3.16,CHL,CHX,Soil8_T0,0.0411,0.1420112072,0,0,0,0.00006,Soil8_CE56a_pH5.55,10_20cm,5.552,24.42563482,1.907617896,0.03145283976,31.45283976,1.122128174,1.213903643,3.222222222,T0,11.83426726,1
H03,0,2,0,Soil8,Soil8_CE56a,Slurry,HCl_NaOH,0,0,20,4.51,CHL,CHX,Soil8_T0,0.0442,0.1860714484,0,0,0,0,Soil8_CE56a_pH5.55,10_20cm,5.552,24.42563482,1.907617896,0,0,1.122128174,1.213903643,4.471471471,T0,15.50595403,1
H04,0,0,0,Soil8,Soil8_CE56a,No_Nitrate,No_Nitrate,0,0,20,4.51,CHL,None,Soil8_T0,0.03815,0.1000639221,0,0,0,0,Soil8_CE56a_pH5.55,10_20cm,5.552,24.42563482,1.907617896,0,0,1.122128174,1.213903643,4.339339339,T0,8.338660178,1
H05,0,0,0,Soil8,Soil8_CE56a,No_Nitrate,No_Nitrate,0,0,20,4.51,CHL,None,Soil8_T0,0.0345,0.04813737333,0,0,0,0,Soil8_CE56a_pH5.55,10_20cm,5.552,24.42563482,1.907617896,0,0,1.122128174,1.213903643,4.339339339,T0,4.011447777,2
H06,0,0,0,Soil8,Soil8_CE56a,No_Nitrate,No_Nitrate,0,0,20,4.51,CHL,None,Soil8_T0,0.0352,0.05809809198,0,0,0,0,Soil8_CE56a_pH5.55,10_20cm,5.552,24.42563482,1.907617896,0,0,1.122128174,1.213903643,4.339339339,T0,4.841507665,3
H07,0,2,0,Soil8,Soil8_CE56a,Slurry,HCl_NaOH,0,0,20,4.51,CHL,None,Soil8_T0,0.03435,0.04600279755,0,0,0,0,Soil8_CE56a_pH5.55,10_20cm,5.552,24.42563482,1.907617896,0,0,1.122128174,1.213903643,4.39,T0,3.833566463,1
H08,0,2,0,Soil8,Soil8_CE56a,Slurry,HCl_NaOH,0,0,20,4.51,CHL,None,Soil8_T0,0.03655,0.07730509698,0,0,0,0,Soil8_CE56a_pH5.55,10_20cm,5.552,24.42563482,1.907617896,0,0,1.122128174,1.213903643,4.39,T0,6.442091415,2
H09,0,2,0,Soil8,Soil8_CE56a,Slurry,HCl_NaOH,0,0,20,4.51,CHL,None,Soil8_T0,0.0326,0.02109586378,0,0,0,0,Soil8_CE56a_pH5.55,10_20cm,5.552,24.42563482,1.907617896,0,0,1.122128174,1.213903643,4.39,T0,1.757988649,3
H10,2,0,0,Soil17,Soil17_Neutral3,Nitrite_Blank,Nitrite,0,0,20,None,CHL,None,Soil17_T0,0.00055,0,0,0,0,0,Soil17_Neutral3_pH7.05,10_20cm,7.052,23.7804878,1.902134146,0,0,1.118902439,1.188815209,,T0,0,1
H11,0,2,0,Soil17,Soil17_Neutral3,Nitrate_Blank,Nitrate,0,0,20,None,CHL,None,Soil17_T0,0,0,0,0,0,0,Soil17_Neutral3_pH7.05,10_20cm,7.052,23.7804878,1.902134146,0,0,1.118902439,1.188815209,,T0,0,2
H12,0,0,2,Soil17,Soil17_Neutral3,Ammonium_Blank,Ammonium,0,0,20,None,CHL,None,Soil17_T0,0.0006,0,0,0,0,0,Soil17_Neutral3_pH7.05,10_20cm,7.052,23.7804878,1.902134146,0,0,1.118902439,1.188815209,,T0,0,3
E12,2,0,0,Soil20,Soil20_CE251,Nitrite_Blank,Nitrite,0,0,20,4.43,CHL,None,Soil20_T0,0,0,0,0,0,0,Soil20_CE251_pH8.32,10_20cm,8.323,23.31288344,1.898159509,0,0,1.116564417,1.283617654,,T0,0,1
F12,0,2,0,Soil20,Soil20_CE251,Nitrate_Blank,Nitrate,0,0,20,4.43,CHL,None,Soil20_T0,0,0,0,0,0,0,Soil20_CE251_pH8.32,10_20cm,8.323,23.31288344,1.898159509,0,0,1.116564417,1.283617654,,T0,0,2
G12,0,0,2,Soil20,Soil20_CE251,Ammonium_Blank,Ammonium,0,0,20,4.43,CHL,None,Soil20_T0,0,0,0,0,0,0,Soil20_CE251_pH8.32,10_20cm,8.323,23.31288344,1.898159509,0,0,1.116564417,1.283617654,,T0,0,3
H10,2,0,0,Soil19,Soil19_Neutral4,Nitrite_Blank,Nitrite,0,0,20,None,CHL,None,Soil19_T0,0,0,0,0,0,0,Soil19_Neutral4_pH8.23,10_20cm,8.232,23.87332521,1.902923264,0,0,1.119366626,1.283617654,,T0,0,1
H11,0,2,0,Soil19,Soil19_Neutral4,Nitrate_Blank,Nitrate,0,0,20,None,CHL,None,Soil19_T0,0,0,0,0,0,0,Soil19_Neutral4_pH8.23,10_20cm,8.232,23.87332521,1.902923264,0,0,1.119366626,1.283617654,,T0,0,2
H12,0,0,2,Soil19,Soil19_Neutral4,Ammonium_Blank,Ammonium,0,0,20,None,CHL,None,Soil19_T0,0,0,0,0,0,0,Soil19_Neutral4_pH8.23,10_20cm,8.232,23.87332521,1.902923264,0,0,1.119366626,1.283617654,,T0,0,3
H10,2,0,0,Soil15,Soil15_Neutral5,Nitrite_Blank,Nitrite,0,0,20,None,CHL,None,Soil15_T0,0.00795,0,0,0,0,0,Soil15_Neutral5_pH6.79,10_20cm,6.789,24.24242424,1.906060606,0,0,1.121212121,1.288461828,,T0,0,1
H11,0,2,0,Soil15,Soil15_Neutral5,Nitrate_Blank,Nitrate,0,0,20,None,CHL,None,Soil15_T0,0.00625,0,0,0,0,0,Soil15_Neutral5_pH6.79,10_20cm,6.789,24.24242424,1.906060606,0,0,1.121212121,1.288461828,,T0,0,2
H12,0,0,2,Soil15,Soil15_Neutral5,Ammonium_Blank,Ammonium,0,0,20,None,CHL,None,Soil15_T0,0.01,0,0,0,0,0,Soil15_Neutral5_pH6.79,10_20cm,6.789,24.24242424,1.906060606,0,0,1.121212121,1.288461828,,T0,0,3
H10,2,0,0,Soil18,Soil18_Neutral1,Nitrite_Blank,Nitrite,0,0,20,None,CHL,None,Soil18_T0,0,0,0,0,0,0,Soil18_Neutral1_pH7.68,10_20cm,7.681,24.24242424,1.906060606,0,0,1.121212121,1.188815209,,T0,0,1
H11,0,2,0,Soil18,Soil18_Neutral1,Nitrate_Blank,Nitrate,0,0,20,None,CHL,None,Soil18_T0,0,0,0,0,0,0,Soil18_Neutral1_pH7.68,10_20cm,7.681,24.24242424,1.906060606,0,0,1.121212121,1.188815209,,T0,0,2
H12,0,0,2,Soil18,Soil18_Neutral1,Ammonium_Blank,Ammonium,0,0,20,None,CHL,None,Soil18_T0,0.00045,0,0,0,0,0,Soil18_Neutral1_pH7.68,10_20cm,7.681,24.24242424,1.906060606,0,0,1.121212121,1.188815209,,T0,0,3
H10,2,0,0,Soil14,Soil14_Neutral2,Nitrite_Blank,Nitrite,0,0,20,None,CHL,None,Soil14_T0,0.0055,0,0,0,0,0,Soil14_Neutral2_pH6.54,10_20cm,6.545,26.03550296,1.921301775,0,0,1.130177515,1.234836021,,T0,0,1
H11,0,2,0,Soil14,Soil14_Neutral2,Nitrate_Blank,Nitrate,0,0,20,None,CHL,None,Soil14_T0,0.002,0,0,0,0,0,Soil14_Neutral2_pH6.54,10_20cm,6.545,26.03550296,1.921301775,0,0,1.130177515,1.234836021,,T0,0,2
H12,0,0,2,Soil14,Soil14_Neutral2,Ammonium_Blank,Ammonium,0,0,20,None,CHL,None,Soil14_T0,0.005,0,0,0,0,0,Soil14_Neutral2_pH6.54,10_20cm,6.545,26.03550296,1.921301775,0,0,1.130177515,1.234836021,,T0,0,3
H10,2,0,0,Soil16,Soil16_Neutral6,Nitrite_Blank,Nitrite,0,0,20,None,CHL,None,Soil16_T0,0.0043,0,0,0,0,0,Soil16_Neutral6_pH6.86,10_20cm,6.86,24.05832321,1.904495747,0,0,1.120291616,1.288461828,,T0,0,1
H11,0,2,0,Soil16,Soil16_Neutral6,Nitrate_Blank,Nitrate,0,0,20,None,CHL,None,Soil16_T0,0.0011,0,0,0,0,0,Soil16_Neutral6_pH6.86,10_20cm,6.86,24.05832321,1.904495747,0,0,1.120291616,1.288461828,,T0,0,2
H12,0,0,2,Soil16,Soil16_Neutral6,Ammonium_Blank,Ammonium,0,0,20,None,CHL,None,Soil16_T0,0.003,0,0,0,0,0,Soil16_Neutral6_pH6.86,10_20cm,6.86,24.05832321,1.904495747,0,0,1.120291616,1.288461828,,T0,0,3
H10,2,0,0,Soil11,Soil11_CE234,Nitrite_Blank,Nitrite,0,0,20,None,CHL,None,Soil11_T0,0.0109,0,0,0,0,0,Soil11_CE234_pH6.19,10_20cm,6.186,25.1497006,1.913772455,0,0,1.125748503,1.22703048,,T0,0,1
H11,0,2,0,Soil11,Soil11_CE234,Nitrate_Blank,Nitrate,0,0,20,None,CHL,None,Soil11_T0,0.0062,0,0,0,0,0,Soil11_CE234_pH6.19,10_20cm,6.186,25.1497006,1.913772455,0,0,1.125748503,1.22703048,,T0,0,2
H12,0,0,2,Soil11,Soil11_CE234,Ammonium_Blank,Ammonium,0,0,20,None,CHL,None,Soil11_T0,0.0083,0,0,0,0,0,Soil11_CE234_pH6.19,10_20cm,6.186,25.1497006,1.913772455,0,0,1.125748503,1.22703048,,T0,0,3
H10,2,0,0,Soil13,Soil13_Neutral7,Nitrite_Blank,Nitrite,0,0,20,None,CHL,None,Soil13_T0,0.0043,0,0,0,0,0,Soil13_Neutral7_pH6.43,10_20cm,6.435,25.05995204,1.913009592,0,0,1.12529976,1.234836021,,T0,0,1
H11,0,2,0,Soil13,Soil13_Neutral7,Nitrate_Blank,Nitrate,0,0,20,None,CHL,None,Soil13_T0,0.0035,0,0,0,0,0,Soil13_Neutral7_pH6.43,10_20cm,6.435,25.05995204,1.913009592,0,0,1.12529976,1.234836021,,T0,0,2
H12,0,0,2,Soil13,Soil13_Neutral7,Ammonium_Blank,Ammonium,0,0,20,None,CHL,None,Soil13_T0,0.0041,0,0,0,0,0,Soil13_Neutral7_pH6.43,10_20cm,6.435,25.05995204,1.913009592,0,0,1.12529976,1.234836021,,T0,0,3
H10,2,0,0,Soil5,Soil5_CE201,Nitrite_Blank,Nitrite,0,0,20,None,CHL,None,Soil5_T0,0.0054,0,0,0,0,0,Soil5_CE201_pH5.32,10_20cm,5.324,25.1497006,1.913772455,0,0,1.125748503,1.202267654,,T0,0,1
H11,0,2,0,Soil5,Soil5_CE201,Nitrate_Blank,Nitrate,0,0,20,None,CHL,None,Soil5_T0,0.0023,0,0,0,0,0,Soil5_CE201_pH5.32,10_20cm,5.324,25.1497006,1.913772455,0,0,1.125748503,1.202267654,,T0,0,2
H12,0,0,2,Soil5,Soil5_CE201,Ammonium_Blank,Ammonium,0,0,20,None,CHL,None,Soil5_T0,0.0026,0,0,0,0,0,Soil5_CE201_pH5.32,10_20cm,5.324,25.1497006,1.913772455,0,0,1.125748503,1.202267654,,T0,0,3
H10,2,0,0,Soil12,Soil12_CE229,Nitrite_Blank,Nitrite,0,0,20,None,CHL,None,Soil12_T0,0,0,0,0,0,0,Soil12_CE229_pH6.26,10_20cm,6.255,24.24242424,1.906060606,0,0,1.121212121,1.22703048,,T0,0,1
H11,0,2,0,Soil12,Soil12_CE229,Nitrate_Blank,Nitrate,0,0,20,None,CHL,None,Soil12_T0,0,0,0,0,0,0,Soil12_CE229_pH6.26,10_20cm,6.255,24.24242424,1.906060606,0,0,1.121212121,1.22703048,,T0,0,2
H12,0,0,2,Soil12,Soil12_CE229,Ammonium_Blank,Ammonium,0,0,20,None,CHL,None,Soil12_T0,0.0013,0,0,0,0,0,Soil12_CE229_pH6.26,10_20cm,6.255,24.24242424,1.906060606,0,0,1.121212121,1.22703048,,T0,0,3
H10,2,0,0,Soil3,Soil3_CE239,Nitrite_Blank,Nitrite,0,0,20,None,CHL,None,Soil3_T0,0.00745,0,0,0,0,0,Soil3_CE239_pH4.99,10_20cm,4.987,24.78941035,1.910709988,0,0,1.123947052,1.202267654,,T0,0,1
H11,0,2,0,Soil3,Soil3_CE239,Nitrate_Blank,Nitrate,0,0,20,None,CHL,None,Soil3_T0,0.0026,0,0,0,0,0,Soil3_CE239_pH4.99,10_20cm,4.987,24.78941035,1.910709988,0,0,1.123947052,1.202267654,,T0,0,2
H12,0,0,2,Soil3,Soil3_CE239,Ammonium_Blank,Ammonium,0,0,20,None,CHL,None,Soil3_T0,0.0037,0,0,0,0,0,Soil3_CE239_pH4.99,10_20cm,4.987,24.78941035,1.910709988,0,0,1.123947052,1.202267654,,T0,0,3
H10,2,0,0,Soil9,Soil9_CE277,Nitrite_Blank,Nitrite,0,0,20,None,CHL,None,Soil9_T0,0.0172,0,0,0,0,0,Soil9_CE277_pH5.82,10_20cm,5.822,24.15048544,1.905279126,0,0,1.120752427,1.217914003,,T0,0,1
H11,0,2,0,Soil9,Soil9_CE277,Nitrate_Blank,Nitrate,0,0,20,None,CHL,None,Soil9_T0,0.0013,0,0,0,0,0,Soil9_CE277_pH5.82,10_20cm,5.822,24.15048544,1.905279126,0,0,1.120752427,1.217914003,,T0,0,2
H12,0,0,2,Soil9,Soil9_CE277,Ammonium_Blank,Ammonium,0,0,20,None,CHL,None,Soil9_T0,0.0018,0,0,0,0,0,Soil9_CE277_pH5.82,10_20cm,5.822,24.15048544,1.905279126,0,0,1.120752427,1.217914003,,T0,0,3
H10,2,0,0,Soil10,Soil10_CE253,Nitrite_Blank,Nitrite,0,0,20,None,CHL,None,Soil10_T0,0,0,0,0,0,0,Soil10_CE253_pH5.97,10_20cm,5.975,24.78941035,1.910709988,0,0,1.123947052,1.213903643,,T0,0,1
H11,0,2,0,Soil10,Soil10_CE253,Nitrate_Blank,Nitrate,0,0,20,None,CHL,None,Soil10_T0,0,0,0,0,0,0,Soil10_CE253_pH5.97,10_20cm,5.975,24.78941035,1.910709988,0,0,1.123947052,1.213903643,,T0,0,2
H12,0,0,2,Soil10,Soil10_CE253,Ammonium_Blank,Ammonium,0,0,20,None,CHL,None,Soil10_T0,0,0,0,0,0,0,Soil10_CE253_pH5.97,10_20cm,5.975,24.78941035,1.910709988,0,0,1.123947052,1.213903643,,T0,0,3
H10,2,0,0,Soil6,Soil6_CE73,Nitrite_Blank,Nitrite,0,0,20,None,CHL,None,Soil6_T0,0.00335,0,0,0,0,0,Soil6_CE73_pH5.4,10_20cm,5.405,26.9005848,1.928654971,0,0,1.134502924,1.217914003,,T0,0,1
H11,0,2,0,Soil6,Soil6_CE73,Nitrate_Blank,Nitrate,0,0,20,None,CHL,None,Soil6_T0,0.00055,0,0,0,0,0,Soil6_CE73_pH5.4,10_20cm,5.405,26.9005848,1.928654971,0,0,1.134502924,1.217914003,,T0,0,2
H12,0,0,2,Soil6,Soil6_CE73,Ammonium_Blank,Ammonium,0,0,20,None,CHL,None,Soil6_T0,0.0033,0,0,0,0,0,Soil6_CE73_pH5.4,10_20cm,5.405,26.9005848,1.928654971,0,0,1.134502924,1.217914003,,T0,0,3
H10,2,0,0,Soil8,Soil8_CE56a,Nitrite_Blank,Nitrite,0,0,20,None,CHL,None,Soil8_T0,0.0046,0,0,0,0,0,Soil8_CE56a_pH5.55,10_20cm,5.552,24.42563482,1.907617896,0,0,1.122128174,1.213903643,,T0,0,1
H11,0,2,0,Soil8,Soil8_CE56a,Nitrate_Blank,Nitrate,0,0,20,None,CHL,None,Soil8_T0,0.0022,0,0,0,0,0,Soil8_CE56a_pH5.55,10_20cm,5.552,24.42563482,1.907617896,0,0,1.122128174,1.213903643,,T0,0,2
H12,0,0,2,Soil8,Soil8_CE56a,Ammonium_Blank,Ammonium,0,0,20,None,CHL,None,Soil8_T0,0.00135,0,0,0,0,0,Soil8_CE56a_pH5.55,10_20cm,5.552,24.42563482,1.907617896,0,0,1.122128174,1.213903643,,T0,0,3
A01,0,2,0,Soil17,Soil17_Neutral3,Slurry,HCl_NaOH,-100,-10,20,8.85,None,None,Soil17_T9,0.0769,0.8603350033,5530,92.2,3.8,-0.0002,Soil17_Neutral3_pH7.05,10_20cm,7.052,23.7804878,1.902134146,-0.1051450553,-105.1450553,1.118902439,1.188815209,8.45,T9,71.69458361,1
A02,0,2,0,Soil17,Soil17_Neutral3,Slurry,HCl_NaOH,-40,-4,20,8.4,None,None,Soil17_T9,0.03785,0.4274948733,5530,92.2,3.8,-0.00008,Soil17_Neutral3_pH7.05,10_20cm,7.052,23.7804878,1.902134146,-0.04205802212,-42.05802212,1.118902439,1.188815209,8.339339339,T9,35.62457277,1
A03,0,2,0,Soil17,Soil17_Neutral3,Slurry,HCl_NaOH,-4,-0.4,20,7.95,None,None,Soil17_T9,0.0155,0.1797195092,5530,92.2,3.8,-0.000008,Soil17_Neutral3_pH7.05,10_20cm,7.052,23.7804878,1.902134146,-0.004205802212,-4.205802212,1.118902439,1.188815209,7.942942943,T9,14.97662577,1
A04,0,2,0,Soil17,Soil17_Neutral3,Slurry,HCl_NaOH,6,0.6,20,7.05,None,None,Soil17_T9,0.01415,0.1647522259,5530,92.2,3.8,0.000012,Soil17_Neutral3_pH7.05,10_20cm,7.052,23.7804878,1.902134146,0.006308703318,6.308703318,1.118902439,1.188815209,6.621621622,T9,13.72935216,1
A05,0,2,0,Soil17,Soil17_Neutral3,Slurry,HCl_NaOH,10,1,20,6.6,None,None,Soil17_T9,0.02675,0.3044425007,5530,92.2,3.8,0.00002,Soil17_Neutral3_pH7.05,10_20cm,7.052,23.7804878,1.902134146,0.01051450553,10.51450553,1.118902439,1.188815209,6.201201201,T9,25.37020839,1
A06,0,2,0,Soil17,Soil17_Neutral3,Slurry,HCl_NaOH,13,1.3,20,6.15,None,None,Soil17_T9,0.0196,0.2251750141,5530,92.2,3.8,0.000026,Soil17_Neutral3_pH7.05,10_20cm,7.052,23.7804878,1.902134146,0.01366885719,13.66885719,1.118902439,1.188815209,5.852852853,T9,18.76458451,1
A07,0,2,0,Soil17,Soil17_Neutral3,Slurry,HCl_NaOH,16,1.6,20,5.7,None,None,Soil17_T9,0.0237,0.2706294827,5530,92.2,3.8,0.000032,Soil17_Neutral3_pH7.05,10_20cm,7.052,23.7804878,1.902134146,0.01682320885,16.82320885,1.118902439,1.188815209,5.552552553,T9,22.5524569,1
A08,0,2,0,Soil17,Soil17_Neutral3,Slurry,HCl_NaOH,20,2,20,5.25,None,None,Soil17_T9,0.0232,0.2650863103,5530,92.2,3.8,0.00004,Soil17_Neutral3_pH7.05,10_20cm,7.052,23.7804878,1.902134146,0.02102901106,21.02901106,1.118902439,1.188815209,4.891891892,T9,22.09052586,1
A09,0,2,0,Soil17,Soil17_Neutral3,Slurry,HCl_NaOH,24,2.4,20,4.8,None,None,Soil17_T9,0.022,0.2517826337,5530,92.2,3.8,0.000048,Soil17_Neutral3_pH7.05,10_20cm,7.052,23.7804878,1.902134146,0.02523481327,25.23481327,1.118902439,1.188815209,4.495495495,T9,20.98188614,1
A10,0,2,0,Soil17,Soil17_Neutral3,Slurry,HCl_NaOH,28,2.8,20,4.35,None,None,Soil17_T9,0.02145,0.2456850856,5530,92.2,3.8,0.000056,Soil17_Neutral3_pH7.05,10_20cm,7.052,23.7804878,1.902134146,0.02944061548,29.44061548,1.118902439,1.188815209,4.135135135,T9,20.47375713,1
A11,0,2,0,Soil17,Soil17_Neutral3,Slurry,HCl_NaOH,36,3.6,20,3.9,None,None,Soil17_T9,0.0238,0.2717381154,5530,92.2,3.8,0.000072,Soil17_Neutral3_pH7.05,10_20cm,7.052,23.7804878,1.902134146,0.03785221991,37.85221991,1.118902439,1.188815209,3.726726727,T9,22.64484295,1
A12,0,2,0,Soil17,Soil17_Neutral3,Slurry,HCl_NaOH,55,5.5,20,3.45,None,None,Soil17_T9,0.0275,0.3127570894,5530,92.2,3.8,0.00011,Soil17_Neutral3_pH7.05,10_20cm,7.052,23.7804878,1.902134146,0.05782978041,57.82978041,1.118902439,1.188815209,3.07,T9,26.06309079,1
B01,0,2,0,Soil17,Soil17_Neutral3,Slurry,HCl_NaOH,-100,-10,20,8.85,None,None,Soil17_T9,0.0698,0.7816437849,5530,92.2,3.8,-0.0002,Soil17_Neutral3_pH7.05,10_20cm,7.052,23.7804878,1.902134146,-0.1051450553,-105.1450553,1.118902439,1.188815209,8.45,T9,65.13698208,2
B02,0,2,0,Soil17,Soil17_Neutral3,Slurry,HCl_NaOH,-40,-4,20,8.4,None,None,Soil17_T9,0.03565,0.4031067181,5530,92.2,3.8,-0.00008,Soil17_Neutral3_pH7.05,10_20cm,7.052,23.7804878,1.902134146,-0.04205802212,-42.05802212,1.118902439,1.188815209,8.339339339,T9,33.59222651,2
B03,0,2,0,Soil17,Soil17_Neutral3,Slurry,HCl_NaOH,-4,-0.4,20,7.95,None,None,Soil17_T9,0.01615,0.1869259389,5530,92.2,3.8,-0.000008,Soil17_Neutral3_pH7.05,10_20cm,7.052,23.7804878,1.902134146,-0.004205802212,-4.205802212,1.118902439,1.188815209,7.942942943,T9,15.57716157,2
B04,0,2,0,Soil17,Soil17_Neutral3,Slurry,HCl_NaOH,6,0.6,20,7.05,None,None,Soil17_T9,0.0101,0.119849702,5530,92.2,3.8,0.000012,Soil17_Neutral3_pH7.05,10_20cm,7.052,23.7804878,1.902134146,0.006308703318,6.308703318,1.118902439,1.188815209,6.621621622,T9,9.987475163,2
B05,0,2,0,Soil17,Soil17_Neutral3,Slurry,HCl_NaOH,10,1,20,6.6,None,None,Soil17_T9,0.01395,0.1625348411,5530,92.2,3.8,0.00002,Soil17_Neutral3_pH7.05,10_20cm,7.052,23.7804878,1.902134146,0.01051450553,10.51450553,1.118902439,1.188815209,6.201201201,T9,13.54457009,2
B06,0,2,0,Soil17,Soil17_Neutral3,Slurry,HCl_NaOH,13,1.3,20,6.15,None,None,Soil17_T9,0.01335,0.1558826717,5530,92.2,3.8,0.000026,Soil17_Neutral3_pH7.05,10_20cm,7.052,23.7804878,1.902134146,0.01366885719,13.66885719,1.118902439,1.188815209,5.852852853,T9,12.99022264,2
B07,0,2,0,Soil17,Soil17_Neutral3,Slurry,HCl_NaOH,16,1.6,20,5.7,None,None,Soil17_T9,0.0207,0.2373702172,5530,92.2,3.8,0.000032,Soil17_Neutral3_pH7.05,10_20cm,7.052,23.7804878,1.902134146,0.01682320885,16.82320885,1.118902439,1.188815209,5.552552553,T9,19.78085143,2
B08,0,2,0,Soil17,Soil17_Neutral3,Slurry,HCl_NaOH,20,2,20,5.25,None,None,Soil17_T9,0.0139,0.1619804945,5530,92.2,3.8,0.00004,Soil17_Neutral3_pH7.05,10_20cm,7.052,23.7804878,1.902134146,0.02102901106,21.02901106,1.118902439,1.188815209,4.891891892,T9,13.49837454,2
B09,0,2,0,Soil17,Soil17_Neutral3,Slurry,HCl_NaOH,24,2.4,20,4.8,None,None,Soil17_T9,0.01595,0.1847085787,5530,92.2,3.8,0.000048,Soil17_Neutral3_pH7.05,10_20cm,7.052,23.7804878,1.902134146,0.02523481327,25.23481327,1.118902439,1.188815209,4.495495495,T9,15.39238156,2
B10,0,2,0,Soil17,Soil17_Neutral3,Slurry,HCl_NaOH,28,2.8,20,4.35,None,None,Soil17_T9,0.01685,0.1946866801,5530,92.2,3.8,0.000056,Soil17_Neutral3_pH7.05,10_20cm,7.052,23.7804878,1.902134146,0.02944061548,29.44061548,1.118902439,1.188815209,4.135135135,T9,16.22389001,2
B11,0,2,0,Soil17,Soil17_Neutral3,Slurry,HCl_NaOH,36,3.6,20,3.9,None,None,Soil17_T9,0.0181,0.2085450716,5530,92.2,3.8,0.000072,Soil17_Neutral3_pH7.05,10_20cm,7.052,23.7804878,1.902134146,0.03785221991,37.85221991,1.118902439,1.188815209,3.726726727,T9,17.37875596,2
B12,0,2,0,Soil17,Soil17_Neutral3,Slurry,HCl_NaOH,55,5.5,20,3.45,None,None,Soil17_T9,0.0234,0.2673035812,5530,92.2,3.8,0.00011,Soil17_Neutral3_pH7.05,10_20cm,7.052,23.7804878,1.902134146,0.05782978041,57.82978041,1.118902439,1.188815209,3.07,T9,22.27529843,2
C01,0,2,0,Soil17,Soil17_Neutral3,Slurry,HCl_NaOH,-100,-10,20,8.85,None,None,Soil17_T9,0.07805,0.8730804719,5530,92.2,3.8,-0.0002,Soil17_Neutral3_pH7.05,10_20cm,7.052,23.7804878,1.902134146,-0.1051450553,-105.1450553,1.118902439,1.188815209,8.45,T9,72.75670599,3
C02,0,2,0,Soil17,Soil17_Neutral3,Slurry,HCl_NaOH,-40,-4,20,8.4,None,None,Soil17_T9,0.0387,0.4369174897,5530,92.2,3.8,-0.00008,Soil17_Neutral3_pH7.05,10_20cm,7.052,23.7804878,1.902134146,-0.04205802212,-42.05802212,1.118902439,1.188815209,8.339339339,T9,36.40979081,3
C03,0,2,0,Soil17,Soil17_Neutral3,Slurry,HCl_NaOH,-4,-0.4,20,7.95,None,None,Soil17_T9,0.01725,0.1991213759,5530,92.2,3.8,-0.000008,Soil17_Neutral3_pH7.05,10_20cm,7.052,23.7804878,1.902134146,-0.004205802212,-4.205802212,1.118902439,1.188815209,7.942942943,T9,16.59344799,3
C04,0,2,0,Soil17,Soil17_Neutral3,Slurry,HCl_NaOH,6,0.6,20,7.05,None,None,Soil17_T9,0.01605,0.1858172591,5530,92.2,3.8,0.000012,Soil17_Neutral3_pH7.05,10_20cm,7.052,23.7804878,1.902134146,0.006308703318,6.308703318,1.118902439,1.188815209,6.621621622,T9,15.48477159,3
C05,0,2,0,Soil17,Soil17_Neutral3,Slurry,HCl_NaOH,10,1,20,6.6,None,None,Soil17_T9,0.01565,0.1813825338,5530,92.2,3.8,0.00002,Soil17_Neutral3_pH7.05,10_20cm,7.052,23.7804878,1.902134146,0.01051450553,10.51450553,1.118902439,1.188815209,6.201201201,T9,15.11521115,3
C06,0,2,0,Soil17,Soil17_Neutral3,Slurry,HCl_NaOH,13,1.3,20,6.15,None,None,Soil17_T9,0.0178,0.2052190664,5530,92.2,3.8,0.000026,Soil17_Neutral3_pH7.05,10_20cm,7.052,23.7804878,1.902134146,0.01366885719,13.66885719,1.118902439,1.188815209,5.852852853,T9,17.10158887,3
C07,0,2,0,Soil17,Soil17_Neutral3,Slurry,HCl_NaOH,16,1.6,20,5.7,None,None,Soil17_T9,0.0198,0.2273923293,5530,92.2,3.8,0.000032,Soil17_Neutral3_pH7.05,10_20cm,7.052,23.7804878,1.902134146,0.01682320885,16.82320885,1.118902439,1.188815209,5.552552553,T9,18.94936078,3
C08,0,2,0,Soil17,Soil17_Neutral3,Slurry,HCl_NaOH,20,2,20,5.25,None,None,Soil17_T9,0.02035,0.2334899334,5530,92.2,3.8,0.00004,Soil17_Neutral3_pH7.05,10_20cm,7.052,23.7804878,1.902134146,0.02102901106,21.02901106,1.118902439,1.188815209,4.891891892,T9,19.45749445,3
C09,0,2,0,Soil17,Soil17_Neutral3,Slurry,HCl_NaOH,24,2.4,20,4.8,None,None,Soil17_T9,0.0204,0.2340442601,5530,92.2,3.8,0.000048,Soil17_Neutral3_pH7.05,10_20cm,7.052,23.7804878,1.902134146,0.02523481327,25.23481327,1.118902439,1.188815209,4.495495495,T9,19.50368834,3
C10,0,2,0,Soil17,Soil17_Neutral3,Slurry,HCl_NaOH,28,2.8,20,4.35,None,None,Soil17_T9,0.0234,0.2673035812,5530,92.2,3.8,0.000056,Soil17_Neutral3_pH7.05,10_20cm,7.052,23.7804878,1.902134146,0.02944061548,29.44061548,1.118902439,1.188815209,4.135135135,T9,22.27529843,3
C11,0,2,0,Soil17,Soil17_Neutral3,Slurry,HCl_NaOH,36,3.6,20,3.9,None,None,Soil17_T9,0.0223,0.2551085612,5530,92.2,3.8,0.000072,Soil17_Neutral3_pH7.05,10_20cm,7.052,23.7804878,1.902134146,0.03785221991,37.85221991,1.118902439,1.188815209,3.726726727,T9,21.25904677,3
C12,0,2,0,Soil17,Soil17_Neutral3,Slurry,HCl_NaOH,55,5.5,20,3.45,None,None,Soil17_T9,0.0227,0.2595431225,5530,92.2,3.8,0.00011,Soil17_Neutral3_pH7.05,10_20cm,7.052,23.7804878,1.902134146,0.05782978041,57.82978041,1.118902439,1.188815209,3.07,T9,21.62859354,3
D01,0,2,0,Soil17,Soil17_Neutral3,Slurry,HCl_NaOH,-100,-10,20,8.85,None,CHX,Soil17_T9,0.0845,0.9445644166,5530,92.2,3.8,-0.0002,Soil17_Neutral3_pH7.05,10_20cm,7.052,23.7804878,1.902134146,-0.1051450553,-105.1450553,1.118902439,1.188815209,8.43,T9,78.71370138,1
D02,0,2,0,Soil17,Soil17_Neutral3,Slurry,HCl_NaOH,55,5.5,20,3.45,None,CHX,Soil17_T9,0.02945,0.3343748578,5530,92.2,3.8,0.00011,Soil17_Neutral3_pH7.05,10_20cm,7.052,23.7804878,1.902134146,0.05782978041,57.82978041,1.118902439,1.188815209,3.378378378,T9,27.86457149,1
D03,0,2,0,Soil17,Soil17_Neutral3,Slurry,HCl_NaOH,0,0,20,7.5,None,CHX,Soil17_T9,0.02355,0.2689665326,5530,92.2,3.8,0,Soil17_Neutral3_pH7.05,10_20cm,7.052,23.7804878,1.902134146,0,0,1.118902439,1.188815209,7.594594595,T9,22.41387772,1
D04,0,0,0,Soil17,Soil17_Neutral3,No_Nitrate,No_Nitrate,0,0,20,7.5,None,None,Soil17_T9,0.01605,0.1858172591,5530,92.2,3.8,0,Soil17_Neutral3_pH7.05,10_20cm,7.052,23.7804878,1.902134146,0,0,1.118902439,1.188815209,7.47047047,T9,15.48477159,1
D05,0,0,0,Soil17,Soil17_Neutral3,No_Nitrate,No_Nitrate,0,0,20,7.5,None,None,Soil17_T9,0.0146,0.1697413329,5530,92.2,3.8,0,Soil17_Neutral3_pH7.05,10_20cm,7.052,23.7804878,1.902134146,0,0,1.118902439,1.188815209,7.47047047,T9,14.14511107,2
D06,0,0,0,Soil17,Soil17_Neutral3,No_Nitrate,No_Nitrate,0,0,20,7.5,None,None,Soil17_T9,0.0136,0.1586544117,5530,92.2,3.8,0,Soil17_Neutral3_pH7.05,10_20cm,7.052,23.7804878,1.902134146,0,0,1.118902439,1.188815209,7.47047047,T9,13.22120097,3
D07,0,2,0,Soil17,Soil17_Neutral3,Slurry,HCl_NaOH,0,0,20,7.5,None,None,Soil17_T9,0.02125,0.2434677907,5530,92.2,3.8,0,Soil17_Neutral3_pH7.05,10_20cm,7.052,23.7804878,1.902134146,0,0,1.118902439,1.188815209,7.603333333,T9,20.28898256,1
D08,0,2,0,Soil17,Soil17_Neutral3,Slurry,HCl_NaOH,0,0,20,7.5,None,None,Soil17_T9,0.0193,0.2218490367,5530,92.2,3.8,0,Soil17_Neutral3_pH7.05,10_20cm,7.052,23.7804878,1.902134146,0,0,1.118902439,1.188815209,7.603333333,T9,18.48741972,2
D09,0,2,0,Soil17,Soil17_Neutral3,Slurry,HCl_NaOH,0,0,20,7.5,None,None,Soil17_T9,0.01695,0.195795355,5530,92.2,3.8,0,Soil17_Neutral3_pH7.05,10_20cm,7.052,23.7804878,1.902134146,0,0,1.118902439,1.188815209,7.603333333,T9,16.31627958,3
A01,0,2,0,Soil19,Soil19_Neutral4,Slurry,HCl_NaOH,-80,-8,20,9.83,None,None,Soil19_T9,0.0363,0.3801660968,5480,91.3,3.8,-0.00016,Soil19_Neutral4_pH8.23,10_20cm,8.232,23.87332521,1.902923264,-0.08408116239,-84.08116239,1.119366626,1.283617654,8.49,T9,31.68050806,1
A02,0,2,0,Soil19,Soil19_Neutral4,Slurry,HCl_NaOH,65,6.5,20,9.38,None,None,Soil19_T9,0.00335,0.0417029708,5480,91.3,3.8,0.00013,Soil19_Neutral4_pH8.23,10_20cm,8.232,23.87332521,1.902923264,0.06831594444,68.31594444,1.119366626,1.283617654,7.978978979,T9,3.475247567,1
A03,0,2,0,Soil19,Soil19_Neutral4,Slurry,HCl_NaOH,80,8,20,8.93,None,None,Soil19_T9,0.00495,0.05813963863,5480,91.3,3.8,0.00016,Soil19_Neutral4_pH8.23,10_20cm,8.232,23.87332521,1.902923264,0.08408116239,84.08116239,1.119366626,1.283617654,7.27027027,T9,4.844969886,1
A04,0,2,0,Soil19,Soil19_Neutral4,Slurry,HCl_NaOH,90,9,20,8.48,None,None,Soil19_T9,0.007,0.07919890555,5480,91.3,3.8,0.00018,Soil19_Neutral4_pH8.23,10_20cm,8.232,23.87332521,1.902923264,0.09459130769,94.59130769,1.119366626,1.283617654,5.756756757,T9,6.599908796,1
A05,0,2,0,Soil19,Soil19_Neutral4,Slurry,HCl_NaOH,95,9.5,20,7.58,None,None,Soil19_T9,0.01035,0.1136123128,5480,91.3,3.8,0.00019,Soil19_Neutral4_pH8.23,10_20cm,8.232,23.87332521,1.902923264,0.09984638034,99.84638034,1.119366626,1.283617654,4.807807808,T9,9.467692736,1
A06,0,2,0,Soil19,Soil19_Neutral4,Slurry,HCl_NaOH,100,10,20,7.13,None,None,Soil19_T9,0.0121,0.131589211,5480,91.3,3.8,0.0002,Soil19_Neutral4_pH8.23,10_20cm,8.232,23.87332521,1.902923264,0.105101453,105.101453,1.119366626,1.283617654,5.552552553,T9,10.96576758,1
A07,0,2,0,Soil20,Soil20_CE251,Slurry,HCl_NaOH,-80,-8,20,6.68,None,None,Soil20_T9,0.04495,0.4678347015,5480,91.3,3.8,-0.00016,Soil20_CE251_pH8.32,10_20cm,8.323,23.31288344,1.898159509,-0.08429217841,-84.29217841,1.116564417,1.283617654,8.55,T9,38.98622513,1
A08,0,2,0,Soil20,Soil20_CE251,Slurry,HCl_NaOH,100,10,20,6.23,None,None,Soil20_T9,0.0097,0.1066674346,5480,91.3,3.8,0.0002,Soil20_CE251_pH8.32,10_20cm,8.323,23.31288344,1.898159509,0.105365223,105.365223,1.116564417,1.283617654,8.051051051,T9,8.88895288,1
A09,0,2,0,Soil20,Soil20_CE251,Slurry,HCl_NaOH,-80,-8,20,5.78,None,CHX,Soil20_T9,0.0573,0.5943545773,5480,91.3,3.8,-0.00016,Soil20_CE251_pH8.32,10_20cm,8.323,23.31288344,1.898159509,-0.08429217841,-84.29217841,1.116564417,1.283617654,8.55,T9,49.52954811,1
A10,0,0,0,Soil20,Soil20_CE251,No_Nitrate,No_Nitrate,0,0,20,5.33,None,None,Soil20_T9,0.00945,0.1041057118,5480,91.3,3.8,0,Soil20_CE251_pH8.32,10_20cm,8.323,23.31288344,1.898159509,0,0,1.116564417,1.283617654,8.203203203,T9,8.675475981,1
A11,0,2,0,Soil20,Soil20_CE251,Slurry,HCl_NaOH,0,0,20,4.88,None,None,Soil20_T9,0.0093,0.1025686764,5480,91.3,3.8,0,Soil20_CE251_pH8.32,10_20cm,8.323,23.31288344,1.898159509,0,0,1.116564417,1.283617654,8.17,T9,8.547389699,1
B01,0,2,0,Soil19,Soil19_Neutral4,Slurry,HCl_NaOH,-80,-8,20,9.83,None,None,Soil19_T9,0.03545,0.3714356572,5480,91.3,3.8,-0.00016,Soil19_Neutral4_pH8.23,10_20cm,8.232,23.87332521,1.902923264,-0.08408116239,-84.08116239,1.119366626,1.283617654,8.49,T9,30.95297143,2
B02,0,2,0,Soil19,Soil19_Neutral4,Slurry,HCl_NaOH,65,6.5,20,9.38,None,None,Soil19_T9,0.0042,0.0504349688,5480,91.3,3.8,0.00013,Soil19_Neutral4_pH8.23,10_20cm,8.232,23.87332521,1.902923264,0.06831594444,68.31594444,1.119366626,1.283617654,7.978978979,T9,4.202914066,2
B03,0,2,0,Soil19,Soil19_Neutral4,Slurry,HCl_NaOH,80,8,20,8.93,None,None,Soil19_T9,0.0098,0.1079623944,5480,91.3,3.8,0.00016,Soil19_Neutral4_pH8.23,10_20cm,8.232,23.87332521,1.902923264,0.08408116239,84.08116239,1.119366626,1.283617654,7.27027027,T9,8.996866203,2
B04,0,2,0,Soil19,Soil19_Neutral4,Slurry,HCl_NaOH,90,9,20,8.48,None,None,Soil19_T9,0.007,0.07919890555,5480,91.3,3.8,0.00018,Soil19_Neutral4_pH8.23,10_20cm,8.232,23.87332521,1.902923264,0.09459130769,94.59130769,1.119366626,1.283617654,5.756756757,T9,6.599908796,2
B05,0,2,0,Soil19,Soil19_Neutral4,Slurry,HCl_NaOH,95,9.5,20,7.58,None,None,Soil19_T9,0.00905,0.1002579324,5480,91.3,3.8,0.00019,Soil19_Neutral4_pH8.23,10_20cm,8.232,23.87332521,1.902923264,0.09984638034,99.84638034,1.119366626,1.283617654,4.807807808,T9,8.3548277,2
B06,0,2,0,Soil19,Soil19_Neutral4,Slurry,HCl_NaOH,100,10,20,7.13,None,None,Soil19_T9,0.01275,0.1382663,5480,91.3,3.8,0.0002,Soil19_Neutral4_pH8.23,10_20cm,8.232,23.87332521,1.902923264,0.105101453,105.101453,1.119366626,1.283617654,5.552552553,T9,11.52219167,2
B07,0,2,0,Soil20,Soil20_CE251,Slurry,HCl_NaOH,-80,-8,20,6.68,None,None,Soil20_T9,0.0386,0.4027785908,5480,91.3,3.8,-0.00016,Soil20_CE251_pH8.32,10_20cm,8.323,23.31288344,1.898159509,-0.08429217841,-84.29217841,1.116564417,1.283617654,8.55,T9,33.56488256,2
B08,0,2,0,Soil20,Soil20_CE251,Slurry,HCl_NaOH,100,10,20,6.23,None,None,Soil20_T9,0.01135,0.1235747156,5480,91.3,3.8,0.0002,Soil20_CE251_pH8.32,10_20cm,8.323,23.31288344,1.898159509,0.105365223,105.365223,1.116564417,1.283617654,8.051051051,T9,10.29789297,2
B09,0,2,0,Soil20,Soil20_CE251,Slurry,HCl_NaOH,100,10,20,5.78,None,CHX,Soil20_T9,0.01815,0.1932515704,5480,91.3,3.8,0.0002,Soil20_CE251_pH8.32,10_20cm,8.323,23.31288344,1.898159509,0.105365223,105.365223,1.116564417,1.283617654,8.027027027,T9,16.10429753,2
B10,0,0,0,Soil20,Soil20_CE251,No_Nitrate,No_Nitrate,0,0,20,5.33,None,None,Soil20_T9,0.0055,0.06363001903,5480,91.3,3.8,0,Soil20_CE251_pH8.32,10_20cm,8.323,23.31288344,1.898159509,0,0,1.116564417,1.283617654,8.203203203,T9,5.302501586,2
B11,0,2,0,Soil20,Soil20_CE251,Slurry,HCl_NaOH,0,0,20,4.88,None,None,Soil20_T9,0.00385,0.04672218791,5480,91.3,3.8,0,Soil20_CE251_pH8.32,10_20cm,8.323,23.31288344,1.898159509,0,0,1.116564417,1.283617654,8.17,T9,3.893515659,2
C01,0,2,0,Soil19,Soil19_Neutral4,Slurry,HCl_NaOH,-80,-8,20,9.83,None,None,Soil19_T9,0.03365,0.3529475313,5480,91.3,3.8,-0.00016,Soil19_Neutral4_pH8.23,10_20cm,8.232,23.87332521,1.902923264,-0.08408116239,-84.08116239,1.119366626,1.283617654,8.49,T9,29.41229427,3
C02,0,2,0,Soil19,Soil19_Neutral4,Slurry,HCl_NaOH,65,6.5,20,9.38,None,None,Soil19_T9,0.01145,0.1249120978,5480,91.3,3.8,0.00013,Soil19_Neutral4_pH8.23,10_20cm,8.232,23.87332521,1.902923264,0.06831594444,68.31594444,1.119366626,1.283617654,7.978978979,T9,10.40934148,3
C03,0,2,0,Soil19,Soil19_Neutral4,Slurry,HCl_NaOH,80,8,20,8.93,None,None,Soil19_T9,0.0183,0.1952773852,5480,91.3,3.8,0.00016,Soil19_Neutral4_pH8.23,10_20cm,8.232,23.87332521,1.902923264,0.08408116239,84.08116239,1.119366626,1.283617654,7.27027027,T9,16.27311543,3
C04,0,2,0,Soil19,Soil19_Neutral4,Slurry,HCl_NaOH,90,9,20,8.48,None,None,Soil19_T9,0.01745,0.1865460718,5480,91.3,3.8,0.00018,Soil19_Neutral4_pH8.23,10_20cm,8.232,23.87332521,1.902923264,0.09459130769,94.59130769,1.119366626,1.283617654,5.756756757,T9,15.54550598,3
C05,0,2,0,Soil19,Soil19_Neutral4,Slurry,HCl_NaOH,95,9.5,20,7.58,None,None,Soil19_T9,0.01465,0.1577838065,5480,91.3,3.8,0.00019,Soil19_Neutral4_pH8.23,10_20cm,8.232,23.87332521,1.902923264,0.09984638034,99.84638034,1.119366626,1.283617654,4.807807808,T9,13.14865054,3
C06,0,2,0,Soil19,Soil19_Neutral4,Slurry,HCl_NaOH,100,10,20,7.13,None,None,Soil19_T9,0.0179,0.191168537,5480,91.3,3.8,0.0002,Soil19_Neutral4_pH8.23,10_20cm,8.232,23.87332521,1.902923264,0.105101453,105.101453,1.119366626,1.283617654,5.552552553,T9,15.93071141,3
C07,0,2,0,Soil20,Soil20_CE251,Slurry,HCl_NaOH,-80,-8,20,6.68,None,None,Soil20_T9,0.046,0.4785917899,5480,91.3,3.8,-0.00016,Soil20_CE251_pH8.32,10_20cm,8.323,23.31288344,1.898159509,-0.08429217841,-84.29217841,1.116564417,1.283617654,8.55,T9,39.88264916,3
C08,0,2,0,Soil20,Soil20_CE251,Slurry,HCl_NaOH,100,10,20,6.23,None,None,Soil20_T9,0.01785,0.190177647,5480,91.3,3.8,0.0002,Soil20_CE251_pH8.32,10_20cm,8.323,23.31288344,1.898159509,0.105365223,105.365223,1.116564417,1.283617654,8.051051051,T9,15.84813725,3
C09,0,2,0,Soil20,Soil20_CE251,Slurry,HCl_NaOH,0,0,20,5.78,None,CHX,Soil20_T9,0.01545,0.1655860758,5480,91.3,3.8,0,Soil20_CE251_pH8.32,10_20cm,8.323,23.31288344,1.898159509,0,0,1.116564417,1.283617654,8.243243243,T9,13.79883965,3
C10,0,0,0,Soil20,Soil20_CE251,No_Nitrate,No_Nitrate,0,0,20,5.33,None,None,Soil20_T9,0.00715,0.08053769501,5480,91.3,3.8,0,Soil20_CE251_pH8.32,10_20cm,8.323,23.31288344,1.898159509,0,0,1.116564417,1.283617654,8.203203203,T9,6.711474584,3
C11,0,2,0,Soil20,Soil20_CE251,Slurry,HCl_NaOH,0,0,20,4.88,None,None,Soil20_T9,0.0077,0.08617355253,5480,91.3,3.8,0,Soil20_CE251_pH8.32,10_20cm,8.323,23.31288344,1.898159509,0,0,1.116564417,1.283617654,8.17,T9,7.181129378,3
D01,0,2,0,Soil19,Soil19_Neutral4,Slurry,HCl_NaOH,-80,-8,20,9.83,None,CHX,Soil19_T9,0.0416,0.4346020248,5480,91.3,3.8,-0.00016,Soil19_Neutral4_pH8.23,10_20cm,8.232,23.87332521,1.902923264,-0.08408116239,-84.08116239,1.119366626,1.283617654,8.47,T9,36.2168354,1
D02,0,2,0,Soil19,Soil19_Neutral4,Slurry,HCl_NaOH,100,10,20,4.43,None,CHX,Soil19_T9,0.02225,0.2358517705,5480,91.3,3.8,0.0002,Soil19_Neutral4_pH8.23,10_20cm,8.232,23.87332521,1.902923264,0.105101453,105.101453,1.119366626,1.283617654,6.441441441,T9,19.65431421,1
D03,0,2,0,Soil19,Soil19_Neutral4,Slurry,HCl_NaOH,0,0,20,8.03,None,CHX,Soil19_T9,0.01585,0.1701105465,5480,91.3,3.8,0,Soil19_Neutral4_pH8.23,10_20cm,8.232,23.87332521,1.902923264,0,0,1.119366626,1.283617654,8.123123123,T9,14.17587887,1
D04,0,0,0,Soil19,Soil19_Neutral4,No_Nitrate,No_Nitrate,0,0,20,8.03,None,None,Soil19_T9,0.0114,0.1243984727,5480,91.3,3.8,0,Soil19_Neutral4_pH8.23,10_20cm,8.232,23.87332521,1.902923264,0,0,1.119366626,1.283617654,8.075075075,T9,10.36653939,1
D05,0,0,0,Soil19,Soil19_Neutral4,No_Nitrate,No_Nitrate,0,0,20,8.03,None,None,Soil19_T9,0.01155,0.1259393475,5480,91.3,3.8,0,Soil19_Neutral4_pH8.23,10_20cm,8.232,23.87332521,1.902923264,0,0,1.119366626,1.283617654,8.075075075,T9,10.49494563,2
D06,0,0,0,Soil19,Soil19_Neutral4,No_Nitrate,No_Nitrate,0,0,20,8.03,None,None,Soil19_T9,0.0114,0.1243984727,5480,91.3,3.8,0,Soil19_Neutral4_pH8.23,10_20cm,8.232,23.87332521,1.902923264,0,0,1.119366626,1.283617654,8.075075075,T9,10.36653939,3
D07,0,2,0,Soil19,Soil19_Neutral4,Slurry,HCl_NaOH,0,0,20,8.03,None,None,Soil19_T9,0.0083,0.09255343823,5480,91.3,3.8,0,Soil19_Neutral4_pH8.23,10_20cm,8.232,23.87332521,1.902923264,0,0,1.119366626,1.283617654,8.073333333,T9,7.712786519,1
D08,0,2,0,Soil19,Soil19_Neutral4,Slurry,HCl_NaOH,0,0,20,8.03,None,None,Soil19_T9,0.0178,0.1901413235,5480,91.3,3.8,0,Soil19_Neutral4_pH8.23,10_20cm,8.232,23.87332521,1.902923264,0,0,1.119366626,1.283617654,8.073333333,T9,15.84511029,2
D09,0,2,0,Soil19,Soil19_Neutral4,Slurry,HCl_NaOH,0,0,20,8.03,None,None,Soil19_T9,0.00815,0.09101253554,5480,91.3,3.8,0,Soil19_Neutral4_pH8.23,10_20cm,8.232,23.87332521,1.902923264,0,0,1.119366626,1.283617654,8.073333333,T9,7.584377962,3
A01,0,2,0,Soil15,Soil15_Neutral5,Slurry,HCl_NaOH,-100,-10,20,8.8,None,None,Soil15_T9,0.09245,0.9048425408,5550,92.5,3.9,-0.0002,Soil15_Neutral5_pH6.79,10_20cm,6.789,24.24242424,1.906060606,-0.1049284579,-104.9284579,1.121212121,1.288461828,8.59,T9,75.40354507,1
A02,0,2,0,Soil15,Soil15_Neutral5,Slurry,HCl_NaOH,-65,-6.5,20,8.35,None,None,Soil15_T9,0.06545,0.6366431036,5550,92.5,3.9,-0.00013,Soil15_Neutral5_pH6.79,10_20cm,6.789,24.24242424,1.906060606,-0.06820349762,-68.20349762,1.121212121,1.288461828,8.507507508,T9,53.05359197,1
A03,0,2,0,Soil15,Soil15_Neutral5,Slurry,HCl_NaOH,7,0.7,20,7.45,None,None,Soil15_T9,0.0303,0.2882040342,5550,92.5,3.9,0.000014,Soil15_Neutral5_pH6.79,10_20cm,6.789,24.24242424,1.906060606,0.007344992051,7.344992051,1.121212121,1.288461828,7.534534535,T9,24.01700285,1
A04,0,2,0,Soil15,Soil15_Neutral5,Slurry,HCl_NaOH,12,1.2,20,7,None,None,Soil15_T9,0.02885,0.2738476448,5550,92.5,3.9,0.000024,Soil15_Neutral5_pH6.79,10_20cm,6.789,24.24242424,1.906060606,0.01259141494,12.59141494,1.121212121,1.288461828,6.681681682,T9,22.82063707,1
A05,0,2,0,Soil15,Soil15_Neutral5,Slurry,HCl_NaOH,16,1.6,20,6.55,None,None,Soil15_T9,0.0339,0.323853412,5550,92.5,3.9,0.000032,Soil15_Neutral5_pH6.79,10_20cm,6.789,24.24242424,1.906060606,0.01678855326,16.78855326,1.121212121,1.288461828,6.129129129,T9,26.98778434,1
A06,0,2,0,Soil15,Soil15_Neutral5,Slurry,HCl_NaOH,20,2,20,6.1,None,None,Soil15_T9,0.03705,0.3550535549,5550,92.5,3.9,0.00004,Soil15_Neutral5_pH6.79,10_20cm,6.789,24.24242424,1.906060606,0.02098569157,20.98569157,1.121212121,1.288461828,5.564564565,T9,29.58779624,1
A07,0,2,0,Soil15,Soil15_Neutral5,Slurry,HCl_NaOH,22,2.2,20,5.65,None,None,Soil15_T9,0.0431,0.4149958144,5550,92.5,3.9,0.000044,Soil15_Neutral5_pH6.79,10_20cm,6.789,24.24242424,1.906060606,0.02308426073,23.08426073,1.121212121,1.288461828,5.18018018,T9,34.58298453,1
A08,0,2,0,Soil15,Soil15_Neutral5,Slurry,HCl_NaOH,26,2.6,20,5.2,None,None,Soil15_T9,0.04155,0.3996364278,5550,92.5,3.9,0.000052,Soil15_Neutral5_pH6.79,10_20cm,6.789,24.24242424,1.906060606,0.02728139905,27.28139905,1.121212121,1.288461828,4.771771772,T9,33.30303565,1
A09,0,2,0,Soil15,Soil15_Neutral5,Slurry,HCl_NaOH,30,3,20,4.75,None,None,Soil15_T9,0.03955,0.3798201845,5550,92.5,3.9,0.00006,Soil15_Neutral5_pH6.79,10_20cm,6.789,24.24242424,1.906060606,0.03147853736,31.47853736,1.121212121,1.288461828,4.555555556,T9,31.65168204,1
A10,0,2,0,Soil15,Soil15_Neutral5,Slurry,HCl_NaOH,34,3.4,20,4.3,None,None,Soil15_T9,0.03885,0.3728851167,5550,92.5,3.9,0.000068,Soil15_Neutral5_pH6.79,10_20cm,6.789,24.24242424,1.906060606,0.03567567568,35.67567568,1.121212121,1.288461828,4.279279279,T9,31.07375973,1
A11,0,2,0,Soil15,Soil15_Neutral5,Slurry,HCl_NaOH,40,4,20,3.85,None,None,Soil15_T9,0.04155,0.3996364278,5550,92.5,3.9,0.00008,Soil15_Neutral5_pH6.79,10_20cm,6.789,24.24242424,1.906060606,0.04197138315,41.97138315,1.121212121,1.288461828,3.930930931,T9,33.30303565,1
A12,0,2,0,Soil15,Soil15_Neutral5,Slurry,HCl_NaOH,65,6.5,20,3.4,None,None,Soil15_T9,0.04605,0.4442325349,5550,92.5,3.9,0.00013,Soil15_Neutral5_pH6.79,10_20cm,6.789,24.24242424,1.906060606,0.06820349762,68.20349762,1.121212121,1.288461828,3.28,T9,37.01937791,1
B01,0,2,0,Soil15,Soil15_Neutral5,Slurry,HCl_NaOH,-100,-10,20,8.8,None,None,Soil15_T9,0.10035,0.9834066039,5550,92.5,3.9,-0.0002,Soil15_Neutral5_pH6.79,10_20cm,6.789,24.24242424,1.906060606,-0.1049284579,-104.9284579,1.121212121,1.288461828,8.59,T9,81.95055032,2
B02,0,2,0,Soil15,Soil15_Neutral5,Slurry,HCl_NaOH,-65,-6.5,20,8.35,None,None,Soil15_T9,0.0633,0.6153070925,5550,92.5,3.9,-0.00013,Soil15_Neutral5_pH6.79,10_20cm,6.789,24.24242424,1.906060606,-0.06820349762,-68.20349762,1.121212121,1.288461828,8.507507508,T9,51.27559105,2
B03,0,2,0,Soil15,Soil15_Neutral5,Slurry,HCl_NaOH,7,0.7,20,7.45,None,None,Soil15_T9,0.03415,0.3263293773,5550,92.5,3.9,0.000014,Soil15_Neutral5_pH6.79,10_20cm,6.789,24.24242424,1.906060606,0.007344992051,7.344992051,1.121212121,1.288461828,7.534534535,T9,27.19411477,2
B04,0,2,0,Soil15,Soil15_Neutral5,Slurry,HCl_NaOH,12,1.2,20,7,None,None,Soil15_T9,0.0313,0.2981057912,5550,92.5,3.9,0.000024,Soil15_Neutral5_pH6.79,10_20cm,6.789,24.24242424,1.906060606,0.01259141494,12.59141494,1.121212121,1.288461828,6.681681682,T9,24.84214926,2
B05,0,2,0,Soil15,Soil15_Neutral5,Slurry,HCl_NaOH,16,1.6,20,6.55,None,None,Soil15_T9,0.0344,0.3288053832,5550,92.5,3.9,0.000032,Soil15_Neutral5_pH6.79,10_20cm,6.789,24.24242424,1.906060606,0.01678855326,16.78855326,1.121212121,1.288461828,6.129129129,T9,27.4004486,2
B06,0,2,0,Soil15,Soil15_Neutral5,Slurry,HCl_NaOH,20,2,20,6.1,None,None,Soil15_T9,0.0356,0.3406907799,5550,92.5,3.9,0.00004,Soil15_Neutral5_pH6.79,10_20cm,6.789,24.24242424,1.906060606,0.02098569157,20.98569157,1.121212121,1.288461828,5.564564565,T9,28.39089832,2
B07,0,2,0,Soil15,Soil15_Neutral5,Slurry,HCl_NaOH,22,2.2,20,5.65,None,None,Soil15_T9,0.03935,0.3778387039,5550,92.5,3.9,0.000044,Soil15_Neutral5_pH6.79,10_20cm,6.789,24.24242424,1.906060606,0.02308426073,23.08426073,1.121212121,1.288461828,5.18018018,T9,31.48655866,2
B08,0,2,0,Soil15,Soil15_Neutral5,Slurry,HCl_NaOH,26,2.6,20,5.2,None,None,Soil15_T9,0.0358,0.3426717707,5550,92.5,3.9,0.000052,Soil15_Neutral5_pH6.79,10_20cm,6.789,24.24242424,1.906060606,0.02728139905,27.28139905,1.121212121,1.288461828,4.771771772,T9,28.55598089,2
B09,0,2,0,Soil15,Soil15_Neutral5,Slurry,HCl_NaOH,30,3,20,4.75,None,None,Soil15_T9,0.0361,0.3456433059,5550,92.5,3.9,0.00006,Soil15_Neutral5_pH6.79,10_20cm,6.789,24.24242424,1.906060606,0.03147853736,31.47853736,1.121212121,1.288461828,4.555555556,T9,28.80360882,2
B10,0,2,0,Soil15,Soil15_Neutral5,Slurry,HCl_NaOH,34,3.4,20,4.3,None,None,Soil15_T9,0.0332,0.3169209264,5550,92.5,3.9,0.000068,Soil15_Neutral5_pH6.79,10_20cm,6.789,24.24242424,1.906060606,0.03567567568,35.67567568,1.121212121,1.288461828,4.279279279,T9,26.4100772,2
B11,0,2,0,Soil15,Soil15_Neutral5,Slurry,HCl_NaOH,40,4,20,3.85,None,None,Soil15_T9,0.03555,0.3401955362,5550,92.5,3.9,0.00008,Soil15_Neutral5_pH6.79,10_20cm,6.789,24.24242424,1.906060606,0.04197138315,41.97138315,1.121212121,1.288461828,3.930930931,T9,28.34962802,2
B12,0,2,0,Soil15,Soil15_Neutral5,Slurry,HCl_NaOH,65,6.5,20,3.4,None,None,Soil15_T9,0.0435,0.418959782,5550,92.5,3.9,0.00013,Soil15_Neutral5_pH6.79,10_20cm,6.789,24.24242424,1.906060606,0.06820349762,68.20349762,1.121212121,1.288461828,3.28,T9,34.91331516,2
C01,0,2,0,Soil15,Soil15_Neutral5,Slurry,HCl_NaOH,-100,-10,20,8.8,None,None,Soil15_T9,0.0966,0.9461083948,5550,92.5,3.9,-0.0002,Soil15_Neutral5_pH6.79,10_20cm,6.789,24.24242424,1.906060606,-0.1049284579,-104.9284579,1.121212121,1.288461828,8.59,T9,78.84236624,3
C02,0,2,0,Soil15,Soil15_Neutral5,Slurry,HCl_NaOH,-65,-6.5,20,8.35,None,None,Soil15_T9,0.0564,0.5468538696,5550,92.5,3.9,-0.00013,Soil15_Neutral5_pH6.79,10_20cm,6.789,24.24242424,1.906060606,-0.06820349762,-68.20349762,1.121212121,1.288461828,8.507507508,T9,45.5711558,3
C03,0,2,0,Soil15,Soil15_Neutral5,Slurry,HCl_NaOH,7,0.7,20,7.45,None,None,Soil15_T9,0.0286,0.2713725438,5550,92.5,3.9,0.000014,Soil15_Neutral5_pH6.79,10_20cm,6.789,24.24242424,1.906060606,0.007344992051,7.344992051,1.121212121,1.288461828,7.534534535,T9,22.61437865,3
C04,0,2,0,Soil15,Soil15_Neutral5,Slurry,HCl_NaOH,12,1.2,20,7,None,None,Soil15_T9,0.0305,0.2901843334,5550,92.5,3.9,0.000024,Soil15_Neutral5_pH6.79,10_20cm,6.789,24.24242424,1.906060606,0.01259141494,12.59141494,1.121212121,1.288461828,6.681681682,T9,24.18202779,3
C05,0,2,0,Soil15,Soil15_Neutral5,Slurry,HCl_NaOH,16,1.6,20,6.55,None,None,Soil15_T9,0.0319,0.3040471584,5550,92.5,3.9,0.000032,Soil15_Neutral5_pH6.79,10_20cm,6.789,24.24242424,1.906060606,0.01678855326,16.78855326,1.121212121,1.288461828,6.129129129,T9,25.3372632,3
C06,0,2,0,Soil15,Soil15_Neutral5,Slurry,HCl_NaOH,20,2,20,6.1,None,None,Soil15_T9,0.0333,0.3179112619,5550,92.5,3.9,0.00004,Soil15_Neutral5_pH6.79,10_20cm,6.789,24.24242424,1.906060606,0.02098569157,20.98569157,1.121212121,1.288461828,5.564564565,T9,26.49260516,3
C07,0,2,0,Soil15,Soil15_Neutral5,Slurry,HCl_NaOH,22,2.2,20,5.65,None,None,Soil15_T9,0.03665,0.351091273,5550,92.5,3.9,0.000044,Soil15_Neutral5_pH6.79,10_20cm,6.789,24.24242424,1.906060606,0.02308426073,23.08426073,1.121212121,1.288461828,5.18018018,T9,29.25760608,3
C08,0,2,0,Soil15,Soil15_Neutral5,Slurry,HCl_NaOH,26,2.6,20,5.2,None,None,Soil15_T9,0.03705,0.3550535549,5550,92.5,3.9,0.000052,Soil15_Neutral5_pH6.79,10_20cm,6.789,24.24242424,1.906060606,0.02728139905,27.28139905,1.121212121,1.288461828,4.771771772,T9,29.58779624,3
C09,0,2,0,Soil15,Soil15_Neutral5,Slurry,HCl_NaOH,30,3,20,4.75,None,None,Soil15_T9,0.0361,0.3456433059,5550,92.5,3.9,0.00006,Soil15_Neutral5_pH6.79,10_20cm,6.789,24.24242424,1.906060606,0.03147853736,31.47853736,1.121212121,1.288461828,4.555555556,T9,28.80360882,3
C10,0,2,0,Soil15,Soil15_Neutral5,Slurry,HCl_NaOH,34,3.4,20,4.3,None,None,Soil15_T9,0.03395,0.3243486018,5550,92.5,3.9,0.000068,Soil15_Neutral5_pH6.79,10_20cm,6.789,24.24242424,1.906060606,0.03567567568,35.67567568,1.121212121,1.288461828,4.279279279,T9,27.02905015,3
C11,0,2,0,Soil15,Soil15_Neutral5,Slurry,HCl_NaOH,40,4,20,3.85,None,None,Soil15_T9,0.0308,0.2931548312,5550,92.5,3.9,0.00008,Soil15_Neutral5_pH6.79,10_20cm,6.789,24.24242424,1.906060606,0.04197138315,41.97138315,1.121212121,1.288461828,3.930930931,T9,24.42956926,3
C12,0,2,0,Soil15,Soil15_Neutral5,Slurry,HCl_NaOH,65,6.5,20,3.4,None,None,Soil15_T9,0.03425,0.3273197748,5550,92.5,3.9,0.00013,Soil15_Neutral5_pH6.79,10_20cm,6.789,24.24242424,1.906060606,0.06820349762,68.20349762,1.121212121,1.288461828,3.28,T9,27.2766479,3
D01,0,2,0,Soil15,Soil15_Neutral5,Slurry,HCl_NaOH,-100,-10,20,8.8,None,CHX,Soil15_T9,0.0934,0.9142879373,5550,92.5,3.9,-0.0002,Soil15_Neutral5_pH6.79,10_20cm,6.789,24.24242424,1.906060606,-0.1049284579,-104.9284579,1.121212121,1.288461828,8.62,T9,76.19066144,1
D02,0,2,0,Soil15,Soil15_Neutral5,Slurry,HCl_NaOH,65,6.5,20,3.4,None,CHX,Soil15_T9,0.0381,0.3654550422,5550,92.5,3.9,0.00013,Soil15_Neutral5_pH6.79,10_20cm,6.789,24.24242424,1.906060606,0.06820349762,68.20349762,1.121212121,1.288461828,3.486486486,T9,30.45458685,1
D03,0,2,0,Soil15,Soil15_Neutral5,Slurry,HCl_NaOH,0,0,20,7.9,None,CHX,Soil15_T9,0.03725,0.3570347351,5550,92.5,3.9,0,Soil15_Neutral5_pH6.79,10_20cm,6.789,24.24242424,1.906060606,0,0,1.121212121,1.288461828,8.015015015,T9,29.75289459,1
D04,0,0,0,Soil15,Soil15_Neutral5,No_Nitrate,No_Nitrate,0,0,20,7.9,None,None,Soil15_T9,0.02845,0.2698875028,5550,92.5,3.9,0,Soil15_Neutral5_pH6.79,10_20cm,6.789,24.24242424,1.906060606,0,0,1.121212121,1.288461828,7.982982983,T9,22.49062523,1
D05,0,0,0,Soil15,Soil15_Neutral5,No_Nitrate,No_Nitrate,0,0,20,7.9,None,None,Soil15_T9,0.0342,0.3268245752,5550,92.5,3.9,0,Soil15_Neutral5_pH6.79,10_20cm,6.789,24.24242424,1.906060606,0,0,1.121212121,1.288461828,7.982982983,T9,27.23538127,2
D06,0,0,0,Soil15,Soil15_Neutral5,No_Nitrate,No_Nitrate,0,0,20,7.9,None,None,Soil15_T9,0.0309,0.2941450101,5550,92.5,3.9,0,Soil15_Neutral5_pH6.79,10_20cm,6.789,24.24242424,1.906060606,0,0,1.121212121,1.288461828,7.982982983,T9,24.51208418,3
D07,0,2,0,Soil15,Soil15_Neutral5,Slurry,HCl_NaOH,0,0,20,7.9,None,None,Soil15_T9,0.03505,0.3352431897,5550,92.5,3.9,0,Soil15_Neutral5_pH6.79,10_20cm,6.789,24.24242424,1.906060606,0,0,1.121212121,1.288461828,8.033333333,T9,27.93693248,1
D08,0,2,0,Soil15,Soil15_Neutral5,Slurry,HCl_NaOH,0,0,20,7.9,None,None,Soil15_T9,0.03175,0.3025617946,5550,92.5,3.9,0,Soil15_Neutral5_pH6.79,10_20cm,6.789,24.24242424,1.906060606,0,0,1.121212121,1.288461828,8.033333333,T9,25.21348288,2
D09,0,2,0,Soil15,Soil15_Neutral5,Slurry,HCl_NaOH,0,0,20,7.9,None,None,Soil15_T9,0.03265,0.3114741977,5550,92.5,3.9,0,Soil15_Neutral5_pH6.79,10_20cm,6.789,24.24242424,1.906060606,0,0,1.121212121,1.288461828,8.033333333,T9,25.95618314,3
A01,0,2,0,Soil18,Soil18_Neutral1,Slurry,HCl_NaOH,-100,-10,20,8.91,None,None,Soil18_T9,0.06485,0.6835529458,5430,90.5,3.8,-0.0002,Soil18_Neutral1_pH7.68,10_20cm,7.681,24.24242424,1.906060606,-0.1049284579,-104.9284579,1.121212121,1.188815209,8.48,T9,56.96274549,1
A02,0,2,0,Soil18,Soil18_Neutral1,Slurry,HCl_NaOH,-60,-6,20,8.46,None,None,Soil18_T9,0.0379,0.3939401599,5430,90.5,3.8,-0.00012,Soil18_Neutral1_pH7.68,10_20cm,7.681,24.24242424,1.906060606,-0.06295707472,-62.95707472,1.121212121,1.188815209,8.507507508,T9,32.82834666,1
A03,0,2,0,Soil18,Soil18_Neutral1,Slurry,HCl_NaOH,30,3,20,7.56,None,None,Soil18_T9,0.0101,0.095731655,5430,90.5,3.8,0.00006,Soil18_Neutral1_pH7.68,10_20cm,7.681,24.24242424,1.906060606,0.03147853736,31.47853736,1.121212121,1.188815209,7.630630631,T9,7.977637917,1
A04,0,2,0,Soil18,Soil18_Neutral1,Slurry,HCl_NaOH,34,3.4,20,7.11,None,None,Soil18_T9,0.01015,0.09626751198,5430,90.5,3.8,0.000068,Soil18_Neutral1_pH7.68,10_20cm,7.681,24.24242424,1.906060606,0.03567567568,35.67567568,1.121212121,1.188815209,7.282282282,T9,8.022292665,1
A05,0,2,0,Soil18,Soil18_Neutral1,Slurry,HCl_NaOH,40,4,20,6.66,None,None,Soil18_T9,0.0133,0.1300300502,5430,90.5,3.8,0.00008,Soil18_Neutral1_pH7.68,10_20cm,7.681,24.24242424,1.906060606,0.04197138315,41.97138315,1.121212121,1.188815209,6.54954955,T9,10.83583752,1
A06,0,2,0,Soil18,Soil18_Neutral1,Slurry,HCl_NaOH,45,4.5,20,6.21,None,None,Soil18_T9,0.0153,0.1514702097,5430,90.5,3.8,0.00009,Soil18_Neutral1_pH7.68,10_20cm,7.681,24.24242424,1.906060606,0.04721780604,47.21780604,1.121212121,1.188815209,5.792792793,T9,12.62251748,1
A07,0,2,0,Soil18,Soil18_Neutral1,Slurry,HCl_NaOH,50,5,20,5.76,None,None,Soil18_T9,0.0164,0.1632634988,5430,90.5,3.8,0.0001,Soil18_Neutral1_pH7.68,10_20cm,7.681,24.24242424,1.906060606,0.05246422893,52.46422893,1.121212121,1.188815209,4.855855856,T9,13.60529157,1
A08,0,2,0,Soil18,Soil18_Neutral1,Slurry,HCl_NaOH,55,5.5,20,5.31,None,None,Soil18_T9,0.0162,0.161119201,5430,90.5,3.8,0.00011,Soil18_Neutral1_pH7.68,10_20cm,7.681,24.24242424,1.906060606,0.05771065183,57.71065183,1.121212121,1.188815209,4.627627628,T9,13.42660009,1
A09,0,2,0,Soil18,Soil18_Neutral1,Slurry,HCl_NaOH,60,6,20,4.86,None,None,Soil18_T9,0.02565,0.2624680958,5430,90.5,3.8,0.00012,Soil18_Neutral1_pH7.68,10_20cm,7.681,24.24242424,1.906060606,0.06295707472,62.95707472,1.121212121,1.188815209,4.327327327,T9,21.87234131,1
A10,0,2,0,Soil18,Soil18_Neutral1,Slurry,HCl_NaOH,65,6.5,20,4.41,None,None,Soil18_T9,0.01915,0.1927504531,5430,90.5,3.8,0.00013,Soil18_Neutral1_pH7.68,10_20cm,7.681,24.24242424,1.906060606,0.06820349762,68.20349762,1.121212121,1.188815209,4.027027027,T9,16.06253776,1
A11,0,2,0,Soil18,Soil18_Neutral1,Slurry,HCl_NaOH,75,7.5,20,3.96,None,None,Soil18_T9,0.0219,0.2222427405,5430,90.5,3.8,0.00015,Soil18_Neutral1_pH7.68,10_20cm,7.681,24.24242424,1.906060606,0.0786963434,78.6963434,1.121212121,1.188815209,3.714714715,T9,18.52022837,1
A12,0,2,0,Soil18,Soil18_Neutral1,Slurry,HCl_NaOH,90,9,20,3.51,None,None,Soil18_T9,0.02675,0.2742694165,5430,90.5,3.8,0.00018,Soil18_Neutral1_pH7.68,10_20cm,7.681,24.24242424,1.906060606,0.09443561208,94.43561208,1.121212121,1.188815209,3.39039039,T9,22.85578471,1
B01,0,2,0,Soil18,Soil18_Neutral1,Slurry,HCl_NaOH,-100,-10,20,8.91,None,None,Soil18_T9,0.0646,0.6808640001,5430,90.5,3.8,-0.0002,Soil18_Neutral1_pH7.68,10_20cm,7.681,24.24242424,1.906060606,-0.1049284579,-104.9284579,1.121212121,1.188815209,8.48,T9,56.73866668,2
B02,0,2,0,Soil18,Soil18_Neutral1,Slurry,HCl_NaOH,-60,-6,20,8.46,None,None,Soil18_T9,0.0379,0.3939401599,5430,90.5,3.8,-0.00012,Soil18_Neutral1_pH7.68,10_20cm,7.681,24.24242424,1.906060606,-0.06295707472,-62.95707472,1.121212121,1.188815209,8.507507508,T9,32.82834666,2
B03,0,2,0,Soil18,Soil18_Neutral1,Slurry,HCl_NaOH,30,3,20,7.56,None,None,Soil18_T9,0.01485,0.1466459281,5430,90.5,3.8,0.00006,Soil18_Neutral1_pH7.68,10_20cm,7.681,24.24242424,1.906060606,0.03147853736,31.47853736,1.121212121,1.188815209,7.630630631,T9,12.22049401,2
B04,0,2,0,Soil18,Soil18_Neutral1,Slurry,HCl_NaOH,34,3.4,20,7.11,None,None,Soil18_T9,0.0117,0.1128799513,5430,90.5,3.8,0.000068,Soil18_Neutral1_pH7.68,10_20cm,7.681,24.24242424,1.906060606,0.03567567568,35.67567568,1.121212121,1.188815209,7.282282282,T9,9.406662606,2
B05,0,2,0,Soil18,Soil18_Neutral1,Slurry,HCl_NaOH,40,4,20,6.66,None,None,Soil18_T9,0.01465,0.1445018488,5430,90.5,3.8,0.00008,Soil18_Neutral1_pH7.68,10_20cm,7.681,24.24242424,1.906060606,0.04197138315,41.97138315,1.121212121,1.188815209,6.54954955,T9,12.04182073,2
B06,0,2,0,Soil18,Soil18_Neutral1,Slurry,HCl_NaOH,45,4.5,20,6.21,None,None,Soil18_T9,0.0141,0.1386057758,5430,90.5,3.8,0.00009,Soil18_Neutral1_pH7.68,10_20cm,7.681,24.24242424,1.906060606,0.04721780604,47.21780604,1.121212121,1.188815209,5.792792793,T9,11.55048132,2
B07,0,2,0,Soil18,Soil18_Neutral1,Slurry,HCl_NaOH,50,5,20,5.76,None,None,Soil18_T9,0.015,0.1482540061,5430,90.5,3.8,0.0001,Soil18_Neutral1_pH7.68,10_20cm,7.681,24.24242424,1.906060606,0.05246422893,52.46422893,1.121212121,1.188815209,4.855855856,T9,12.35450051,2
B08,0,2,0,Soil18,Soil18_Neutral1,Slurry,HCl_NaOH,55,5.5,20,5.31,None,None,Soil18_T9,0.015,0.1482540061,5430,90.5,3.8,0.00011,Soil18_Neutral1_pH7.68,10_20cm,7.681,24.24242424,1.906060606,0.05771065183,57.71065183,1.121212121,1.188815209,4.627627628,T9,12.35450051,2
B09,0,2,0,Soil18,Soil18_Neutral1,Slurry,HCl_NaOH,60,6,20,4.86,None,None,Soil18_T9,0.01745,0.1745215249,5430,90.5,3.8,0.00012,Soil18_Neutral1_pH7.68,10_20cm,7.681,24.24242424,1.906060606,0.06295707472,62.95707472,1.121212121,1.188815209,4.327327327,T9,14.54346041,2
B10,0,2,0,Soil18,Soil18_Neutral1,Slurry,HCl_NaOH,65,6.5,20,4.41,None,None,Soil18_T9,0.0179,0.1793466311,5430,90.5,3.8,0.00013,Soil18_Neutral1_pH7.68,10_20cm,7.681,24.24242424,1.906060606,0.06820349762,68.20349762,1.121212121,1.188815209,4.027027027,T9,14.94555259,2
B11,0,2,0,Soil18,Soil18_Neutral1,Slurry,HCl_NaOH,75,7.5,20,3.96,None,None,Soil18_T9,0.02005,0.2024018872,5430,90.5,3.8,0.00015,Soil18_Neutral1_pH7.68,10_20cm,7.681,24.24242424,1.906060606,0.0786963434,78.6963434,1.121212121,1.188815209,3.714714715,T9,16.86682394,2
B12,0,2,0,Soil18,Soil18_Neutral1,Slurry,HCl_NaOH,90,9,20,3.51,None,None,Soil18_T9,0.02585,0.2646137269,5430,90.5,3.8,0.00018,Soil18_Neutral1_pH7.68,10_20cm,7.681,24.24242424,1.906060606,0.09443561208,94.43561208,1.121212121,1.188815209,3.39039039,T9,22.05114391,2
C01,0,2,0,Soil18,Soil18_Neutral1,Slurry,HCl_NaOH,-100,-10,20,8.91,None,None,Soil18_T9,0.07105,0.7502530338,5430,90.5,3.8,-0.0002,Soil18_Neutral1_pH7.68,10_20cm,7.681,24.24242424,1.906060606,-0.1049284579,-104.9284579,1.121212121,1.188815209,8.48,T9,62.52108615,3
C02,0,2,0,Soil18,Soil18_Neutral1,Slurry,HCl_NaOH,-60,-6,20,8.46,None,None,Soil18_T9,0.04375,0.4567622359,5430,90.5,3.8,-0.00012,Soil18_Neutral1_pH7.68,10_20cm,7.681,24.24242424,1.906060606,-0.06295707472,-62.95707472,1.121212121,1.188815209,8.507507508,T9,38.06351966,3
C03,0,2,0,Soil18,Soil18_Neutral1,Slurry,HCl_NaOH,30,3,20,7.56,None,None,Soil18_T9,0.01925,0.1938228065,5430,90.5,3.8,0.00006,Soil18_Neutral1_pH7.68,10_20cm,7.681,24.24242424,1.906060606,0.03147853736,31.47853736,1.121212121,1.188815209,7.630630631,T9,16.15190054,3
C04,0,2,0,Soil18,Soil18_Neutral1,Slurry,HCl_NaOH,34,3.4,20,7.11,None,None,Soil18_T9,0.0196,0.1975760988,5430,90.5,3.8,0.000068,Soil18_Neutral1_pH7.68,10_20cm,7.681,24.24242424,1.906060606,0.03567567568,35.67567568,1.121212121,1.188815209,7.282282282,T9,16.4646749,3
C05,0,2,0,Soil18,Soil18_Neutral1,Slurry,HCl_NaOH,40,4,20,6.66,None,None,Soil18_T9,0.01615,0.160583131,5430,90.5,3.8,0.00008,Soil18_Neutral1_pH7.68,10_20cm,7.681,24.24242424,1.906060606,0.04197138315,41.97138315,1.121212121,1.188815209,6.54954955,T9,13.38192758,3
C06,0,2,0,Soil18,Soil18_Neutral1,Slurry,HCl_NaOH,45,4.5,20,6.21,None,None,Soil18_T9,0.02,0.2018656815,5430,90.5,3.8,0.00009,Soil18_Neutral1_pH7.68,10_20cm,7.681,24.24242424,1.906060606,0.04721780604,47.21780604,1.121212121,1.188815209,5.792792793,T9,16.82214012,3
C07,0,2,0,Soil18,Soil18_Neutral1,Slurry,HCl_NaOH,50,5,20,5.76,None,None,Soil18_T9,0.0224,0.2276055477,5430,90.5,3.8,0.0001,Soil18_Neutral1_pH7.68,10_20cm,7.681,24.24242424,1.906060606,0.05246422893,52.46422893,1.121212121,1.188815209,4.855855856,T9,18.96712898,3
C08,0,2,0,Soil18,Soil18_Neutral1,Slurry,HCl_NaOH,55,5.5,20,5.31,None,None,Soil18_T9,0.02145,0.2174163648,5430,90.5,3.8,0.00011,Soil18_Neutral1_pH7.68,10_20cm,7.681,24.24242424,1.906060606,0.05771065183,57.71065183,1.121212121,1.188815209,4.627627628,T9,18.1180304,3
C09,0,2,0,Soil18,Soil18_Neutral1,Slurry,HCl_NaOH,60,6,20,4.86,None,None,Soil18_T9,0.0238,0.2426223466,5430,90.5,3.8,0.00012,Soil18_Neutral1_pH7.68,10_20cm,7.681,24.24242424,1.906060606,0.06295707472,62.95707472,1.121212121,1.188815209,4.327327327,T9,20.21852889,3
C10,0,2,0,Soil18,Soil18_Neutral1,Slurry,HCl_NaOH,65,6.5,20,4.41,None,None,Soil18_T9,0.0257,0.2630045009,5430,90.5,3.8,0.00013,Soil18_Neutral1_pH7.68,10_20cm,7.681,24.24242424,1.906060606,0.06820349762,68.20349762,1.121212121,1.188815209,4.027027027,T9,21.91704174,3
C11,0,2,0,Soil18,Soil18_Neutral1,Slurry,HCl_NaOH,75,7.5,20,3.96,None,None,Soil18_T9,0.0231,0.2351137743,5430,90.5,3.8,0.00015,Soil18_Neutral1_pH7.68,10_20cm,7.681,24.24242424,1.906060606,0.0786963434,78.6963434,1.121212121,1.188815209,3.714714715,T9,19.59281452,3
C12,0,2,0,Soil18,Soil18_Neutral1,Slurry,HCl_NaOH,90,9,20,3.51,None,None,Soil18_T9,0.03095,0.3193368671,5430,90.5,3.8,0.00018,Soil18_Neutral1_pH7.68,10_20cm,7.681,24.24242424,1.906060606,0.09443561208,94.43561208,1.121212121,1.188815209,3.39039039,T9,26.61140559,3
D01,0,2,0,Soil18,Soil18_Neutral1,Slurry,HCl_NaOH,-100,-10,20,8.91,None,CHX,Soil18_T9,0.0749,0.7916854185,5430,90.5,3.8,-0.0002,Soil18_Neutral1_pH7.68,10_20cm,7.681,24.24242424,1.906060606,-0.1049284579,-104.9284579,1.121212121,1.188815209,8.46,T9,65.97378488,1
D02,0,2,0,Soil18,Soil18_Neutral1,Slurry,HCl_NaOH,90,9,20,3.51,None,CHX,Soil18_T9,0.02815,0.2892905153,5430,90.5,3.8,0.00018,Soil18_Neutral1_pH7.68,10_20cm,7.681,24.24242424,1.906060606,0.09443561208,94.43561208,1.121212121,1.188815209,3.414414414,T9,24.10754294,1
D03,0,2,0,Soil18,Soil18_Neutral1,Slurry,HCl_NaOH,0,0,20,8.01,None,CHX,Soil18_T9,0.02375,0.2420860086,5430,90.5,3.8,0,Soil18_Neutral1_pH7.68,10_20cm,7.681,24.24242424,1.906060606,0,0,1.121212121,1.188815209,8.075075075,T9,20.17383405,1
D04,0,0,0,Soil18,Soil18_Neutral1,No_Nitrate,No_Nitrate,0,0,20,8.01,None,None,Soil18_T9,0.0115,0.1107363157,5430,90.5,3.8,0,Soil18_Neutral1_pH7.68,10_20cm,7.681,24.24242424,1.906060606,0,0,1.121212121,1.188815209,7.982982983,T9,9.228026306,1
D05,0,0,0,Soil18,Soil18_Neutral1,No_Nitrate,No_Nitrate,0,0,20,8.01,None,None,Soil18_T9,0.0101,0.095731655,5430,90.5,3.8,0,Soil18_Neutral1_pH7.68,10_20cm,7.681,24.24242424,1.906060606,0,0,1.121212121,1.188815209,7.982982983,T9,7.977637917,2
D06,0,0,0,Soil18,Soil18_Neutral1,No_Nitrate,No_Nitrate,0,0,20,8.01,None,None,Soil18_T9,0.01155,0.1112722219,5430,90.5,3.8,0,Soil18_Neutral1_pH7.68,10_20cm,7.681,24.24242424,1.906060606,0,0,1.121212121,1.188815209,7.982982983,T9,9.272685161,3
D07,0,2,0,Soil18,Soil18_Neutral1,Slurry,HCl_NaOH,0,0,20,8.01,None,None,Soil18_T9,0.01095,0.104841463,5430,90.5,3.8,0,Soil18_Neutral1_pH7.68,10_20cm,7.681,24.24242424,1.906060606,0,0,1.121212121,1.188815209,8.063333333,T9,8.736788582,1
D08,0,2,0,Soil18,Soil18_Neutral1,Slurry,HCl_NaOH,0,0,20,8.01,None,None,Soil18_T9,0.0114,0.1096645084,5430,90.5,3.8,0,Soil18_Neutral1_pH7.68,10_20cm,7.681,24.24242424,1.906060606,0,0,1.121212121,1.188815209,8.063333333,T9,9.138709036,2
D09,0,2,0,Soil18,Soil18_Neutral1,Slurry,HCl_NaOH,0,0,20,8.01,None,None,Soil18_T9,0.01225,0.1187750944,5430,90.5,3.8,0,Soil18_Neutral1_pH7.68,10_20cm,7.681,24.24242424,1.906060606,0,0,1.121212121,1.188815209,8.063333333,T9,9.897924536,3
A01,0,2,0,Soil14,Soil14_Neutral2,Slurry,HCl_NaOH,-90,-9,20,8.32,None,None,Soil14_T9,0.1146,1.063146864,5460,91,3.8,-0.00018,Soil14_Neutral2_pH6.54,10_20cm,6.545,26.03550296,1.921301775,-0.09368647983,-93.68647983,1.130177515,1.234836021,8.63,T9,88.59557197,1
A02,0,2,0,Soil14,Soil14_Neutral2,Slurry,HCl_NaOH,-23,-2.3,20,7.87,None,None,Soil14_T9,0.06265,0.5747533182,5460,91,3.8,-0.000046,Soil14_Neutral2_pH6.54,10_20cm,6.545,26.03550296,1.921301775,-0.0239421004,-23.9421004,1.130177515,1.234836021,8.279279279,T9,47.89610985,1
A03,0,2,0,Soil14,Soil14_Neutral2,Slurry,HCl_NaOH,-8,-0.8,20,7.42,None,None,Soil14_T9,0.0366,0.3296761513,5460,91,3.8,-0.000016,Soil14_Neutral2_pH6.54,10_20cm,6.545,26.03550296,1.921301775,-0.008327687096,-8.327687096,1.130177515,1.234836021,7.894894895,T9,27.47301261,1
A04,0,2,0,Soil14,Soil14_Neutral2,Slurry,HCl_NaOH,-5,-0.5,20,6.97,None,None,Soil14_T9,0.0317,0.2835640793,5460,91,3.8,-0.00001,Soil14_Neutral2_pH6.54,10_20cm,6.545,26.03550296,1.921301775,-0.005204804435,-5.204804435,1.130177515,1.234836021,7.666666667,T9,23.63033994,1
A05,0,2,0,Soil14,Soil14_Neutral2,Slurry,HCl_NaOH,-2,-0.2,20,6.52,None,None,Soil14_T9,0.02895,0.2576830363,5460,91,3.8,-0.000004,Soil14_Neutral2_pH6.54,10_20cm,6.545,26.03550296,1.921301775,-0.002081921774,-2.081921774,1.130177515,1.234836021,7.222222222,T9,21.47358636,1
A06,0,2,0,Soil14,Soil14_Neutral2,Slurry,HCl_NaOH,2,0.2,20,5.62,None,None,Soil14_T9,0.0253,0.2233298137,5460,91,3.8,0.000004,Soil14_Neutral2_pH6.54,10_20cm,6.545,26.03550296,1.921301775,0.002081921774,2.081921774,1.130177515,1.234836021,6.177177177,T9,18.6108178,1
A07,0,2,0,Soil14,Soil14_Neutral2,Slurry,HCl_NaOH,5,0.5,20,5.17,None,None,Soil14_T9,0.02835,0.2520360895,5460,91,3.8,0.00001,Soil14_Neutral2_pH6.54,10_20cm,6.545,26.03550296,1.921301775,0.005204804435,5.204804435,1.130177515,1.234836021,5.444444444,T9,21.00300746,1
A08,0,2,0,Soil14,Soil14_Neutral2,Slurry,HCl_NaOH,9,0.9,20,4.72,None,None,Soil14_T9,0.0229,0.2007401374,5460,91,3.8,0.000018,Soil14_Neutral2_pH6.54,10_20cm,6.545,26.03550296,1.921301775,0.009368647983,9.368647983,1.130177515,1.234836021,4.747747748,T9,16.72834479,1
A09,0,2,0,Soil14,Soil14_Neutral2,Slurry,HCl_NaOH,14,1.4,20,4.27,None,None,Soil14_T9,0.02405,0.2115644816,5460,91,3.8,0.000028,Soil14_Neutral2_pH6.54,10_20cm,6.545,26.03550296,1.921301775,0.01457345242,14.57345242,1.130177515,1.234836021,4.483483483,T9,17.63037347,1
A10,0,2,0,Soil14,Soil14_Neutral2,Slurry,HCl_NaOH,22,2.2,20,3.82,None,None,Soil14_T9,0.03085,0.2755646238,5460,91,3.8,0.000044,Soil14_Neutral2_pH6.54,10_20cm,6.545,26.03550296,1.921301775,0.02290113951,22.90113951,1.130177515,1.234836021,3.882882883,T9,22.96371865,1
A11,0,2,0,Soil14,Soil14_Neutral2,Slurry,HCl_NaOH,34,3.4,20,3.37,None,None,Soil14_T9,0.0331,0.2967393806,5460,91,3.8,0.000068,Soil14_Neutral2_pH6.54,10_20cm,6.545,26.03550296,1.921301775,0.03539267016,35.39267016,1.130177515,1.234836021,3.534534535,T9,24.72828172,1
A12,0,2,0,Soil14,Soil14_Neutral2,Slurry,HCl_NaOH,80,8,20,2.92,None,None,Soil14_T9,0.0344,0.3089732856,5460,91,3.8,0.00016,Soil14_Neutral2_pH6.54,10_20cm,6.545,26.03550296,1.921301775,0.08327687096,83.27687096,1.130177515,1.234836021,2.95,T9,25.7477738,1
B01,0,2,0,Soil14,Soil14_Neutral2,Slurry,HCl_NaOH,-90,-9,20,8.32,None,None,Soil14_T9,0.1001,0.9268759222,5460,91,3.8,-0.00018,Soil14_Neutral2_pH6.54,10_20cm,6.545,26.03550296,1.921301775,-0.09368647983,-93.68647983,1.130177515,1.234836021,8.63,T9,77.23966018,2
B02,0,2,0,Soil14,Soil14_Neutral2,Slurry,HCl_NaOH,-23,-2.3,20,7.87,None,None,Soil14_T9,0.04225,0.3828410411,5460,91,3.8,-0.000046,Soil14_Neutral2_pH6.54,10_20cm,6.545,26.03550296,1.921301775,-0.0239421004,-23.9421004,1.130177515,1.234836021,8.279279279,T9,31.90342009,2
B03,0,2,0,Soil14,Soil14_Neutral2,Slurry,HCl_NaOH,-8,-0.8,20,7.42,None,None,Soil14_T9,0.0283,0.2515655078,5460,91,3.8,-0.000016,Soil14_Neutral2_pH6.54,10_20cm,6.545,26.03550296,1.921301775,-0.008327687096,-8.327687096,1.130177515,1.234836021,7.894894895,T9,20.96379231,2
B04,0,2,0,Soil14,Soil14_Neutral2,Slurry,HCl_NaOH,-5,-0.5,20,6.97,None,None,Soil14_T9,0.02295,0.2012107658,5460,91,3.8,-0.00001,Soil14_Neutral2_pH6.54,10_20cm,6.545,26.03550296,1.921301775,-0.005204804435,-5.204804435,1.130177515,1.234836021,7.666666667,T9,16.76756382,2
B05,0,2,0,Soil14,Soil14_Neutral2,Slurry,HCl_NaOH,-2,-0.2,20,6.52,None,None,Soil14_T9,0.0242,0.2129763357,5460,91,3.8,-0.000004,Soil14_Neutral2_pH6.54,10_20cm,6.545,26.03550296,1.921301775,-0.002081921774,-2.081921774,1.130177515,1.234836021,7.222222222,T9,17.74802798,2
B06,0,2,0,Soil14,Soil14_Neutral2,Slurry,HCl_NaOH,2,0.2,20,5.62,None,None,Soil14_T9,0.0251,0.2214473787,5460,91,3.8,0.000004,Soil14_Neutral2_pH6.54,10_20cm,6.545,26.03550296,1.921301775,0.002081921774,2.081921774,1.130177515,1.234836021,6.177177177,T9,18.45394822,2
B07,0,2,0,Soil14,Soil14_Neutral2,Slurry,HCl_NaOH,5,0.5,20,5.17,None,None,Soil14_T9,0.0248,0.2186237133,5460,91,3.8,0.00001,Soil14_Neutral2_pH6.54,10_20cm,6.545,26.03550296,1.921301775,0.005204804435,5.204804435,1.130177515,1.234836021,5.444444444,T9,18.21864277,2
B08,0,2,0,Soil14,Soil14_Neutral2,Slurry,HCl_NaOH,9,0.9,20,4.72,None,None,Soil14_T9,0.0233,0.2045051527,5460,91,3.8,0.000018,Soil14_Neutral2_pH6.54,10_20cm,6.545,26.03550296,1.921301775,0.009368647983,9.368647983,1.130177515,1.234836021,4.747747748,T9,17.04209606,2
B09,0,2,0,Soil14,Soil14_Neutral2,Slurry,HCl_NaOH,14,1.4,20,4.27,None,None,Soil14_T9,0.02235,0.1955631963,5460,91,3.8,0.000028,Soil14_Neutral2_pH6.54,10_20cm,6.545,26.03550296,1.921301775,0.01457345242,14.57345242,1.130177515,1.234836021,4.483483483,T9,16.29693302,2
B10,0,2,0,Soil14,Soil14_Neutral2,Slurry,HCl_NaOH,22,2.2,20,3.82,None,None,Soil14_T9,0.0249,0.2195649368,5460,91,3.8,0.000044,Soil14_Neutral2_pH6.54,10_20cm,6.545,26.03550296,1.921301775,0.02290113951,22.90113951,1.130177515,1.234836021,3.882882883,T9,18.29707807,2
B11,0,2,0,Soil14,Soil14_Neutral2,Slurry,HCl_NaOH,34,3.4,20,3.37,None,None,Soil14_T9,0.02645,0.2341536804,5460,91,3.8,0.000068,Soil14_Neutral2_pH6.54,10_20cm,6.545,26.03550296,1.921301775,0.03539267016,35.39267016,1.130177515,1.234836021,3.534534535,T9,19.5128067,2
B12,0,2,0,Soil14,Soil14_Neutral2,Slurry,HCl_NaOH,80,8,20,2.92,None,None,Soil14_T9,0.0392,0.3541420957,5460,91,3.8,0.00016,Soil14_Neutral2_pH6.54,10_20cm,6.545,26.03550296,1.921301775,0.08327687096,83.27687096,1.130177515,1.234836021,2.95,T9,29.51184131,2
C01,0,2,0,Soil14,Soil14_Neutral2,Slurry,HCl_NaOH,-90,-9,20,8.32,None,None,Soil14_T9,0.0899,0.8309946634,5460,91,3.8,-0.00018,Soil14_Neutral2_pH6.54,10_20cm,6.545,26.03550296,1.921301775,-0.09368647983,-93.68647983,1.130177515,1.234836021,8.63,T9,69.24955528,3
C02,0,2,0,Soil14,Soil14_Neutral2,Slurry,HCl_NaOH,-23,-2.3,20,7.87,None,None,Soil14_T9,0.0448,0.4068340074,5460,91,3.8,-0.000046,Soil14_Neutral2_pH6.54,10_20cm,6.545,26.03550296,1.921301775,-0.0239421004,-23.9421004,1.130177515,1.234836021,8.279279279,T9,33.90283395,3
C03,0,2,0,Soil14,Soil14_Neutral2,Slurry,HCl_NaOH,-8,-0.8,20,7.42,None,None,Soil14_T9,0.0294,0.2619182056,5460,91,3.8,-0.000016,Soil14_Neutral2_pH6.54,10_20cm,6.545,26.03550296,1.921301775,-0.008327687096,-8.327687096,1.130177515,1.234836021,7.894894895,T9,21.82651713,3
C04,0,2,0,Soil14,Soil14_Neutral2,Slurry,HCl_NaOH,-5,-0.5,20,6.97,None,None,Soil14_T9,0.0246,0.216741261,5460,91,3.8,-0.00001,Soil14_Neutral2_pH6.54,10_20cm,6.545,26.03550296,1.921301775,-0.005204804435,-5.204804435,1.130177515,1.234836021,7.666666667,T9,18.06177175,3
C05,0,2,0,Soil14,Soil14_Neutral2,Slurry,HCl_NaOH,-2,-0.2,20,6.52,None,None,Soil14_T9,0.02565,0.2266240582,5460,91,3.8,-0.000004,Soil14_Neutral2_pH6.54,10_20cm,6.545,26.03550296,1.921301775,-0.002081921774,-2.081921774,1.130177515,1.234836021,7.222222222,T9,18.88533818,3
C06,0,2,0,Soil14,Soil14_Neutral2,Slurry,HCl_NaOH,2,0.2,20,5.62,None,None,Soil14_T9,0.0268,0.2374478553,5460,91,3.8,0.000004,Soil14_Neutral2_pH6.54,10_20cm,6.545,26.03550296,1.921301775,0.002081921774,2.081921774,1.130177515,1.234836021,6.177177177,T9,19.78732128,3
C07,0,2,0,Soil14,Soil14_Neutral2,Slurry,HCl_NaOH,5,0.5,20,5.17,None,None,Soil14_T9,0.01995,0.1729722951,5460,91,3.8,0.00001,Soil14_Neutral2_pH6.54,10_20cm,6.545,26.03550296,1.921301775,0.005204804435,5.204804435,1.130177515,1.234836021,5.444444444,T9,14.41435793,3
C08,0,2,0,Soil14,Soil14_Neutral2,Slurry,HCl_NaOH,9,0.9,20,4.72,None,None,Soil14_T9,0.0205,0.1781494647,5460,91,3.8,0.000018,Soil14_Neutral2_pH6.54,10_20cm,6.545,26.03550296,1.921301775,0.009368647983,9.368647983,1.130177515,1.234836021,4.747747748,T9,14.84578872,3
C09,0,2,0,Soil14,Soil14_Neutral2,Slurry,HCl_NaOH,14,1.4,20,4.27,None,None,Soil14_T9,0.021,0.182855937,5460,91,3.8,0.000028,Soil14_Neutral2_pH6.54,10_20cm,6.545,26.03550296,1.921301775,0.01457345242,14.57345242,1.130177515,1.234836021,4.483483483,T9,15.23799475,3
C10,0,2,0,Soil14,Soil14_Neutral2,Slurry,HCl_NaOH,22,2.2,20,3.82,None,None,Soil14_T9,0.0228,0.1997988793,5460,91,3.8,0.000044,Soil14_Neutral2_pH6.54,10_20cm,6.545,26.03550296,1.921301775,0.02290113951,22.90113951,1.130177515,1.234836021,3.882882883,T9,16.64990661,3
C11,0,2,0,Soil14,Soil14_Neutral2,Slurry,HCl_NaOH,34,3.4,20,3.37,None,None,Soil14_T9,0.02215,0.1936806592,5460,91,3.8,0.000068,Soil14_Neutral2_pH6.54,10_20cm,6.545,26.03550296,1.921301775,0.03539267016,35.39267016,1.130177515,1.234836021,3.534534535,T9,16.14005494,3
C12,0,2,0,Soil14,Soil14_Neutral2,Slurry,HCl_NaOH,80,8,20,2.92,None,None,Soil14_T9,0.0298,0.2656827711,5460,91,3.8,0.00016,Soil14_Neutral2_pH6.54,10_20cm,6.545,26.03550296,1.921301775,0.08327687096,83.27687096,1.130177515,1.234836021,2.95,T9,22.14023092,3
D01,0,2,0,Soil14,Soil14_Neutral2,Slurry,HCl_NaOH,-90,-9,20,8.32,None,CHX,Soil14_T9,0.11025,1.022269383,5460,91,3.8,-0.00018,Soil14_Neutral2_pH6.54,10_20cm,6.545,26.03550296,1.921301775,-0.09368647983,-93.68647983,1.130177515,1.234836021,8.63,T9,85.18911523,1
D02,0,2,0,Soil14,Soil14_Neutral2,Slurry,HCl_NaOH,80,8,20,2.92,None,CHX,Soil14_T9,0.04065,0.3677860571,5460,91,3.8,0.00016,Soil14_Neutral2_pH6.54,10_20cm,6.545,26.03550296,1.921301775,0.08327687096,83.27687096,1.130177515,1.234836021,3.186186186,T9,30.6488381,1
D03,0,2,0,Soil14,Soil14_Neutral2,Slurry,HCl_NaOH,0,0,20,6.07,None,CHX,Soil14_T9,0.02995,0.267094476,5460,91,3.8,0,Soil14_Neutral2_pH6.54,10_20cm,6.545,26.03550296,1.921301775,0,0,1.130177515,1.234836021,6.861861862,T9,22.257873,1
D04,0,0,0,Soil14,Soil14_Neutral2,No_Nitrate,No_Nitrate,0,0,20,6.07,None,None,Soil14_T9,0.02255,0.1974457264,5460,91,3.8,0,Soil14_Neutral2_pH6.54,10_20cm,6.545,26.03550296,1.921301775,0,0,1.130177515,1.234836021,6.449449449,T9,16.45381053,1
D05,0,0,0,Soil14,Soil14_Neutral2,No_Nitrate,No_Nitrate,0,0,20,6.07,None,None,Soil14_T9,0.0259,0.228977077,5460,91,3.8,0,Soil14_Neutral2_pH6.54,10_20cm,6.545,26.03550296,1.921301775,0,0,1.130177515,1.234836021,6.449449449,T9,19.08142309,2
D06,0,0,0,Soil14,Soil14_Neutral2,No_Nitrate,No_Nitrate,0,0,20,6.07,None,None,Soil14_T9,0.0268,0.2374478553,5460,91,3.8,0,Soil14_Neutral2_pH6.54,10_20cm,6.545,26.03550296,1.921301775,0,0,1.130177515,1.234836021,6.449449449,T9,19.78732128,3
D07,0,2,0,Soil14,Soil14_Neutral2,Slurry,HCl_NaOH,0,0,20,6.07,None,None,Soil14_T9,0.027,0.2393302315,5460,91,3.8,0,Soil14_Neutral2_pH6.54,10_20cm,6.545,26.03550296,1.921301775,0,0,1.130177515,1.234836021,6.72,T9,19.94418595,1
D08,0,2,0,Soil14,Soil14_Neutral2,Slurry,HCl_NaOH,0,0,20,6.07,None,None,Soil14_T9,0.02855,0.253918412,5460,91,3.8,0,Soil14_Neutral2_pH6.54,10_20cm,6.545,26.03550296,1.921301775,0,0,1.130177515,1.234836021,6.72,T9,21.15986767,2
D09,0,2,0,Soil14,Soil14_Neutral2,Slurry,HCl_NaOH,0,0,20,6.07,None,None,Soil14_T9,0.0281,0.2496831766,5460,91,3.8,0,Soil14_Neutral2_pH6.54,10_20cm,6.545,26.03550296,1.921301775,0,0,1.130177515,1.234836021,6.72,T9,20.80693138,3
A01,0,2,0,Soil16,Soil16_Neutral6,Slurry,HCl_NaOH,-100,-10,20,8.39,None,None,Soil16_T9,0.0566,0.4919517307,5472,91.2,3.8,-0.0002,Soil16_Neutral6_pH6.86,10_20cm,6.86,24.05832321,1.904495747,-0.105014674,-105.014674,1.120291616,1.288461828,8.43,T9,40.99597756,1
A02,0,2,0,Soil16,Soil16_Neutral6,Slurry,HCl_NaOH,-7,-0.7,20,7.94,None,None,Soil16_T9,0.0215,0.1781836532,5472,91.2,3.8,-0.000014,Soil16_Neutral6_pH6.86,10_20cm,6.86,24.05832321,1.904495747,-0.007351027179,-7.351027179,1.120291616,1.288461828,8.075075075,T9,14.84863777,1
A03,0,2,0,Soil16,Soil16_Neutral6,Slurry,HCl_NaOH,3,0.3,20,7.04,None,None,Soil16_T9,0.0143,0.1137959529,5472,91.2,3.8,0.000006,Soil16_Neutral6_pH6.86,10_20cm,6.86,24.05832321,1.904495747,0.003150440219,3.150440219,1.120291616,1.288461828,6.777777778,T9,9.482996075,1
A04,0,2,0,Soil16,Soil16_Neutral6,Slurry,HCl_NaOH,6,0.6,20,6.59,None,None,Soil16_T9,0.01635,0.1321294299,5472,91.2,3.8,0.000012,Soil16_Neutral6_pH6.86,10_20cm,6.86,24.05832321,1.904495747,0.006300880439,6.300880439,1.120291616,1.288461828,6.081081081,T9,11.01078583,1
A05,0,2,0,Soil16,Soil16_Neutral6,Slurry,HCl_NaOH,8,0.8,20,6.14,None,None,Soil16_T9,0.0153,0.1227391987,5472,91.2,3.8,0.000016,Soil16_Neutral6_pH6.86,10_20cm,6.86,24.05832321,1.904495747,0.008401173919,8.401173919,1.120291616,1.288461828,5.888888889,T9,10.22826656,1
A06,0,2,0,Soil16,Soil16_Neutral6,Slurry,HCl_NaOH,11,1.1,20,5.69,None,None,Soil16_T9,0.0176,0.1433080402,5472,91.2,3.8,0.000022,Soil16_Neutral6_pH6.86,10_20cm,6.86,24.05832321,1.904495747,0.01155161414,11.55161414,1.120291616,1.288461828,5.504504505,T9,11.94233668,1
A07,0,2,0,Soil16,Soil16_Neutral6,Slurry,HCl_NaOH,14,1.4,20,5.24,None,None,Soil16_T9,0.02,0.1647702518,5472,91.2,3.8,0.000028,Soil16_Neutral6_pH6.86,10_20cm,6.86,24.05832321,1.904495747,0.01470205436,14.70205436,1.120291616,1.288461828,4.891891892,T9,13.73085432,1
A08,0,2,0,Soil16,Soil16_Neutral6,Slurry,HCl_NaOH,18,1.8,20,4.79,None,None,Soil16_T9,0.0179,0.1459908684,5472,91.2,3.8,0.000036,Soil16_Neutral6_pH6.86,10_20cm,6.86,24.05832321,1.904495747,0.01890264132,18.90264132,1.120291616,1.288461828,4.663663664,T9,12.1659057,1
A09,0,2,0,Soil16,Soil16_Neutral6,Slurry,HCl_NaOH,22,2.2,20,4.34,None,None,Soil16_T9,0.0207,0.1710298852,5472,91.2,3.8,0.000044,Soil16_Neutral6_pH6.86,10_20cm,6.86,24.05832321,1.904495747,0.02310322828,23.10322828,1.120291616,1.288461828,4.195195195,T9,14.25249043,1
A10,0,2,0,Soil16,Soil16_Neutral6,Slurry,HCl_NaOH,28,2.8,20,3.89,None,None,Soil16_T9,0.02325,0.1938321542,5472,91.2,3.8,0.000056,Soil16_Neutral6_pH6.86,10_20cm,6.86,24.05832321,1.904495747,0.02940410872,29.40410872,1.120291616,1.288461828,3.906906907,T9,16.15267951,1
A11,0,2,0,Soil16,Soil16_Neutral6,Slurry,HCl_NaOH,40,4,20,3.44,None,None,Soil16_T9,0.02585,0.2170804261,5472,91.2,3.8,0.00008,Soil16_Neutral6_pH6.86,10_20cm,6.86,24.05832321,1.904495747,0.04200586959,42.00586959,1.120291616,1.288461828,3.582582583,T9,18.09003551,1
A12,0,2,0,Soil16,Soil16_Neutral6,Slurry,HCl_NaOH,90,9,20,2.99,None,None,Soil16_T9,0.029,0.2452451135,5472,91.2,3.8,0.00018,Soil16_Neutral6_pH6.86,10_20cm,6.86,24.05832321,1.904495747,0.09451320658,94.51320658,1.120291616,1.288461828,2.93,T9,20.43709279,1
B01,0,2,0,Soil16,Soil16_Neutral6,Slurry,HCl_NaOH,-100,-10,20,8.39,None,None,Soil16_T9,0.04825,0.4173272339,5472,91.2,3.8,-0.0002,Soil16_Neutral6_pH6.86,10_20cm,6.86,24.05832321,1.904495747,-0.105014674,-105.014674,1.120291616,1.288461828,8.43,T9,34.77726949,2
B02,0,2,0,Soil16,Soil16_Neutral6,Slurry,HCl_NaOH,-7,-0.7,20,7.94,None,None,Soil16_T9,0.01865,0.1526978743,5472,91.2,3.8,-0.000014,Soil16_Neutral6_pH6.86,10_20cm,6.86,24.05832321,1.904495747,-0.007351027179,-7.351027179,1.120291616,1.288461828,8.075075075,T9,12.72482286,2
B03,0,2,0,Soil16,Soil16_Neutral6,Slurry,HCl_NaOH,3,0.3,20,7.04,None,None,Soil16_T9,0.0153,0.1227391987,5472,91.2,3.8,0.000006,Soil16_Neutral6_pH6.86,10_20cm,6.86,24.05832321,1.904495747,0.003150440219,3.150440219,1.120291616,1.288461828,6.777777778,T9,10.22826656,2
B04,0,2,0,Soil16,Soil16_Neutral6,Slurry,HCl_NaOH,6,0.6,20,6.59,None,None,Soil16_T9,0.01325,0.1044053678,5472,91.2,3.8,0.000012,Soil16_Neutral6_pH6.86,10_20cm,6.86,24.05832321,1.904495747,0.006300880439,6.300880439,1.120291616,1.288461828,6.081081081,T9,8.700447316,2
B05,0,2,0,Soil16,Soil16_Neutral6,Slurry,HCl_NaOH,8,0.8,20,6.14,None,None,Soil16_T9,0.0194,0.1594047877,5472,91.2,3.8,0.000016,Soil16_Neutral6_pH6.86,10_20cm,6.86,24.05832321,1.904495747,0.008401173919,8.401173919,1.120291616,1.288461828,5.888888889,T9,13.28373231,2
B06,0,2,0,Soil16,Soil16_Neutral6,Slurry,HCl_NaOH,11,1.1,20,5.69,None,None,Soil16_T9,0.01975,0.1625346489,5472,91.2,3.8,0.000022,Soil16_Neutral6_pH6.86,10_20cm,6.86,24.05832321,1.904495747,0.01155161414,11.55161414,1.120291616,1.288461828,5.504504505,T9,13.54455408,2
B07,0,2,0,Soil16,Soil16_Neutral6,Slurry,HCl_NaOH,14,1.4,20,5.24,None,None,Soil16_T9,0.0176,0.1433080402,5472,91.2,3.8,0.000028,Soil16_Neutral6_pH6.86,10_20cm,6.86,24.05832321,1.904495747,0.01470205436,14.70205436,1.120291616,1.288461828,4.891891892,T9,11.94233668,2
B08,0,2,0,Soil16,Soil16_Neutral6,Slurry,HCl_NaOH,18,1.8,20,4.79,None,None,Soil16_T9,0.0182,0.1486736819,5472,91.2,3.8,0.000036,Soil16_Neutral6_pH6.86,10_20cm,6.86,24.05832321,1.904495747,0.01890264132,18.90264132,1.120291616,1.288461828,4.663663664,T9,12.38947349,2
B09,0,2,0,Soil16,Soil16_Neutral6,Slurry,HCl_NaOH,22,2.2,20,4.34,None,None,Soil16_T9,0.02345,0.1956205222,5472,91.2,3.8,0.000044,Soil16_Neutral6_pH6.86,10_20cm,6.86,24.05832321,1.904495747,0.02310322828,23.10322828,1.120291616,1.288461828,4.195195195,T9,16.30171018,2
B10,0,2,0,Soil16,Soil16_Neutral6,Slurry,HCl_NaOH,28,2.8,20,3.89,None,None,Soil16_T9,0.02535,0.2126096908,5472,91.2,3.8,0.000056,Soil16_Neutral6_pH6.86,10_20cm,6.86,24.05832321,1.904495747,0.02940410872,29.40410872,1.120291616,1.288461828,3.906906907,T9,17.71747424,2
B11,0,2,0,Soil16,Soil16_Neutral6,Slurry,HCl_NaOH,40,4,20,3.44,None,None,Soil16_T9,0.02625,0.2206569847,5472,91.2,3.8,0.00008,Soil16_Neutral6_pH6.86,10_20cm,6.86,24.05832321,1.904495747,0.04200586959,42.00586959,1.120291616,1.288461828,3.582582583,T9,18.38808206,2
B12,0,2,0,Soil16,Soil16_Neutral6,Slurry,HCl_NaOH,90,9,20,2.99,None,None,Soil16_T9,0.0323,0.2747492278,5472,91.2,3.8,0.00018,Soil16_Neutral6_pH6.86,10_20cm,6.86,24.05832321,1.904495747,0.09451320658,94.51320658,1.120291616,1.288461828,2.93,T9,22.89576899,2
C01,0,2,0,Soil16,Soil16_Neutral6,Slurry,HCl_NaOH,-100,-10,20,8.39,None,None,Soil16_T9,0.0528,0.4579923005,5472,91.2,3.8,-0.0002,Soil16_Neutral6_pH6.86,10_20cm,6.86,24.05832321,1.904495747,-0.105014674,-105.014674,1.120291616,1.288461828,8.43,T9,38.16602504,3
C02,0,2,0,Soil16,Soil16_Neutral6,Slurry,HCl_NaOH,-7,-0.7,20,7.94,None,None,Soil16_T9,0.021,0.1737125605,5472,91.2,3.8,-0.000014,Soil16_Neutral6_pH6.86,10_20cm,6.86,24.05832321,1.904495747,-0.007351027179,-7.351027179,1.120291616,1.288461828,8.075075075,T9,14.47604671,3
C03,0,2,0,Soil16,Soil16_Neutral6,Slurry,HCl_NaOH,3,0.3,20,7.04,None,None,Soil16_T9,0.02145,0.1777365458,5472,91.2,3.8,0.000006,Soil16_Neutral6_pH6.86,10_20cm,6.86,24.05832321,1.904495747,0.003150440219,3.150440219,1.120291616,1.288461828,6.777777778,T9,14.81137882,3
C04,0,2,0,Soil16,Soil16_Neutral6,Slurry,HCl_NaOH,6,0.6,20,6.59,None,None,Soil16_T9,0.0174,0.1415194798,5472,91.2,3.8,0.000012,Soil16_Neutral6_pH6.86,10_20cm,6.86,24.05832321,1.904495747,0.006300880439,6.300880439,1.120291616,1.288461828,6.081081081,T9,11.79328998,3
C05,0,2,0,Soil16,Soil16_Neutral6,Slurry,HCl_NaOH,8,0.8,20,6.14,None,None,Soil16_T9,0.0175,0.1424137608,5472,91.2,3.8,0.000016,Soil16_Neutral6_pH6.86,10_20cm,6.86,24.05832321,1.904495747,0.008401173919,8.401173919,1.120291616,1.288461828,5.888888889,T9,11.8678134,3
C06,0,2,0,Soil16,Soil16_Neutral6,Slurry,HCl_NaOH,11,1.1,20,5.69,None,None,Soil16_T9,0.0181,0.1477794124,5472,91.2,3.8,0.000022,Soil16_Neutral6_pH6.86,10_20cm,6.86,24.05832321,1.904495747,0.01155161414,11.55161414,1.120291616,1.288461828,5.504504505,T9,12.31495103,3
C07,0,2,0,Soil16,Soil16_Neutral6,Slurry,HCl_NaOH,14,1.4,20,5.24,None,None,Soil16_T9,0.01745,0.1419666205,5472,91.2,3.8,0.000028,Soil16_Neutral6_pH6.86,10_20cm,6.86,24.05832321,1.904495747,0.01470205436,14.70205436,1.120291616,1.288461828,4.891891892,T9,11.83055171,3
C08,0,2,0,Soil16,Soil16_Neutral6,Slurry,HCl_NaOH,18,1.8,20,4.79,None,None,Soil16_T9,0.0206,0.1701356568,5472,91.2,3.8,0.000036,Soil16_Neutral6_pH6.86,10_20cm,6.86,24.05832321,1.904495747,0.01890264132,18.90264132,1.120291616,1.288461828,4.663663664,T9,14.1779714,3
C09,0,2,0,Soil16,Soil16_Neutral6,Slurry,HCl_NaOH,22,2.2,20,4.34,None,None,Soil16_T9,0.022,0.1826547049,5472,91.2,3.8,0.000044,Soil16_Neutral6_pH6.86,10_20cm,6.86,24.05832321,1.904495747,0.02310322828,23.10322828,1.120291616,1.288461828,4.195195195,T9,15.22122541,3
C10,0,2,0,Soil16,Soil16_Neutral6,Slurry,HCl_NaOH,28,2.8,20,3.89,None,None,Soil16_T9,0.0219,0.1817604978,5472,91.2,3.8,0.000056,Soil16_Neutral6_pH6.86,10_20cm,6.86,24.05832321,1.904495747,0.02940410872,29.40410872,1.120291616,1.288461828,3.906906907,T9,15.14670815,3
C11,0,2,0,Soil16,Soil16_Neutral6,Slurry,HCl_NaOH,40,4,20,3.44,None,None,Soil16_T9,0.02645,0.2224452541,5472,91.2,3.8,0.00008,Soil16_Neutral6_pH6.86,10_20cm,6.86,24.05832321,1.904495747,0.04200586959,42.00586959,1.120291616,1.288461828,3.582582583,T9,18.53710451,3
C12,0,2,0,Soil16,Soil16_Neutral6,Slurry,HCl_NaOH,90,9,20,2.99,None,None,Soil16_T9,0.03385,0.2886066035,5472,91.2,3.8,0.00018,Soil16_Neutral6_pH6.86,10_20cm,6.86,24.05832321,1.904495747,0.09451320658,94.51320658,1.120291616,1.288461828,2.93,T9,24.05055029,3
D01,0,2,0,Soil16,Soil16_Neutral6,Slurry,HCl_NaOH,-100,-10,20,8.39,None,CHX,Soil16_T9,0.06055,0.5272491538,5472,91.2,3.8,-0.0002,Soil16_Neutral6_pH6.86,10_20cm,6.86,24.05832321,1.904495747,-0.105014674,-105.014674,1.120291616,1.288461828,8.42,T9,43.93742948,1
D02,0,2,0,Soil16,Soil16_Neutral6,Slurry,HCl_NaOH,90,9,20,2.99,None,CHX,Soil16_T9,0.0392,0.3364338684,5472,91.2,3.8,0.00018,Soil16_Neutral6_pH6.86,10_20cm,6.86,24.05832321,1.904495747,0.09451320658,94.51320658,1.120291616,1.288461828,3.21021021,T9,28.0361557,1
D03,0,2,0,Soil16,Soil16_Neutral6,Slurry,HCl_NaOH,0,0,20,7.49,None,CHX,Soil16_T9,0.0302,0.2559740893,5472,91.2,3.8,0,Soil16_Neutral6_pH6.86,10_20cm,6.86,24.05832321,1.904495747,0,0,1.120291616,1.288461828,7.630630631,T9,21.33117411,1
D04,0,0,0,Soil16,Soil16_Neutral6,No_Nitrate,No_Nitrate,0,0,20,7.49,None,None,Soil16_T9,0.0195,0.1602990358,5472,91.2,3.8,0,Soil16_Neutral6_pH6.86,10_20cm,6.86,24.05832321,1.904495747,0,0,1.120291616,1.288461828,7.346346346,T9,13.35825298,1
D05,0,0,0,Soil16,Soil16_Neutral6,No_Nitrate,No_Nitrate,0,0,20,7.49,None,None,Soil16_T9,0.0231,0.1924908738,5472,91.2,3.8,0,Soil16_Neutral6_pH6.86,10_20cm,6.86,24.05832321,1.904495747,0,0,1.120291616,1.288461828,7.346346346,T9,16.04090615,2
D06,0,0,0,Soil16,Soil16_Neutral6,No_Nitrate,No_Nitrate,0,0,20,7.49,None,None,Soil16_T9,0.02085,0.1723712247,5472,91.2,3.8,0,Soil16_Neutral6_pH6.86,10_20cm,6.86,24.05832321,1.904495747,0,0,1.120291616,1.288461828,7.346346346,T9,14.36426873,3
D07,0,2,0,Soil16,Soil16_Neutral6,Slurry,HCl_NaOH,0,0,20,7.49,None,None,Soil16_T9,0.0186,0.1522507434,5472,91.2,3.8,0,Soil16_Neutral6_pH6.86,10_20cm,6.86,24.05832321,1.904495747,0,0,1.120291616,1.288461828,7.496666667,T9,12.68756195,1
D08,0,2,0,Soil16,Soil16_Neutral6,Slurry,HCl_NaOH,0,0,20,7.49,None,None,Soil16_T9,0.0209,0.1728183371,5472,91.2,3.8,0,Soil16_Neutral6_pH6.86,10_20cm,6.86,24.05832321,1.904495747,0,0,1.120291616,1.288461828,7.496666667,T9,14.40152809,2
D09,0,2,0,Soil16,Soil16_Neutral6,Slurry,HCl_NaOH,0,0,20,7.49,None,None,Soil16_T9,0.0301,0.255080017,5472,91.2,3.8,0,Soil16_Neutral6_pH6.86,10_20cm,6.86,24.05832321,1.904495747,0,0,1.120291616,1.288461828,7.496666667,T9,21.25666809,3
A01,0,2,0,Soil11,Soil11_CE234,Slurry,HCl_NaOH,-100,-10,20,8.58,None,None,Soil11_T9,0.2187,2.379029614,5535,92.2,3.8,-0.0002,Soil11_CE234_pH6.19,10_20cm,6.186,25.1497006,1.913772455,-0.104505632,-104.505632,1.125748503,1.22703048,8.58,T9,198.2524678,1
A02,0,2,0,Soil11,Soil11_CE234,Slurry,HCl_NaOH,-50,-5,20,8.13,None,None,Soil11_T9,0.1435,1.553381711,5535,92.2,3.8,-0.0001,Soil11_CE234_pH6.19,10_20cm,6.186,25.1497006,1.913772455,-0.05225281602,-52.25281602,1.125748503,1.22703048,8.147147147,T9,129.4484759,1
A03,0,2,0,Soil11,Soil11_CE234,Slurry,HCl_NaOH,-25,-2.5,20,7.68,None,None,Soil11_T9,0.1089,1.173472785,5535,92.2,3.8,-0.00005,Soil11_CE234_pH6.19,10_20cm,6.186,25.1497006,1.913772455,-0.02612640801,-26.12640801,1.125748503,1.22703048,7.498498498,T9,97.78939872,1
A04,0,2,0,Soil11,Soil11_CE234,Slurry,HCl_NaOH,-18,-1.8,20,7.23,None,None,Soil11_T9,0.09125,0.9796697149,5535,92.2,3.8,-0.000036,Soil11_CE234_pH6.19,10_20cm,6.186,25.1497006,1.913772455,-0.01881101377,-18.81101377,1.125748503,1.22703048,6.84,T9,81.63914291,1
A05,0,2,0,Soil11,Soil11_CE234,Slurry,HCl_NaOH,-14,-1.4,20,6.78,None,None,Soil11_T9,0.0729,0.7781763946,5535,92.2,3.8,-0.000028,Soil11_CE234_pH6.19,10_20cm,6.186,25.1497006,1.913772455,-0.01463078849,-14.63078849,1.125748503,1.22703048,6.537537538,T9,64.84803289,1
A06,0,2,0,Soil11,Soil11_CE234,Slurry,HCl_NaOH,-10,-1,20,6.33,None,None,Soil11_T9,0.06505,0.6919777312,5535,92.2,3.8,-0.00002,Soil11_CE234_pH6.19,10_20cm,6.186,25.1497006,1.913772455,-0.0104505632,-10.4505632,1.125748503,1.22703048,5.888888889,T9,57.66481093,1
A07,0,2,0,Soil11,Soil11_CE234,Slurry,HCl_NaOH,-8,-0.8,20,5.88,None,None,Soil11_T9,0.0564,0.5969936242,5535,92.2,3.8,-0.000016,Soil11_CE234_pH6.19,10_20cm,6.186,25.1497006,1.913772455,-0.008360450563,-8.360450563,1.125748503,1.22703048,5.21,T9,49.74946868,1
A08,0,2,0,Soil11,Soil11_CE234,Slurry,HCl_NaOH,-5,-0.5,20,5.43,None,None,Soil11_T9,0.04515,0.4734580218,5535,92.2,3.8,-0.00001,Soil11_CE234_pH6.19,10_20cm,6.186,25.1497006,1.913772455,-0.005225281602,-5.225281602,1.125748503,1.22703048,5.12012012,T9,39.45483515,1
A09,0,2,0,Soil11,Soil11_CE234,Slurry,HCl_NaOH,-3,-0.3,20,4.98,None,None,Soil11_T9,0.0394,0.4103170094,5535,92.2,3.8,-0.000006,Soil11_CE234_pH6.19,10_20cm,6.186,25.1497006,1.913772455,-0.003135168961,-3.135168961,1.125748503,1.22703048,4.783783784,T9,34.19308412,1
A10,0,2,0,Soil11,Soil11_CE234,Slurry,HCl_NaOH,3,0.3,20,4.08,None,None,Soil11_T9,0.031,0.3180755045,5535,92.2,3.8,0.000006,Soil11_CE234_pH6.19,10_20cm,6.186,25.1497006,1.913772455,0.003135168961,3.135168961,1.125748503,1.22703048,4.255255255,T9,26.50629204,1
A11,0,2,0,Soil11,Soil11_CE234,Slurry,HCl_NaOH,9,0.9,20,3.63,None,None,Soil11_T9,0.03145,0.3230170354,5535,92.2,3.8,0.000018,Soil11_CE234_pH6.19,10_20cm,6.186,25.1497006,1.913772455,0.009405506884,9.405506884,1.125748503,1.22703048,3.882882883,T9,26.91808628,1
A12,0,2,0,Soil11,Soil11_CE234,Slurry,HCl_NaOH,30,3,20,3.18,None,None,Soil11_T9,0.0314,0.3224679765,5535,92.2,3.8,0.00006,Soil11_CE234_pH6.19,10_20cm,6.186,25.1497006,1.913772455,0.03135168961,31.35168961,1.125748503,1.22703048,3.23,T9,26.87233138,1
B01,0,2,0,Soil11,Soil11_CE234,Slurry,HCl_NaOH,-100,-10,20,8.58,None,None,Soil11_T9,0.21335,2.320292303,5535,92.2,3.8,-0.0002,Soil11_CE234_pH6.19,10_20cm,6.186,25.1497006,1.913772455,-0.104505632,-104.505632,1.125748503,1.22703048,8.58,T9,193.3576919,2
B02,0,2,0,Soil11,Soil11_CE234,Slurry,HCl_NaOH,-50,-5,20,8.13,None,None,Soil11_T9,0.12055,1.301391719,5535,92.2,3.8,-0.0001,Soil11_CE234_pH6.19,10_20cm,6.186,25.1497006,1.913772455,-0.05225281602,-52.25281602,1.125748503,1.22703048,8.147147147,T9,108.4493099,2
B03,0,2,0,Soil11,Soil11_CE234,Slurry,HCl_NaOH,-25,-2.5,20,7.68,None,None,Soil11_T9,0.0888,0.9527675735,5535,92.2,3.8,-0.00005,Soil11_CE234_pH6.19,10_20cm,6.186,25.1497006,1.913772455,-0.02612640801,-26.12640801,1.125748503,1.22703048,7.498498498,T9,79.39729779,2
B04,0,2,0,Soil11,Soil11_CE234,Slurry,HCl_NaOH,-18,-1.8,20,7.23,None,None,Soil11_T9,0.07295,0.7787254283,5535,92.2,3.8,-0.000036,Soil11_CE234_pH6.19,10_20cm,6.186,25.1497006,1.913772455,-0.01881101377,-18.81101377,1.125748503,1.22703048,6.84,T9,64.89378569,2
B05,0,2,0,Soil11,Soil11_CE234,Slurry,HCl_NaOH,-14,-1.4,20,6.78,None,None,Soil11_T9,0.0694,0.7397439619,5535,92.2,3.8,-0.000028,Soil11_CE234_pH6.19,10_20cm,6.186,25.1497006,1.913772455,-0.01463078849,-14.63078849,1.125748503,1.22703048,6.537537538,T9,61.64533016,2
B06,0,2,0,Soil11,Soil11_CE234,Slurry,HCl_NaOH,-10,-1,20,6.33,None,None,Soil11_T9,0.0597,0.6332304427,5535,92.2,3.8,-0.00002,Soil11_CE234_pH6.19,10_20cm,6.186,25.1497006,1.913772455,-0.0104505632,-10.4505632,1.125748503,1.22703048,5.888888889,T9,52.76920356,2
B07,0,2,0,Soil11,Soil11_CE234,Slurry,HCl_NaOH,-8,-0.8,20,5.88,None,None,Soil11_T9,0.0514,0.5420891017,5535,92.2,3.8,-0.000016,Soil11_CE234_pH6.19,10_20cm,6.186,25.1497006,1.913772455,-0.008360450563,-8.360450563,1.125748503,1.22703048,5.21,T9,45.17409181,2
B08,0,2,0,Soil11,Soil11_CE234,Slurry,HCl_NaOH,-5,-0.5,20,5.43,None,None,Soil11_T9,0.0403,0.420199977,5535,92.2,3.8,-0.00001,Soil11_CE234_pH6.19,10_20cm,6.186,25.1497006,1.913772455,-0.005225281602,-5.225281602,1.125748503,1.22703048,5.12012012,T9,35.01666475,2
B09,0,2,0,Soil11,Soil11_CE234,Slurry,HCl_NaOH,-3,-0.3,20,4.98,None,None,Soil11_T9,0.0381,0.3960415945,5535,92.2,3.8,-0.000006,Soil11_CE234_pH6.19,10_20cm,6.186,25.1497006,1.913772455,-0.003135168961,-3.135168961,1.125748503,1.22703048,4.783783784,T9,33.00346621,2
B10,0,2,0,Soil11,Soil11_CE234,Slurry,HCl_NaOH,3,0.3,20,4.08,None,None,Soil11_T9,0.02185,0.217597176,5535,92.2,3.8,0.000006,Soil11_CE234_pH6.19,10_20cm,6.186,25.1497006,1.913772455,0.003135168961,3.135168961,1.125748503,1.22703048,4.255255255,T9,18.133098,2
B11,0,2,0,Soil11,Soil11_CE234,Slurry,HCl_NaOH,9,0.9,20,3.63,None,None,Soil11_T9,0.02765,0.2812884749,5535,92.2,3.8,0.000018,Soil11_CE234_pH6.19,10_20cm,6.186,25.1497006,1.913772455,0.009405506884,9.405506884,1.125748503,1.22703048,3.882882883,T9,23.44070624,2
B12,0,2,0,Soil11,Soil11_CE234,Slurry,HCl_NaOH,30,3,20,3.18,None,None,Soil11_T9,0.0278,0.2829356582,5535,92.2,3.8,0.00006,Soil11_CE234_pH6.19,10_20cm,6.186,25.1497006,1.913772455,0.03135168961,31.35168961,1.125748503,1.22703048,3.23,T9,23.57797152,2
C01,0,2,0,Soil11,Soil11_CE234,Slurry,HCl_NaOH,-100,-10,20,8.58,None,None,Soil11_T9,0.20585,2.237949694,5535,92.2,3.8,-0.0002,Soil11_CE234_pH6.19,10_20cm,6.186,25.1497006,1.913772455,-0.104505632,-104.505632,1.125748503,1.22703048,8.58,T9,186.4958079,3
C02,0,2,0,Soil11,Soil11_CE234,Slurry,HCl_NaOH,-50,-5,20,8.13,None,None,Soil11_T9,0.1246,1.345861006,5535,92.2,3.8,-0.0001,Soil11_CE234_pH6.19,10_20cm,6.186,25.1497006,1.913772455,-0.05225281602,-52.25281602,1.125748503,1.22703048,8.147147147,T9,112.1550838,3
C03,0,2,0,Soil11,Soil11_CE234,Slurry,HCl_NaOH,-25,-2.5,20,7.68,None,None,Soil11_T9,0.0909,0.9758265563,5535,92.2,3.8,-0.00005,Soil11_CE234_pH6.19,10_20cm,6.186,25.1497006,1.913772455,-0.02612640801,-26.12640801,1.125748503,1.22703048,7.498498498,T9,81.31887969,3
C04,0,2,0,Soil11,Soil11_CE234,Slurry,HCl_NaOH,-18,-1.8,20,7.23,None,None,Soil11_T9,0.06585,0.7007623426,5535,92.2,3.8,-0.000036,Soil11_CE234_pH6.19,10_20cm,6.186,25.1497006,1.913772455,-0.01881101377,-18.81101377,1.125748503,1.22703048,6.84,T9,58.39686188,3
C05,0,2,0,Soil11,Soil11_CE234,Slurry,HCl_NaOH,-14,-1.4,20,6.78,None,None,Soil11_T9,0.06595,0.7018604185,5535,92.2,3.8,-0.000028,Soil11_CE234_pH6.19,10_20cm,6.186,25.1497006,1.913772455,-0.01463078849,-14.63078849,1.125748503,1.22703048,6.537537538,T9,58.48836821,3
C06,0,2,0,Soil11,Soil11_CE234,Slurry,HCl_NaOH,-10,-1,20,6.33,None,None,Soil11_T9,0.06185,0.6568392079,5535,92.2,3.8,-0.00002,Soil11_CE234_pH6.19,10_20cm,6.186,25.1497006,1.913772455,-0.0104505632,-10.4505632,1.125748503,1.22703048,5.888888889,T9,54.73660066,3
C07,0,2,0,Soil11,Soil11_CE234,Slurry,HCl_NaOH,-8,-0.8,20,5.88,None,None,Soil11_T9,0.05225,0.551422892,5535,92.2,3.8,-0.000016,Soil11_CE234_pH6.19,10_20cm,6.186,25.1497006,1.913772455,-0.008360450563,-8.360450563,1.125748503,1.22703048,5.21,T9,45.95190766,3
C08,0,2,0,Soil11,Soil11_CE234,Slurry,HCl_NaOH,-5,-0.5,20,5.43,None,None,Soil11_T9,0.0397,0.4136113331,5535,92.2,3.8,-0.00001,Soil11_CE234_pH6.19,10_20cm,6.186,25.1497006,1.913772455,-0.005225281602,-5.225281602,1.125748503,1.22703048,5.12012012,T9,34.46761109,3
C09,0,2,0,Soil11,Soil11_CE234,Slurry,HCl_NaOH,-3,-0.3,20,4.98,None,None,Soil11_T9,0.03185,0.3274095053,5535,92.2,3.8,-0.000006,Soil11_CE234_pH6.19,10_20cm,6.186,25.1497006,1.913772455,-0.003135168961,-3.135168961,1.125748503,1.22703048,4.783783784,T9,27.28412544,3
C10,0,2,0,Soil11,Soil11_CE234,Slurry,HCl_NaOH,3,0.3,20,4.08,None,None,Soil11_T9,0.0229,0.2291275276,5535,92.2,3.8,0.000006,Soil11_CE234_pH6.19,10_20cm,6.186,25.1497006,1.913772455,0.003135168961,3.135168961,1.125748503,1.22703048,4.255255255,T9,19.09396063,3
C11,0,2,0,Soil11,Soil11_CE234,Slurry,HCl_NaOH,9,0.9,20,3.63,None,None,Soil11_T9,0.02215,0.2208915635,5535,92.2,3.8,0.000018,Soil11_CE234_pH6.19,10_20cm,6.186,25.1497006,1.913772455,0.009405506884,9.405506884,1.125748503,1.22703048,3.882882883,T9,18.40763029,3
C12,0,2,0,Soil11,Soil11_CE234,Slurry,HCl_NaOH,30,3,20,3.18,None,None,Soil11_T9,0.03215,0.3307038564,5535,92.2,3.8,0.00006,Soil11_CE234_pH6.19,10_20cm,6.186,25.1497006,1.913772455,0.03135168961,31.35168961,1.125748503,1.22703048,3.23,T9,27.5586547,3
D01,0,2,0,Soil11,Soil11_CE234,Slurry,HCl_NaOH,-100,-10,20,8.58,None,CHX,Soil11_T9,0.21725,2.36311019,5535,92.2,3.8,-0.0002,Soil11_CE234_pH6.19,10_20cm,6.186,25.1497006,1.913772455,-0.104505632,-104.505632,1.125748503,1.22703048,8.57,T9,196.9258492,1
D02,0,2,0,Soil11,Soil11_CE234,Slurry,HCl_NaOH,30,3,20,3.18,None,CHX,Soil11_T9,0.0326,0.335645381,5535,92.2,3.8,0.00006,Soil11_CE234_pH6.19,10_20cm,6.186,25.1497006,1.913772455,0.03135168961,31.35168961,1.125748503,1.22703048,3.33033033,T9,27.97044842,1
D03,0,2,0,Soil11,Soil11_CE234,Slurry,HCl_NaOH,0,0,20,4.53,None,CHX,Soil11_T9,0.0328,0.3378416134,5535,92.2,3.8,0,Soil11_CE234_pH6.19,10_20cm,6.186,25.1497006,1.913772455,0,0,1.125748503,1.22703048,4.543543544,T9,28.15346778,1
D04,0,0,0,Soil11,Soil11_CE234,No_Nitrate,No_Nitrate,0,0,20,4.53,None,None,Soil11_T9,0.02345,0.2351672303,5535,92.2,3.8,0,Soil11_CE234_pH6.19,10_20cm,6.186,25.1497006,1.913772455,0,0,1.125748503,1.22703048,4.487487487,T9,19.59726919,1
D05,0,0,0,Soil11,Soil11_CE234,No_Nitrate,No_Nitrate,0,0,20,4.53,None,None,Soil11_T9,0.02255,0.2252840786,5535,92.2,3.8,0,Soil11_CE234_pH6.19,10_20cm,6.186,25.1497006,1.913772455,0,0,1.125748503,1.22703048,4.487487487,T9,18.77367321,2
D06,0,0,0,Soil11,Soil11_CE234,No_Nitrate,No_Nitrate,0,0,20,4.53,None,None,Soil11_T9,0.02235,0.2230878213,5535,92.2,3.8,0,Soil11_CE234_pH6.19,10_20cm,6.186,25.1497006,1.913772455,0,0,1.125748503,1.22703048,4.487487487,T9,18.59065177,3
D07,0,2,0,Soil11,Soil11_CE234,Slurry,HCl_NaOH,0,0,20,4.53,None,None,Soil11_T9,0.02625,0.2659147505,5535,92.2,3.8,0,Soil11_CE234_pH6.19,10_20cm,6.186,25.1497006,1.913772455,0,0,1.125748503,1.22703048,4.483333333,T9,22.15956254,1
D08,0,2,0,Soil11,Soil11_CE234,Slurry,HCl_NaOH,0,0,20,4.53,None,None,Soil11_T9,0.02775,0.2823865971,5535,92.2,3.8,0,Soil11_CE234_pH6.19,10_20cm,6.186,25.1497006,1.913772455,0,0,1.125748503,1.22703048,4.483333333,T9,23.53221643,2
D09,0,2,0,Soil11,Soil11_CE234,Slurry,HCl_NaOH,0,0,20,4.53,None,None,Soil11_T9,0.0262,0.2653656884,5535,92.2,3.8,0,Soil11_CE234_pH6.19,10_20cm,6.186,25.1497006,1.913772455,0,0,1.125748503,1.22703048,4.483333333,T9,22.11380737,3
A01,0,2,0,Soil13,Soil13_Neutral7,Slurry,HCl_NaOH,-100,-10,20,8.39,None,None,Soil13_T9,0.0971,1.036893013,5530,92.2,3.8,-0.0002,Soil13_Neutral7_pH6.43,10_20cm,6.435,25.05995204,1.913009592,-0.1045473064,-104.5473064,1.12529976,1.234836021,8.71,T9,86.40775107,1
A02,0,2,0,Soil13,Soil13_Neutral7,Slurry,HCl_NaOH,-16,-1.6,20,7.94,None,None,Soil13_T9,0.0435,0.4522807264,5530,92.2,3.8,-0.000032,Soil13_Neutral7_pH6.43,10_20cm,6.435,25.05995204,1.913009592,-0.01672756902,-16.72756902,1.12529976,1.234836021,8.267267267,T9,37.69006054,1
A03,0,2,0,Soil13,Soil13_Neutral7,Slurry,HCl_NaOH,-7,-0.7,20,7.49,None,None,Soil13_T9,0.03345,0.3426620655,5530,92.2,3.8,-0.000014,Soil13_Neutral7_pH6.43,10_20cm,6.435,25.05995204,1.913009592,-0.007318311448,-7.318311448,1.12529976,1.234836021,7.942942943,T9,28.55517213,1
A04,0,2,0,Soil13,Soil13_Neutral7,Slurry,HCl_NaOH,-4,-0.4,20,7.04,None,None,Soil13_T9,0.0307,0.3126666973,5530,92.2,3.8,-0.000008,Soil13_Neutral7_pH6.43,10_20cm,6.435,25.05995204,1.913009592,-0.004181892256,-4.181892256,1.12529976,1.234836021,7.654654655,T9,26.05555811,1
A05,0,2,0,Soil13,Soil13_Neutral7,Slurry,HCl_NaOH,-1,-0.1,20,6.59,None,None,Soil13_T9,0.0263,0.2646739184,5530,92.2,3.8,-0.000002,Soil13_Neutral7_pH6.43,10_20cm,6.435,25.05995204,1.913009592,-0.001045473064,-1.045473064,1.12529976,1.234836021,7.246246246,T9,22.05615986,1
A06,0,2,0,Soil13,Soil13_Neutral7,Slurry,HCl_NaOH,4,0.4,20,5.69,None,None,Soil13_T9,0.02265,0.2248615496,5530,92.2,3.8,0.000008,Soil13_Neutral7_pH6.43,10_20cm,6.435,25.05995204,1.913009592,0.004181892256,4.181892256,1.12529976,1.234836021,5.684684685,T9,18.73846246,1
A07,0,2,0,Soil13,Soil13_Neutral7,Slurry,HCl_NaOH,6,0.6,20,5.24,None,None,Soil13_T9,0.02265,0.2248615496,5530,92.2,3.8,0.000012,Soil13_Neutral7_pH6.43,10_20cm,6.435,25.05995204,1.913009592,0.006272838384,6.272838384,1.12529976,1.234836021,5.324324324,T9,18.73846246,1
A08,0,2,0,Soil13,Soil13_Neutral7,Slurry,HCl_NaOH,9,0.9,20,4.79,None,None,Soil13_T9,0.0218,0.215590153,5530,92.2,3.8,0.000018,Soil13_Neutral7_pH6.43,10_20cm,6.435,25.05995204,1.913009592,0.009409257576,9.409257576,1.12529976,1.234836021,4.771771772,T9,17.96584608,1
A09,0,2,0,Soil13,Soil13_Neutral7,Slurry,HCl_NaOH,12,1.2,20,4.34,None,None,Soil13_T9,0.0236,0.2352236884,5530,92.2,3.8,0.000024,Soil13_Neutral7_pH6.43,10_20cm,6.435,25.05995204,1.913009592,0.01254567677,12.54567677,1.12529976,1.234836021,4.411411411,T9,19.60197404,1
A10,0,2,0,Soil13,Soil13_Neutral7,Slurry,HCl_NaOH,16,1.6,20,3.89,None,None,Soil13_T9,0.02375,0.2368598146,5530,92.2,3.8,0.000032,Soil13_Neutral7_pH6.43,10_20cm,6.435,25.05995204,1.913009592,0.01672756902,16.72756902,1.12529976,1.234836021,4.123123123,T9,19.73831788,1
A11,0,2,0,Soil13,Soil13_Neutral7,Slurry,HCl_NaOH,26,2.6,20,3.44,None,None,Soil13_T9,0.0266,0.2679461607,5530,92.2,3.8,0.000052,Soil13_Neutral7_pH6.43,10_20cm,6.435,25.05995204,1.913009592,0.02718229966,27.18229966,1.12529976,1.234836021,3.690690691,T9,22.32884673,1
A12,0,2,0,Soil13,Soil13_Neutral7,Slurry,HCl_NaOH,60,6,20,2.99,None,None,Soil13_T9,0.02835,0.2870342194,5530,92.2,3.8,0.00012,Soil13_Neutral7_pH6.43,10_20cm,6.435,25.05995204,1.913009592,0.06272838384,62.72838384,1.12529976,1.234836021,3,T9,23.91951828,1
B01,0,2,0,Soil13,Soil13_Neutral7,Slurry,HCl_NaOH,-100,-10,20,8.39,None,None,Soil13_T9,0.1121,1.200490993,5530,92.2,3.8,-0.0002,Soil13_Neutral7_pH6.43,10_20cm,6.435,25.05995204,1.913009592,-0.1045473064,-104.5473064,1.12529976,1.234836021,8.71,T9,100.0409161,2
B02,0,2,0,Soil13,Soil13_Neutral7,Slurry,HCl_NaOH,-16,-1.6,20,7.94,None,None,Soil13_T9,0.09945,1.062523542,5530,92.2,3.8,-0.000032,Soil13_Neutral7_pH6.43,10_20cm,6.435,25.05995204,1.913009592,-0.01672756902,-16.72756902,1.12529976,1.234836021,8.267267267,T9,88.54362853,2
B03,0,2,0,Soil13,Soil13_Neutral7,Slurry,HCl_NaOH,-7,-0.7,20,7.49,None,None,Soil13_T9,0.0417,0.432647623,5530,92.2,3.8,-0.000014,Soil13_Neutral7_pH6.43,10_20cm,6.435,25.05995204,1.913009592,-0.007318311448,-7.318311448,1.12529976,1.234836021,7.942942943,T9,36.05396858,2
B04,0,2,0,Soil13,Soil13_Neutral7,Slurry,HCl_NaOH,-4,-0.4,20,7.04,None,None,Soil13_T9,0.03395,0.348115759,5530,92.2,3.8,-0.000008,Soil13_Neutral7_pH6.43,10_20cm,6.435,25.05995204,1.913009592,-0.004181892256,-4.181892256,1.12529976,1.234836021,7.654654655,T9,29.00964659,2
B05,0,2,0,Soil13,Soil13_Neutral7,Slurry,HCl_NaOH,-1,-0.1,20,6.59,None,None,Soil13_T9,0.02715,0.2739452688,5530,92.2,3.8,-0.000002,Soil13_Neutral7_pH6.43,10_20cm,6.435,25.05995204,1.913009592,-0.001045473064,-1.045473064,1.12529976,1.234836021,7.246246246,T9,22.8287724,2
B06,0,2,0,Soil13,Soil13_Neutral7,Slurry,HCl_NaOH,4,0.4,20,5.69,None,None,Soil13_T9,0.018,0.1741414497,5530,92.2,3.8,0.000008,Soil13_Neutral7_pH6.43,10_20cm,6.435,25.05995204,1.913009592,0.004181892256,4.181892256,1.12529976,1.234836021,5.684684685,T9,14.51178748,2
B07,0,2,0,Soil13,Soil13_Neutral7,Slurry,HCl_NaOH,6,0.6,20,5.24,None,None,Soil13_T9,0.01825,0.1768683435,5530,92.2,3.8,0.000012,Soil13_Neutral7_pH6.43,10_20cm,6.435,25.05995204,1.913009592,0.006272838384,6.272838384,1.12529976,1.234836021,5.324324324,T9,14.73902862,2
B08,0,2,0,Soil13,Soil13_Neutral7,Slurry,HCl_NaOH,9,0.9,20,4.79,None,None,Soil13_T9,0.02025,0.1986834661,5530,92.2,3.8,0.000018,Soil13_Neutral7_pH6.43,10_20cm,6.435,25.05995204,1.913009592,0.009409257576,9.409257576,1.12529976,1.234836021,4.771771772,T9,16.55695551,2
B09,0,2,0,Soil13,Soil13_Neutral7,Slurry,HCl_NaOH,12,1.2,20,4.34,None,None,Soil13_T9,0.01985,0.1943204454,5530,92.2,3.8,0.000024,Soil13_Neutral7_pH6.43,10_20cm,6.435,25.05995204,1.913009592,0.01254567677,12.54567677,1.12529976,1.234836021,4.411411411,T9,16.19337045,2
B10,0,2,0,Soil13,Soil13_Neutral7,Slurry,HCl_NaOH,16,1.6,20,3.89,None,None,Soil13_T9,0.0195,0.1905028008,5530,92.2,3.8,0.000032,Soil13_Neutral7_pH6.43,10_20cm,6.435,25.05995204,1.913009592,0.01672756902,16.72756902,1.12529976,1.234836021,4.123123123,T9,15.8752334,2
B11,0,2,0,Soil13,Soil13_Neutral7,Slurry,HCl_NaOH,26,2.6,20,3.44,None,None,Soil13_T9,0.02245,0.2226800453,5530,92.2,3.8,0.000052,Soil13_Neutral7_pH6.43,10_20cm,6.435,25.05995204,1.913009592,0.02718229966,27.18229966,1.12529976,1.234836021,3.690690691,T9,18.55667044,2
B12,0,2,0,Soil13,Soil13_Neutral7,Slurry,HCl_NaOH,60,6,20,2.99,None,None,Soil13_T9,0.03125,0.3186657782,5530,92.2,3.8,0.00012,Soil13_Neutral7_pH6.43,10_20cm,6.435,25.05995204,1.913009592,0.06272838384,62.72838384,1.12529976,1.234836021,3,T9,26.55548152,2
C01,0,2,0,Soil13,Soil13_Neutral7,Slurry,HCl_NaOH,-100,-10,20,8.39,None,None,Soil13_T9,0.0957,1.02162373,5530,92.2,3.8,-0.0002,Soil13_Neutral7_pH6.43,10_20cm,6.435,25.05995204,1.913009592,-0.1045473064,-104.5473064,1.12529976,1.234836021,8.71,T9,85.1353108,3
C02,0,2,0,Soil13,Soil13_Neutral7,Slurry,HCl_NaOH,-16,-1.6,20,7.94,None,None,Soil13_T9,0.03485,0.3579323998,5530,92.2,3.8,-0.000032,Soil13_Neutral7_pH6.43,10_20cm,6.435,25.05995204,1.913009592,-0.01672756902,-16.72756902,1.12529976,1.234836021,8.267267267,T9,29.82769998,3
C03,0,2,0,Soil13,Soil13_Neutral7,Slurry,HCl_NaOH,-7,-0.7,20,7.49,None,None,Soil13_T9,0.02695,0.2717637754,5530,92.2,3.8,-0.000014,Soil13_Neutral7_pH6.43,10_20cm,6.435,25.05995204,1.913009592,-0.007318311448,-7.318311448,1.12529976,1.234836021,7.942942943,T9,22.64698128,3
C04,0,2,0,Soil13,Soil13_Neutral7,Slurry,HCl_NaOH,-4,-0.4,20,7.04,None,None,Soil13_T9,0.02575,0.2586748046,5530,92.2,3.8,-0.000008,Soil13_Neutral7_pH6.43,10_20cm,6.435,25.05995204,1.913009592,-0.004181892256,-4.181892256,1.12529976,1.234836021,7.654654655,T9,21.55623371,3
C05,0,2,0,Soil13,Soil13_Neutral7,Slurry,HCl_NaOH,-1,-0.1,20,6.59,None,None,Soil13_T9,0.0253,0.253766436,5530,92.2,3.8,-0.000002,Soil13_Neutral7_pH6.43,10_20cm,6.435,25.05995204,1.913009592,-0.001045473064,-1.045473064,1.12529976,1.234836021,7.246246246,T9,21.147203,3
C06,0,2,0,Soil13,Soil13_Neutral7,Slurry,HCl_NaOH,4,0.4,20,5.69,None,None,Soil13_T9,0.01845,0.1790498579,5530,92.2,3.8,0.000008,Soil13_Neutral7_pH6.43,10_20cm,6.435,25.05995204,1.913009592,0.004181892256,4.181892256,1.12529976,1.234836021,5.684684685,T9,14.92082149,3
C07,0,2,0,Soil13,Soil13_Neutral7,Slurry,HCl_NaOH,6,0.6,20,5.24,None,None,Soil13_T9,0.0228,0.2264976775,5530,92.2,3.8,0.000012,Soil13_Neutral7_pH6.43,10_20cm,6.435,25.05995204,1.913009592,0.006272838384,6.272838384,1.12529976,1.234836021,5.324324324,T9,18.87480646,3
C08,0,2,0,Soil13,Soil13_Neutral7,Slurry,HCl_NaOH,9,0.9,20,4.79,None,None,Soil13_T9,0.02065,0.2030464848,5530,92.2,3.8,0.000018,Soil13_Neutral7_pH6.43,10_20cm,6.435,25.05995204,1.913009592,0.009409257576,9.409257576,1.12529976,1.234836021,4.771771772,T9,16.9205404,3
C09,0,2,0,Soil13,Soil13_Neutral7,Slurry,HCl_NaOH,12,1.2,20,4.34,None,None,Soil13_T9,0.02075,0.2041372392,5530,92.2,3.8,0.000024,Soil13_Neutral7_pH6.43,10_20cm,6.435,25.05995204,1.913009592,0.01254567677,12.54567677,1.12529976,1.234836021,4.411411411,T9,17.0114366,3
C10,0,2,0,Soil13,Soil13_Neutral7,Slurry,HCl_NaOH,16,1.6,20,3.89,None,None,Soil13_T9,0.03505,0.3601138742,5530,92.2,3.8,0.000032,Soil13_Neutral7_pH6.43,10_20cm,6.435,25.05995204,1.913009592,0.01672756902,16.72756902,1.12529976,1.234836021,4.123123123,T9,30.00948951,3
C11,0,2,0,Soil13,Soil13_Neutral7,Slurry,HCl_NaOH,26,2.6,20,3.44,None,None,Soil13_T9,0.0217,0.2144993998,5530,92.2,3.8,0.000052,Soil13_Neutral7_pH6.43,10_20cm,6.435,25.05995204,1.913009592,0.02718229966,27.18229966,1.12529976,1.234836021,3.690690691,T9,17.87494999,3
C12,0,2,0,Soil13,Soil13_Neutral7,Slurry,HCl_NaOH,60,6,20,2.99,None,None,Soil13_T9,0.02755,0.2783082543,5530,92.2,3.8,0.00012,Soil13_Neutral7_pH6.43,10_20cm,6.435,25.05995204,1.913009592,0.06272838384,62.72838384,1.12529976,1.234836021,3,T9,23.19235452,3
D01,0,2,0,Soil13,Soil13_Neutral7,Slurry,HCl_NaOH,-100,-10,20,8.39,None,CHX,Soil13_T9,0.1045,1.117601689,5530,92.2,3.8,-0.0002,Soil13_Neutral7_pH6.43,10_20cm,6.435,25.05995204,1.913009592,-0.1045473064,-104.5473064,1.12529976,1.234836021,8.72,T9,93.13347408,1
D02,0,2,0,Soil13,Soil13_Neutral7,Slurry,HCl_NaOH,60,6,20,2.99,None,CHX,Soil13_T9,0.034,0.3486611282,5530,92.2,3.8,0.00012,Soil13_Neutral7_pH6.43,10_20cm,6.435,25.05995204,1.913009592,0.06272838384,62.72838384,1.12529976,1.234836021,3.522522523,T9,29.05509402,1
D03,0,2,0,Soil13,Soil13_Neutral7,Slurry,HCl_NaOH,0,0,20,6.14,None,CHX,Soil13_T9,0.0325,0.3323000395,5530,92.2,3.8,0,Soil13_Neutral7_pH6.43,10_20cm,6.435,25.05995204,1.913009592,0,0,1.12529976,1.234836021,6.993993994,T9,27.69166996,1
D04,0,0,0,Soil13,Soil13_Neutral7,No_Nitrate,No_Nitrate,0,0,20,6.14,None,None,Soil13_T9,0.0232,0.2308606839,5530,92.2,3.8,0,Soil13_Neutral7_pH6.43,10_20cm,6.435,25.05995204,1.913009592,0,0,1.12529976,1.234836021,6.393393393,T9,19.23839033,1
D05,0,0,0,Soil13,Soil13_Neutral7,No_Nitrate,No_Nitrate,0,0,20,6.14,None,None,Soil13_T9,0.02175,0.2150447764,5530,92.2,3.8,0,Soil13_Neutral7_pH6.43,10_20cm,6.435,25.05995204,1.913009592,0,0,1.12529976,1.234836021,6.393393393,T9,17.92039803,2
D06,0,0,0,Soil13,Soil13_Neutral7,No_Nitrate,No_Nitrate,0,0,20,6.14,None,None,Soil13_T9,0.0216,0.2134086466,5530,92.2,3.8,0,Soil13_Neutral7_pH6.43,10_20cm,6.435,25.05995204,1.913009592,0,0,1.12529976,1.234836021,6.393393393,T9,17.78405388,3
D07,0,2,0,Soil13,Soil13_Neutral7,Slurry,HCl_NaOH,0,0,20,6.14,None,None,Soil13_T9,0.02775,0.2804897463,5530,92.2,3.8,0,Soil13_Neutral7_pH6.43,10_20cm,6.435,25.05995204,1.913009592,0,0,1.12529976,1.234836021,7.1,T9,23.37414552,1
D08,0,2,0,Soil13,Soil13_Neutral7,Slurry,HCl_NaOH,0,0,20,6.14,None,None,Soil13_T9,0.02505,0.2510395636,5530,92.2,3.8,0,Soil13_Neutral7_pH6.43,10_20cm,6.435,25.05995204,1.913009592,0,0,1.12529976,1.234836021,7.1,T9,20.91996363,2
D09,0,2,0,Soil13,Soil13_Neutral7,Slurry,HCl_NaOH,0,0,20,6.14,None,None,Soil13_T9,0.02335,0.2324968108,5530,92.2,3.8,0,Soil13_Neutral7_pH6.43,10_20cm,6.435,25.05995204,1.913009592,0,0,1.12529976,1.234836021,7.1,T9,19.37473424,3
A01,0,2,0,Soil5,Soil5_CE201,Slurry,HCl_NaOH,-100,-10,20,8.72,None,None,Soil5_T9,0.19205,2.106110686,5480,91.3,3.8,-0.0002,Soil5_CE201_pH5.32,10_20cm,5.324,25.1497006,1.913772455,-0.104505632,-104.505632,1.125748503,1.202267654,8.5,T9,175.5092238,1
A02,0,2,0,Soil5,Soil5_CE201,Slurry,HCl_NaOH,-55,-5.5,20,8.27,None,None,Soil5_T9,0.1207,1.325369775,5480,91.3,3.8,-0.00011,Soil5_CE201_pH5.32,10_20cm,5.324,25.1497006,1.913772455,-0.05747809762,-57.47809762,1.125748503,1.202267654,8.099099099,T9,110.4474813,1
A03,0,2,0,Soil5,Soil5_CE201,Slurry,HCl_NaOH,-35,-3.5,20,7.82,None,None,Soil5_T9,0.10445,1.147212307,5480,91.3,3.8,-0.00007,Soil5_CE201_pH5.32,10_20cm,5.324,25.1497006,1.913772455,-0.03657697121,-36.57697121,1.125748503,1.202267654,7.810810811,T9,95.60102557,1
A04,0,2,0,Soil5,Soil5_CE201,Slurry,HCl_NaOH,-28,-2.8,20,7.37,None,None,Soil5_T9,0.08105,0.8904406887,5480,91.3,3.8,-0.000056,Soil5_CE201_pH5.32,10_20cm,5.324,25.1497006,1.913772455,-0.02926157697,-29.26157697,1.125748503,1.202267654,7.534534535,T9,74.20339072,1
A05,0,2,0,Soil5,Soil5_CE201,Slurry,HCl_NaOH,-23,-2.3,20,6.92,None,None,Soil5_T9,0.0825,0.9063594772,5480,91.3,3.8,-0.000046,Soil5_CE201_pH5.32,10_20cm,5.324,25.1497006,1.913772455,-0.02403629537,-24.03629537,1.125748503,1.202267654,7.21021021,T9,75.52995643,1
A06,0,2,0,Soil5,Soil5_CE201,Slurry,HCl_NaOH,-19,-1.9,20,6.47,None,None,Soil5_T9,0.06955,0.7641520174,5480,91.3,3.8,-0.000038,Soil5_CE201_pH5.32,10_20cm,5.324,25.1497006,1.913772455,-0.01985607009,-19.85607009,1.125748503,1.202267654,6.921921922,T9,63.67933478,1
A07,0,2,0,Soil5,Soil5_CE201,Slurry,HCl_NaOH,-15,-1.5,20,6.02,None,None,Soil5_T9,0.0655,0.7196611177,5480,91.3,3.8,-0.00003,Soil5_CE201_pH5.32,10_20cm,5.324,25.1497006,1.913772455,-0.01567584481,-15.67584481,1.125748503,1.202267654,6.333333333,T9,59.9717598,1
A08,0,2,0,Soil5,Soil5_CE201,Slurry,HCl_NaOH,-12,-1.2,20,5.57,None,None,Soil5_T9,0.056,0.6152683907,5480,91.3,3.8,-0.000024,Soil5_CE201_pH5.32,10_20cm,5.324,25.1497006,1.913772455,-0.01254067584,-12.54067584,1.125748503,1.202267654,5.732732733,T9,51.2723659,1
A09,0,2,0,Soil5,Soil5_CE201,Slurry,HCl_NaOH,-9,-0.9,20,5.12,None,None,Soil5_T9,0.0427,0.4690446163,5480,91.3,3.8,-0.000018,Soil5_CE201_pH5.32,10_20cm,5.324,25.1497006,1.913772455,-0.009405506884,-9.405506884,1.125748503,1.202267654,5.156156156,T9,39.08705136,1
A10,0,2,0,Soil5,Soil5_CE201,Slurry,HCl_NaOH,-5,-0.5,20,4.67,None,None,Soil5_T9,0.0344,0.3777484009,5480,91.3,3.8,-0.00001,Soil5_CE201_pH5.32,10_20cm,5.324,25.1497006,1.913772455,-0.005225281602,-5.225281602,1.125748503,1.202267654,4.555555556,T9,31.47903341,1
A11,0,2,0,Soil5,Soil5_CE201,Slurry,HCl_NaOH,7,0.7,20,3.77,None,None,Soil5_T9,0.0219,0.2401905056,5480,91.3,3.8,0.000014,Soil5_CE201_pH5.32,10_20cm,5.324,25.1497006,1.913772455,0.007315394243,7.315394243,1.125748503,1.202267654,3.774774775,T9,20.01587546,1
A12,0,2,0,Soil5,Soil5_CE201,Slurry,HCl_NaOH,20,2,20,3.32,None,None,Soil5_T9,0.0296,0.3249352146,5480,91.3,3.8,0.00004,Soil5_CE201_pH5.32,10_20cm,5.324,25.1497006,1.913772455,0.02090112641,20.90112641,1.125748503,1.202267654,2.96996997,T9,27.07793455,1
B01,0,2,0,Soil5,Soil5_CE201,Slurry,HCl_NaOH,-100,-10,20,8.72,None,None,Soil5_T9,0.1836,2.013775068,5480,91.3,3.8,-0.0002,Soil5_CE201_pH5.32,10_20cm,5.324,25.1497006,1.913772455,-0.104505632,-104.505632,1.125748503,1.202267654,8.5,T9,167.814589,2
B02,0,2,0,Soil5,Soil5_CE201,Slurry,HCl_NaOH,-55,-5.5,20,8.27,None,None,Soil5_T9,0.1241,1.362629638,5480,91.3,3.8,-0.00011,Soil5_CE201_pH5.32,10_20cm,5.324,25.1497006,1.913772455,-0.05747809762,-57.47809762,1.125748503,1.202267654,8.099099099,T9,113.5524698,2
B03,0,2,0,Soil5,Soil5_CE201,Slurry,HCl_NaOH,-35,-3.5,20,7.82,None,None,Soil5_T9,0.09075,0.9969124555,5480,91.3,3.8,-0.00007,Soil5_CE201_pH5.32,10_20cm,5.324,25.1497006,1.913772455,-0.03657697121,-36.57697121,1.125748503,1.202267654,7.810810811,T9,83.07603795,2
B04,0,2,0,Soil5,Soil5_CE201,Slurry,HCl_NaOH,-28,-2.8,20,7.37,None,None,Soil5_T9,0.07645,0.8399329396,5480,91.3,3.8,-0.000056,Soil5_CE201_pH5.32,10_20cm,5.324,25.1497006,1.913772455,-0.02926157697,-29.26157697,1.125748503,1.202267654,7.534534535,T9,69.99441164,2
B05,0,2,0,Soil5,Soil5_CE201,Slurry,HCl_NaOH,-23,-2.3,20,6.92,None,None,Soil5_T9,0.0751,0.8251080602,5480,91.3,3.8,-0.000046,Soil5_CE201_pH5.32,10_20cm,5.324,25.1497006,1.913772455,-0.02403629537,-24.03629537,1.125748503,1.202267654,7.21021021,T9,68.75900501,2
B06,0,2,0,Soil5,Soil5_CE201,Slurry,HCl_NaOH,-19,-1.9,20,6.47,None,None,Soil5_T9,0.06475,0.7114211855,5480,91.3,3.8,-0.000038,Soil5_CE201_pH5.32,10_20cm,5.324,25.1497006,1.913772455,-0.01985607009,-19.85607009,1.125748503,1.202267654,6.921921922,T9,59.28509879,2
B07,0,2,0,Soil5,Soil5_CE201,Slurry,HCl_NaOH,-15,-1.5,20,6.02,None,None,Soil5_T9,0.07285,0.8003979575,5480,91.3,3.8,-0.00003,Soil5_CE201_pH5.32,10_20cm,5.324,25.1497006,1.913772455,-0.01567584481,-15.67584481,1.125748503,1.202267654,6.333333333,T9,66.69982979,2
B08,0,2,0,Soil5,Soil5_CE201,Slurry,HCl_NaOH,-12,-1.2,20,5.57,None,None,Soil5_T9,0.0493,0.5416175826,5480,91.3,3.8,-0.000024,Soil5_CE201_pH5.32,10_20cm,5.324,25.1497006,1.913772455,-0.01254067584,-12.54067584,1.125748503,1.202267654,5.732732733,T9,45.13479855,2
B09,0,2,0,Soil5,Soil5_CE201,Slurry,HCl_NaOH,-9,-0.9,20,5.12,None,None,Soil5_T9,0.03895,0.4278004965,5480,91.3,3.8,-0.000018,Soil5_CE201_pH5.32,10_20cm,5.324,25.1497006,1.913772455,-0.009405506884,-9.405506884,1.125748503,1.202267654,5.156156156,T9,35.65004137,2
B10,0,2,0,Soil5,Soil5_CE201,Slurry,HCl_NaOH,-5,-0.5,20,4.67,None,None,Soil5_T9,0.02615,0.2869687724,5480,91.3,3.8,-0.00001,Soil5_CE201_pH5.32,10_20cm,5.324,25.1497006,1.913772455,-0.005225281602,-5.225281602,1.125748503,1.202267654,4.555555556,T9,23.91406437,2
B11,0,2,0,Soil5,Soil5_CE201,Slurry,HCl_NaOH,7,0.7,20,3.77,None,None,Soil5_T9,0.0198,0.2170732722,5480,91.3,3.8,0.000014,Soil5_CE201_pH5.32,10_20cm,5.324,25.1497006,1.913772455,0.007315394243,7.315394243,1.125748503,1.202267654,3.774774775,T9,18.08943935,2
B12,0,2,0,Soil5,Soil5_CE201,Slurry,HCl_NaOH,20,2,20,3.32,None,None,Soil5_T9,0.0256,0.2809156127,5480,91.3,3.8,0.00004,Soil5_CE201_pH5.32,10_20cm,5.324,25.1497006,1.913772455,0.02090112641,20.90112641,1.125748503,1.202267654,2.96996997,T9,23.40963439,2
C01,0,2,0,Soil5,Soil5_CE201,Slurry,HCl_NaOH,-100,-10,20,8.72,None,None,Soil5_T9,0.2013,2.207148928,5480,91.3,3.8,-0.0002,Soil5_CE201_pH5.32,10_20cm,5.324,25.1497006,1.913772455,-0.104505632,-104.505632,1.125748503,1.202267654,8.5,T9,183.9290773,3
C02,0,2,0,Soil5,Soil5_CE201,Slurry,HCl_NaOH,-55,-5.5,20,8.27,None,None,Soil5_T9,0.1353,1.485328508,5480,91.3,3.8,-0.00011,Soil5_CE201_pH5.32,10_20cm,5.324,25.1497006,1.913772455,-0.05747809762,-57.47809762,1.125748503,1.202267654,8.099099099,T9,123.7773757,3
C03,0,2,0,Soil5,Soil5_CE201,Slurry,HCl_NaOH,-35,-3.5,20,7.82,None,None,Soil5_T9,0.1254,1.376874579,5480,91.3,3.8,-0.00007,Soil5_CE201_pH5.32,10_20cm,5.324,25.1497006,1.913772455,-0.03657697121,-36.57697121,1.125748503,1.202267654,7.810810811,T9,114.7395483,3
C04,0,2,0,Soil5,Soil5_CE201,Slurry,HCl_NaOH,-28,-2.8,20,7.37,None,None,Soil5_T9,0.0908,0.9974611606,5480,91.3,3.8,-0.000056,Soil5_CE201_pH5.32,10_20cm,5.324,25.1497006,1.913772455,-0.02926157697,-29.26157697,1.125748503,1.202267654,7.534534535,T9,83.12176339,3
C05,0,2,0,Soil5,Soil5_CE201,Slurry,HCl_NaOH,-23,-2.3,20,6.92,None,None,Soil5_T9,0.0821,0.9019681893,5480,91.3,3.8,-0.000046,Soil5_CE201_pH5.32,10_20cm,5.324,25.1497006,1.913772455,-0.02403629537,-24.03629537,1.125748503,1.202267654,7.21021021,T9,75.16401578,3
C06,0,2,0,Soil5,Soil5_CE201,Slurry,HCl_NaOH,-19,-1.9,20,6.47,None,None,Soil5_T9,0.07115,0.7817264685,5480,91.3,3.8,-0.000038,Soil5_CE201_pH5.32,10_20cm,5.324,25.1497006,1.913772455,-0.01985607009,-19.85607009,1.125748503,1.202267654,6.921921922,T9,65.14387237,3
C07,0,2,0,Soil5,Soil5_CE201,Slurry,HCl_NaOH,-15,-1.5,20,6.02,None,None,Soil5_T9,0.06345,0.6971379874,5480,91.3,3.8,-0.00003,Soil5_CE201_pH5.32,10_20cm,5.324,25.1497006,1.913772455,-0.01567584481,-15.67584481,1.125748503,1.202267654,6.333333333,T9,58.09483228,3
C08,0,2,0,Soil5,Soil5_CE201,Slurry,HCl_NaOH,-12,-1.2,20,5.57,None,None,Soil5_T9,0.05755,0.6323038916,5480,91.3,3.8,-0.000024,Soil5_CE201_pH5.32,10_20cm,5.324,25.1497006,1.913772455,-0.01254067584,-12.54067584,1.125748503,1.202267654,5.732732733,T9,52.69199097,3
C09,0,2,0,Soil5,Soil5_CE201,Slurry,HCl_NaOH,-9,-0.9,20,5.12,None,None,Soil5_T9,0.0386,0.4239506946,5480,91.3,3.8,-0.000018,Soil5_CE201_pH5.32,10_20cm,5.324,25.1497006,1.913772455,-0.009405506884,-9.405506884,1.125748503,1.202267654,5.156156156,T9,35.32922455,3
C10,0,2,0,Soil5,Soil5_CE201,Slurry,HCl_NaOH,-5,-0.5,20,4.67,None,None,Soil5_T9,0.02955,0.3243850179,5480,91.3,3.8,-0.00001,Soil5_CE201_pH5.32,10_20cm,5.324,25.1497006,1.913772455,-0.005225281602,-5.225281602,1.125748503,1.202267654,4.555555556,T9,27.03208483,3
C11,0,2,0,Soil5,Soil5_CE201,Slurry,HCl_NaOH,7,0.7,20,3.77,None,None,Soil5_T9,0.0203,0.2225775714,5480,91.3,3.8,0.000014,Soil5_CE201_pH5.32,10_20cm,5.324,25.1497006,1.913772455,0.007315394243,7.315394243,1.125748503,1.202267654,3.774774775,T9,18.54813095,3
C12,0,2,0,Soil5,Soil5_CE201,Slurry,HCl_NaOH,20,2,20,3.32,None,None,Soil5_T9,0.0235,0.2578021856,5480,91.3,3.8,0.00004,Soil5_CE201_pH5.32,10_20cm,5.324,25.1497006,1.913772455,0.02090112641,20.90112641,1.125748503,1.202267654,2.96996997,T9,21.48351546,3
D01,0,2,0,Soil5,Soil5_CE201,Slurry,HCl_NaOH,-100,-10,20,8.72,None,CHX,Soil5_T9,0.1873,2.05421026,5480,91.3,3.8,-0.0002,Soil5_CE201_pH5.32,10_20cm,5.324,25.1497006,1.913772455,-0.104505632,-104.505632,1.125748503,1.202267654,8.54,T9,171.1841883,1
D02,0,2,0,Soil5,Soil5_CE201,Slurry,HCl_NaOH,20,2,20,3.32,None,CHX,Soil5_T9,0.0241,0.2644062423,5480,91.3,3.8,0.00004,Soil5_CE201_pH5.32,10_20cm,5.324,25.1497006,1.913772455,0.02090112641,20.90112641,1.125748503,1.202267654,4.411411411,T9,22.03385352,1
D03,0,2,0,Soil5,Soil5_CE201,Slurry,HCl_NaOH,0,0,20,4.22,None,CHX,Soil5_T9,0.0244,0.2677082045,5480,91.3,3.8,0,Soil5_CE201_pH5.32,10_20cm,5.324,25.1497006,1.913772455,0,0,1.125748503,1.202267654,4.255255255,T9,22.30901704,1
D04,0,0,0,Soil5,Soil5_CE201,No_Nitrate,No_Nitrate,0,0,20,4.22,None,None,Soil5_T9,0.0173,0.1895499384,5480,91.3,3.8,0,Soil5_CE201_pH5.32,10_20cm,5.324,25.1497006,1.913772455,0,0,1.125748503,1.202267654,4.111111111,T9,15.7958282,1
D05,0,0,0,Soil5,Soil5_CE201,No_Nitrate,No_Nitrate,0,0,20,4.22,None,None,Soil5_T9,0.0169,0.1851459207,5480,91.3,3.8,0,Soil5_CE201_pH5.32,10_20cm,5.324,25.1497006,1.913772455,0,0,1.125748503,1.202267654,4.111111111,T9,15.42882673,2
D06,0,0,0,Soil5,Soil5_CE201,No_Nitrate,No_Nitrate,0,0,20,4.22,None,None,Soil5_T9,0.0184,0.2016605827,5480,91.3,3.8,0,Soil5_CE201_pH5.32,10_20cm,5.324,25.1497006,1.913772455,0,0,1.125748503,1.202267654,4.111111111,T9,16.80504856,3
D07,0,2,0,Soil5,Soil5_CE201,Slurry,HCl_NaOH,0,0,20,4.22,None,None,Soil5_T9,0.01845,0.2022110525,5480,91.3,3.8,0,Soil5_CE201_pH5.32,10_20cm,5.324,25.1497006,1.913772455,0,0,1.125748503,1.202267654,4.163333333,T9,16.85092104,1
D08,0,2,0,Soil5,Soil5_CE201,Slurry,HCl_NaOH,0,0,20,4.22,None,None,Soil5_T9,0.01775,0.1945043646,5480,91.3,3.8,0,Soil5_CE201_pH5.32,10_20cm,5.324,25.1497006,1.913772455,0,0,1.125748503,1.202267654,4.163333333,T9,16.20869705,2
D09,0,2,0,Soil5,Soil5_CE201,Slurry,HCl_NaOH,0,0,20,4.22,None,None,Soil5_T9,0.0181,0.1983577386,5480,91.3,3.8,0,Soil5_CE201_pH5.32,10_20cm,5.324,25.1497006,1.913772455,0,0,1.125748503,1.202267654,4.163333333,T9,16.52981155,3
A01,0,2,0,Soil12,Soil12_CE229,Slurry,HCl_NaOH,-100,-10,20,8.52,None,None,Soil12_T9,0.14495,1.552608288,5460,91,3.8,-0.0002,Soil12_CE229_pH6.26,10_20cm,6.255,24.24242424,1.906060606,-0.1049284579,-104.9284579,1.121212121,1.22703048,8.243243243,T9,129.384024,1
A02,0,2,0,Soil12,Soil12_CE229,Slurry,HCl_NaOH,-32,-3.2,20,8.07,None,None,Soil12_T9,0.0987,1.057981617,5460,91,3.8,-0.000064,Soil12_CE229_pH6.26,10_20cm,6.255,24.24242424,1.906060606,-0.03357710652,-33.57710652,1.121212121,1.22703048,8.075075075,T9,88.16513478,1
A03,0,2,0,Soil12,Soil12_CE229,Slurry,HCl_NaOH,-13,-1.3,20,7.62,None,None,Soil12_T9,0.0452,0.4845557238,5460,91,3.8,-0.000026,Soil12_CE229_pH6.26,10_20cm,6.255,24.24242424,1.906060606,-0.01364069952,-13.64069952,1.121212121,1.22703048,7.426426426,T9,40.37964365,1
A04,0,2,0,Soil12,Soil12_CE229,Slurry,HCl_NaOH,-9,-0.9,20,7.17,None,None,Soil12_T9,0.0437,0.4684587474,5460,91,3.8,-0.000018,Soil12_CE229_pH6.26,10_20cm,6.255,24.24242424,1.906060606,-0.009443561208,-9.443561208,1.121212121,1.22703048,6.90990991,T9,39.03822895,1
A05,0,2,0,Soil12,Soil12_CE229,Slurry,HCl_NaOH,-6,-0.6,20,6.72,None,None,Soil12_T9,0.0291,0.3117254496,5460,91,3.8,-0.000012,Soil12_CE229_pH6.26,10_20cm,6.255,24.24242424,1.906060606,-0.006295707472,-6.295707472,1.121212121,1.22703048,6.441441441,T9,25.9771208,1
A06,0,2,0,Soil12,Soil12_CE229,Slurry,HCl_NaOH,-4,-0.4,20,6.27,None,None,Soil12_T9,0.0194,0.2075381435,5460,91,3.8,-0.000008,Soil12_CE229_pH6.26,10_20cm,6.255,24.24242424,1.906060606,-0.004197138315,-4.197138315,1.121212121,1.22703048,6.009009009,T9,17.29484529,1
A07,0,2,0,Soil12,Soil12_CE229,Slurry,HCl_NaOH,-2,-0.2,20,5.82,None,None,Soil12_T9,0.02075,0.2220411329,5460,91,3.8,-0.000004,Soil12_CE229_pH6.26,10_20cm,6.255,24.24242424,1.906060606,-0.002098569157,-2.098569157,1.121212121,1.22703048,5.528528529,T9,18.50342774,1
A08,0,2,0,Soil12,Soil12_CE229,Slurry,HCl_NaOH,3,0.3,20,4.92,None,None,Soil12_T9,0.01145,0.1221139651,5460,91,3.8,0.000006,Soil12_CE229_pH6.26,10_20cm,6.255,24.24242424,1.906060606,0.003147853736,3.147853736,1.121212121,1.22703048,4.723723724,T9,10.17616376,1
A09,0,2,0,Soil12,Soil12_CE229,Slurry,HCl_NaOH,6,0.6,20,4.47,None,None,Soil12_T9,0.0105,0.1119040211,5460,91,3.8,0.000012,Soil12_CE229_pH6.26,10_20cm,6.255,24.24242424,1.906060606,0.006295707472,6.295707472,1.121212121,1.22703048,4.363363363,T9,9.325335089,1
A10,0,2,0,Soil12,Soil12_CE229,Slurry,HCl_NaOH,10,1,20,4.02,None,None,Soil12_T9,0.01385,0.1479055834,5460,91,3.8,0.00002,Soil12_CE229_pH6.26,10_20cm,6.255,24.24242424,1.906060606,0.01049284579,10.49284579,1.121212121,1.22703048,4.051051051,T9,12.32546528,1
A11,0,2,0,Soil12,Soil12_CE229,Slurry,HCl_NaOH,20,2,20,3.57,None,None,Soil12_T9,0.0139,0.1484428795,5460,91,3.8,0.00004,Soil12_CE229_pH6.26,10_20cm,6.255,24.24242424,1.906060606,0.02098569157,20.98569157,1.121212121,1.22703048,3.606606607,T9,12.37023996,1
A12,0,2,0,Soil12,Soil12_CE229,Slurry,HCl_NaOH,40,4,20,3.12,None,None,Soil12_T9,0.01815,0.1941086724,5460,91,3.8,0.00008,Soil12_CE229_pH6.26,10_20cm,6.255,24.24242424,1.906060606,0.04197138315,41.97138315,1.121212121,1.22703048,3.186186186,T9,16.1757227,1
B01,0,2,0,Soil12,Soil12_CE229,Slurry,HCl_NaOH,-100,-10,20,8.52,None,None,Soil12_T9,0.10615,1.137724851,5460,91,3.8,-0.0002,Soil12_CE229_pH6.26,10_20cm,6.255,24.24242424,1.906060606,-0.1049284579,-104.9284579,1.121212121,1.22703048,8.243243243,T9,94.81040424,2
B02,0,2,0,Soil12,Soil12_CE229,Slurry,HCl_NaOH,-32,-3.2,20,8.07,None,None,Soil12_T9,0.066,0.7076566897,5460,91,3.8,-0.000064,Soil12_CE229_pH6.26,10_20cm,6.255,24.24242424,1.906060606,-0.03357710652,-33.57710652,1.121212121,1.22703048,8.075075075,T9,58.97139081,2
B03,0,2,0,Soil12,Soil12_CE229,Slurry,HCl_NaOH,-13,-1.3,20,7.62,None,None,Soil12_T9,0.0359,0.3847371747,5460,91,3.8,-0.000026,Soil12_CE229_pH6.26,10_20cm,6.255,24.24242424,1.906060606,-0.01364069952,-13.64069952,1.121212121,1.22703048,7.426426426,T9,32.06143122,2
B04,0,2,0,Soil12,Soil12_CE229,Slurry,HCl_NaOH,-9,-0.9,20,7.17,None,None,Soil12_T9,0.02875,0.3079668957,5460,91,3.8,-0.000018,Soil12_CE229_pH6.26,10_20cm,6.255,24.24242424,1.906060606,-0.009443561208,-9.443561208,1.121212121,1.22703048,6.90990991,T9,25.66390798,2
B05,0,2,0,Soil12,Soil12_CE229,Slurry,HCl_NaOH,-6,-0.6,20,6.72,None,None,Soil12_T9,0.02305,0.2467479227,5460,91,3.8,-0.000012,Soil12_CE229_pH6.26,10_20cm,6.255,24.24242424,1.906060606,-0.006295707472,-6.295707472,1.121212121,1.22703048,6.441441441,T9,20.56232689,2
B06,0,2,0,Soil12,Soil12_CE229,Slurry,HCl_NaOH,-4,-0.4,20,6.27,None,None,Soil12_T9,0.01675,0.1790667775,5460,91,3.8,-0.000008,Soil12_CE229_pH6.26,10_20cm,6.255,24.24242424,1.906060606,-0.004197138315,-4.197138315,1.121212121,1.22703048,6.009009009,T9,14.92223146,2
B07,0,2,0,Soil12,Soil12_CE229,Slurry,HCl_NaOH,-2,-0.2,20,5.82,None,None,Soil12_T9,0.0156,0.1667102338,5460,91,3.8,-0.000004,Soil12_CE229_pH6.26,10_20cm,6.255,24.24242424,1.906060606,-0.002098569157,-2.098569157,1.121212121,1.22703048,5.528528529,T9,13.89251948,2
B08,0,2,0,Soil12,Soil12_CE229,Slurry,HCl_NaOH,3,0.3,20,4.92,None,None,Soil12_T9,0.0095,0.1011562447,5460,91,3.8,0.000006,Soil12_CE229_pH6.26,10_20cm,6.255,24.24242424,1.906060606,0.003147853736,3.147853736,1.121212121,1.22703048,4.723723724,T9,8.429687059,2
B09,0,2,0,Soil12,Soil12_CE229,Slurry,HCl_NaOH,6,0.6,20,4.47,None,None,Soil12_T9,0.0071,0.07535962747,5460,91,3.8,0.000012,Soil12_CE229_pH6.26,10_20cm,6.255,24.24242424,1.906060606,0.006295707472,6.295707472,1.121212121,1.22703048,4.363363363,T9,6.279968955,2
B10,0,2,0,Soil12,Soil12_CE229,Slurry,HCl_NaOH,10,1,20,4.02,None,None,Soil12_T9,0.00805,0.08557111835,5460,91,3.8,0.00002,Soil12_CE229_pH6.26,10_20cm,6.255,24.24242424,1.906060606,0.01049284579,10.49284579,1.121212121,1.22703048,4.051051051,T9,7.130926529,2
B11,0,2,0,Soil12,Soil12_CE229,Slurry,HCl_NaOH,20,2,20,3.57,None,None,Soil12_T9,0.0113,0.1205018974,5460,91,3.8,0.00004,Soil12_CE229_pH6.26,10_20cm,6.255,24.24242424,1.906060606,0.02098569157,20.98569157,1.121212121,1.22703048,3.606606607,T9,10.04182478,2
B12,0,2,0,Soil12,Soil12_CE229,Slurry,HCl_NaOH,40,4,20,3.12,None,None,Soil12_T9,0.0186,0.1989433681,5460,91,3.8,0.00008,Soil12_CE229_pH6.26,10_20cm,6.255,24.24242424,1.906060606,0.04197138315,41.97138315,1.121212121,1.22703048,3.186186186,T9,16.57861401,2
C01,0,2,0,Soil12,Soil12_CE229,Slurry,HCl_NaOH,-100,-10,20,8.52,None,None,Soil12_T9,0.1023,1.096518538,5460,91,3.8,-0.0002,Soil12_CE229_pH6.26,10_20cm,6.255,24.24242424,1.906060606,-0.1049284579,-104.9284579,1.121212121,1.22703048,8.243243243,T9,91.37654486,3
C02,0,2,0,Soil12,Soil12_CE229,Slurry,HCl_NaOH,-32,-3.2,20,8.07,None,None,Soil12_T9,0.0615,0.6594071048,5460,91,3.8,-0.000064,Soil12_CE229_pH6.26,10_20cm,6.255,24.24242424,1.906060606,-0.03357710652,-33.57710652,1.121212121,1.22703048,8.075075075,T9,54.95059207,3
C03,0,2,0,Soil12,Soil12_CE229,Slurry,HCl_NaOH,-13,-1.3,20,7.62,None,None,Soil12_T9,0.0381,0.4083538899,5460,91,3.8,-0.000026,Soil12_CE229_pH6.26,10_20cm,6.255,24.24242424,1.906060606,-0.01364069952,-13.64069952,1.121212121,1.22703048,7.426426426,T9,34.02949082,3
C04,0,2,0,Soil12,Soil12_CE229,Slurry,HCl_NaOH,-9,-0.9,20,7.17,None,None,Soil12_T9,0.0289,0.3095777117,5460,91,3.8,-0.000018,Soil12_CE229_pH6.26,10_20cm,6.255,24.24242424,1.906060606,-0.009443561208,-9.443561208,1.121212121,1.22703048,6.90990991,T9,25.79814264,3
C05,0,2,0,Soil12,Soil12_CE229,Slurry,HCl_NaOH,-6,-0.6,20,6.72,None,None,Soil12_T9,0.02385,0.2553409959,5460,91,3.8,-0.000012,Soil12_CE229_pH6.26,10_20cm,6.255,24.24242424,1.906060606,-0.006295707472,-6.295707472,1.121212121,1.22703048,6.441441441,T9,21.27841633,3
C06,0,2,0,Soil12,Soil12_CE229,Slurry,HCl_NaOH,-4,-0.4,20,6.27,None,None,Soil12_T9,0.0203,0.2172068999,5460,91,3.8,-0.000008,Soil12_CE229_pH6.26,10_20cm,6.255,24.24242424,1.906060606,-0.004197138315,-4.197138315,1.121212121,1.22703048,6.009009009,T9,18.100575,3
C07,0,2,0,Soil12,Soil12_CE229,Slurry,HCl_NaOH,-2,-0.2,20,5.82,None,None,Soil12_T9,0.01455,0.1554276194,5460,91,3.8,-0.000004,Soil12_CE229_pH6.26,10_20cm,6.255,24.24242424,1.906060606,-0.002098569157,-2.098569157,1.121212121,1.22703048,5.528528529,T9,12.95230162,3
C08,0,2,0,Soil12,Soil12_CE229,Slurry,HCl_NaOH,3,0.3,20,4.92,None,None,Soil12_T9,0.0136,0.1452190851,5460,91,3.8,0.000006,Soil12_CE229_pH6.26,10_20cm,6.255,24.24242424,1.906060606,0.003147853736,3.147853736,1.121212121,1.22703048,4.723723724,T9,12.10159043,3
C09,0,2,0,Soil12,Soil12_CE229,Slurry,HCl_NaOH,6,0.6,20,4.47,None,None,Soil12_T9,0.0098,0.1043806279,5460,91,3.8,0.000012,Soil12_CE229_pH6.26,10_20cm,6.255,24.24242424,1.906060606,0.006295707472,6.295707472,1.121212121,1.22703048,4.363363363,T9,8.698385658,3
C10,0,2,0,Soil12,Soil12_CE229,Slurry,HCl_NaOH,10,1,20,4.02,None,None,Soil12_T9,0.0106,0.1129787724,5460,91,3.8,0.00002,Soil12_CE229_pH6.26,10_20cm,6.255,24.24242424,1.906060606,0.01049284579,10.49284579,1.121212121,1.22703048,4.051051051,T9,9.414897698,3
C11,0,2,0,Soil12,Soil12_CE229,Slurry,HCl_NaOH,20,2,20,3.57,None,None,Soil12_T9,0.01245,0.1328608078,5460,91,3.8,0.00004,Soil12_CE229_pH6.26,10_20cm,6.255,24.24242424,1.906060606,0.02098569157,20.98569157,1.121212121,1.22703048,3.606606607,T9,11.07173398,3
C12,0,2,0,Soil12,Soil12_CE229,Slurry,HCl_NaOH,40,4,20,3.12,None,None,Soil12_T9,0.01815,0.1941086724,5460,91,3.8,0.00008,Soil12_CE229_pH6.26,10_20cm,6.255,24.24242424,1.906060606,0.04197138315,41.97138315,1.121212121,1.22703048,3.186186186,T9,16.1757227,3
D01,0,2,0,Soil12,Soil12_CE229,Slurry,HCl_NaOH,-100,-10,20,8.52,None,CHX,Soil12_T9,0.1011,1.083673579,5460,91,3.8,-0.0002,Soil12_CE229_pH6.26,10_20cm,6.255,24.24242424,1.906060606,-0.1049284579,-104.9284579,1.121212121,1.22703048,8.255255255,T9,90.30613161,1
D02,0,2,0,Soil12,Soil12_CE229,Slurry,HCl_NaOH,40,4,20,3.12,None,CHX,Soil12_T9,0.0246,0.2633967242,5460,91,3.8,0.00008,Soil12_CE229_pH6.26,10_20cm,6.255,24.24242424,1.906060606,0.04197138315,41.97138315,1.121212121,1.22703048,3.21021021,T9,21.94972702,1
D03,0,2,0,Soil12,Soil12_CE229,Slurry,HCl_NaOH,0,0,20,5.37,None,CHX,Soil12_T9,0.02145,0.2295608584,5460,91,3.8,0,Soil12_CE229_pH6.26,10_20cm,6.255,24.24242424,1.906060606,0,0,1.121212121,1.22703048,5.396396396,T9,19.13007153,1
D04,0,0,0,Soil12,Soil12_CE229,No_Nitrate,No_Nitrate,0,0,20,5.37,None,None,Soil12_T9,0.015,0.1602630902,5460,91,3.8,0,Soil12_CE229_pH6.26,10_20cm,6.255,24.24242424,1.906060606,0,0,1.121212121,1.22703048,5.22022022,T9,13.35525751,1
D05,0,0,0,Soil12,Soil12_CE229,No_Nitrate,No_Nitrate,0,0,20,5.37,None,None,Soil12_T9,0.01405,0.1500547605,5460,91,3.8,0,Soil12_CE229_pH6.26,10_20cm,6.255,24.24242424,1.906060606,0,0,1.121212121,1.22703048,5.22022022,T9,12.50456337,2
D06,0,0,0,Soil12,Soil12_CE229,No_Nitrate,No_Nitrate,0,0,20,5.37,None,None,Soil12_T9,0.0142,0.1516666307,5460,91,3.8,0,Soil12_CE229_pH6.26,10_20cm,6.255,24.24242424,1.906060606,0,0,1.121212121,1.22703048,5.22022022,T9,12.63888589,3
D07,0,2,0,Soil12,Soil12_CE229,Slurry,HCl_NaOH,0,0,20,5.37,None,None,Soil12_T9,0.0108,0.1151282606,5460,91,3.8,0,Soil12_CE229_pH6.26,10_20cm,6.255,24.24242424,1.906060606,0,0,1.121212121,1.22703048,4.836666667,T9,9.594021717,1
D08,0,2,0,Soil12,Soil12_CE229,Slurry,HCl_NaOH,0,0,20,5.37,None,None,Soil12_T9,0.01255,0.1339354658,5460,91,3.8,0,Soil12_CE229_pH6.26,10_20cm,6.255,24.24242424,1.906060606,0,0,1.121212121,1.22703048,4.836666667,T9,11.16128881,2
D09,0,2,0,Soil12,Soil12_CE229,Slurry,HCl_NaOH,0,0,20,5.37,None,None,Soil12_T9,0.01265,0.1350101189,5460,91,3.8,0,Soil12_CE229_pH6.26,10_20cm,6.255,24.24242424,1.906060606,0,0,1.121212121,1.22703048,4.836666667,T9,11.25084324,3
A01,0,2,0,Soil3,Soil3_CE239,Slurry,HCl_NaOH,-85,-8.5,20,8.47,None,None,Soil3_T9,0.1638,1.81799951,5546,92.4,3.9,-0.00017,Soil3_CE239_pH4.99,10_20cm,4.987,24.78941035,1.910709988,-0.08897216274,-88.97216274,1.123947052,1.202267654,8.48,T9,151.4999592,1
A02,0,2,0,Soil3,Soil3_CE239,Slurry,HCl_NaOH,-50,-5,20,8.02,None,None,Soil3_T9,0.1199,1.330039011,5546,92.4,3.9,-0.0001,Soil3_CE239_pH4.99,10_20cm,4.987,24.78941035,1.910709988,-0.05233656632,-52.33656632,1.123947052,1.202267654,8.22,T9,110.8365842,1
A03,0,2,0,Soil3,Soil3_CE239,Slurry,HCl_NaOH,-32,-3.2,20,7.57,None,None,Soil3_T9,0.096,1.063607686,5546,92.4,3.9,-0.000064,Soil3_CE239_pH4.99,10_20cm,4.987,24.78941035,1.910709988,-0.03349540244,-33.49540244,1.123947052,1.202267654,7.642642643,T9,88.63397386,1
A04,0,2,0,Soil3,Soil3_CE239,Slurry,HCl_NaOH,-26,-2.6,20,7.12,None,None,Soil3_T9,0.0894,0.9899354523,5546,92.4,3.9,-0.000052,Soil3_CE239_pH4.99,10_20cm,4.987,24.78941035,1.910709988,-0.02721501449,-27.21501449,1.123947052,1.202267654,7.174174174,T9,82.49462102,1
A05,0,2,0,Soil3,Soil3_CE239,Slurry,HCl_NaOH,-22,-2.2,20,6.67,None,None,Soil3_T9,0.0785,0.8681723415,5546,92.4,3.9,-0.000044,Soil3_CE239_pH4.99,10_20cm,4.987,24.78941035,1.910709988,-0.02302808918,-23.02808918,1.123947052,1.202267654,6.777777778,T9,72.34769513,1
A06,0,2,0,Soil3,Soil3_CE239,Slurry,HCl_NaOH,-19,-1.9,20,6.22,None,None,Soil3_T9,0.07305,0.807247583,5546,92.4,3.9,-0.000038,Soil3_CE239_pH4.99,10_20cm,4.987,24.78941035,1.910709988,-0.0198878952,-19.8878952,1.123947052,1.202267654,6.381381381,T9,67.27063192,1
A07,0,2,0,Soil3,Soil3_CE239,Slurry,HCl_NaOH,-16,-1.6,20,5.77,None,None,Soil3_T9,0.07,0.7731394852,5546,92.4,3.9,-0.000032,Soil3_CE239_pH4.99,10_20cm,4.987,24.78941035,1.910709988,-0.01674770122,-16.74770122,1.123947052,1.202267654,5.444444444,T9,64.42829043,1
A08,0,2,0,Soil3,Soil3_CE239,Slurry,HCl_NaOH,-14,-1.4,20,5.32,None,None,Soil3_T9,0.0648,0.7149671145,5546,92.4,3.9,-0.000028,Soil3_CE239_pH4.99,10_20cm,4.987,24.78941035,1.910709988,-0.01465423857,-14.65423857,1.123947052,1.202267654,4.975975976,T9,59.58059288,1
A09,0,2,0,Soil3,Soil3_CE239,Slurry,HCl_NaOH,-11,-1.1,20,4.87,None,None,Soil3_T9,0.0514,0.5649399714,5546,92.4,3.9,-0.000022,Soil3_CE239_pH4.99,10_20cm,4.987,24.78941035,1.910709988,-0.01151404459,-11.51404459,1.123947052,1.202267654,4.711711712,T9,47.07833095,1
A10,0,2,0,Soil3,Soil3_CE239,Slurry,HCl_NaOH,-7,-0.7,20,4.42,None,None,Soil3_T9,0.04265,0.4668798441,5546,92.4,3.9,-0.000014,Soil3_CE239_pH4.99,10_20cm,4.987,24.78941035,1.910709988,-0.007327119285,-7.327119285,1.123947052,1.202267654,4.315315315,T9,38.90665367,1
A11,0,2,0,Soil3,Soil3_CE239,Slurry,HCl_NaOH,9,0.9,20,3.52,None,None,Soil3_T9,0.0321,0.3485476346,5546,92.4,3.9,0.000018,Soil3_CE239_pH4.99,10_20cm,4.987,24.78941035,1.910709988,0.009420581937,9.420581937,1.123947052,1.202267654,3.486486486,T9,29.04563622,1
A12,0,2,0,Soil3,Soil3_CE239,Slurry,HCl_NaOH,32,3.2,20,3.07,None,None,Soil3_T9,0.03195,0.3468643988,5546,92.4,3.9,0.000064,Soil3_CE239_pH4.99,10_20cm,4.987,24.78941035,1.910709988,0.03349540244,33.49540244,1.123947052,1.202267654,3.07,T9,28.90536656,1
B01,0,2,0,Soil3,Soil3_CE239,Slurry,HCl_NaOH,-85,-8.5,20,8.47,None,None,Soil3_T9,0.16925,1.87844971,5546,92.4,3.9,-0.00017,Soil3_CE239_pH4.99,10_20cm,4.987,24.78941035,1.910709988,-0.08897216274,-88.97216274,1.123947052,1.202267654,8.48,T9,156.5374758,2
B02,0,2,0,Soil3,Soil3_CE239,Slurry,HCl_NaOH,-50,-5,20,8.02,None,None,Soil3_T9,0.1187,1.316674806,5546,92.4,3.9,-0.0001,Soil3_CE239_pH4.99,10_20cm,4.987,24.78941035,1.910709988,-0.05233656632,-52.33656632,1.123947052,1.202267654,8.22,T9,109.7229005,2
B03,0,2,0,Soil3,Soil3_CE239,Slurry,HCl_NaOH,-32,-3.2,20,7.57,None,None,Soil3_T9,0.09475,1.049657843,5546,92.4,3.9,-0.000064,Soil3_CE239_pH4.99,10_20cm,4.987,24.78941035,1.910709988,-0.03349540244,-33.49540244,1.123947052,1.202267654,7.642642643,T9,87.47148693,2
B04,0,2,0,Soil3,Soil3_CE239,Slurry,HCl_NaOH,-26,-2.6,20,7.12,None,None,Soil3_T9,0.08665,0.9592262551,5546,92.4,3.9,-0.000052,Soil3_CE239_pH4.99,10_20cm,4.987,24.78941035,1.910709988,-0.02721501449,-27.21501449,1.123947052,1.202267654,7.174174174,T9,79.93552126,2
B05,0,2,0,Soil3,Soil3_CE239,Slurry,HCl_NaOH,-22,-2.2,20,6.67,None,None,Soil3_T9,0.07445,0.8229007323,5546,92.4,3.9,-0.000044,Soil3_CE239_pH4.99,10_20cm,4.987,24.78941035,1.910709988,-0.02302808918,-23.02808918,1.123947052,1.202267654,6.777777778,T9,68.57506103,2
B06,0,2,0,Soil3,Soil3_CE239,Slurry,HCl_NaOH,-19,-1.9,20,6.22,None,None,Soil3_T9,0.0722,0.7977429562,5546,92.4,3.9,-0.000038,Soil3_CE239_pH4.99,10_20cm,4.987,24.78941035,1.910709988,-0.0198878952,-19.8878952,1.123947052,1.202267654,6.381381381,T9,66.47857969,2
B07,0,2,0,Soil3,Soil3_CE239,Slurry,HCl_NaOH,-16,-1.6,20,5.77,None,None,Soil3_T9,0.069,0.7619545338,5546,92.4,3.9,-0.000032,Soil3_CE239_pH4.99,10_20cm,4.987,24.78941035,1.910709988,-0.01674770122,-16.74770122,1.123947052,1.202267654,5.444444444,T9,63.49621115,2
B08,0,2,0,Soil3,Soil3_CE239,Slurry,HCl_NaOH,-14,-1.4,20,5.32,None,None,Soil3_T9,0.0566,0.6231802564,5546,92.4,3.9,-0.000028,Soil3_CE239_pH4.99,10_20cm,4.987,24.78941035,1.910709988,-0.01465423857,-14.65423857,1.123947052,1.202267654,4.975975976,T9,51.93168803,2
B09,0,2,0,Soil3,Soil3_CE239,Slurry,HCl_NaOH,-11,-1.1,20,4.87,None,None,Soil3_T9,0.04835,0.5307675143,5546,92.4,3.9,-0.000022,Soil3_CE239_pH4.99,10_20cm,4.987,24.78941035,1.910709988,-0.01151404459,-11.51404459,1.123947052,1.202267654,4.711711712,T9,44.2306262,2
B10,0,2,0,Soil3,Soil3_CE239,Slurry,HCl_NaOH,-7,-0.7,20,4.42,None,None,Soil3_T9,0.0332,0.3608906887,5546,92.4,3.9,-0.000014,Soil3_CE239_pH4.99,10_20cm,4.987,24.78941035,1.910709988,-0.007327119285,-7.327119285,1.123947052,1.202267654,4.315315315,T9,30.07422406,2
B11,0,2,0,Soil3,Soil3_CE239,Slurry,HCl_NaOH,9,0.9,20,3.52,None,None,Soil3_T9,0.02705,0.2918665407,5546,92.4,3.9,0.000018,Soil3_CE239_pH4.99,10_20cm,4.987,24.78941035,1.910709988,0.009420581937,9.420581937,1.123947052,1.202267654,3.486486486,T9,24.32221173,2
B12,0,2,0,Soil3,Soil3_CE239,Slurry,HCl_NaOH,32,3.2,20,3.07,None,None,Soil3_T9,0.03045,0.3300308253,5546,92.4,3.9,0.000064,Soil3_CE239_pH4.99,10_20cm,4.987,24.78941035,1.910709988,0.03349540244,33.49540244,1.123947052,1.202267654,3.07,T9,27.50256878,2
C01,0,2,0,Soil3,Soil3_CE239,Slurry,HCl_NaOH,-85,-8.5,20,8.47,None,None,Soil3_T9,0.1765,1.958821491,5546,92.4,3.9,-0.00017,Soil3_CE239_pH4.99,10_20cm,4.987,24.78941035,1.910709988,-0.08897216274,-88.97216274,1.123947052,1.202267654,8.48,T9,163.2351243,3
C02,0,2,0,Soil3,Soil3_CE239,Slurry,HCl_NaOH,-50,-5,20,8.02,None,None,Soil3_T9,0.12845,1.425218988,5546,92.4,3.9,-0.0001,Soil3_CE239_pH4.99,10_20cm,4.987,24.78941035,1.910709988,-0.05233656632,-52.33656632,1.123947052,1.202267654,8.22,T9,118.768249,3
C03,0,2,0,Soil3,Soil3_CE239,Slurry,HCl_NaOH,-32,-3.2,20,7.57,None,None,Soil3_T9,0.1018,1.128315222,5546,92.4,3.9,-0.000064,Soil3_CE239_pH4.99,10_20cm,4.987,24.78941035,1.910709988,-0.03349540244,-33.49540244,1.123947052,1.202267654,7.642642643,T9,94.02626852,3
C04,0,2,0,Soil3,Soil3_CE239,Slurry,HCl_NaOH,-26,-2.6,20,7.12,None,None,Soil3_T9,0.0861,0.9530835373,5546,92.4,3.9,-0.000052,Soil3_CE239_pH4.99,10_20cm,4.987,24.78941035,1.910709988,-0.02721501449,-27.21501449,1.123947052,1.202267654,7.174174174,T9,79.42362811,3
C05,0,2,0,Soil3,Soil3_CE239,Slurry,HCl_NaOH,-22,-2.2,20,6.67,None,None,Soil3_T9,0.07525,0.8318445344,5546,92.4,3.9,-0.000044,Soil3_CE239_pH4.99,10_20cm,4.987,24.78941035,1.910709988,-0.02302808918,-23.02808918,1.123947052,1.202267654,6.777777778,T9,69.32037787,3
C06,0,2,0,Soil3,Soil3_CE239,Slurry,HCl_NaOH,-19,-1.9,20,6.22,None,None,Soil3_T9,0.07035,0.7770539885,5546,92.4,3.9,-0.000038,Soil3_CE239_pH4.99,10_20cm,4.987,24.78941035,1.910709988,-0.0198878952,-19.8878952,1.123947052,1.202267654,6.381381381,T9,64.75449904,3
C07,0,2,0,Soil3,Soil3_CE239,Slurry,HCl_NaOH,-16,-1.6,20,5.77,None,None,Soil3_T9,0.07,0.7731394852,5546,92.4,3.9,-0.000032,Soil3_CE239_pH4.99,10_20cm,4.987,24.78941035,1.910709988,-0.01674770122,-16.74770122,1.123947052,1.202267654,5.444444444,T9,64.42829043,3
C08,0,2,0,Soil3,Soil3_CE239,Slurry,HCl_NaOH,-14,-1.4,20,5.32,None,None,Soil3_T9,0.06335,0.6987412802,5546,92.4,3.9,-0.000028,Soil3_CE239_pH4.99,10_20cm,4.987,24.78941035,1.910709988,-0.01465423857,-14.65423857,1.123947052,1.202267654,4.975975976,T9,58.22844002,3
C09,0,2,0,Soil3,Soil3_CE239,Slurry,HCl_NaOH,-11,-1.1,20,4.87,None,None,Soil3_T9,0.0511,0.5615791493,5546,92.4,3.9,-0.000022,Soil3_CE239_pH4.99,10_20cm,4.987,24.78941035,1.910709988,-0.01151404459,-11.51404459,1.123947052,1.202267654,4.711711712,T9,46.79826244,3
C10,0,2,0,Soil3,Soil3_CE239,Slurry,HCl_NaOH,-7,-0.7,20,4.42,None,None,Soil3_T9,0.04015,0.4388489013,5546,92.4,3.9,-0.000014,Soil3_CE239_pH4.99,10_20cm,4.987,24.78941035,1.910709988,-0.007327119285,-7.327119285,1.123947052,1.202267654,4.315315315,T9,36.57074177,3
C11,0,2,0,Soil3,Soil3_CE239,Slurry,HCl_NaOH,9,0.9,20,3.52,None,None,Soil3_T9,0.027,0.2913052165,5546,92.4,3.9,0.000018,Soil3_CE239_pH4.99,10_20cm,4.987,24.78941035,1.910709988,0.009420581937,9.420581937,1.123947052,1.202267654,3.486486486,T9,24.27543471,3
C12,0,2,0,Soil3,Soil3_CE239,Slurry,HCl_NaOH,32,3.2,20,3.07,None,None,Soil3_T9,0.0306,0.3317142821,5546,92.4,3.9,0.000064,Soil3_CE239_pH4.99,10_20cm,4.987,24.78941035,1.910709988,0.03349540244,33.49540244,1.123947052,1.202267654,3.07,T9,27.64285685,3
D01,0,2,0,Soil3,Soil3_CE239,Slurry,HCl_NaOH,-85,-8.5,20,8.47,None,CHX,Soil3_T9,0.1979,2.195767197,5546,92.4,3.9,-0.00017,Soil3_CE239_pH4.99,10_20cm,4.987,24.78941035,1.910709988,-0.08897216274,-88.97216274,1.123947052,1.202267654,8.46,T9,182.9805998,1
D02,0,2,0,Soil3,Soil3_CE239,Slurry,HCl_NaOH,32,3.2,20,3.07,None,CHX,Soil3_T9,0.03505,0.381646783,5546,92.4,3.9,0.000064,Soil3_CE239_pH4.99,10_20cm,4.987,24.78941035,1.910709988,0.03349540244,33.49540244,1.123947052,1.202267654,3.078078078,T9,31.80389858,1
D03,0,2,0,Soil3,Soil3_CE239,Slurry,HCl_NaOH,0,0,20,3.97,None,CHX,Soil3_T9,0.0349,0.3799639816,5546,92.4,3.9,0,Soil3_CE239_pH4.99,10_20cm,4.987,24.78941035,1.910709988,0,0,1.123947052,1.202267654,4.051051051,T9,31.66366513,1
D04,0,0,0,Soil3,Soil3_CE239,No_Nitrate,No_Nitrate,0,0,20,3.97,None,None,Soil3_T9,0.02385,0.2559368307,5546,92.4,3.9,0,Soil3_CE239_pH4.99,10_20cm,4.987,24.78941035,1.910709988,0,0,1.123947052,1.202267654,3.870870871,T9,21.32806922,1
D05,0,0,0,Soil3,Soil3_CE239,No_Nitrate,No_Nitrate,0,0,20,3.97,None,None,Soil3_T9,0.0227,0.24302213,5546,92.4,3.9,0,Soil3_CE239_pH4.99,10_20cm,4.987,24.78941035,1.910709988,0,0,1.123947052,1.202267654,3.870870871,T9,20.25184417,2
D06,0,0,0,Soil3,Soil3_CE239,No_Nitrate,No_Nitrate,0,0,20,3.97,None,None,Soil3_T9,0.02315,0.2480758636,5546,92.4,3.9,0,Soil3_CE239_pH4.99,10_20cm,4.987,24.78941035,1.910709988,0,0,1.123947052,1.202267654,3.870870871,T9,20.67298863,3
D07,0,2,0,Soil3,Soil3_CE239,Slurry,HCl_NaOH,0,0,20,3.97,None,None,Soil3_T9,0.0329,0.3575245191,5546,92.4,3.9,0,Soil3_CE239_pH4.99,10_20cm,4.987,24.78941035,1.910709988,0,0,1.123947052,1.202267654,3.933333333,T9,29.79370992,1
D08,0,2,0,Soil3,Soil3_CE239,Slurry,HCl_NaOH,0,0,20,3.97,None,None,Soil3_T9,0.02755,0.2974796482,5546,92.4,3.9,0,Soil3_CE239_pH4.99,10_20cm,4.987,24.78941035,1.910709988,0,0,1.123947052,1.202267654,3.933333333,T9,24.78997068,2
D09,0,2,0,Soil3,Soil3_CE239,Slurry,HCl_NaOH,0,0,20,3.97,None,None,Soil3_T9,0.03235,0.3513529785,5546,92.4,3.9,0,Soil3_CE239_pH4.99,10_20cm,4.987,24.78941035,1.910709988,0,0,1.123947052,1.202267654,3.933333333,T9,29.27941487,3
A01,0,2,0,Soil9,Soil9_CE277,Slurry,HCl_NaOH,-75,-7.5,20,8.46,None,None,Soil9_T9,0.10365,1.089417651,5460,91,3.8,-0.00015,Soil9_CE277_pH5.82,10_20cm,5.822,24.15048544,1.905279126,-0.07872862193,-78.72862193,1.120752427,1.217914003,8.53,T9,90.78480425,1
A02,0,2,0,Soil9,Soil9_CE277,Slurry,HCl_NaOH,-28,-2.8,20,8.01,None,None,Soil9_T9,0.07,0.7319670196,5460,91,3.8,-0.000056,Soil9_CE277_pH5.82,10_20cm,5.822,24.15048544,1.905279126,-0.02939201885,-29.39201885,1.120752427,1.217914003,7.870870871,T9,60.99725163,1
A03,0,2,0,Soil9,Soil9_CE277,Slurry,HCl_NaOH,-20,-2,20,7.56,None,None,Soil9_T9,0.06005,0.6261868098,5460,91,3.8,-0.00004,Soil9_CE277_pH5.82,10_20cm,5.822,24.15048544,1.905279126,-0.02099429918,-20.99429918,1.120752427,1.217914003,7.498498498,T9,52.18223415,1
A04,0,2,0,Soil9,Soil9_CE277,Slurry,HCl_NaOH,-16,-1.6,20,7.11,None,None,Soil9_T9,0.0562,0.5852463141,5460,91,3.8,-0.000032,Soil9_CE277_pH5.82,10_20cm,5.822,24.15048544,1.905279126,-0.01679543935,-16.79543935,1.120752427,1.217914003,7.066066066,T9,48.77052618,1
A05,0,2,0,Soil9,Soil9_CE277,Slurry,HCl_NaOH,-13,-1.3,20,6.66,None,None,Soil9_T9,0.0478,0.4959013117,5460,91,3.8,-0.000026,Soil9_CE277_pH5.82,10_20cm,5.822,24.15048544,1.905279126,-0.01364629447,-13.64629447,1.120752427,1.217914003,6.861861862,T9,41.32510931,1
A06,0,2,0,Soil9,Soil9_CE277,Slurry,HCl_NaOH,-10,-1,20,6.21,None,None,Soil9_T9,0.0401,0.4139772701,5460,91,3.8,-0.00002,Soil9_CE277_pH5.82,10_20cm,5.822,24.15048544,1.905279126,-0.01049714959,-10.49714959,1.120752427,1.217914003,6.393393393,T9,34.49810585,1
A07,0,2,0,Soil9,Soil9_CE277,Slurry,HCl_NaOH,-7,-0.7,20,5.76,None,None,Soil9_T9,0.03365,0.3453345662,5460,91,3.8,-0.000014,Soil9_CE277_pH5.82,10_20cm,5.822,24.15048544,1.905279126,-0.007348004714,-7.348004714,1.120752427,1.217914003,5.660660661,T9,28.77788051,1
A08,0,2,0,Soil9,Soil9_CE277,Slurry,HCl_NaOH,-5,-0.5,20,5.31,None,None,Soil9_T9,0.0269,0.2734815728,5460,91,3.8,-0.00001,Soil9_CE277_pH5.82,10_20cm,5.822,24.15048544,1.905279126,-0.005248574795,-5.248574795,1.120752427,1.217914003,5.144144144,T9,22.79013107,1
A09,0,2,0,Soil9,Soil9_CE277,Slurry,HCl_NaOH,-2,-0.2,20,4.86,None,None,Soil9_T9,0.01845,0.1835068708,5460,91,3.8,-0.000004,Soil9_CE277_pH5.82,10_20cm,5.822,24.15048544,1.905279126,-0.002099429918,-2.099429918,1.120752427,1.217914003,4.687687688,T9,15.29223923,1
A10,0,2,0,Soil9,Soil9_CE277,Slurry,HCl_NaOH,4,0.4,20,3.96,None,None,Soil9_T9,0.0164,0.1616744293,5460,91,3.8,0.000008,Soil9_CE277_pH5.82,10_20cm,5.822,24.15048544,1.905279126,0.004198859836,4.198859836,1.120752427,1.217914003,4.051051051,T9,13.47286911,1
A11,0,2,0,Soil9,Soil9_CE277,Slurry,HCl_NaOH,13,1.3,20,3.51,None,None,Soil9_T9,0.0158,0.1552841317,5460,91,3.8,0.000026,Soil9_CE277_pH5.82,10_20cm,5.822,24.15048544,1.905279126,0.01364629447,13.64629447,1.120752427,1.217914003,3.606606607,T9,12.94034431,1
A12,0,2,0,Soil9,Soil9_CE277,Slurry,HCl_NaOH,38,3.8,20,3.06,None,None,Soil9_T9,0.021,0.2106619764,5460,91,3.8,0.000076,Soil9_CE277_pH5.82,10_20cm,5.822,24.15048544,1.905279126,0.03988916844,39.88916844,1.120752427,1.217914003,3.06,T9,17.5551647,1
B01,0,2,0,Soil9,Soil9_CE277,Slurry,HCl_NaOH,-75,-7.5,20,8.46,None,None,Soil9_T9,0.0872,0.9147313878,5460,91,3.8,-0.00015,Soil9_CE277_pH5.82,10_20cm,5.822,24.15048544,1.905279126,-0.07872862193,-78.72862193,1.120752427,1.217914003,8.53,T9,76.22761565,2
B02,0,2,0,Soil9,Soil9_CE277,Slurry,HCl_NaOH,-28,-2.8,20,8.01,None,None,Soil9_T9,0.0598,0.6235285134,5460,91,3.8,-0.000056,Soil9_CE277_pH5.82,10_20cm,5.822,24.15048544,1.905279126,-0.02939201885,-29.39201885,1.120752427,1.217914003,7.870870871,T9,51.96070945,2
B03,0,2,0,Soil9,Soil9_CE277,Slurry,HCl_NaOH,-20,-2,20,7.56,None,None,Soil9_T9,0.0447,0.4629217197,5460,91,3.8,-0.00004,Soil9_CE277_pH5.82,10_20cm,5.822,24.15048544,1.905279126,-0.02099429918,-20.99429918,1.120752427,1.217914003,7.498498498,T9,38.57680998,2
B04,0,2,0,Soil9,Soil9_CE277,Slurry,HCl_NaOH,-16,-1.6,20,7.11,None,None,Soil9_T9,0.04115,0.4251501086,5460,91,3.8,-0.000032,Soil9_CE277_pH5.82,10_20cm,5.822,24.15048544,1.905279126,-0.01679543935,-16.79543935,1.120752427,1.217914003,7.066066066,T9,35.42917572,2
B05,0,2,0,Soil9,Soil9_CE277,Slurry,HCl_NaOH,-13,-1.3,20,6.66,None,None,Soil9_T9,0.042,0.4341944685,5460,91,3.8,-0.000026,Soil9_CE277_pH5.82,10_20cm,5.822,24.15048544,1.905279126,-0.01364629447,-13.64629447,1.120752427,1.217914003,6.861861862,T9,36.18287238,2
B06,0,2,0,Soil9,Soil9_CE277,Slurry,HCl_NaOH,-10,-1,20,6.21,None,None,Soil9_T9,0.03425,0.3517206273,5460,91,3.8,-0.00002,Soil9_CE277_pH5.82,10_20cm,5.822,24.15048544,1.905279126,-0.01049714959,-10.49714959,1.120752427,1.217914003,6.393393393,T9,29.31005228,2
B07,0,2,0,Soil9,Soil9_CE277,Slurry,HCl_NaOH,-7,-0.7,20,5.76,None,None,Soil9_T9,0.02915,0.297434572,5460,91,3.8,-0.000014,Soil9_CE277_pH5.82,10_20cm,5.822,24.15048544,1.905279126,-0.007348004714,-7.348004714,1.120752427,1.217914003,5.660660661,T9,24.78621434,2
B08,0,2,0,Soil9,Soil9_CE277,Slurry,HCl_NaOH,-5,-0.5,20,5.31,None,None,Soil9_T9,0.02275,0.2292963441,5460,91,3.8,-0.00001,Soil9_CE277_pH5.82,10_20cm,5.822,24.15048544,1.905279126,-0.005248574795,-5.248574795,1.120752427,1.217914003,5.144144144,T9,19.10802868,2
B09,0,2,0,Soil9,Soil9_CE277,Slurry,HCl_NaOH,-2,-0.2,20,4.86,None,None,Soil9_T9,0.01895,0.1888316042,5460,91,3.8,-0.000004,Soil9_CE277_pH5.82,10_20cm,5.822,24.15048544,1.905279126,-0.002099429918,-2.099429918,1.120752427,1.217914003,4.687687688,T9,15.73596701,2
B10,0,2,0,Soil9,Soil9_CE277,Slurry,HCl_NaOH,4,0.4,20,3.96,None,None,Soil9_T9,0.0103,0.09669975993,5460,91,3.8,0.000008,Soil9_CE277_pH5.82,10_20cm,5.822,24.15048544,1.905279126,0.004198859836,4.198859836,1.120752427,1.217914003,4.051051051,T9,8.058313327,2
B11,0,2,0,Soil9,Soil9_CE277,Slurry,HCl_NaOH,13,1.3,20,3.51,None,None,Soil9_T9,0.01325,0.1281237764,5460,91,3.8,0.000026,Soil9_CE277_pH5.82,10_20cm,5.822,24.15048544,1.905279126,0.01364629447,13.64629447,1.120752427,1.217914003,3.606606607,T9,10.67698137,2
B12,0,2,0,Soil9,Soil9_CE277,Slurry,HCl_NaOH,38,3.8,20,3.06,None,None,Soil9_T9,0.01655,0.1632719815,5460,91,3.8,0.000076,Soil9_CE277_pH5.82,10_20cm,5.822,24.15048544,1.905279126,0.03988916844,39.88916844,1.120752427,1.217914003,3.06,T9,13.60599846,2
C01,0,2,0,Soil9,Soil9_CE277,Slurry,HCl_NaOH,-75,-7.5,20,8.46,None,None,Soil9_T9,0.09525,1.000229425,5460,91,3.8,-0.00015,Soil9_CE277_pH5.82,10_20cm,5.822,24.15048544,1.905279126,-0.07872862193,-78.72862193,1.120752427,1.217914003,8.53,T9,83.35245205,3
C02,0,2,0,Soil9,Soil9_CE277,Slurry,HCl_NaOH,-28,-2.8,20,8.01,None,None,Soil9_T9,0.0584,0.6086415984,5460,91,3.8,-0.000056,Soil9_CE277_pH5.82,10_20cm,5.822,24.15048544,1.905279126,-0.02939201885,-29.39201885,1.120752427,1.217914003,7.870870871,T9,50.7201332,3
C03,0,2,0,Soil9,Soil9_CE277,Slurry,HCl_NaOH,-20,-2,20,7.56,None,None,Soil9_T9,0.0534,0.5554677384,5460,91,3.8,-0.00004,Soil9_CE277_pH5.82,10_20cm,5.822,24.15048544,1.905279126,-0.02099429918,-20.99429918,1.120752427,1.217914003,7.498498498,T9,46.2889782,3
C04,0,2,0,Soil9,Soil9_CE277,Slurry,HCl_NaOH,-16,-1.6,20,7.11,None,None,Soil9_T9,0.04045,0.417701598,5460,91,3.8,-0.000032,Soil9_CE277_pH5.82,10_20cm,5.822,24.15048544,1.905279126,-0.01679543935,-16.79543935,1.120752427,1.217914003,7.066066066,T9,34.8084665,3
C05,0,2,0,Soil9,Soil9_CE277,Slurry,HCl_NaOH,-13,-1.3,20,6.66,None,None,Soil9_T9,0.03945,0.4070605329,5460,91,3.8,-0.000026,Soil9_CE277_pH5.82,10_20cm,5.822,24.15048544,1.905279126,-0.01364629447,-13.64629447,1.120752427,1.217914003,6.861861862,T9,33.92171108,3
C06,0,2,0,Soil9,Soil9_CE277,Slurry,HCl_NaOH,-10,-1,20,6.21,None,None,Soil9_T9,0.0362,0.3724743437,5460,91,3.8,-0.00002,Soil9_CE277_pH5.82,10_20cm,5.822,24.15048544,1.905279126,-0.01049714959,-10.49714959,1.120752427,1.217914003,6.393393393,T9,31.03952865,3
C07,0,2,0,Soil9,Soil9_CE277,Slurry,HCl_NaOH,-7,-0.7,20,5.76,None,None,Soil9_T9,0.02605,0.264432141,5460,91,3.8,-0.000014,Soil9_CE277_pH5.82,10_20cm,5.822,24.15048544,1.905279126,-0.007348004714,-7.348004714,1.120752427,1.217914003,5.660660661,T9,22.03601175,3
C08,0,2,0,Soil9,Soil9_CE277,Slurry,HCl_NaOH,-5,-0.5,20,5.31,None,None,Soil9_T9,0.02175,0.2186482824,5460,91,3.8,-0.00001,Soil9_CE277_pH5.82,10_20cm,5.822,24.15048544,1.905279126,-0.005248574795,-5.248574795,1.120752427,1.217914003,5.144144144,T9,18.2206902,3
C09,0,2,0,Soil9,Soil9_CE277,Slurry,HCl_NaOH,-2,-0.2,20,4.86,None,None,Soil9_T9,0.0177,0.1755195852,5460,91,3.8,-0.000004,Soil9_CE277_pH5.82,10_20cm,5.822,24.15048544,1.905279126,-0.002099429918,-2.099429918,1.120752427,1.217914003,4.687687688,T9,14.6266321,3
C10,0,2,0,Soil9,Soil9_CE277,Slurry,HCl_NaOH,4,0.4,20,3.96,None,None,Soil9_T9,0.00975,0.09084066367,5460,91,3.8,0.000008,Soil9_CE277_pH5.82,10_20cm,5.822,24.15048544,1.905279126,0.004198859836,4.198859836,1.120752427,1.217914003,4.051051051,T9,7.570055306,3
C11,0,2,0,Soil9,Soil9_CE277,Slurry,HCl_NaOH,13,1.3,20,3.51,None,None,Soil9_T9,0.01085,0.1025587363,5460,91,3.8,0.000026,Soil9_CE277_pH5.82,10_20cm,5.822,24.15048544,1.905279126,0.01364629447,13.64629447,1.120752427,1.217914003,3.606606607,T9,8.54656136,3
C12,0,2,0,Soil9,Soil9_CE277,Slurry,HCl_NaOH,38,3.8,20,3.06,None,None,Soil9_T9,0.0167,0.1648695247,5460,91,3.8,0.000076,Soil9_CE277_pH5.82,10_20cm,5.822,24.15048544,1.905279126,0.03988916844,39.88916844,1.120752427,1.217914003,3.06,T9,13.73912706,3
A01,0,2,0,Soil10,Soil10_CE253,Slurry,HCl_NaOH,-100,-10,20,8.76,None,None,Soil10_T9,0.08135,0.85783823,5436,90.6,3.8,-0.0002,Soil10_CE253_pH5.97,10_20cm,5.975,24.78941035,1.910709988,-0.1046731326,-104.6731326,1.123947052,1.213903643,8.63,T9,71.48651916,1
A02,0,2,0,Soil10,Soil10_CE253,Slurry,HCl_NaOH,-65,-6.5,20,8.31,None,None,Soil10_T9,0.0707,0.7439647384,5436,90.6,3.8,-0.00013,Soil10_CE253_pH5.97,10_20cm,5.975,24.78941035,1.910709988,-0.06803753621,-68.03753621,1.123947052,1.213903643,8.171171171,T9,61.99706153,1
A03,0,2,0,Soil10,Soil10_CE253,Slurry,HCl_NaOH,-26,-2.6,20,7.86,None,None,Soil10_T9,0.0446,0.4647044751,5436,90.6,3.8,-0.000052,Soil10_CE253_pH5.97,10_20cm,5.975,24.78941035,1.910709988,-0.02721501449,-27.21501449,1.123947052,1.213903643,7.894894895,T9,38.72537292,1
A04,0,2,0,Soil10,Soil10_CE253,Slurry,HCl_NaOH,-21,-2.1,20,7.41,None,None,Soil10_T9,0.0467,0.4871836889,5436,90.6,3.8,-0.000042,Soil10_CE253_pH5.97,10_20cm,5.975,24.78941035,1.910709988,-0.02198135785,-21.98135785,1.123947052,1.213903643,7.678678679,T9,40.59864074,1
A05,0,2,0,Soil10,Soil10_CE253,Slurry,HCl_NaOH,-17,-1.7,20,6.96,None,None,Soil10_T9,0.04265,0.4438293512,5436,90.6,3.8,-0.000034,Soil10_CE253_pH5.97,10_20cm,5.975,24.78941035,1.910709988,-0.01779443255,-17.79443255,1.123947052,1.213903643,7.39039039,T9,36.98577927,1
A06,0,2,0,Soil10,Soil10_CE253,Slurry,HCl_NaOH,-14,-1.4,20,6.51,None,None,Soil10_T9,0.0383,0.3972563238,5436,90.6,3.8,-0.000028,Soil10_CE253_pH5.97,10_20cm,5.975,24.78941035,1.910709988,-0.01465423857,-14.65423857,1.123947052,1.213903643,7.042042042,T9,33.10469365,1
A07,0,2,0,Soil10,Soil10_CE253,Slurry,HCl_NaOH,-12,-1.2,20,6.06,None,None,Soil10_T9,0.03655,0.3785179274,5436,90.6,3.8,-0.000024,Soil10_CE253_pH5.97,10_20cm,5.975,24.78941035,1.910709988,-0.01256077592,-12.56077592,1.123947052,1.213903643,6.813813814,T9,31.54316062,1
A08,0,2,0,Soil10,Soil10_CE253,Slurry,HCl_NaOH,-9,-0.9,20,5.61,None,None,Soil10_T9,0.02855,0.2928411813,5436,90.6,3.8,-0.000018,Soil10_CE253_pH5.97,10_20cm,5.975,24.78941035,1.910709988,-0.009420581937,-9.420581937,1.123947052,1.213903643,6.213213213,T9,24.40343177,1
A09,0,2,0,Soil10,Soil10_CE253,Slurry,HCl_NaOH,-6,-0.6,20,5.16,None,None,Soil10_T9,0.0226,0.2291025916,5436,90.6,3.8,-0.000012,Soil10_CE253_pH5.97,10_20cm,5.975,24.78941035,1.910709988,-0.006280387958,-6.280387958,1.123947052,1.213903643,5.408408408,T9,19.09188264,1
A10,0,2,0,Soil10,Soil10_CE253,Slurry,HCl_NaOH,-3,-0.3,20,4.71,None,None,Soil10_T9,0.01965,0.1974958805,5436,90.6,3.8,-0.000006,Soil10_CE253_pH5.97,10_20cm,5.975,24.78941035,1.910709988,-0.003140193979,-3.140193979,1.123947052,1.213903643,4.687687688,T9,16.45799004,1
A11,0,2,0,Soil10,Soil10_CE253,Slurry,HCl_NaOH,5,0.5,20,3.81,None,None,Soil10_T9,0.0186,0.1862451979,5436,90.6,3.8,0.00001,Soil10_CE253_pH5.97,10_20cm,5.975,24.78941035,1.910709988,0.005233656632,5.233656632,1.123947052,1.213903643,3.810810811,T9,15.52043316,1
A12,0,2,0,Soil10,Soil10_CE253,Slurry,HCl_NaOH,14,1.4,20,3.36,None,None,Soil10_T9,0.02175,0.2199959285,5436,90.6,3.8,0.000028,Soil10_CE253_pH5.97,10_20cm,5.975,24.78941035,1.910709988,0.01465423857,14.65423857,1.123947052,1.213903643,3.486486486,T9,18.33299404,1
B01,0,2,0,Soil10,Soil10_CE253,Slurry,HCl_NaOH,-100,-10,20,8.76,None,None,Soil10_T9,0.09085,0.9593776658,5436,90.6,3.8,-0.0002,Soil10_CE253_pH5.97,10_20cm,5.975,24.78941035,1.910709988,-0.1046731326,-104.6731326,1.123947052,1.213903643,8.63,T9,79.94813882,2
B02,0,2,0,Soil10,Soil10_CE253,Slurry,HCl_NaOH,-65,-6.5,20,8.31,None,None,Soil10_T9,0.0756,0.796362812,5436,90.6,3.8,-0.00013,Soil10_CE253_pH5.97,10_20cm,5.975,24.78941035,1.910709988,-0.06803753621,-68.03753621,1.123947052,1.213903643,8.171171171,T9,66.36356767,2
B03,0,2,0,Soil10,Soil10_CE253,Slurry,HCl_NaOH,-26,-2.6,20,7.86,None,None,Soil10_T9,0.0758,0.798501307,5436,90.6,3.8,-0.000052,Soil10_CE253_pH5.97,10_20cm,5.975,24.78941035,1.910709988,-0.02721501449,-27.21501449,1.123947052,1.213903643,7.894894895,T9,66.54177559,2
B04,0,2,0,Soil10,Soil10_CE253,Slurry,HCl_NaOH,-21,-2.1,20,7.41,None,None,Soil10_T9,0.05985,0.6279065909,5436,90.6,3.8,-0.000042,Soil10_CE253_pH5.97,10_20cm,5.975,24.78941035,1.910709988,-0.02198135785,-21.98135785,1.123947052,1.213903643,7.678678679,T9,52.32554924,2
B05,0,2,0,Soil10,Soil10_CE253,Slurry,HCl_NaOH,-17,-1.7,20,6.96,None,None,Soil10_T9,0.0537,0.5621017584,5436,90.6,3.8,-0.000034,Soil10_CE253_pH5.97,10_20cm,5.975,24.78941035,1.910709988,-0.01779443255,-17.79443255,1.123947052,1.213903643,7.39039039,T9,46.8418132,2
B06,0,2,0,Soil10,Soil10_CE253,Slurry,HCl_NaOH,-14,-1.4,20,6.51,None,None,Soil10_T9,0.04245,0.4416882274,5436,90.6,3.8,-0.000028,Soil10_CE253_pH5.97,10_20cm,5.975,24.78941035,1.910709988,-0.01465423857,-14.65423857,1.123947052,1.213903643,7.042042042,T9,36.80735229,2
B07,0,2,0,Soil10,Soil10_CE253,Slurry,HCl_NaOH,-12,-1.2,20,6.06,None,None,Soil10_T9,0.0357,0.3694159814,5436,90.6,3.8,-0.000024,Soil10_CE253_pH5.97,10_20cm,5.975,24.78941035,1.910709988,-0.01256077592,-12.56077592,1.123947052,1.213903643,6.813813814,T9,30.78466512,2
B08,0,2,0,Soil10,Soil10_CE253,Slurry,HCl_NaOH,-9,-0.9,20,5.61,None,None,Soil10_T9,0.02605,0.2660619775,5436,90.6,3.8,-0.000018,Soil10_CE253_pH5.97,10_20cm,5.975,24.78941035,1.910709988,-0.009420581937,-9.420581937,1.123947052,1.213903643,6.213213213,T9,22.17183146,2
B09,0,2,0,Soil10,Soil10_CE253,Slurry,HCl_NaOH,-6,-0.6,20,5.16,None,None,Soil10_T9,0.022,0.2226743887,5436,90.6,3.8,-0.000012,Soil10_CE253_pH5.97,10_20cm,5.975,24.78941035,1.910709988,-0.006280387958,-6.280387958,1.123947052,1.213903643,5.408408408,T9,18.55619906,2
B10,0,2,0,Soil10,Soil10_CE253,Slurry,HCl_NaOH,-3,-0.3,20,4.71,None,None,Soil10_T9,0.01565,0.1546337872,5436,90.6,3.8,-0.000006,Soil10_CE253_pH5.97,10_20cm,5.975,24.78941035,1.910709988,-0.003140193979,-3.140193979,1.123947052,1.213903643,4.687687688,T9,12.88614894,2
B11,0,2,0,Soil10,Soil10_CE253,Slurry,HCl_NaOH,5,0.5,20,3.81,None,None,Soil10_T9,0.0166,0.1648141115,5436,90.6,3.8,0.00001,Soil10_CE253_pH5.97,10_20cm,5.975,24.78941035,1.910709988,0.005233656632,5.233656632,1.123947052,1.213903643,3.810810811,T9,13.73450929,2
B12,0,2,0,Soil10,Soil10_CE253,Slurry,HCl_NaOH,14,1.4,20,3.36,None,None,Soil10_T9,0.02245,0.2274955543,5436,90.6,3.8,0.000028,Soil10_CE253_pH5.97,10_20cm,5.975,24.78941035,1.910709988,0.01465423857,14.65423857,1.123947052,1.213903643,3.486486486,T9,18.95796286,2
C01,0,2,0,Soil10,Soil10_CE253,Slurry,HCl_NaOH,-100,-10,20,8.76,None,None,Soil10_T9,0.08395,0.8856315165,5436,90.6,3.8,-0.0002,Soil10_CE253_pH5.97,10_20cm,5.975,24.78941035,1.910709988,-0.1046731326,-104.6731326,1.123947052,1.213903643,8.63,T9,73.80262637,3
C02,0,2,0,Soil10,Soil10_CE253,Slurry,HCl_NaOH,-65,-6.5,20,8.31,None,None,Soil10_T9,0.068,0.715088268,5436,90.6,3.8,-0.00013,Soil10_CE253_pH5.97,10_20cm,5.975,24.78941035,1.910709988,-0.06803753621,-68.03753621,1.123947052,1.213903643,8.171171171,T9,59.590689,3
C03,0,2,0,Soil10,Soil10_CE253,Slurry,HCl_NaOH,-26,-2.6,20,7.86,None,None,Soil10_T9,0.0584,0.6123929817,5436,90.6,3.8,-0.000052,Soil10_CE253_pH5.97,10_20cm,5.975,24.78941035,1.910709988,-0.02721501449,-27.21501449,1.123947052,1.213903643,7.894894895,T9,51.03274847,3
C04,0,2,0,Soil10,Soil10_CE253,Slurry,HCl_NaOH,-21,-2.1,20,7.41,None,None,Soil10_T9,0.041,0.4261646051,5436,90.6,3.8,-0.000042,Soil10_CE253_pH5.97,10_20cm,5.975,24.78941035,1.910709988,-0.02198135785,-21.98135785,1.123947052,1.213903643,7.678678679,T9,35.51371709,3
C05,0,2,0,Soil10,Soil10_CE253,Slurry,HCl_NaOH,-17,-1.7,20,6.96,None,None,Soil10_T9,0.0376,0.3897611113,5436,90.6,3.8,-0.000034,Soil10_CE253_pH5.97,10_20cm,5.975,24.78941035,1.910709988,-0.01779443255,-17.79443255,1.123947052,1.213903643,7.39039039,T9,32.48009261,3
C06,0,2,0,Soil10,Soil10_CE253,Slurry,HCl_NaOH,-14,-1.4,20,6.51,None,None,Soil10_T9,0.03345,0.3453212085,5436,90.6,3.8,-0.000028,Soil10_CE253_pH5.97,10_20cm,5.975,24.78941035,1.910709988,-0.01465423857,-14.65423857,1.123947052,1.213903643,7.042042042,T9,28.77676737,3
C07,0,2,0,Soil10,Soil10_CE253,Slurry,HCl_NaOH,-12,-1.2,20,6.06,None,None,Soil10_T9,0.0318,0.327650429,5436,90.6,3.8,-0.000024,Soil10_CE253_pH5.97,10_20cm,5.975,24.78941035,1.910709988,-0.01256077592,-12.56077592,1.123947052,1.213903643,6.813813814,T9,27.30420241,3
C08,0,2,0,Soil10,Soil10_CE253,Slurry,HCl_NaOH,-9,-0.9,20,5.61,None,None,Soil10_T9,0.0269,0.2751671858,5436,90.6,3.8,-0.000018,Soil10_CE253_pH5.97,10_20cm,5.975,24.78941035,1.910709988,-0.009420581937,-9.420581937,1.123947052,1.213903643,6.213213213,T9,22.93059882,3
C09,0,2,0,Soil10,Soil10_CE253,Slurry,HCl_NaOH,-6,-0.6,20,5.16,None,None,Soil10_T9,0.0229,0.2323166394,5436,90.6,3.8,-0.000012,Soil10_CE253_pH5.97,10_20cm,5.975,24.78941035,1.910709988,-0.006280387958,-6.280387958,1.123947052,1.213903643,5.408408408,T9,19.35971995,3
C10,0,2,0,Soil10,Soil10_CE253,Slurry,HCl_NaOH,-3,-0.3,20,4.71,None,None,Soil10_T9,0.01595,0.1578486653,5436,90.6,3.8,-0.000006,Soil10_CE253_pH5.97,10_20cm,5.975,24.78941035,1.910709988,-0.003140193979,-3.140193979,1.123947052,1.213903643,4.687687688,T9,13.15405544,3
C11,0,2,0,Soil10,Soil10_CE253,Slurry,HCl_NaOH,5,0.5,20,3.81,None,None,Soil10_T9,0.0151,0.148739751,5436,90.6,3.8,0.00001,Soil10_CE253_pH5.97,10_20cm,5.975,24.78941035,1.910709988,0.005233656632,5.233656632,1.123947052,1.213903643,3.810810811,T9,12.39497925,3
C12,0,2,0,Soil10,Soil10_CE253,Slurry,HCl_NaOH,14,1.4,20,3.36,None,None,Soil10_T9,0.0159,0.1573128548,5436,90.6,3.8,0.000028,Soil10_CE253_pH5.97,10_20cm,5.975,24.78941035,1.910709988,0.01465423857,14.65423857,1.123947052,1.213903643,3.486486486,T9,13.10940457,3
D01,0,2,0,Soil10,Soil10_CE253,Slurry,HCl_NaOH,-100,-10,20,8.76,None,CHX,Soil10_T9,0.08465,0.8931138676,5436,90.6,3.8,-0.0002,Soil10_CE253_pH5.97,10_20cm,5.975,24.78941035,1.910709988,-0.1046731326,-104.6731326,1.123947052,1.213903643,8.63,T9,74.42615564,1
D02,0,2,0,Soil10,Soil10_CE253,Slurry,HCl_NaOH,14,1.4,20,3.36,None,CHX,Soil10_T9,0.0227,0.2301739449,5436,90.6,3.8,0.000028,Soil10_CE253_pH5.97,10_20cm,5.975,24.78941035,1.910709988,0.01465423857,14.65423857,1.123947052,1.213903643,3.462462462,T9,19.18116207,1
D03,0,2,0,Soil10,Soil10_CE253,Slurry,HCl_NaOH,0,0,20,4.26,None,CHX,Soil10_T9,0.02335,0.2371376438,5436,90.6,3.8,0,Soil10_CE253_pH5.97,10_20cm,5.975,24.78941035,1.910709988,0,0,1.123947052,1.213903643,4.327327327,T9,19.76147031,1
D04,0,0,0,Soil10,Soil10_CE253,No_Nitrate,No_Nitrate,0,0,20,4.26,None,None,Soil10_T9,0.0172,0.1712436047,5436,90.6,3.8,0,Soil10_CE253_pH5.97,10_20cm,5.975,24.78941035,1.910709988,0,0,1.123947052,1.213903643,4.279279279,T9,14.27030039,1
D05,0,0,0,Soil10,Soil10_CE253,No_Nitrate,No_Nitrate,0,0,20,4.26,None,None,Soil10_T9,0.0178,0.1776729545,5436,90.6,3.8,0,Soil10_CE253_pH5.97,10_20cm,5.975,24.78941035,1.910709988,0,0,1.123947052,1.213903643,4.279279279,T9,14.80607954,2
D06,0,0,0,Soil10,Soil10_CE253,No_Nitrate,No_Nitrate,0,0,20,4.26,None,None,Soil10_T9,0.0188,0.1883882189,5436,90.6,3.8,0,Soil10_CE253_pH5.97,10_20cm,5.975,24.78941035,1.910709988,0,0,1.123947052,1.213903643,4.279279279,T9,15.69901824,3
D07,0,2,0,Soil10,Soil10_CE253,Slurry,HCl_NaOH,0,0,20,4.26,None,None,Soil10_T9,0.01945,0.1953529272,5436,90.6,3.8,0,Soil10_CE253_pH5.97,10_20cm,5.975,24.78941035,1.910709988,0,0,1.123947052,1.213903643,4.27,T9,16.2794106,1
D08,0,2,0,Soil10,Soil10_CE253,Slurry,HCl_NaOH,0,0,20,4.26,None,None,Soil10_T9,0.01985,0.1996388179,5436,90.6,3.8,0,Soil10_CE253_pH5.97,10_20cm,5.975,24.78941035,1.910709988,0,0,1.123947052,1.213903643,4.27,T9,16.63656815,2
D09,0,2,0,Soil10,Soil10_CE253,Slurry,HCl_NaOH,0,0,20,4.26,None,None,Soil10_T9,0.01995,0.2007102806,5436,90.6,3.8,0,Soil10_CE253_pH5.97,10_20cm,5.975,24.78941035,1.910709988,0,0,1.123947052,1.213903643,4.27,T9,16.72585671,3
A01,0,2,0,Soil6,Soil6_CE73,Slurry,HCl_NaOH,-70,-7,20,8.28,None,None,Soil6_T9,0.1878,2.16259741,5530,92.2,3.8,-0.00014,Soil6_CE73_pH5.4,10_20cm,5.405,26.9005848,1.928654971,-0.07258944815,-72.58944815,1.134502924,1.217914003,8.48,T9,180.2164508,1
A02,0,2,0,Soil6,Soil6_CE73,Slurry,HCl_NaOH,-40,-4,20,7.83,None,None,Soil6_T9,0.12095,1.386713787,5530,92.2,3.8,-0.00008,Soil6_CE73_pH5.4,10_20cm,5.405,26.9005848,1.928654971,-0.04147968466,-41.47968466,1.134502924,1.217914003,7.930930931,T9,115.5594822,1
A03,0,2,0,Soil6,Soil6_CE73,Slurry,HCl_NaOH,-26,-2.6,20,7.38,None,None,Soil6_T9,0.09075,1.033716743,5530,92.2,3.8,-0.000052,Soil6_CE73_pH5.4,10_20cm,5.405,26.9005848,1.928654971,-0.02696179503,-26.96179503,1.134502924,1.217914003,7.318318318,T9,86.14306191,1
A04,0,2,0,Soil6,Soil6_CE73,Slurry,HCl_NaOH,-21,-2.1,20,6.93,None,None,Soil6_T9,0.08405,0.9551899585,5530,92.2,3.8,-0.000042,Soil6_CE73_pH5.4,10_20cm,5.405,26.9005848,1.928654971,-0.02177683445,-21.77683445,1.134502924,1.217914003,6.933933934,T9,79.59916321,1
A05,0,2,0,Soil6,Soil6_CE73,Slurry,HCl_NaOH,-17,-1.7,20,6.48,None,None,Soil6_T9,0.058,0.6491317053,5530,92.2,3.8,-0.000034,Soil6_CE73_pH5.4,10_20cm,5.405,26.9005848,1.928654971,-0.01762886598,-17.62886598,1.134502924,1.217914003,6.501501502,T9,54.09430878,1
A06,0,2,0,Soil6,Soil6_CE73,Slurry,HCl_NaOH,-14,-1.4,20,6.03,None,None,Soil6_T9,0.04685,0.5177688984,5530,92.2,3.8,-0.000028,Soil6_CE73_pH5.4,10_20cm,5.405,26.9005848,1.928654971,-0.01451788963,-14.51788963,1.134502924,1.217914003,6.093093093,T9,43.1474082,1
A07,0,2,0,Soil6,Soil6_CE73,Slurry,HCl_NaOH,-11,-1.1,20,5.58,None,None,Soil6_T9,0.0509,0.5655089174,5530,92.2,3.8,-0.000022,Soil6_CE73_pH5.4,10_20cm,5.405,26.9005848,1.928654971,-0.01140691328,-11.40691328,1.134502924,1.217914003,5.492492492,T9,47.12574312,1
A08,0,2,0,Soil6,Soil6_CE73,Slurry,HCl_NaOH,-7,-0.7,20,5.13,None,None,Soil6_T9,0.0255,0.2656233475,5530,92.2,3.8,-0.000014,Soil6_CE73_pH5.4,10_20cm,5.405,26.9005848,1.928654971,-0.007258944815,-7.258944815,1.134502924,1.217914003,4.903903904,T9,22.13527896,1
A09,0,2,0,Soil6,Soil6_CE73,Slurry,HCl_NaOH,-4,-0.4,20,4.68,None,None,Soil6_T9,0.02245,0.2295365348,5530,92.2,3.8,-0.000008,Soil6_CE73_pH5.4,10_20cm,5.405,26.9005848,1.928654971,-0.004147968466,-4.147968466,1.134502924,1.217914003,4.627627628,T9,19.12804457,1
A10,0,2,0,Soil6,Soil6_CE73,Slurry,HCl_NaOH,7,0.7,20,3.78,None,None,Soil6_T9,0.01755,0.1715262893,5530,92.2,3.8,0.000014,Soil6_CE73_pH5.4,10_20cm,5.405,26.9005848,1.928654971,0.007258944815,7.258944815,1.134502924,1.217914003,3.846846847,T9,14.29385744,1
A11,0,2,0,Soil6,Soil6_CE73,Slurry,HCl_NaOH,22,2.2,20,3.33,None,None,Soil6_T9,0.019,0.1886970482,5530,92.2,3.8,0.000044,Soil6_CE73_pH5.4,10_20cm,5.405,26.9005848,1.928654971,0.02281382656,22.81382656,1.134502924,1.217914003,3.378378378,T9,15.72475402,1
A12,0,2,0,Soil6,Soil6_CE73,Slurry,HCl_NaOH,60,6,20,2.88,None,None,Soil6_T9,0.02405,0.248469387,5530,92.2,3.8,0.00012,Soil6_CE73_pH5.4,10_20cm,5.405,26.9005848,1.928654971,0.06221952699,62.21952699,1.134502924,1.217914003,2.82,T9,20.70578225,1
B01,0,2,0,Soil6,Soil6_CE73,Slurry,HCl_NaOH,-70,-7,20,8.28,None,None,Soil6_T9,0.2116,2.437030266,5530,92.2,3.8,-0.00014,Soil6_CE73_pH5.4,10_20cm,5.405,26.9005848,1.928654971,-0.07258944815,-72.58944815,1.134502924,1.217914003,8.48,T9,203.0858555,2
B02,0,2,0,Soil6,Soil6_CE73,Slurry,HCl_NaOH,-40,-4,20,7.83,None,None,Soil6_T9,0.15995,1.840272836,5530,92.2,3.8,-0.00008,Soil6_CE73_pH5.4,10_20cm,5.405,26.9005848,1.928654971,-0.04147968466,-41.47968466,1.134502924,1.217914003,7.930930931,T9,153.3560696,2
B03,0,2,0,Soil6,Soil6_CE73,Slurry,HCl_NaOH,-26,-2.6,20,7.38,None,None,Soil6_T9,0.12565,1.44151004,5530,92.2,3.8,-0.000052,Soil6_CE73_pH5.4,10_20cm,5.405,26.9005848,1.928654971,-0.02696179503,-26.96179503,1.134502924,1.217914003,7.318318318,T9,120.1258367,2
B04,0,2,0,Soil6,Soil6_CE73,Slurry,HCl_NaOH,-21,-2.1,20,6.93,None,None,Soil6_T9,0.1162,1.331296325,5530,92.2,3.8,-0.000042,Soil6_CE73_pH5.4,10_20cm,5.405,26.9005848,1.928654971,-0.02177683445,-21.77683445,1.134502924,1.217914003,6.933933934,T9,110.9413604,2
B05,0,2,0,Soil6,Soil6_CE73,Slurry,HCl_NaOH,-17,-1.7,20,6.48,None,None,Soil6_T9,0.08535,0.9704325749,5530,92.2,3.8,-0.000034,Soil6_CE73_pH5.4,10_20cm,5.405,26.9005848,1.928654971,-0.01762886598,-17.62886598,1.134502924,1.217914003,6.501501502,T9,80.86938124,2
B06,0,2,0,Soil6,Soil6_CE73,Slurry,HCl_NaOH,-14,-1.4,20,6.03,None,None,Soil6_T9,0.0707,0.7984902295,5530,92.2,3.8,-0.000028,Soil6_CE73_pH5.4,10_20cm,5.405,26.9005848,1.928654971,-0.01451788963,-14.51788963,1.134502924,1.217914003,6.093093093,T9,66.54085246,2
B07,0,2,0,Soil6,Soil6_CE73,Slurry,HCl_NaOH,-11,-1.1,20,5.58,None,None,Soil6_T9,0.05125,0.569633243,5530,92.2,3.8,-0.000022,Soil6_CE73_pH5.4,10_20cm,5.405,26.9005848,1.928654971,-0.01140691328,-11.40691328,1.134502924,1.217914003,5.492492492,T9,47.46943691,2
B08,0,2,0,Soil6,Soil6_CE73,Slurry,HCl_NaOH,-7,-0.7,20,5.13,None,None,Soil6_T9,0.04065,0.4446294031,5530,92.2,3.8,-0.000014,Soil6_CE73_pH5.4,10_20cm,5.405,26.9005848,1.928654971,-0.007258944815,-7.258944815,1.134502924,1.217914003,4.903903904,T9,37.05245025,2
B09,0,2,0,Soil6,Soil6_CE73,Slurry,HCl_NaOH,-4,-0.4,20,4.68,None,None,Soil6_T9,0.0245,0.2537934304,5530,92.2,3.8,-0.000008,Soil6_CE73_pH5.4,10_20cm,5.405,26.9005848,1.928654971,-0.004147968466,-4.147968466,1.134502924,1.217914003,4.627627628,T9,21.14945253,2
B10,0,2,0,Soil6,Soil6_CE73,Slurry,HCl_NaOH,7,0.7,20,3.78,None,None,Soil6_T9,0.0205,0.2064559544,5530,92.2,3.8,0.000014,Soil6_CE73_pH5.4,10_20cm,5.405,26.9005848,1.928654971,0.007258944815,7.258944815,1.134502924,1.217914003,3.846846847,T9,17.20466287,2
B11,0,2,0,Soil6,Soil6_CE73,Slurry,HCl_NaOH,22,2.2,20,3.33,None,None,Soil6_T9,0.01835,0.1810002756,5530,92.2,3.8,0.000044,Soil6_CE73_pH5.4,10_20cm,5.405,26.9005848,1.928654971,0.02281382656,22.81382656,1.134502924,1.217914003,3.378378378,T9,15.0833563,2
B12,0,2,0,Soil6,Soil6_CE73,Slurry,HCl_NaOH,60,6,20,2.88,None,None,Soil6_T9,0.0237,0.2443282151,5530,92.2,3.8,0.00012,Soil6_CE73_pH5.4,10_20cm,5.405,26.9005848,1.928654971,0.06221952699,62.21952699,1.134502924,1.217914003,2.82,T9,20.36068459,2
C01,0,2,0,Soil6,Soil6_CE73,Slurry,HCl_NaOH,-70,-7,20,8.28,None,None,Soil6_T9,0.16125,1.855347316,5530,92.2,3.8,-0.00014,Soil6_CE73_pH5.4,10_20cm,5.405,26.9005848,1.928654971,-0.07258944815,-72.58944815,1.134502924,1.217914003,8.48,T9,154.6122763,3
C02,0,2,0,Soil6,Soil6_CE73,Slurry,HCl_NaOH,-40,-4,20,7.83,None,None,Soil6_T9,0.10385,1.187030293,5530,92.2,3.8,-0.00008,Soil6_CE73_pH5.4,10_20cm,5.405,26.9005848,1.928654971,-0.04147968466,-41.47968466,1.134502924,1.217914003,7.930930931,T9,98.91919112,3
C03,0,2,0,Soil6,Soil6_CE73,Slurry,HCl_NaOH,-26,-2.6,20,7.38,None,None,Soil6_T9,0.0814,0.9241093986,5530,92.2,3.8,-0.000052,Soil6_CE73_pH5.4,10_20cm,5.405,26.9005848,1.928654971,-0.02696179503,-26.96179503,1.134502924,1.217914003,7.318318318,T9,77.00911655,3
C04,0,2,0,Soil6,Soil6_CE73,Slurry,HCl_NaOH,-21,-2.1,20,6.93,None,None,Soil6_T9,0.0807,0.9158974055,5530,92.2,3.8,-0.000042,Soil6_CE73_pH5.4,10_20cm,5.405,26.9005848,1.928654971,-0.02177683445,-21.77683445,1.134502924,1.217914003,6.933933934,T9,76.32478379,3
C05,0,2,0,Soil6,Soil6_CE73,Slurry,HCl_NaOH,-17,-1.7,20,6.48,None,None,Soil6_T9,0.0682,0.7691112244,5530,92.2,3.8,-0.000034,Soil6_CE73_pH5.4,10_20cm,5.405,26.9005848,1.928654971,-0.01762886598,-17.62886598,1.134502924,1.217914003,6.501501502,T9,64.09260204,3
C06,0,2,0,Soil6,Soil6_CE73,Slurry,HCl_NaOH,-14,-1.4,20,6.03,None,None,Soil6_T9,0.0552,0.6161642752,5530,92.2,3.8,-0.000028,Soil6_CE73_pH5.4,10_20cm,5.405,26.9005848,1.928654971,-0.01451788963,-14.51788963,1.134502924,1.217914003,6.093093093,T9,51.34702294,3
C07,0,2,0,Soil6,Soil6_CE73,Slurry,HCl_NaOH,-11,-1.1,20,5.58,None,None,Soil6_T9,0.04685,0.5177688984,5530,92.2,3.8,-0.000022,Soil6_CE73_pH5.4,10_20cm,5.405,26.9005848,1.928654971,-0.01140691328,-11.40691328,1.134502924,1.217914003,5.492492492,T9,43.1474082,3
C08,0,2,0,Soil6,Soil6_CE73,Slurry,HCl_NaOH,-7,-0.7,20,5.13,None,None,Soil6_T9,0.0373,0.4050822283,5530,92.2,3.8,-0.000014,Soil6_CE73_pH5.4,10_20cm,5.405,26.9005848,1.928654971,-0.007258944815,-7.258944815,1.134502924,1.217914003,4.903903904,T9,33.75685236,3
C09,0,2,0,Soil6,Soil6_CE73,Slurry,HCl_NaOH,-4,-0.4,20,4.68,None,None,Soil6_T9,0.02495,0.2591171133,5530,92.2,3.8,-0.000008,Soil6_CE73_pH5.4,10_20cm,5.405,26.9005848,1.928654971,-0.004147968466,-4.147968466,1.134502924,1.217914003,4.627627628,T9,21.59309278,3
C10,0,2,0,Soil6,Soil6_CE73,Slurry,HCl_NaOH,7,0.7,20,3.78,None,None,Soil6_T9,0.0169,0.1638278341,5530,92.2,3.8,0.000014,Soil6_CE73_pH5.4,10_20cm,5.405,26.9005848,1.928654971,0.007258944815,7.258944815,1.134502924,1.217914003,3.846846847,T9,13.65231951,3
C11,0,2,0,Soil6,Soil6_CE73,Slurry,HCl_NaOH,22,2.2,20,3.33,None,None,Soil6_T9,0.0149,0.1401355456,5530,92.2,3.8,0.000044,Soil6_CE73_pH5.4,10_20cm,5.405,26.9005848,1.928654971,0.02281382656,22.81382656,1.134502924,1.217914003,3.378378378,T9,11.67796213,3
C12,0,2,0,Soil6,Soil6_CE73,Slurry,HCl_NaOH,60,6,20,2.88,None,None,Soil6_T9,0.03045,0.3241552532,5530,92.2,3.8,0.00012,Soil6_CE73_pH5.4,10_20cm,5.405,26.9005848,1.928654971,0.06221952699,62.21952699,1.134502924,1.217914003,2.82,T9,27.01293777,3
D01,0,2,0,Soil6,Soil6_CE73,Slurry,HCl_NaOH,-70,-7,20,8.28,None,CHX,Soil6_T9,0.1966,2.264177193,5530,92.2,3.8,-0.00014,Soil6_CE73_pH5.4,10_20cm,5.405,26.9005848,1.928654971,-0.07258944815,-72.58944815,1.134502924,1.217914003,8.44,T9,188.6814327,1
D02,0,2,0,Soil6,Soil6_CE73,Slurry,HCl_NaOH,60,6,20,2.88,None,CHX,Soil6_T9,0.034,0.3661058922,5530,92.2,3.8,0.00012,Soil6_CE73_pH5.4,10_20cm,5.405,26.9005848,1.928654971,0.06221952699,62.21952699,1.134502924,1.217914003,2.957957958,T9,30.50882435,1
D03,0,2,0,Soil6,Soil6_CE73,Slurry,HCl_NaOH,0,0,20,4.23,None,CHX,Soil6_T9,0.0261,0.2727204438,5530,92.2,3.8,0,Soil6_CE73_pH5.4,10_20cm,5.405,26.9005848,1.928654971,0,0,1.134502924,1.217914003,4.339339339,T9,22.72670365,1
D04,0,0,0,Soil6,Soil6_CE73,No_Nitrate,No_Nitrate,0,0,20,4.23,None,None,Soil6_T9,0.0185,0.1827765208,5530,92.2,3.8,0,Soil6_CE73_pH5.4,10_20cm,5.405,26.9005848,1.928654971,0,0,1.134502924,1.217914003,4.247247247,T9,15.23137673,1
D05,0,0,0,Soil6,Soil6_CE73,No_Nitrate,No_Nitrate,0,0,20,4.23,None,None,Soil6_T9,0.0159,0.1519825833,5530,92.2,3.8,0,Soil6_CE73_pH5.4,10_20cm,5.405,26.9005848,1.928654971,0,0,1.134502924,1.217914003,4.247247247,T9,12.66521527,2
D06,0,0,0,Soil6,Soil6_CE73,No_Nitrate,No_Nitrate,0,0,20,4.23,None,None,Soil6_T9,0.0176,0.1721184469,5530,92.2,3.8,0,Soil6_CE73_pH5.4,10_20cm,5.405,26.9005848,1.928654971,0,0,1.134502924,1.217914003,4.247247247,T9,14.34320391,3
D07,0,2,0,Soil6,Soil6_CE73,Slurry,HCl_NaOH,0,0,20,4.23,None,None,Soil6_T9,0.0678,0.7644095716,5530,92.2,3.8,0,Soil6_CE73_pH5.4,10_20cm,5.405,26.9005848,1.928654971,0,0,1.134502924,1.217914003,4.25,T9,63.70079763,1
D08,0,2,0,Soil6,Soil6_CE73,Slurry,HCl_NaOH,0,0,20,4.23,None,None,Soil6_T9,0.01785,0.1750791681,5530,92.2,3.8,0,Soil6_CE73_pH5.4,10_20cm,5.405,26.9005848,1.928654971,0,0,1.134502924,1.217914003,4.25,T9,14.58993067,2
D09,0,2,0,Soil6,Soil6_CE73,Slurry,HCl_NaOH,0,0,20,4.23,None,None,Soil6_T9,0.01985,0.1987609212,5530,92.2,3.8,0,Soil6_CE73_pH5.4,10_20cm,5.405,26.9005848,1.928654971,0,0,1.134502924,1.217914003,4.25,T9,16.5634101,3
A01,0,2,0,Soil8,Soil8_CE56a,Slurry,HCl_NaOH,-95,-9.5,20,8.56,None,None,Soil8_T9,0.17735,2.026205417,5520,92,3.8,-0.00019,Soil8_CE56a_pH5.55,10_20cm,5.552,24.42563482,1.907617896,-0.09960065923,-99.60065923,1.122128174,1.213903643,8.57,T9,168.8504514,1
A02,0,2,0,Soil8,Soil8_CE56a,Slurry,HCl_NaOH,-40,-4,20,8.11,None,None,Soil8_T9,0.1056,1.198263552,5520,92,3.8,-0.00008,Soil8_CE56a_pH5.55,10_20cm,5.552,24.42563482,1.907617896,-0.04193711968,-41.93711968,1.122128174,1.213903643,8.111111111,T9,99.85529599,1
A03,0,2,0,Soil8,Soil8_CE56a,Slurry,HCl_NaOH,-22,-2.2,20,7.66,None,None,Soil8_T9,0.0729,0.8180368333,5520,92,3.8,-0.000044,Soil8_CE56a_pH5.55,10_20cm,5.552,24.42563482,1.907617896,-0.02306541582,-23.06541582,1.122128174,1.213903643,7.606606607,T9,68.16973611,1
A04,0,2,0,Soil8,Soil8_CE56a,Slurry,HCl_NaOH,-17,-1.7,20,7.21,None,None,Soil8_T9,0.0739,0.8296918213,5520,92,3.8,-0.000034,Soil8_CE56a_pH5.55,10_20cm,5.552,24.42563482,1.907617896,-0.01782327586,-17.82327586,1.122128174,1.213903643,7.198198198,T9,69.14098511,1
A05,0,2,0,Soil8,Soil8_CE56a,Slurry,HCl_NaOH,-13,-1.3,20,6.76,None,None,Soil8_T9,0.0647,0.7224006656,5520,92,3.8,-0.000026,Soil8_CE56a_pH5.55,10_20cm,5.552,24.42563482,1.907617896,-0.01362956389,-13.62956389,1.122128174,1.213903643,6.801801802,T9,60.20005547,1
A06,0,2,0,Soil8,Soil8_CE56a,Slurry,HCl_NaOH,-10,-1,20,6.31,None,None,Soil8_T9,0.06065,0.6751227228,5520,92,3.8,-0.00002,Soil8_CE56a_pH5.55,10_20cm,5.552,24.42563482,1.907617896,-0.01048427992,-10.48427992,1.122128174,1.213903643,6.261261261,T9,56.2602269,1
A07,0,2,0,Soil8,Soil8_CE56a,Slurry,HCl_NaOH,-8,-0.8,20,5.86,None,None,Soil8_T9,0.0574,0.6371630195,5520,92,3.8,-0.000016,Soil8_CE56a_pH5.55,10_20cm,5.552,24.42563482,1.907617896,-0.008387423935,-8.387423935,1.122128174,1.213903643,5.948948949,T9,53.09691829,1
A08,0,2,0,Soil8,Soil8_CE56a,Slurry,HCl_NaOH,-5,-0.5,20,5.41,None,None,Soil8_T9,0.0473,0.5190784869,5520,92,3.8,-0.00001,Soil8_CE56a_pH5.55,10_20cm,5.552,24.42563482,1.907617896,-0.005242139959,-5.242139959,1.122128174,1.213903643,5.252252252,T9,43.25654057,1
A09,0,2,0,Soil8,Soil8_CE56a,Slurry,HCl_NaOH,-2,-0.2,20,4.96,None,None,Soil8_T9,0.0385,0.4160475922,5520,92,3.8,-0.000004,Soil8_CE56a_pH5.55,10_20cm,5.552,24.42563482,1.907617896,-0.002096855984,-2.096855984,1.122128174,1.213903643,4.6996997,T9,34.67063269,1
A10,0,2,0,Soil8,Soil8_CE56a,Slurry,HCl_NaOH,4,0.4,20,4.06,None,None,Soil8_T9,0.0388,0.419562244,5520,92,3.8,0.000008,Soil8_CE56a_pH5.55,10_20cm,5.552,24.42563482,1.907617896,0.004193711968,4.193711968,1.122128174,1.213903643,4.135135135,T9,34.96352033,1
A11,0,2,0,Soil8,Soil8_CE56a,Slurry,HCl_NaOH,10,1,20,3.61,None,None,Soil8_T9,0.0414,0.4500159449,5520,92,3.8,0.00002,Soil8_CE56a_pH5.55,10_20cm,5.552,24.42563482,1.907617896,0.01048427992,10.48427992,1.122128174,1.213903643,3.702702703,T9,37.50132874,1
A12,0,2,0,Soil8,Soil8_CE56a,Slurry,HCl_NaOH,30,3,20,3.16,None,None,Soil8_T9,0.04025,0.4365475011,5520,92,3.8,0.00006,Soil8_CE56a_pH5.55,10_20cm,5.552,24.42563482,1.907617896,0.03145283976,31.45283976,1.122128174,1.213903643,3.22,T9,36.37895842,1
B01,0,2,0,Soil8,Soil8_CE56a,Slurry,HCl_NaOH,-95,-9.5,20,8.56,None,None,Soil8_T9,0.1598,1.82448692,5520,92,3.8,-0.00019,Soil8_CE56a_pH5.55,10_20cm,5.552,24.42563482,1.907617896,-0.09960065923,-99.60065923,1.122128174,1.213903643,8.57,T9,152.0405767,2
B02,0,2,0,Soil8,Soil8_CE56a,Slurry,HCl_NaOH,-40,-4,20,8.11,None,None,Soil8_T9,0.08815,0.9955880463,5520,92,3.8,-0.00008,Soil8_CE56a_pH5.55,10_20cm,5.552,24.42563482,1.907617896,-0.04193711968,-41.93711968,1.122128174,1.213903643,8.111111111,T9,82.96567052,2
B03,0,2,0,Soil8,Soil8_CE56a,Slurry,HCl_NaOH,-22,-2.2,20,7.66,None,None,Soil8_T9,0.0644,0.7188995722,5520,92,3.8,-0.000044,Soil8_CE56a_pH5.55,10_20cm,5.552,24.42563482,1.907617896,-0.02306541582,-23.06541582,1.122128174,1.213903643,7.606606607,T9,59.90829768,2
B04,0,2,0,Soil8,Soil8_CE56a,Slurry,HCl_NaOH,-17,-1.7,20,7.21,None,None,Soil8_T9,0.05975,0.6646126439,5520,92,3.8,-0.000034,Soil8_CE56a_pH5.55,10_20cm,5.552,24.42563482,1.907617896,-0.01782327586,-17.82327586,1.122128174,1.213903643,7.198198198,T9,55.38438699,2
B05,0,2,0,Soil8,Soil8_CE56a,Slurry,HCl_NaOH,-13,-1.3,20,6.76,None,None,Soil8_T9,0.0546,0.6044445348,5520,92,3.8,-0.000026,Soil8_CE56a_pH5.55,10_20cm,5.552,24.42563482,1.907617896,-0.01362956389,-13.62956389,1.122128174,1.213903643,6.801801802,T9,50.3703779,2
B06,0,2,0,Soil8,Soil8_CE56a,Slurry,HCl_NaOH,-10,-1,20,6.31,None,None,Soil8_T9,0.0508,0.5600190215,5520,92,3.8,-0.00002,Soil8_CE56a_pH5.55,10_20cm,5.552,24.42563482,1.907617896,-0.01048427992,-10.48427992,1.122128174,1.213903643,6.261261261,T9,46.66825179,2
B07,0,2,0,Soil8,Soil8_CE56a,Slurry,HCl_NaOH,-8,-0.8,20,5.86,None,None,Soil8_T9,0.0463,0.5073772591,5520,92,3.8,-0.000016,Soil8_CE56a_pH5.55,10_20cm,5.552,24.42563482,1.907617896,-0.008387423935,-8.387423935,1.122128174,1.213903643,5.948948949,T9,42.28143825,2
B08,0,2,0,Soil8,Soil8_CE56a,Slurry,HCl_NaOH,-5,-0.5,20,5.41,None,None,Soil8_T9,0.0386,0.4172191604,5520,92,3.8,-0.00001,Soil8_CE56a_pH5.55,10_20cm,5.552,24.42563482,1.907617896,-0.005242139959,-5.242139959,1.122128174,1.213903643,5.252252252,T9,34.76826336,2
B09,0,2,0,Soil8,Soil8_CE56a,Slurry,HCl_NaOH,-2,-0.2,20,4.96,None,None,Soil8_T9,0.04405,0.4810431002,5520,92,3.8,-0.000004,Soil8_CE56a_pH5.55,10_20cm,5.552,24.42563482,1.907617896,-0.002096855984,-2.096855984,1.122128174,1.213903643,4.6996997,T9,40.08692501,2
B10,0,2,0,Soil8,Soil8_CE56a,Slurry,HCl_NaOH,4,0.4,20,4.06,None,None,Soil8_T9,0.03085,0.3263705401,5520,92,3.8,0.000008,Soil8_CE56a_pH5.55,10_20cm,5.552,24.42563482,1.907617896,0.004193711968,4.193711968,1.122128174,1.213903643,4.135135135,T9,27.197545,2
B11,0,2,0,Soil8,Soil8_CE56a,Slurry,HCl_NaOH,10,1,20,3.61,None,None,Soil8_T9,0.03645,0.3920265764,5520,92,3.8,0.00002,Soil8_CE56a_pH5.55,10_20cm,5.552,24.42563482,1.907617896,0.01048427992,10.48427992,1.122128174,1.213903643,3.702702703,T9,32.66888137,2
B12,0,2,0,Soil8,Soil8_CE56a,Slurry,HCl_NaOH,30,3,20,3.16,None,None,Soil8_T9,0.0478,0.5249284451,5520,92,3.8,0.00006,Soil8_CE56a_pH5.55,10_20cm,5.552,24.42563482,1.907617896,0.03145283976,31.45283976,1.122128174,1.213903643,3.22,T9,43.74403709,2
C01,0,2,0,Soil8,Soil8_CE56a,Slurry,HCl_NaOH,-95,-9.5,20,8.56,None,None,Soil8_T9,0.1632,1.863606186,5520,92,3.8,-0.00019,Soil8_CE56a_pH5.55,10_20cm,5.552,24.42563482,1.907617896,-0.09960065923,-99.60065923,1.122128174,1.213903643,8.57,T9,155.3005155,3
C02,0,2,0,Soil8,Soil8_CE56a,Slurry,HCl_NaOH,-40,-4,20,8.11,None,None,Soil8_T9,0.0927,1.048484888,5520,92,3.8,-0.00008,Soil8_CE56a_pH5.55,10_20cm,5.552,24.42563482,1.907617896,-0.04193711968,-41.93711968,1.122128174,1.213903643,8.111111111,T9,87.37374067,3
C03,0,2,0,Soil8,Soil8_CE56a,Slurry,HCl_NaOH,-22,-2.2,20,7.66,None,None,Soil8_T9,0.07525,0.8454233147,5520,92,3.8,-0.000044,Soil8_CE56a_pH5.55,10_20cm,5.552,24.42563482,1.907617896,-0.02306541582,-23.06541582,1.122128174,1.213903643,7.606606607,T9,70.45194289,3
C04,0,2,0,Soil8,Soil8_CE56a,Slurry,HCl_NaOH,-17,-1.7,20,7.21,None,None,Soil8_T9,0.06505,0.7264850772,5520,92,3.8,-0.000034,Soil8_CE56a_pH5.55,10_20cm,5.552,24.42563482,1.907617896,-0.01782327586,-17.82327586,1.122128174,1.213903643,7.198198198,T9,60.5404231,3
C05,0,2,0,Soil8,Soil8_CE56a,Slurry,HCl_NaOH,-13,-1.3,20,6.76,None,None,Soil8_T9,0.05845,0.6494289325,5520,92,3.8,-0.000026,Soil8_CE56a_pH5.55,10_20cm,5.552,24.42563482,1.907617896,-0.01362956389,-13.62956389,1.122128174,1.213903643,6.801801802,T9,54.11907771,3
C06,0,2,0,Soil8,Soil8_CE56a,Slurry,HCl_NaOH,-10,-1,20,6.31,None,None,Soil8_T9,0.0573,0.6359947373,5520,92,3.8,-0.00002,Soil8_CE56a_pH5.55,10_20cm,5.552,24.42563482,1.907617896,-0.01048427992,-10.48427992,1.122128174,1.213903643,6.261261261,T9,52.99956144,3
C07,0,2,0,Soil8,Soil8_CE56a,Slurry,HCl_NaOH,-8,-0.8,20,5.86,None,None,Soil8_T9,0.0516,0.5693738543,5520,92,3.8,-0.000016,Soil8_CE56a_pH5.55,10_20cm,5.552,24.42563482,1.907617896,-0.008387423935,-8.387423935,1.122128174,1.213903643,5.948948949,T9,47.4478212,3
C08,0,2,0,Soil8,Soil8_CE56a,Slurry,HCl_NaOH,-5,-0.5,20,5.41,None,None,Soil8_T9,0.03965,0.4295195662,5520,92,3.8,-0.00001,Soil8_CE56a_pH5.55,10_20cm,5.552,24.42563482,1.907617896,-0.005242139959,-5.242139959,1.122128174,1.213903643,5.252252252,T9,35.79329718,3
C09,0,2,0,Soil8,Soil8_CE56a,Slurry,HCl_NaOH,-2,-0.2,20,4.96,None,None,Soil8_T9,0.03155,0.3345805623,5520,92,3.8,-0.000004,Soil8_CE56a_pH5.55,10_20cm,5.552,24.42563482,1.907617896,-0.002096855984,-2.096855984,1.122128174,1.213903643,4.6996997,T9,27.88171353,3
C10,0,2,0,Soil8,Soil8_CE56a,Slurry,HCl_NaOH,4,0.4,20,4.06,None,None,Soil8_T9,0.0297,0.3128807726,5520,92,3.8,0.000008,Soil8_CE56a_pH5.55,10_20cm,5.552,24.42563482,1.907617896,0.004193711968,4.193711968,1.122128174,1.213903643,4.135135135,T9,26.07339772,3
C11,0,2,0,Soil8,Soil8_CE56a,Slurry,HCl_NaOH,10,1,20,3.61,None,None,Soil8_T9,0.02965,0.3122942081,5520,92,3.8,0.00002,Soil8_CE56a_pH5.55,10_20cm,5.552,24.42563482,1.907617896,0.01048427992,10.48427992,1.122128174,1.213903643,3.702702703,T9,26.02451734,3
C12,0,2,0,Soil8,Soil8_CE56a,Slurry,HCl_NaOH,30,3,20,3.16,None,None,Soil8_T9,0.03705,0.3990578815,5520,92,3.8,0.00006,Soil8_CE56a_pH5.55,10_20cm,5.552,24.42563482,1.907617896,0.03145283976,31.45283976,1.122128174,1.213903643,3.22,T9,33.25482346,3
D01,0,2,0,Soil8,Soil8_CE56a,Slurry,HCl_NaOH,-95,-9.5,20,8.56,None,CHX,Soil8_T9,0.16695,1.906730166,5520,92,3.8,-0.00019,Soil8_CE56a_pH5.55,10_20cm,5.552,24.42563482,1.907617896,-0.09960065923,-99.60065923,1.122128174,1.213903643,8.56,T9,158.8941805,1
D02,0,2,0,Soil8,Soil8_CE56a,Slurry,HCl_NaOH,30,3,20,3.16,None,CHX,Soil8_T9,0.03825,0.4131185951,5520,92,3.8,0.00006,Soil8_CE56a_pH5.55,10_20cm,5.552,24.42563482,1.907617896,0.03145283976,31.45283976,1.122128174,1.213903643,3.186186186,T9,34.42654959,1
D03,0,2,0,Soil8,Soil8_CE56a,Slurry,HCl_NaOH,0,0,20,4.51,None,CHX,Soil8_T9,0.03475,0.37210111,5520,92,3.8,0,Soil8_CE56a_pH5.55,10_20cm,5.552,24.42563482,1.907617896,0,0,1.122128174,1.213903643,4.543543544,T9,31.00842583,1
D04,0,0,0,Soil8,Soil8_CE56a,No_Nitrate,No_Nitrate,0,0,20,4.51,None,None,Soil8_T9,0.0283,0.2964553014,5520,92,3.8,0,Soil8_CE56a_pH5.55,10_20cm,5.552,24.42563482,1.907617896,0,0,1.122128174,1.213903643,4.443443443,T9,24.70460845,1
D05,0,0,0,Soil8,Soil8_CE56a,No_Nitrate,No_Nitrate,0,0,20,4.51,None,None,Soil8_T9,0.02845,0.2982153386,5520,92,3.8,0,Soil8_CE56a_pH5.55,10_20cm,5.552,24.42563482,1.907617896,0,0,1.122128174,1.213903643,4.443443443,T9,24.85127822,2
D06,0,0,0,Soil8,Soil8_CE56a,No_Nitrate,No_Nitrate,0,0,20,4.51,None,None,Soil8_T9,0.03115,0.3298892267,5520,92,3.8,0,Soil8_CE56a_pH5.55,10_20cm,5.552,24.42563482,1.907617896,0,0,1.122128174,1.213903643,4.443443443,T9,27.49076889,3
D07,0,2,0,Soil8,Soil8_CE56a,Slurry,HCl_NaOH,0,0,20,4.51,None,None,Soil8_T9,0.0326,0.3468939782,5520,92,3.8,0,Soil8_CE56a_pH5.55,10_20cm,5.552,24.42563482,1.907617896,0,0,1.122128174,1.213903643,4.426666667,T9,28.90783151,1
D08,0,2,0,Soil8,Soil8_CE56a,Slurry,HCl_NaOH,0,0,20,4.51,None,None,Soil8_T9,0.03345,0.3568605603,5520,92,3.8,0,Soil8_CE56a_pH5.55,10_20cm,5.552,24.42563482,1.907617896,0,0,1.122128174,1.213903643,4.426666667,T9,29.73838003,2
D09,0,2,0,Soil8,Soil8_CE56a,Slurry,HCl_NaOH,0,0,20,4.51,None,None,Soil8_T9,0.03315,0.3533430883,5520,92,3.8,0,Soil8_CE56a_pH5.55,10_20cm,5.552,24.42563482,1.907617896,0,0,1.122128174,1.213903643,4.426666667,T9,29.44525735,3
D10,2,0,0,Soil17,Soil17_Neutral3,Nitrite_Blank,Nitrite,0,0,20,None,None,None,Soil17_T9,0.0106,0.1120681069,5530,92.2,3.8,0,Soil17_Neutral3_pH7.05,10_20cm,7.052,23.7804878,1.902134146,0,0,1.118902439,1.188815209,,T9,9.339008908,1
D11,0,2,0,Soil17,Soil17_Neutral3,Nitrate_Blank,Nitrate,0,0,20,None,None,None,Soil17_T9,0.00965,0.1026545892,5530,92.2,3.8,0,Soil17_Neutral3_pH7.05,10_20cm,7.052,23.7804878,1.902134146,0,0,1.118902439,1.188815209,,T9,8.554549097,2
D12,0,0,2,Soil17,Soil17_Neutral3,Ammonium_Blank,Ammonium,0,0,20,None,None,None,Soil17_T9,0.01045,0.1105817653,5530,92.2,3.8,0,Soil17_Neutral3_pH7.05,10_20cm,7.052,23.7804878,1.902134146,0,0,1.118902439,1.188815209,,T9,9.215147108,3
A12,2,0,0,Soil20,Soil20_CE251,Nitrite_Blank,Nitrite,0,0,20,4.43,None,None,Soil20_T9,0.0104,0.1019558188,5480,91.3,3.8,0,Soil20_CE251_pH8.32,10_20cm,8.323,23.31288344,1.898159509,0,0,1.116564417,1.283617654,,T9,8.496318235,1
B12,0,2,0,Soil20,Soil20_CE251,Nitrate_Blank,Nitrate,0,0,20,4.43,None,None,Soil20_T9,0.00445,0.04735105944,5480,91.3,3.8,0,Soil20_CE251_pH8.32,10_20cm,8.323,23.31288344,1.898159509,0,0,1.116564417,1.283617654,,T9,3.94592162,2
C12,0,0,2,Soil20,Soil20_CE251,Ammonium_Blank,Ammonium,0,0,20,4.43,None,None,Soil20_T9,0.0076,0.07625968653,5480,91.3,3.8,0,Soil20_CE251_pH8.32,10_20cm,8.323,23.31288344,1.898159509,0,0,1.116564417,1.283617654,,T9,6.354973878,3
D10,2,0,0,Soil19,Soil19_Neutral4,Nitrite_Blank,Nitrite,0,0,20,None,None,None,Soil19_T9,0.0099,0.09736725311,5480,91.3,3.8,0,Soil19_Neutral4_pH8.23,10_20cm,8.232,23.87332521,1.902923264,0,0,1.119366626,1.283617654,,T9,8.11393776,1
D11,0,2,0,Soil19,Soil19_Neutral4,Nitrate_Blank,Nitrate,0,0,20,None,None,None,Soil19_T9,0.005,0.05239863399,5480,91.3,3.8,0,Soil19_Neutral4_pH8.23,10_20cm,8.232,23.87332521,1.902923264,0,0,1.119366626,1.283617654,,T9,4.366552833,2
D12,0,0,2,Soil19,Soil19_Neutral4,Ammonium_Blank,Ammonium,0,0,20,None,None,None,Soil19_T9,0.0068,0.06891786096,5480,91.3,3.8,0,Soil19_Neutral4_pH8.23,10_20cm,8.232,23.87332521,1.902923264,0,0,1.119366626,1.283617654,,T9,5.74315508,3
D10,2,0,0,Soil15,Soil15_Neutral5,Nitrite_Blank,Nitrite,0,0,20,None,None,None,Soil15_T9,0.02455,0.206278168,5550,92.5,3.9,0,Soil15_Neutral5_pH6.79,10_20cm,6.789,24.24242424,1.906060606,0,0,1.121212121,1.288461828,,T9,17.18984733,1
D11,0,2,0,Soil15,Soil15_Neutral5,Nitrate_Blank,Nitrate,0,0,20,None,None,None,Soil15_T9,0.0241,0.2023057782,5550,92.5,3.9,0,Soil15_Neutral5_pH6.79,10_20cm,6.789,24.24242424,1.906060606,0,0,1.121212121,1.288461828,,T9,16.85881485,2
D12,0,0,2,Soil15,Soil15_Neutral5,Ammonium_Blank,Ammonium,0,0,20,None,None,None,Soil15_T9,0.0238,0.1996575836,5550,92.5,3.9,0,Soil15_Neutral5_pH6.79,10_20cm,6.789,24.24242424,1.906060606,0,0,1.121212121,1.288461828,,T9,16.63813197,3
D10,2,0,0,Soil18,Soil18_Neutral1,Nitrite_Blank,Nitrite,0,0,20,None,None,None,Soil18_T9,0.00895,0.07439041071,5430,90.5,3.8,0,Soil18_Neutral1_pH7.68,10_20cm,7.681,24.24242424,1.906060606,0,0,1.121212121,1.188815209,,T9,6.199200892,1
D11,0,2,0,Soil18,Soil18_Neutral1,Nitrate_Blank,Nitrate,0,0,20,None,None,None,Soil18_T9,0.0083,0.06817797834,5430,90.5,3.8,0,Soil18_Neutral1_pH7.68,10_20cm,7.681,24.24242424,1.906060606,0,0,1.121212121,1.188815209,,T9,5.681498195,2
D12,0,0,2,Soil18,Soil18_Neutral1,Ammonium_Blank,Ammonium,0,0,20,None,None,None,Soil18_T9,0.0071,0.05670956906,5430,90.5,3.8,0,Soil18_Neutral1_pH7.68,10_20cm,7.681,24.24242424,1.906060606,0,0,1.121212121,1.188815209,,T9,4.725797422,3
D10,2,0,0,Soil14,Soil14_Neutral2,Nitrite_Blank,Nitrite,0,0,20,None,None,None,Soil14_T9,0.0195,0.149300785,5460,91,3.8,0,Soil14_Neutral2_pH6.54,10_20cm,6.545,26.03550296,1.921301775,0,0,1.130177515,1.234836021,,T9,12.44173209,1
D11,0,2,0,Soil14,Soil14_Neutral2,Nitrate_Blank,Nitrate,0,0,20,None,None,None,Soil14_T9,0.0148,0.1101531578,5460,91,3.8,0,Soil14_Neutral2_pH6.54,10_20cm,6.545,26.03550296,1.921301775,0,0,1.130177515,1.234836021,,T9,9.179429815,2
D12,0,0,2,Soil14,Soil14_Neutral2,Ammonium_Blank,Ammonium,0,0,20,None,None,None,Soil14_T9,0.019,0.1451363046,5460,91,3.8,0,Soil14_Neutral2_pH6.54,10_20cm,6.545,26.03550296,1.921301775,0,0,1.130177515,1.234836021,,T9,12.09469205,3
D10,2,0,0,Soil16,Soil16_Neutral6,Nitrite_Blank,Nitrite,0,0,20,None,None,None,Soil16_T9,0.01415,0.1003796246,5472,91.2,3.8,0,Soil16_Neutral6_pH6.86,10_20cm,6.86,24.05832321,1.904495747,0,0,1.120291616,1.288461828,,T9,8.364968716,1
D11,0,2,0,Soil16,Soil16_Neutral6,Nitrate_Blank,Nitrate,0,0,20,None,None,None,Soil16_T9,0.0115,0.07922400601,5472,91.2,3.8,0,Soil16_Neutral6_pH6.86,10_20cm,6.86,24.05832321,1.904495747,0,0,1.120291616,1.288461828,,T9,6.602000501,2
D12,0,0,2,Soil16,Soil16_Neutral6,Ammonium_Blank,Ammonium,0,0,20,None,None,None,Soil16_T9,0.0195,0.1430868834,5472,91.2,3.8,0,Soil16_Neutral6_pH6.86,10_20cm,6.86,24.05832321,1.904495747,0,0,1.120291616,1.288461828,,T9,11.92390695,3
D10,2,0,0,Soil11,Soil11_CE234,Nitrite_Blank,Nitrite,0,0,20,None,None,None,Soil11_T9,0.01825,0.1581742633,5535,92.2,3.8,0,Soil11_CE234_pH6.19,10_20cm,6.186,25.1497006,1.913772455,0,0,1.125748503,1.22703048,,T9,13.18118861,1
D11,0,2,0,Soil11,Soil11_CE234,Nitrate_Blank,Nitrate,0,0,20,None,None,None,Soil11_T9,0.0133,0.1098883731,5535,92.2,3.8,0,Soil11_CE234_pH6.19,10_20cm,6.186,25.1497006,1.913772455,0,0,1.125748503,1.22703048,,T9,9.157364423,2
D12,0,0,2,Soil11,Soil11_CE234,Ammonium_Blank,Ammonium,0,0,20,None,None,None,Soil11_T9,0.013,0.106961947,5535,92.2,3.8,0,Soil11_CE234_pH6.19,10_20cm,6.186,25.1497006,1.913772455,0,0,1.125748503,1.22703048,,T9,8.913495582,3
D10,2,0,0,Soil13,Soil13_Neutral7,Nitrite_Blank,Nitrite,0,0,20,None,None,None,Soil13_T9,0.0131,0.1072551376,5530,92.2,3.8,0,Soil13_Neutral7_pH6.43,10_20cm,6.435,25.05995204,1.913009592,0,0,1.12529976,1.234836021,,T9,8.937928132,1
D11,0,2,0,Soil13,Soil13_Neutral7,Nitrate_Blank,Nitrate,0,0,20,None,None,None,Soil13_T9,0.01175,0.09416945195,5530,92.2,3.8,0,Soil13_Neutral7_pH6.43,10_20cm,6.435,25.05995204,1.913009592,0,0,1.12529976,1.234836021,,T9,7.847454329,2
D12,0,0,2,Soil13,Soil13_Neutral7,Ammonium_Blank,Ammonium,0,0,20,None,None,None,Soil13_T9,0.0121,0.09756203899,5530,92.2,3.8,0,Soil13_Neutral7_pH6.43,10_20cm,6.435,25.05995204,1.913009592,0,0,1.12529976,1.234836021,,T9,8.130169916,3
D10,2,0,0,Soil5,Soil5_CE201,Nitrite_Blank,Nitrite,0,0,20,None,None,None,Soil5_T9,0.00915,0.08865442848,5480,91.3,3.8,0,Soil5_CE201_pH5.32,10_20cm,5.324,25.1497006,1.913772455,0,0,1.125748503,1.202267654,,T9,7.38786904,1
D11,0,2,0,Soil5,Soil5_CE201,Nitrate_Blank,Nitrate,0,0,20,None,None,None,Soil5_T9,0.00775,0.07495687343,5480,91.3,3.8,0,Soil5_CE201_pH5.32,10_20cm,5.324,25.1497006,1.913772455,0,0,1.125748503,1.202267654,,T9,6.246406119,2
D12,0,0,2,Soil5,Soil5_CE201,Ammonium_Blank,Ammonium,0,0,20,None,None,None,Soil5_T9,0.00795,0.07691371933,5480,91.3,3.8,0,Soil5_CE201_pH5.32,10_20cm,5.324,25.1497006,1.913772455,0,0,1.125748503,1.202267654,,T9,6.409476611,3
D10,2,0,0,Soil12,Soil12_CE229,Nitrite_Blank,Nitrite,0,0,20,None,None,None,Soil12_T9,0.00795,0.07536151575,5460,91,3.8,0,Soil12_CE229_pH6.26,10_20cm,6.255,24.24242424,1.906060606,0,0,1.121212121,1.22703048,,T9,6.280126312,1
D11,0,2,0,Soil12,Soil12_CE229,Nitrate_Blank,Nitrate,0,0,20,None,None,None,Soil12_T9,0.0039,0.03653175404,5460,91,3.8,0,Soil12_CE229_pH6.26,10_20cm,6.255,24.24242424,1.906060606,0,0,1.121212121,1.22703048,,T9,3.044312836,2
D12,0,0,2,Soil12,Soil12_CE229,Ammonium_Blank,Ammonium,0,0,20,None,None,None,Soil12_T9,0.01145,0.1089124554,5460,91,3.8,0,Soil12_CE229_pH6.26,10_20cm,6.255,24.24242424,1.906060606,0,0,1.121212121,1.22703048,,T9,9.076037947,3
D10,2,0,0,Soil3,Soil3_CE239,Nitrite_Blank,Nitrite,0,0,20,None,None,None,Soil3_T9,0.01455,0.1347562398,5546,92.4,3.9,0,Soil3_CE239_pH4.99,10_20cm,4.987,24.78941035,1.910709988,0,0,1.123947052,1.202267654,,T9,11.22968665,1
D11,0,2,0,Soil3,Soil3_CE239,Nitrate_Blank,Nitrate,0,0,20,None,None,None,Soil3_T9,0.01315,0.1207562496,5546,92.4,3.9,0,Soil3_CE239_pH4.99,10_20cm,4.987,24.78941035,1.910709988,0,0,1.123947052,1.202267654,,T9,10.0630208,2
D12,0,0,2,Soil3,Soil3_CE239,Ammonium_Blank,Ammonium,0,0,20,None,None,None,Soil3_T9,0.01195,0.1087548882,5546,92.4,3.9,0,Soil3_CE239_pH4.99,10_20cm,4.987,24.78941035,1.910709988,0,0,1.123947052,1.202267654,,T9,9.062907349,3
D10,2,0,0,Soil10,Soil10_CE253,Nitrite_Blank,Nitrite,0,0,20,None,None,None,Soil10_T9,0.00845,0.06892313416,5436,90.6,3.8,0,Soil10_CE253_pH5.97,10_20cm,5.975,24.78941035,1.910709988,0,0,1.123947052,1.213903643,,T9,5.743594513,1
D11,0,2,0,Soil10,Soil10_CE253,Nitrate_Blank,Nitrate,0,0,20,None,None,None,Soil10_T9,0.0053,0.03887952478,5436,90.6,3.8,0,Soil10_CE253_pH5.97,10_20cm,5.975,24.78941035,1.910709988,0,0,1.123947052,1.213903643,,T9,3.239960398,2
D12,0,0,2,Soil10,Soil10_CE253,Ammonium_Blank,Ammonium,0,0,20,None,None,None,Soil10_T9,0.0057,0.04269478145,5436,90.6,3.8,0,Soil10_CE253_pH5.97,10_20cm,5.975,24.78941035,1.910709988,0,0,1.123947052,1.213903643,,T9,3.557898454,3
D10,2,0,0,Soil6,Soil6_CE73,Nitrite_Blank,Nitrite,0,0,20,None,None,None,Soil6_T9,0.0102,0.07442070658,5530,92.2,3.8,0,Soil6_CE73_pH5.4,10_20cm,5.405,26.9005848,1.928654971,0,0,1.134502924,1.217914003,,T9,6.201725548,1
D11,0,2,0,Soil6,Soil6_CE73,Nitrate_Blank,Nitrate,0,0,20,None,None,None,Soil6_T9,0.00785,0.04985721496,5530,92.2,3.8,0,Soil6_CE73_pH5.4,10_20cm,5.405,26.9005848,1.928654971,0,0,1.134502924,1.217914003,,T9,4.154767913,2
D12,0,0,2,Soil6,Soil6_CE73,Ammonium_Blank,Ammonium,0,0,20,None,None,None,Soil6_T9,0.008,0.05142535813,5530,92.2,3.8,0,Soil6_CE73_pH5.4,10_20cm,5.405,26.9005848,1.928654971,0,0,1.134502924,1.217914003,,T9,4.285446511,3
D10,2,0,0,Soil8,Soil8_CE56a,Nitrite_Blank,Nitrite,0,0,20,None,None,None,Soil8_T9,0.0243,0.2223510097,5520,92,3.8,0,Soil8_CE56a_pH5.55,10_20cm,5.552,24.42563482,1.907617896,0,0,1.122128174,1.213903643,,T9,18.52925081,1
D11,0,2,0,Soil8,Soil8_CE56a,Nitrate_Blank,Nitrate,0,0,20,None,None,None,Soil8_T9,0.0238,0.217119337,5520,92,3.8,0,Soil8_CE56a_pH5.55,10_20cm,5.552,24.42563482,1.907617896,0,0,1.122128174,1.213903643,,T9,18.09327809,2
D12,0,0,2,Soil8,Soil8_CE56a,Ammonium_Blank,Ammonium,0,0,20,None,None,None,Soil8_T9,0.0237,0.2160729552,5520,92,3.8,0,Soil8_CE56a_pH5.55,10_20cm,5.552,24.42563482,1.907617896,0,0,1.122128174,1.213903643,,T9,18.0060796,3
A01,0,2,0,Soil17,Soil17_Neutral3,Slurry,HCl_NaOH,-100,-10,20,8.85,None,None,Soil17_T0,0.0254,0.3441336542,0,0,0,-0.0002,Soil17_Neutral3_pH7.05,10_20cm,7.052,23.7804878,1.902134146,-0.1051450553,-105.1450553,1.118902439,1.188815209,8.45,T0,28.67780452,1
A02,0,2,0,Soil17,Soil17_Neutral3,Slurry,HCl_NaOH,-40,-4,20,8.4,None,None,Soil17_T0,0.02055,0.280212351,0,0,0,-0.00008,Soil17_Neutral3_pH7.05,10_20cm,7.052,23.7804878,1.902134146,-0.04205802212,-42.05802212,1.118902439,1.188815209,8.339339339,T0,23.35102925,1
A03,0,2,0,Soil17,Soil17_Neutral3,Slurry,HCl_NaOH,-4,-0.4,20,7.95,None,None,Soil17_T0,0.00585,0.08646096323,0,0,0,-0.000008,Soil17_Neutral3_pH7.05,10_20cm,7.052,23.7804878,1.902134146,-0.004205802212,-4.205802212,1.118902439,1.188815209,7.942942943,T0,7.205080269,1
A04,0,2,0,Soil17,Soil17_Neutral3,Slurry,HCl_NaOH,6,0.6,20,7.05,None,None,Soil17_T0,0.00895,0.1273214173,0,0,0,0.000012,Soil17_Neutral3_pH7.05,10_20cm,7.052,23.7804878,1.902134146,0.006308703318,6.308703318,1.118902439,1.188815209,6.621621622,T0,10.61011811,1
A05,0,2,0,Soil17,Soil17_Neutral3,Slurry,HCl_NaOH,10,1,20,6.6,None,None,Soil17_T0,0.0129,0.1793845236,0,0,0,0.00002,Soil17_Neutral3_pH7.05,10_20cm,7.052,23.7804878,1.902134146,0.01051450553,10.51450553,1.118902439,1.188815209,6.201201201,T0,14.9487103,1
A06,0,2,0,Soil17,Soil17_Neutral3,Slurry,HCl_NaOH,13,1.3,20,6.15,None,None,Soil17_T0,0.0128,0.1780664844,0,0,0,0.000026,Soil17_Neutral3_pH7.05,10_20cm,7.052,23.7804878,1.902134146,0.01366885719,13.66885719,1.118902439,1.188815209,5.852852853,T0,14.8388737,1
A07,0,2,0,Soil17,Soil17_Neutral3,Slurry,HCl_NaOH,16,1.6,20,5.7,None,None,Soil17_T0,0.0181,0.2479215529,0,0,0,0.000032,Soil17_Neutral3_pH7.05,10_20cm,7.052,23.7804878,1.902134146,0.01682320885,16.82320885,1.118902439,1.188815209,5.552552553,T0,20.66012941,1
A08,0,2,0,Soil17,Soil17_Neutral3,Slurry,HCl_NaOH,20,2,20,5.25,None,None,Soil17_T0,0.0134,0.1859747087,0,0,0,0.00004,Soil17_Neutral3_pH7.05,10_20cm,7.052,23.7804878,1.902134146,0.02102901106,21.02901106,1.118902439,1.188815209,4.891891892,T0,15.49789239,1
A09,0,2,0,Soil17,Soil17_Neutral3,Slurry,HCl_NaOH,24,2.4,20,4.8,None,None,Soil17_T0,0.01525,0.2103582342,0,0,0,0.000048,Soil17_Neutral3_pH7.05,10_20cm,7.052,23.7804878,1.902134146,0.02523481327,25.23481327,1.118902439,1.188815209,4.495495495,T0,17.52985285,1
A10,0,2,0,Soil17,Soil17_Neutral3,Slurry,HCl_NaOH,28,2.8,20,4.35,None,None,Soil17_T0,0.0123,0.1714762773,0,0,0,0.000056,Soil17_Neutral3_pH7.05,10_20cm,7.052,23.7804878,1.902134146,0.02944061548,29.44061548,1.118902439,1.188815209,4.135135135,T0,14.28968978,1
A11,0,2,0,Soil17,Soil17_Neutral3,Slurry,HCl_NaOH,36,3.6,20,3.9,None,None,Soil17_T0,0.01375,0.1905878273,0,0,0,0.000072,Soil17_Neutral3_pH7.05,10_20cm,7.052,23.7804878,1.902134146,0.03785221991,37.85221991,1.118902439,1.188815209,3.726726727,T0,15.88231895,1
A12,0,2,0,Soil17,Soil17_Neutral3,Slurry,HCl_NaOH,55,5.5,20,3.45,None,None,Soil17_T0,0.01765,0.2419905421,0,0,0,0.00011,Soil17_Neutral3_pH7.05,10_20cm,7.052,23.7804878,1.902134146,0.05782978041,57.82978041,1.118902439,1.188815209,3.07,T0,20.16587851,1
B01,0,2,0,Soil17,Soil17_Neutral3,Slurry,HCl_NaOH,-100,-10,20,8.85,None,None,Soil17_T0,0.0292,0.3942151204,0,0,0,-0.0002,Soil17_Neutral3_pH7.05,10_20cm,7.052,23.7804878,1.902134146,-0.1051450553,-105.1450553,1.118902439,1.188815209,8.45,T0,32.85126003,2
B02,0,2,0,Soil17,Soil17_Neutral3,Slurry,HCl_NaOH,-40,-4,20,8.4,None,None,Soil17_T0,0.015,0.2070631778,0,0,0,-0.00008,Soil17_Neutral3_pH7.05,10_20cm,7.052,23.7804878,1.902134146,-0.04205802212,-42.05802212,1.118902439,1.188815209,8.339339339,T0,17.25526482,2
B03,0,2,0,Soil17,Soil17_Neutral3,Slurry,HCl_NaOH,-4,-0.4,20,7.95,None,None,Soil17_T0,0.00585,0.08646096323,0,0,0,-0.000008,Soil17_Neutral3_pH7.05,10_20cm,7.052,23.7804878,1.902134146,-0.004205802212,-4.205802212,1.118902439,1.188815209,7.942942943,T0,7.205080269,2
B04,0,2,0,Soil17,Soil17_Neutral3,Slurry,HCl_NaOH,6,0.6,20,7.05,None,None,Soil17_T0,0.0043,0.06603047205,0,0,0,0.000012,Soil17_Neutral3_pH7.05,10_20cm,7.052,23.7804878,1.902134146,0.006308703318,6.308703318,1.118902439,1.188815209,6.621621622,T0,5.502539338,2
B05,0,2,0,Soil17,Soil17_Neutral3,Slurry,HCl_NaOH,10,1,20,6.6,None,None,Soil17_T0,0.0068,0.09898279013,0,0,0,0.00002,Soil17_Neutral3_pH7.05,10_20cm,7.052,23.7804878,1.902134146,0.01051450553,10.51450553,1.118902439,1.188815209,6.201201201,T0,8.248565844,2
B06,0,2,0,Soil17,Soil17_Neutral3,Slurry,HCl_NaOH,13,1.3,20,6.15,None,None,Soil17_T0,0.0067,0.0976647062,0,0,0,0.000026,Soil17_Neutral3_pH7.05,10_20cm,7.052,23.7804878,1.902134146,0.01366885719,13.66885719,1.118902439,1.188815209,5.852852853,T0,8.138725517,2
B07,0,2,0,Soil17,Soil17_Neutral3,Slurry,HCl_NaOH,16,1.6,20,5.7,None,None,Soil17_T0,0.01025,0.1444562367,0,0,0,0.000032,Soil17_Neutral3_pH7.05,10_20cm,7.052,23.7804878,1.902134146,0.01682320885,16.82320885,1.118902439,1.188815209,5.552552553,T0,12.03801973,2
B08,0,2,0,Soil17,Soil17_Neutral3,Slurry,HCl_NaOH,20,2,20,5.25,None,None,Soil17_T0,0.0058,0.08580191787,0,0,0,0.00004,Soil17_Neutral3_pH7.05,10_20cm,7.052,23.7804878,1.902134146,0.02102901106,21.02901106,1.118902439,1.188815209,4.891891892,T0,7.150159823,2
B09,0,2,0,Soil17,Soil17_Neutral3,Slurry,HCl_NaOH,24,2.4,20,4.8,None,None,Soil17_T0,0.0044,0.06734857357,0,0,0,0.000048,Soil17_Neutral3_pH7.05,10_20cm,7.052,23.7804878,1.902134146,0.02523481327,25.23481327,1.118902439,1.188815209,4.495495495,T0,5.612381131,2
B10,0,2,0,Soil17,Soil17_Neutral3,Slurry,HCl_NaOH,28,2.8,20,4.35,None,None,Soil17_T0,0.0043,0.06603047205,0,0,0,0.000056,Soil17_Neutral3_pH7.05,10_20cm,7.052,23.7804878,1.902134146,0.02944061548,29.44061548,1.118902439,1.188815209,4.135135135,T0,5.502539338,2
B11,0,2,0,Soil17,Soil17_Neutral3,Slurry,HCl_NaOH,36,3.6,20,3.9,None,None,Soil17_T0,0.00595,0.08777905338,0,0,0,0.000072,Soil17_Neutral3_pH7.05,10_20cm,7.052,23.7804878,1.902134146,0.03785221991,37.85221991,1.118902439,1.188815209,3.726726727,T0,7.314921115,2
B12,0,2,0,Soil17,Soil17_Neutral3,Slurry,HCl_NaOH,55,5.5,20,3.45,None,None,Soil17_T0,0.0102,0.1437972075,0,0,0,0.00011,Soil17_Neutral3_pH7.05,10_20cm,7.052,23.7804878,1.902134146,0.05782978041,57.82978041,1.118902439,1.188815209,3.07,T0,11.98310063,2
C01,0,2,0,Soil17,Soil17_Neutral3,Slurry,HCl_NaOH,-100,-10,20,8.85,None,None,Soil17_T0,0.02755,0.3724693506,0,0,0,-0.0002,Soil17_Neutral3_pH7.05,10_20cm,7.052,23.7804878,1.902134146,-0.1051450553,-105.1450553,1.118902439,1.188815209,8.45,T0,31.03911255,3
C02,0,2,0,Soil17,Soil17_Neutral3,Slurry,HCl_NaOH,-40,-4,20,8.4,None,None,Soil17_T0,0.0204,0.278235376,0,0,0,-0.00008,Soil17_Neutral3_pH7.05,10_20cm,7.052,23.7804878,1.902134146,-0.04205802212,-42.05802212,1.118902439,1.188815209,8.339339339,T0,23.18628134,3
C03,0,2,0,Soil17,Soil17_Neutral3,Slurry,HCl_NaOH,-4,-0.4,20,7.95,None,None,Soil17_T0,0.00735,0.1062322386,0,0,0,-0.000008,Soil17_Neutral3_pH7.05,10_20cm,7.052,23.7804878,1.902134146,-0.004205802212,-4.205802212,1.118902439,1.188815209,7.942942943,T0,8.852686552,3
C04,0,2,0,Soil17,Soil17_Neutral3,Slurry,HCl_NaOH,6,0.6,20,7.05,None,None,Soil17_T0,0.00835,0.1194129973,0,0,0,0.000012,Soil17_Neutral3_pH7.05,10_20cm,7.052,23.7804878,1.902134146,0.006308703318,6.308703318,1.118902439,1.188815209,6.621621622,T0,9.951083105,3
C05,0,2,0,Soil17,Soil17_Neutral3,Slurry,HCl_NaOH,10,1,20,6.6,None,None,Soil17_T0,0.009,0.1279804511,0,0,0,0.00002,Soil17_Neutral3_pH7.05,10_20cm,7.052,23.7804878,1.902134146,0.01051450553,10.51450553,1.118902439,1.188815209,6.201201201,T0,10.66503759,3
C06,0,2,0,Soil17,Soil17_Neutral3,Slurry,HCl_NaOH,13,1.3,20,6.15,None,None,Soil17_T0,0.00815,0.1167768514,0,0,0,0.000026,Soil17_Neutral3_pH7.05,10_20cm,7.052,23.7804878,1.902134146,0.01366885719,13.66885719,1.118902439,1.188815209,5.852852853,T0,9.731404283,3
C07,0,2,0,Soil17,Soil17_Neutral3,Slurry,HCl_NaOH,16,1.6,20,5.7,None,None,Soil17_T0,0.0122,0.1701582337,0,0,0,0.000032,Soil17_Neutral3_pH7.05,10_20cm,7.052,23.7804878,1.902134146,0.01682320885,16.82320885,1.118902439,1.188815209,5.552552553,T0,14.17985281,3
C08,0,2,0,Soil17,Soil17_Neutral3,Slurry,HCl_NaOH,20,2,20,5.25,None,None,Soil17_T0,0.01125,0.1576367828,0,0,0,0.00004,Soil17_Neutral3_pH7.05,10_20cm,7.052,23.7804878,1.902134146,0.02102901106,21.02901106,1.118902439,1.188815209,4.891891892,T0,13.13639857,3
C09,0,2,0,Soil17,Soil17_Neutral3,Slurry,HCl_NaOH,24,2.4,20,4.8,None,None,Soil17_T0,0.00805,0.1154587774,0,0,0,0.000048,Soil17_Neutral3_pH7.05,10_20cm,7.052,23.7804878,1.902134146,0.02523481327,25.23481327,1.118902439,1.188815209,4.495495495,T0,9.621564781,3
C10,0,2,0,Soil17,Soil17_Neutral3,Slurry,HCl_NaOH,28,2.8,20,4.35,None,None,Soil17_T0,0.0066,0.09634662154,0,0,0,0.000056,Soil17_Neutral3_pH7.05,10_20cm,7.052,23.7804878,1.902134146,0.02944061548,29.44061548,1.118902439,1.188815209,4.135135135,T0,8.028885128,3
C11,0,2,0,Soil17,Soil17_Neutral3,Slurry,HCl_NaOH,36,3.6,20,3.9,None,None,Soil17_T0,0.0067,0.0976647062,0,0,0,0.000072,Soil17_Neutral3_pH7.05,10_20cm,7.052,23.7804878,1.902134146,0.03785221991,37.85221991,1.118902439,1.188815209,3.726726727,T0,8.138725517,3
C12,0,2,0,Soil17,Soil17_Neutral3,Slurry,HCl_NaOH,55,5.5,20,3.45,None,None,Soil17_T0,0.01465,0.2024500912,0,0,0,0.00011,Soil17_Neutral3_pH7.05,10_20cm,7.052,23.7804878,1.902134146,0.05782978041,57.82978041,1.118902439,1.188815209,3.07,T0,16.87084094,3
D01,0,2,0,Soil17,Soil17_Neutral3,Slurry,HCl_NaOH,-100,-10,20,8.85,None,CHX,Soil17_T0,0.0366,0.4917391497,0,0,0,-0.0002,Soil17_Neutral3_pH7.05,10_20cm,7.052,23.7804878,1.902134146,-0.1051450553,-105.1450553,1.118902439,1.188815209,8.43,T0,40.97826248,1
D02,0,2,0,Soil17,Soil17_Neutral3,Slurry,HCl_NaOH,55,5.5,20,3.45,None,CHX,Soil17_T0,0.01635,0.2248564277,0,0,0,0.00011,Soil17_Neutral3_pH7.05,10_20cm,7.052,23.7804878,1.902134146,0.05782978041,57.82978041,1.118902439,1.188815209,3.378378378,T0,18.73803564,1
D03,0,2,0,Soil17,Soil17_Neutral3,Slurry,HCl_NaOH,0,0,20,7.5,None,CHX,Soil17_T0,0.01315,0.1826796184,0,0,0,0,Soil17_Neutral3_pH7.05,10_20cm,7.052,23.7804878,1.902134146,0,0,1.118902439,1.188815209,7.594594595,T0,15.22330154,1
D04,0,0,0,Soil17,Soil17_Neutral3,No_Nitrate,No_Nitrate,0,0,20,7.5,None,None,Soil17_T0,0.00515,0.0772343116,0,0,0,0,Soil17_Neutral3_pH7.05,10_20cm,7.052,23.7804878,1.902134146,0,0,1.118902439,1.188815209,7.47047047,T0,6.436192633,1
D05,0,0,0,Soil17,Soil17_Neutral3,No_Nitrate,No_Nitrate,0,0,20,7.5,None,None,Soil17_T0,0.0053,0.07921145426,0,0,0,0,Soil17_Neutral3_pH7.05,10_20cm,7.052,23.7804878,1.902134146,0,0,1.118902439,1.188815209,7.47047047,T0,6.600954521,2
D06,0,0,0,Soil17,Soil17_Neutral3,No_Nitrate,No_Nitrate,0,0,20,7.5,None,None,Soil17_T0,0.0057,0.08448382662,0,0,0,0,Soil17_Neutral3_pH7.05,10_20cm,7.052,23.7804878,1.902134146,0,0,1.118902439,1.188815209,7.47047047,T0,7.040318885,3
D07,0,2,0,Soil17,Soil17_Neutral3,Slurry,HCl_NaOH,0,0,20,7.5,None,None,Soil17_T0,0.00675,0.09832374826,0,0,0,0,Soil17_Neutral3_pH7.05,10_20cm,7.052,23.7804878,1.902134146,0,0,1.118902439,1.188815209,7.603333333,T0,8.193645688,1
D08,0,2,0,Soil17,Soil17_Neutral3,Slurry,HCl_NaOH,0,0,20,7.5,None,None,Soil17_T0,0.0072,0.1042551185,0,0,0,0,Soil17_Neutral3_pH7.05,10_20cm,7.052,23.7804878,1.902134146,0,0,1.118902439,1.188815209,7.603333333,T0,8.687926542,2
D09,0,2,0,Soil17,Soil17_Neutral3,Slurry,HCl_NaOH,0,0,20,7.5,None,None,Soil17_T0,0.0061,0.08975618725,0,0,0,0,Soil17_Neutral3_pH7.05,10_20cm,7.052,23.7804878,1.902134146,0,0,1.118902439,1.188815209,7.603333333,T0,7.47968227,3
A01,0,2,0,Soil19,Soil19_Neutral4,Slurry,HCl_NaOH,-80,-8,20,9.83,None,None,Soil19_T0,0.02085,0.2842841851,0,0,0,-0.00016,Soil19_Neutral4_pH8.23,10_20cm,8.232,23.87332521,1.902923264,-0.08408116239,-84.08116239,1.119366626,1.283617654,8.49,T0,23.69034876,1
A02,0,2,0,Soil19,Soil19_Neutral4,Slurry,HCl_NaOH,65,6.5,20,9.38,None,None,Soil19_T0,0.0104,0.1464940725,0,0,0,0.00013,Soil19_Neutral4_pH8.23,10_20cm,8.232,23.87332521,1.902923264,0.06831594444,68.31594444,1.119366626,1.283617654,7.978978979,T0,12.20783938,1
A03,0,2,0,Soil19,Soil19_Neutral4,Slurry,HCl_NaOH,80,8,20,8.93,None,None,Soil19_T0,0.01265,0.1761624765,0,0,0,0.00016,Soil19_Neutral4_pH8.23,10_20cm,8.232,23.87332521,1.902923264,0.08408116239,84.08116239,1.119366626,1.283617654,7.27027027,T0,14.68020638,1
A04,0,2,0,Soil19,Soil19_Neutral4,Slurry,HCl_NaOH,90,9,20,8.48,None,None,Soil19_T0,0.0181,0.2480244054,0,0,0,0.00018,Soil19_Neutral4_pH8.23,10_20cm,8.232,23.87332521,1.902923264,0.09459130769,94.59130769,1.119366626,1.283617654,5.756756757,T0,20.66870045,1
A05,0,2,0,Soil19,Soil19_Neutral4,Slurry,HCl_NaOH,95,9.5,20,7.58,None,None,Soil19_T0,0.02055,0.2803285997,0,0,0,0.00019,Soil19_Neutral4_pH8.23,10_20cm,8.232,23.87332521,1.902923264,0.09984638034,99.84638034,1.119366626,1.283617654,4.807807808,T0,23.36071664,1
A06,0,2,0,Soil19,Soil19_Neutral4,Slurry,HCl_NaOH,100,10,20,7.13,None,None,Soil19_T0,0.0238,0.3231804233,0,0,0,0.0002,Soil19_Neutral4_pH8.23,10_20cm,8.232,23.87332521,1.902923264,0.105101453,105.101453,1.119366626,1.283617654,5.552552553,T0,26.93170194,1
A07,0,2,0,Soil20,Soil20_CE251,Slurry,HCl_NaOH,-80,-8,20,6.68,None,None,Soil20_T0,0.03415,0.4584911787,0,0,0,-0.00016,Soil20_CE251_pH8.32,10_20cm,8.323,23.31288344,1.898159509,-0.08429217841,-84.29217841,1.116564417,1.283617654,8.55,T0,38.20759823,1
A08,0,2,0,Soil20,Soil20_CE251,Slurry,HCl_NaOH,100,10,20,6.23,None,None,Soil20_T0,0.02115,0.287518188,0,0,0,0.0002,Soil20_CE251_pH8.32,10_20cm,8.323,23.31288344,1.898159509,0.105365223,105.365223,1.116564417,1.283617654,8.051051051,T0,23.959849,1
A09,0,2,0,Soil20,Soil20_CE251,Slurry,HCl_NaOH,-80,-8,20,5.78,None,CHX,Soil20_T0,0.0396,0.5301646411,0,0,0,-0.00016,Soil20_CE251_pH8.32,10_20cm,8.323,23.31288344,1.898159509,-0.08429217841,-84.29217841,1.116564417,1.283617654,8.55,T0,44.18038676,1
A10,0,0,0,Soil20,Soil20_CE251,No_Nitrate,No_Nitrate,0,0,20,5.33,None,None,Soil20_T0,0.007,0.1014066161,0,0,0,0,Soil20_CE251_pH8.32,10_20cm,8.323,23.31288344,1.898159509,0,0,1.116564417,1.283617654,8.203203203,T0,8.450551345,1
A11,0,2,0,Soil20,Soil20_CE251,Slurry,HCl_NaOH,0,0,20,4.88,None,None,Soil20_T0,0.0037,0.05800039803,0,0,0,0,Soil20_CE251_pH8.32,10_20cm,8.323,23.31288344,1.898159509,0,0,1.116564417,1.283617654,8.17,T0,4.833366503,1
B01,0,2,0,Soil19,Soil19_Neutral4,Slurry,HCl_NaOH,-80,-8,20,9.83,None,None,Soil19_T0,0.0232,0.3152693757,0,0,0,-0.00016,Soil19_Neutral4_pH8.23,10_20cm,8.232,23.87332521,1.902923264,-0.08408116239,-84.08116239,1.119366626,1.283617654,8.49,T0,26.27244797,2
B02,0,2,0,Soil19,Soil19_Neutral4,Slurry,HCl_NaOH,65,6.5,20,9.38,None,None,Soil19_T0,0.0185,0.2532985897,0,0,0,0.00013,Soil19_Neutral4_pH8.23,10_20cm,8.232,23.87332521,1.902923264,0.06831594444,68.31594444,1.119366626,1.283617654,7.978978979,T0,21.10821581,2
B03,0,2,0,Soil19,Soil19_Neutral4,Slurry,HCl_NaOH,80,8,20,8.93,None,None,Soil19_T0,0.0108,0.1517684826,0,0,0,0.00016,Soil19_Neutral4_pH8.23,10_20cm,8.232,23.87332521,1.902923264,0.08408116239,84.08116239,1.119366626,1.283617654,7.27027027,T0,12.64737355,2
B04,0,2,0,Soil19,Soil19_Neutral4,Slurry,HCl_NaOH,90,9,20,8.48,None,None,Soil19_T0,0.0138,0.1913261841,0,0,0,0.00018,Soil19_Neutral4_pH8.23,10_20cm,8.232,23.87332521,1.902923264,0.09459130769,94.59130769,1.119366626,1.283617654,5.756756757,T0,15.94384867,2
B05,0,2,0,Soil19,Soil19_Neutral4,Slurry,HCl_NaOH,95,9.5,20,7.58,None,None,Soil19_T0,0.01455,0.2012155064,0,0,0,0.00019,Soil19_Neutral4_pH8.23,10_20cm,8.232,23.87332521,1.902923264,0.09984638034,99.84638034,1.119366626,1.283617654,4.807807808,T0,16.76795886,2
B06,0,2,0,Soil19,Soil19_Neutral4,Slurry,HCl_NaOH,100,10,20,7.13,None,None,Soil19_T0,0.01785,0.2447280343,0,0,0,0.0002,Soil19_Neutral4_pH8.23,10_20cm,8.232,23.87332521,1.902923264,0.105101453,105.101453,1.119366626,1.283617654,5.552552553,T0,20.39400286,2
B07,0,2,0,Soil20,Soil20_CE251,Slurry,HCl_NaOH,-80,-8,20,6.68,None,None,Soil20_T0,0.0292,0.3933913814,0,0,0,-0.00016,Soil20_CE251_pH8.32,10_20cm,8.323,23.31288344,1.898159509,-0.08429217841,-84.29217841,1.116564417,1.283617654,8.55,T0,32.78261512,2
B08,0,2,0,Soil20,Soil20_CE251,Slurry,HCl_NaOH,100,10,20,6.23,None,None,Soil20_T0,0.01785,0.2441153851,0,0,0,0.0002,Soil20_CE251_pH8.32,10_20cm,8.323,23.31288344,1.898159509,0.105365223,105.365223,1.116564417,1.283617654,8.051051051,T0,20.34294876,2
B09,0,2,0,Soil20,Soil20_CE251,Slurry,HCl_NaOH,100,10,20,5.78,None,CHX,Soil20_T0,0.02365,0.320398569,0,0,0,0.0002,Soil20_CE251_pH8.32,10_20cm,8.323,23.31288344,1.898159509,0.105365223,105.365223,1.116564417,1.283617654,8.027027027,T0,26.69988075,2
B10,0,0,0,Soil20,Soil20_CE251,No_Nitrate,No_Nitrate,0,0,20,5.33,None,None,Soil20_T0,0.0034,0.05405433871,0,0,0,0,Soil20_CE251_pH8.32,10_20cm,8.323,23.31288344,1.898159509,0,0,1.116564417,1.283617654,8.203203203,T0,4.504528225,2
B11,0,2,0,Soil20,Soil20_CE251,Slurry,HCl_NaOH,0,0,20,4.88,None,None,Soil20_T0,0.00175,0.03235089471,0,0,0,0,Soil20_CE251_pH8.32,10_20cm,8.323,23.31288344,1.898159509,0,0,1.116564417,1.283617654,8.17,T0,2.695907893,2
C01,0,2,0,Soil19,Soil19_Neutral4,Slurry,HCl_NaOH,-80,-8,20,9.83,None,None,Soil19_T0,0.0151,0.2084676498,0,0,0,-0.00016,Soil19_Neutral4_pH8.23,10_20cm,8.232,23.87332521,1.902923264,-0.08408116239,-84.08116239,1.119366626,1.283617654,8.49,T0,17.37230415,3
C02,0,2,0,Soil19,Soil19_Neutral4,Slurry,HCl_NaOH,65,6.5,20,9.38,None,None,Soil19_T0,0.01055,0.1484719777,0,0,0,0.00013,Soil19_Neutral4_pH8.23,10_20cm,8.232,23.87332521,1.902923264,0.06831594444,68.31594444,1.119366626,1.283617654,7.978978979,T0,12.37266481,3
C03,0,2,0,Soil19,Soil19_Neutral4,Slurry,HCl_NaOH,80,8,20,8.93,None,None,Soil19_T0,0.01145,0.1603393739,0,0,0,0.00016,Soil19_Neutral4_pH8.23,10_20cm,8.232,23.87332521,1.902923264,0.08408116239,84.08116239,1.119366626,1.283617654,7.27027027,T0,13.36161449,3
C04,0,2,0,Soil19,Soil19_Neutral4,Slurry,HCl_NaOH,90,9,20,8.48,None,None,Soil19_T0,0.01395,0.1933040518,0,0,0,0.00018,Soil19_Neutral4_pH8.23,10_20cm,8.232,23.87332521,1.902923264,0.09459130769,94.59130769,1.119366626,1.283617654,5.756756757,T0,16.10867099,3
C05,0,2,0,Soil19,Soil19_Neutral4,Slurry,HCl_NaOH,95,9.5,20,7.58,None,None,Soil19_T0,0.0134,0.186051862,0,0,0,0.00019,Soil19_Neutral4_pH8.23,10_20cm,8.232,23.87332521,1.902923264,0.09984638034,99.84638034,1.119366626,1.283617654,4.807807808,T0,15.50432184,3
C06,0,2,0,Soil19,Soil19_Neutral4,Slurry,HCl_NaOH,100,10,20,7.13,None,None,Soil19_T0,0.01545,0.2130826386,0,0,0,0.0002,Soil19_Neutral4_pH8.23,10_20cm,8.232,23.87332521,1.902923264,0.105101453,105.101453,1.119366626,1.283617654,5.552552553,T0,17.75688655,3
C07,0,2,0,Soil20,Soil20_CE251,Slurry,HCl_NaOH,-80,-8,20,6.68,None,None,Soil20_T0,0.02725,0.3677455148,0,0,0,-0.00016,Soil20_CE251_pH8.32,10_20cm,8.323,23.31288344,1.898159509,-0.08429217841,-84.29217841,1.116564417,1.283617654,8.55,T0,30.64545956,3
C08,0,2,0,Soil20,Soil20_CE251,Slurry,HCl_NaOH,100,10,20,6.23,None,None,Soil20_T0,0.01595,0.2191255313,0,0,0,0.0002,Soil20_CE251_pH8.32,10_20cm,8.323,23.31288344,1.898159509,0.105365223,105.365223,1.116564417,1.283617654,8.051051051,T0,18.26046094,3
C09,0,2,0,Soil20,Soil20_CE251,Slurry,HCl_NaOH,0,0,20,5.78,None,CHX,Soil20_T0,0.01155,0.1612532772,0,0,0,0,Soil20_CE251_pH8.32,10_20cm,8.323,23.31288344,1.898159509,0,0,1.116564417,1.283617654,8.243243243,T0,13.4377731,3
C10,0,0,0,Soil20,Soil20_CE251,No_Nitrate,No_Nitrate,0,0,20,5.33,None,None,Soil20_T0,0.00185,0.03366626062,0,0,0,0,Soil20_CE251_pH8.32,10_20cm,8.323,23.31288344,1.898159509,0,0,1.116564417,1.283617654,8.203203203,T0,2.805521719,3
C11,0,2,0,Soil20,Soil20_CE251,Slurry,HCl_NaOH,0,0,20,4.88,None,None,Soil20_T0,0.0024,0.04090076006,0,0,0,0,Soil20_CE251_pH8.32,10_20cm,8.323,23.31288344,1.898159509,0,0,1.116564417,1.283617654,8.17,T0,3.408396672,3
D01,0,2,0,Soil19,Soil19_Neutral4,Slurry,HCl_NaOH,-80,-8,20,9.83,None,CHX,Soil19_T0,0.0201,0.2743952093,0,0,0,-0.00016,Soil19_Neutral4_pH8.23,10_20cm,8.232,23.87332521,1.902923264,-0.08408116239,-84.08116239,1.119366626,1.283617654,8.47,T0,22.86626744,1
D02,0,2,0,Soil19,Soil19_Neutral4,Slurry,HCl_NaOH,100,10,20,4.43,None,CHX,Soil19_T0,0.0174,0.2387945548,0,0,0,0.0002,Soil19_Neutral4_pH8.23,10_20cm,8.232,23.87332521,1.902923264,0.105101453,105.101453,1.119366626,1.283617654,6.441441441,T0,19.89954623,1
D03,0,2,0,Soil19,Soil19_Neutral4,Slurry,HCl_NaOH,0,0,20,8.03,None,CHX,Soil19_T0,0.0089,0.1267149303,0,0,0,0,Soil19_Neutral4_pH8.23,10_20cm,8.232,23.87332521,1.902923264,0,0,1.119366626,1.283617654,8.123123123,T0,10.55957753,1
D04,0,0,0,Soil19,Soil19_Neutral4,No_Nitrate,No_Nitrate,0,0,20,8.03,None,None,Soil19_T0,0.0017,0.031772751,0,0,0,0,Soil19_Neutral4_pH8.23,10_20cm,8.232,23.87332521,1.902923264,0,0,1.119366626,1.283617654,8.075075075,T0,2.64772925,1
D05,0,0,0,Soil19,Soil19_Neutral4,No_Nitrate,No_Nitrate,0,0,20,8.03,None,None,Soil19_T0,0.0021,0.03704741626,0,0,0,0,Soil19_Neutral4_pH8.23,10_20cm,8.232,23.87332521,1.902923264,0,0,1.119366626,1.283617654,8.075075075,T0,3.087284688,2
D06,0,0,0,Soil19,Soil19_Neutral4,No_Nitrate,No_Nitrate,0,0,20,8.03,None,None,Soil19_T0,0.0017,0.031772751,0,0,0,0,Soil19_Neutral4_pH8.23,10_20cm,8.232,23.87332521,1.902923264,0,0,1.119366626,1.283617654,8.075075075,T0,2.64772925,3
D07,0,2,0,Soil19,Soil19_Neutral4,Slurry,HCl_NaOH,0,0,20,8.03,None,None,Soil19_T0,0,0.009355292775,0,0,0,0,Soil19_Neutral4_pH8.23,10_20cm,8.232,23.87332521,1.902923264,0,0,1.119366626,1.283617654,8.073333333,T0,0.7796077312,1
D08,0,2,0,Soil19,Soil19_Neutral4,Slurry,HCl_NaOH,0,0,20,8.03,None,None,Soil19_T0,0.00295,0.04825604096,0,0,0,0,Soil19_Neutral4_pH8.23,10_20cm,8.232,23.87332521,1.902923264,0,0,1.119366626,1.283617654,8.073333333,T0,4.021336746,2
D09,0,2,0,Soil19,Soil19_Neutral4,Slurry,HCl_NaOH,0,0,20,8.03,None,None,Soil19_T0,0.00285,0.04693738198,0,0,0,0,Soil19_Neutral4_pH8.23,10_20cm,8.232,23.87332521,1.902923264,0,0,1.119366626,1.283617654,8.073333333,T0,3.911448498,3
A01,0,2,0,Soil15,Soil15_Neutral5,Slurry,HCl_NaOH,-100,-10,20,8.8,None,None,Soil15_T0,0.0278,0.3394484825,0,0,0,-0.0002,Soil15_Neutral5_pH6.79,10_20cm,6.789,24.24242424,1.906060606,-0.1049284579,-104.9284579,1.121212121,1.288461828,8.59,T0,28.28737354,1
A02,0,2,0,Soil15,Soil15_Neutral5,Slurry,HCl_NaOH,-65,-6.5,20,8.35,None,None,Soil15_T0,0.03045,0.3732535486,0,0,0,-0.00013,Soil15_Neutral5_pH6.79,10_20cm,6.789,24.24242424,1.906060606,-0.06820349762,-68.20349762,1.121212121,1.288461828,8.507507508,T0,31.10446238,1
A03,0,2,0,Soil15,Soil15_Neutral5,Slurry,HCl_NaOH,7,0.7,20,7.45,None,None,Soil15_T0,0.00555,0.05584582435,0,0,0,0.000014,Soil15_Neutral5_pH6.79,10_20cm,6.789,24.24242424,1.906060606,0.007344992051,7.344992051,1.121212121,1.288461828,7.534534535,T0,4.653818696,1
A04,0,2,0,Soil15,Soil15_Neutral5,Slurry,HCl_NaOH,12,1.2,20,7,None,None,Soil15_T0,0.0071,0.07558897981,0,0,0,0.000024,Soil15_Neutral5_pH6.79,10_20cm,6.789,24.24242424,1.906060606,0.01259141494,12.59141494,1.121212121,1.288461828,6.681681682,T0,6.299081651,1
A05,0,2,0,Soil15,Soil15_Neutral5,Slurry,HCl_NaOH,16,1.6,20,6.55,None,None,Soil15_T0,0.0097,0.1087110434,0,0,0,0.000032,Soil15_Neutral5_pH6.79,10_20cm,6.789,24.24242424,1.906060606,0.01678855326,16.78855326,1.121212121,1.288461828,6.129129129,T0,9.059253615,1
A06,0,2,0,Soil15,Soil15_Neutral5,Slurry,HCl_NaOH,20,2,20,6.1,None,None,Soil15_T0,0.0108,0.1227259268,0,0,0,0.00004,Soil15_Neutral5_pH6.79,10_20cm,6.789,24.24242424,1.906060606,0.02098569157,20.98569157,1.121212121,1.288461828,5.564564565,T0,10.22716057,1
A07,0,2,0,Soil15,Soil15_Neutral5,Slurry,HCl_NaOH,22,2.2,20,5.65,None,None,Soil15_T0,0.01015,0.1144442824,0,0,0,0.000044,Soil15_Neutral5_pH6.79,10_20cm,6.789,24.24242424,1.906060606,0.02308426073,23.08426073,1.121212121,1.288461828,5.18018018,T0,9.537023533,1
A08,0,2,0,Soil15,Soil15_Neutral5,Slurry,HCl_NaOH,26,2.6,20,5.2,None,None,Soil15_T0,0.01105,0.1259112688,0,0,0,0.000052,Soil15_Neutral5_pH6.79,10_20cm,6.789,24.24242424,1.906060606,0.02728139905,27.28139905,1.121212121,1.288461828,4.771771772,T0,10.49260574,1
A09,0,2,0,Soil15,Soil15_Neutral5,Slurry,HCl_NaOH,30,3,20,4.75,None,None,Soil15_T0,0.0108,0.1227259268,0,0,0,0.00006,Soil15_Neutral5_pH6.79,10_20cm,6.789,24.24242424,1.906060606,0.03147853736,31.47853736,1.121212121,1.288461828,4.555555556,T0,10.22716057,1
A10,0,2,0,Soil15,Soil15_Neutral5,Slurry,HCl_NaOH,34,3.4,20,4.3,None,None,Soil15_T0,0.01305,0.1513958884,0,0,0,0.000068,Soil15_Neutral5_pH6.79,10_20cm,6.789,24.24242424,1.906060606,0.03567567568,35.67567568,1.121212121,1.288461828,4.279279279,T0,12.61632404,1
A11,0,2,0,Soil15,Soil15_Neutral5,Slurry,HCl_NaOH,40,4,20,3.85,None,None,Soil15_T0,0.0156,0.1838936362,0,0,0,0.00008,Soil15_Neutral5_pH6.79,10_20cm,6.789,24.24242424,1.906060606,0.04197138315,41.97138315,1.121212121,1.288461828,3.930930931,T0,15.32446968,1
A12,0,2,0,Soil15,Soil15_Neutral5,Slurry,HCl_NaOH,65,6.5,20,3.4,None,None,Soil15_T0,0.0151,0.1775210995,0,0,0,0.00013,Soil15_Neutral5_pH6.79,10_20cm,6.789,24.24242424,1.906060606,0.06820349762,68.20349762,1.121212121,1.288461828,3.28,T0,14.79342496,1
B01,0,2,0,Soil15,Soil15_Neutral5,Slurry,HCl_NaOH,-100,-10,20,8.8,None,None,Soil15_T0,0.02795,0.3413618193,0,0,0,-0.0002,Soil15_Neutral5_pH6.79,10_20cm,6.789,24.24242424,1.906060606,-0.1049284579,-104.9284579,1.121212121,1.288461828,8.59,T0,28.44681828,2
B02,0,2,0,Soil15,Soil15_Neutral5,Slurry,HCl_NaOH,-65,-6.5,20,8.35,None,None,Soil15_T0,0.02395,0.2903459689,0,0,0,-0.00013,Soil15_Neutral5_pH6.79,10_20cm,6.789,24.24242424,1.906060606,-0.06820349762,-68.20349762,1.121212121,1.288461828,8.507507508,T0,24.19549741,2
B03,0,2,0,Soil15,Soil15_Neutral5,Slurry,HCl_NaOH,7,0.7,20,7.45,None,None,Soil15_T0,0.0118,0.1354676088,0,0,0,0.000014,Soil15_Neutral5_pH6.79,10_20cm,6.789,24.24242424,1.906060606,0.007344992051,7.344992051,1.121212121,1.288461828,7.534534535,T0,11.2889674,2
B04,0,2,0,Soil15,Soil15_Neutral5,Slurry,HCl_NaOH,12,1.2,20,7,None,None,Soil15_T0,0.0075,0.08068431383,0,0,0,0.000024,Soil15_Neutral5_pH6.79,10_20cm,6.789,24.24242424,1.906060606,0.01259141494,12.59141494,1.121212121,1.288461828,6.681681682,T0,6.723692819,2
B05,0,2,0,Soil15,Soil15_Neutral5,Slurry,HCl_NaOH,16,1.6,20,6.55,None,None,Soil15_T0,0.0084,0.09214930469,0,0,0,0.000032,Soil15_Neutral5_pH6.79,10_20cm,6.789,24.24242424,1.906060606,0.01678855326,16.78855326,1.121212121,1.288461828,6.129129129,T0,7.679108725,2
B06,0,2,0,Soil15,Soil15_Neutral5,Slurry,HCl_NaOH,20,2,20,6.1,None,None,Soil15_T0,0.01285,0.1488472758,0,0,0,0.00004,Soil15_Neutral5_pH6.79,10_20cm,6.789,24.24242424,1.906060606,0.02098569157,20.98569157,1.121212121,1.288461828,5.564564565,T0,12.40393965,2
B07,0,2,0,Soil15,Soil15_Neutral5,Slurry,HCl_NaOH,22,2.2,20,5.65,None,None,Soil15_T0,0.01,0.1125331839,0,0,0,0.000044,Soil15_Neutral5_pH6.79,10_20cm,6.789,24.24242424,1.906060606,0.02308426073,23.08426073,1.121212121,1.288461828,5.18018018,T0,9.377765325,2
B08,0,2,0,Soil15,Soil15_Neutral5,Slurry,HCl_NaOH,26,2.6,20,5.2,None,None,Soil15_T0,0.0085,0.09342323439,0,0,0,0.000052,Soil15_Neutral5_pH6.79,10_20cm,6.789,24.24242424,1.906060606,0.02728139905,27.28139905,1.121212121,1.288461828,4.771771772,T0,7.785269533,2
B09,0,2,0,Soil15,Soil15_Neutral5,Slurry,HCl_NaOH,30,3,20,4.75,None,None,Soil15_T0,0.0098,0.1099850819,0,0,0,0.00006,Soil15_Neutral5_pH6.79,10_20cm,6.789,24.24242424,1.906060606,0.03147853736,31.47853736,1.121212121,1.288461828,4.555555556,T0,9.165423488,2
B10,0,2,0,Soil15,Soil15_Neutral5,Slurry,HCl_NaOH,34,3.4,20,4.3,None,None,Soil15_T0,0.0081,0.08832756579,0,0,0,0.000068,Soil15_Neutral5_pH6.79,10_20cm,6.789,24.24242424,1.906060606,0.03567567568,35.67567568,1.121212121,1.288461828,4.279279279,T0,7.360630482,2
B11,0,2,0,Soil15,Soil15_Neutral5,Slurry,HCl_NaOH,40,4,20,3.85,None,None,Soil15_T0,0.01215,0.1399273952,0,0,0,0.00008,Soil15_Neutral5_pH6.79,10_20cm,6.789,24.24242424,1.906060606,0.04197138315,41.97138315,1.121212121,1.288461828,3.930930931,T0,11.66061627,2
B12,0,2,0,Soil15,Soil15_Neutral5,Slurry,HCl_NaOH,65,6.5,20,3.4,None,None,Soil15_T0,0.0415,0.5142779294,0,0,0,0.00013,Soil15_Neutral5_pH6.79,10_20cm,6.789,24.24242424,1.906060606,0.06820349762,68.20349762,1.121212121,1.288461828,3.28,T0,42.85649412,2
C01,0,2,0,Soil15,Soil15_Neutral5,Slurry,HCl_NaOH,-100,-10,20,8.8,None,None,Soil15_T0,0.02725,0.3324330758,0,0,0,-0.0002,Soil15_Neutral5_pH6.79,10_20cm,6.789,24.24242424,1.906060606,-0.1049284579,-104.9284579,1.121212121,1.288461828,8.59,T0,27.70275632,3
C02,0,2,0,Soil15,Soil15_Neutral5,Slurry,HCl_NaOH,-65,-6.5,20,8.35,None,None,Soil15_T0,0.02105,0.2533678737,0,0,0,-0.00013,Soil15_Neutral5_pH6.79,10_20cm,6.789,24.24242424,1.906060606,-0.06820349762,-68.20349762,1.121212121,1.288461828,8.507507508,T0,21.11398947,3
C03,0,2,0,Soil15,Soil15_Neutral5,Slurry,HCl_NaOH,7,0.7,20,7.45,None,None,Soil15_T0,0.00735,0.07877354789,0,0,0,0.000014,Soil15_Neutral5_pH6.79,10_20cm,6.789,24.24242424,1.906060606,0.007344992051,7.344992051,1.121212121,1.288461828,7.534534535,T0,6.564462324,3
C04,0,2,0,Soil15,Soil15_Neutral5,Slurry,HCl_NaOH,12,1.2,20,7,None,None,Soil15_T0,0.00605,0.06221436467,0,0,0,0.000024,Soil15_Neutral5_pH6.79,10_20cm,6.789,24.24242424,1.906060606,0.01259141494,12.59141494,1.121212121,1.288461828,6.681681682,T0,5.184530389,3
C05,0,2,0,Soil15,Soil15_Neutral5,Slurry,HCl_NaOH,16,1.6,20,6.55,None,None,Soil15_T0,0.0068,0.07176756712,0,0,0,0.000032,Soil15_Neutral5_pH6.79,10_20cm,6.789,24.24242424,1.906060606,0.01678855326,16.78855326,1.121212121,1.288461828,6.129129129,T0,5.980630593,3
C06,0,2,0,Soil15,Soil15_Neutral5,Slurry,HCl_NaOH,20,2,20,6.1,None,None,Soil15_T0,0.0136,0.1584047459,0,0,0,0.00004,Soil15_Neutral5_pH6.79,10_20cm,6.789,24.24242424,1.906060606,0.02098569157,20.98569157,1.121212121,1.288461828,5.564564565,T0,13.2003955,3
C07,0,2,0,Soil15,Soil15_Neutral5,Slurry,HCl_NaOH,22,2.2,20,5.65,None,None,Soil15_T0,0.0052,0.0513879705,0,0,0,0.000044,Soil15_Neutral5_pH6.79,10_20cm,6.789,24.24242424,1.906060606,0.02308426073,23.08426073,1.121212121,1.288461828,5.18018018,T0,4.282330875,3
C08,0,2,0,Soil15,Soil15_Neutral5,Slurry,HCl_NaOH,26,2.6,20,5.2,None,None,Soil15_T0,0.00765,0.08259509859,0,0,0,0.000052,Soil15_Neutral5_pH6.79,10_20cm,6.789,24.24242424,1.906060606,0.02728139905,27.28139905,1.121212121,1.288461828,4.771771772,T0,6.882924882,3
C09,0,2,0,Soil15,Soil15_Neutral5,Slurry,HCl_NaOH,30,3,20,4.75,None,None,Soil15_T0,0.0064,0.06667246728,0,0,0,0.00006,Soil15_Neutral5_pH6.79,10_20cm,6.789,24.24242424,1.906060606,0.03147853736,31.47853736,1.121212121,1.288461828,4.555555556,T0,5.55603894,3
C10,0,2,0,Soil15,Soil15_Neutral5,Slurry,HCl_NaOH,34,3.4,20,4.3,None,None,Soil15_T0,0.0059,0.06030378063,0,0,0,0.000068,Soil15_Neutral5_pH6.79,10_20cm,6.789,24.24242424,1.906060606,0.03567567568,35.67567568,1.121212121,1.288461828,4.279279279,T0,5.025315052,3
C11,0,2,0,Soil15,Soil15_Neutral5,Slurry,HCl_NaOH,40,4,20,3.85,None,None,Soil15_T0,0.0079,0.08577978168,0,0,0,0.00008,Soil15_Neutral5_pH6.79,10_20cm,6.789,24.24242424,1.906060606,0.04197138315,41.97138315,1.121212121,1.288461828,3.930930931,T0,7.14831514,3
C12,0,2,0,Soil15,Soil15_Neutral5,Slurry,HCl_NaOH,65,6.5,20,3.4,None,None,Soil15_T0,0.0194,0.2323317609,0,0,0,0.00013,Soil15_Neutral5_pH6.79,10_20cm,6.789,24.24242424,1.906060606,0.06820349762,68.20349762,1.121212121,1.288461828,3.28,T0,19.36098008,3
D01,0,2,0,Soil15,Soil15_Neutral5,Slurry,HCl_NaOH,-100,-10,20,8.8,None,CHX,Soil15_T0,0.03665,0.4523677034,0,0,0,-0.0002,Soil15_Neutral5_pH6.79,10_20cm,6.789,24.24242424,1.906060606,-0.1049284579,-104.9284579,1.121212121,1.288461828,8.62,T0,37.69730861,1
D02,0,2,0,Soil15,Soil15_Neutral5,Slurry,HCl_NaOH,65,6.5,20,3.4,None,CHX,Soil15_T0,0.0246,0.2986351307,0,0,0,0.00013,Soil15_Neutral5_pH6.79,10_20cm,6.789,24.24242424,1.906060606,0.06820349762,68.20349762,1.121212121,1.288461828,3.486486486,T0,24.88626089,1
D03,0,2,0,Soil15,Soil15_Neutral5,Slurry,HCl_NaOH,0,0,20,7.9,None,CHX,Soil15_T0,0.0193,0.2310569184,0,0,0,0,Soil15_Neutral5_pH6.79,10_20cm,6.789,24.24242424,1.906060606,0,0,1.121212121,1.288461828,8.015015015,T0,19.2547432,1
D04,0,0,0,Soil15,Soil15_Neutral5,No_Nitrate,No_Nitrate,0,0,20,7.9,None,None,Soil15_T0,0.01525,0.1794328385,0,0,0,0,Soil15_Neutral5_pH6.79,10_20cm,6.789,24.24242424,1.906060606,0,0,1.121212121,1.288461828,7.982982983,T0,14.95273655,1
D05,0,0,0,Soil15,Soil15_Neutral5,No_Nitrate,No_Nitrate,0,0,20,7.9,None,None,Soil15_T0,0.0111,0.1265483435,0,0,0,0,Soil15_Neutral5_pH6.79,10_20cm,6.789,24.24242424,1.906060606,0,0,1.121212121,1.288461828,7.982982983,T0,10.54569529,2
D06,0,0,0,Soil15,Soil15_Neutral5,No_Nitrate,No_Nitrate,0,0,20,7.9,None,None,Soil15_T0,0.0154,0.1813445964,0,0,0,0,Soil15_Neutral5_pH6.79,10_20cm,6.789,24.24242424,1.906060606,0,0,1.121212121,1.288461828,7.982982983,T0,15.1120497,3
D07,0,2,0,Soil15,Soil15_Neutral5,Slurry,HCl_NaOH,0,0,20,7.9,None,None,Soil15_T0,0.01105,0.1259112688,0,0,0,0,Soil15_Neutral5_pH6.79,10_20cm,6.789,24.24242424,1.906060606,0,0,1.121212121,1.288461828,8.033333333,T0,10.49260574,1
D08,0,2,0,Soil15,Soil15_Neutral5,Slurry,HCl_NaOH,0,0,20,7.9,None,None,Soil15_T0,0.01205,0.13865316,0,0,0,0,Soil15_Neutral5_pH6.79,10_20cm,6.789,24.24242424,1.906060606,0,0,1.121212121,1.288461828,8.033333333,T0,11.55443,2
D09,0,2,0,Soil15,Soil15_Neutral5,Slurry,HCl_NaOH,0,0,20,7.9,None,None,Soil15_T0,0.0136,0.1584047459,0,0,0,0,Soil15_Neutral5_pH6.79,10_20cm,6.789,24.24242424,1.906060606,0,0,1.121212121,1.288461828,8.033333333,T0,13.2003955,3
A01,0,2,0,Soil18,Soil18_Neutral1,Slurry,HCl_NaOH,-100,-10,20,8.91,None,None,Soil18_T0,0.0319,0.3917531575,0,0,0,-0.0002,Soil18_Neutral1_pH7.68,10_20cm,7.681,24.24242424,1.906060606,-0.1049284579,-104.9284579,1.121212121,1.188815209,8.48,T0,32.64609646,1
A02,0,2,0,Soil18,Soil18_Neutral1,Slurry,HCl_NaOH,-60,-6,20,8.46,None,None,Soil18_T0,0.0313,0.3840979326,0,0,0,-0.00012,Soil18_Neutral1_pH7.68,10_20cm,7.681,24.24242424,1.906060606,-0.06295707472,-62.95707472,1.121212121,1.188815209,8.507507508,T0,32.00816105,1
A03,0,2,0,Soil18,Soil18_Neutral1,Slurry,HCl_NaOH,30,3,20,7.56,None,None,Soil18_T0,0.011,0.1252741962,0,0,0,0.00006,Soil18_Neutral1_pH7.68,10_20cm,7.681,24.24242424,1.906060606,0.03147853736,31.47853736,1.121212121,1.188815209,7.630630631,T0,10.43951635,1
A04,0,2,0,Soil18,Soil18_Neutral1,Slurry,HCl_NaOH,34,3.4,20,7.11,None,None,Soil18_T0,0.00985,0.1106221042,0,0,0,0.000068,Soil18_Neutral1_pH7.68,10_20cm,7.681,24.24242424,1.906060606,0.03567567568,35.67567568,1.121212121,1.188815209,7.282282282,T0,9.218508686,1
A05,0,2,0,Soil18,Soil18_Neutral1,Slurry,HCl_NaOH,40,4,20,6.66,None,None,Soil18_T0,0.01585,0.1870799831,0,0,0,0.00008,Soil18_Neutral1_pH7.68,10_20cm,7.681,24.24242424,1.906060606,0.04197138315,41.97138315,1.121212121,1.188815209,6.54954955,T0,15.58999859,1
A06,0,2,0,Soil18,Soil18_Neutral1,Slurry,HCl_NaOH,45,4.5,20,6.21,None,None,Soil18_T0,0.01805,0.2151220938,0,0,0,0.00009,Soil18_Neutral1_pH7.68,10_20cm,7.681,24.24242424,1.906060606,0.04721780604,47.21780604,1.121212121,1.188815209,5.792792793,T0,17.92684115,1
A07,0,2,0,Soil18,Soil18_Neutral1,Slurry,HCl_NaOH,50,5,20,5.76,None,None,Soil18_T0,0.0187,0.2234080391,0,0,0,0.0001,Soil18_Neutral1_pH7.68,10_20cm,7.681,24.24242424,1.906060606,0.05246422893,52.46422893,1.121212121,1.188815209,4.855855856,T0,18.61733659,1
A08,0,2,0,Soil18,Soil18_Neutral1,Slurry,HCl_NaOH,55,5.5,20,5.31,None,None,Soil18_T0,0.01915,0.2291446703,0,0,0,0.00011,Soil18_Neutral1_pH7.68,10_20cm,7.681,24.24242424,1.906060606,0.05771065183,57.71065183,1.121212121,1.188815209,4.627627628,T0,19.09538919,1
A09,0,2,0,Soil18,Soil18_Neutral1,Slurry,HCl_NaOH,60,6,20,4.86,None,None,Soil18_T0,0.01795,0.2138473644,0,0,0,0.00012,Soil18_Neutral1_pH7.68,10_20cm,7.681,24.24242424,1.906060606,0.06295707472,62.95707472,1.121212121,1.188815209,4.327327327,T0,17.8206137,1
A10,0,2,0,Soil18,Soil18_Neutral1,Slurry,HCl_NaOH,65,6.5,20,4.41,None,None,Soil18_T0,0.0162,0.1915409567,0,0,0,0.00013,Soil18_Neutral1_pH7.68,10_20cm,7.681,24.24242424,1.906060606,0.06820349762,68.20349762,1.121212121,1.188815209,4.027027027,T0,15.96174639,1
A11,0,2,0,Soil18,Soil18_Neutral1,Slurry,HCl_NaOH,75,7.5,20,3.96,None,None,Soil18_T0,0.01785,0.2125726434,0,0,0,0.00015,Soil18_Neutral1_pH7.68,10_20cm,7.681,24.24242424,1.906060606,0.0786963434,78.6963434,1.121212121,1.188815209,3.714714715,T0,17.71438695,1
A12,0,2,0,Soil18,Soil18_Neutral1,Slurry,HCl_NaOH,90,9,20,3.51,None,None,Soil18_T0,0.02025,0.2431682612,0,0,0,0.00018,Soil18_Neutral1_pH7.68,10_20cm,7.681,24.24242424,1.906060606,0.09443561208,94.43561208,1.121212121,1.188815209,3.39039039,T0,20.26402177,1
B01,0,2,0,Soil18,Soil18_Neutral1,Slurry,HCl_NaOH,-100,-10,20,8.91,None,None,Soil18_T0,0.0307,0.3764430103,0,0,0,-0.0002,Soil18_Neutral1_pH7.68,10_20cm,7.681,24.24242424,1.906060606,-0.1049284579,-104.9284579,1.121212121,1.188815209,8.48,T0,31.37025086,2
B02,0,2,0,Soil18,Soil18_Neutral1,Slurry,HCl_NaOH,-60,-6,20,8.46,None,None,Soil18_T0,0.02985,0.3655990547,0,0,0,-0.00012,Soil18_Neutral1_pH7.68,10_20cm,7.681,24.24242424,1.906060606,-0.06295707472,-62.95707472,1.121212121,1.188815209,8.507507508,T0,30.46658789,2
B03,0,2,0,Soil18,Soil18_Neutral1,Slurry,HCl_NaOH,30,3,20,7.56,None,None,Soil18_T0,0.01145,0.1310079249,0,0,0,0.00006,Soil18_Neutral1_pH7.68,10_20cm,7.681,24.24242424,1.906060606,0.03147853736,31.47853736,1.121212121,1.188815209,7.630630631,T0,10.91732707,2
B04,0,2,0,Soil18,Soil18_Neutral1,Slurry,HCl_NaOH,34,3.4,20,7.11,None,None,Soil18_T0,0.01055,0.1195406371,0,0,0,0.000068,Soil18_Neutral1_pH7.68,10_20cm,7.681,24.24242424,1.906060606,0.03567567568,35.67567568,1.121212121,1.188815209,7.282282282,T0,9.96171976,2
B05,0,2,0,Soil18,Soil18_Neutral1,Slurry,HCl_NaOH,40,4,20,6.66,None,None,Soil18_T0,0.0141,0.1647766544,0,0,0,0.00008,Soil18_Neutral1_pH7.68,10_20cm,7.681,24.24242424,1.906060606,0.04197138315,41.97138315,1.121212121,1.188815209,6.54954955,T0,13.73138787,2
B06,0,2,0,Soil18,Soil18_Neutral1,Slurry,HCl_NaOH,45,4.5,20,6.21,None,None,Soil18_T0,0.01825,0.2176715777,0,0,0,0.00009,Soil18_Neutral1_pH7.68,10_20cm,7.681,24.24242424,1.906060606,0.04721780604,47.21780604,1.121212121,1.188815209,5.792792793,T0,18.13929814,2
B07,0,2,0,Soil18,Soil18_Neutral1,Slurry,HCl_NaOH,50,5,20,5.76,None,None,Soil18_T0,0.01935,0.2316943386,0,0,0,0.0001,Soil18_Neutral1_pH7.68,10_20cm,7.681,24.24242424,1.906060606,0.05246422893,52.46422893,1.121212121,1.188815209,4.855855856,T0,19.30786155,2
B08,0,2,0,Soil18,Soil18_Neutral1,Slurry,HCl_NaOH,55,5.5,20,5.31,None,None,Soil18_T0,0.01835,0.2189463322,0,0,0,0.00011,Soil18_Neutral1_pH7.68,10_20cm,7.681,24.24242424,1.906060606,0.05771065183,57.71065183,1.121212121,1.188815209,4.627627628,T0,18.24552769,2
B09,0,2,0,Soil18,Soil18_Neutral1,Slurry,HCl_NaOH,60,6,20,4.86,None,None,Soil18_T0,0.0167,0.1979139542,0,0,0,0.00012,Soil18_Neutral1_pH7.68,10_20cm,7.681,24.24242424,1.906060606,0.06295707472,62.95707472,1.121212121,1.188815209,4.327327327,T0,16.49282951,2
B10,0,2,0,Soil18,Soil18_Neutral1,Slurry,HCl_NaOH,65,6.5,20,4.41,None,None,Soil18_T0,0.01275,0.147572982,0,0,0,0.00013,Soil18_Neutral1_pH7.68,10_20cm,7.681,24.24242424,1.906060606,0.06820349762,68.20349762,1.121212121,1.188815209,4.027027027,T0,12.2977485,2
B11,0,2,0,Soil18,Soil18_Neutral1,Slurry,HCl_NaOH,75,7.5,20,3.96,None,None,Soil18_T0,0.0127,0.1469358383,0,0,0,0.00015,Soil18_Neutral1_pH7.68,10_20cm,7.681,24.24242424,1.906060606,0.0786963434,78.6963434,1.121212121,1.188815209,3.714714715,T0,12.24465319,2
B12,0,2,0,Soil18,Soil18_Neutral1,Slurry,HCl_NaOH,90,9,20,3.51,None,None,Soil18_T0,0.0203,0.2438057212,0,0,0,0.00018,Soil18_Neutral1_pH7.68,10_20cm,7.681,24.24242424,1.906060606,0.09443561208,94.43561208,1.121212121,1.188815209,3.39039039,T0,20.31714344,2
C01,0,2,0,Soil18,Soil18_Neutral1,Slurry,HCl_NaOH,-100,-10,20,8.91,None,None,Soil18_T0,0.0278,0.3394484825,0,0,0,-0.0002,Soil18_Neutral1_pH7.68,10_20cm,7.681,24.24242424,1.906060606,-0.1049284579,-104.9284579,1.121212121,1.188815209,8.48,T0,28.28737354,3
C02,0,2,0,Soil18,Soil18_Neutral1,Slurry,HCl_NaOH,-60,-6,20,8.46,None,None,Soil18_T0,0.02275,0.2750438324,0,0,0,-0.00012,Soil18_Neutral1_pH7.68,10_20cm,7.681,24.24242424,1.906060606,-0.06295707472,-62.95707472,1.121212121,1.188815209,8.507507508,T0,22.92031937,3
C03,0,2,0,Soil18,Soil18_Neutral1,Slurry,HCl_NaOH,30,3,20,7.56,None,None,Soil18_T0,0.00905,0.1004299973,0,0,0,0.00006,Soil18_Neutral1_pH7.68,10_20cm,7.681,24.24242424,1.906060606,0.03147853736,31.47853736,1.121212121,1.188815209,7.630630631,T0,8.369166441,3
C04,0,2,0,Soil18,Soil18_Neutral1,Slurry,HCl_NaOH,34,3.4,20,7.11,None,None,Soil18_T0,0.01175,0.1348305048,0,0,0,0.000068,Soil18_Neutral1_pH7.68,10_20cm,7.681,24.24242424,1.906060606,0.03567567568,35.67567568,1.121212121,1.188815209,7.282282282,T0,11.2358754,3
C05,0,2,0,Soil18,Soil18_Neutral1,Slurry,HCl_NaOH,40,4,20,6.66,None,None,Soil18_T0,0.01295,0.1501215779,0,0,0,0.00008,Soil18_Neutral1_pH7.68,10_20cm,7.681,24.24242424,1.906060606,0.04197138315,41.97138315,1.121212121,1.188815209,6.54954955,T0,12.51013149,3
C06,0,2,0,Soil18,Soil18_Neutral1,Slurry,HCl_NaOH,45,4.5,20,6.21,None,None,Soil18_T0,0.01285,0.1488472758,0,0,0,0.00009,Soil18_Neutral1_pH7.68,10_20cm,7.681,24.24242424,1.906060606,0.04721780604,47.21780604,1.121212121,1.188815209,5.792792793,T0,12.40393965,3
C07,0,2,0,Soil18,Soil18_Neutral1,Slurry,HCl_NaOH,50,5,20,5.76,None,None,Soil18_T0,0.01555,0.1832563731,0,0,0,0.0001,Soil18_Neutral1_pH7.68,10_20cm,7.681,24.24242424,1.906060606,0.05246422893,52.46422893,1.121212121,1.188815209,4.855855856,T0,15.27136443,3
C08,0,2,0,Soil18,Soil18_Neutral1,Slurry,HCl_NaOH,55,5.5,20,5.31,None,None,Soil18_T0,0.01775,0.2112979307,0,0,0,0.00011,Soil18_Neutral1_pH7.68,10_20cm,7.681,24.24242424,1.906060606,0.05771065183,57.71065183,1.121212121,1.188815209,4.627627628,T0,17.6081609,3
C09,0,2,0,Soil18,Soil18_Neutral1,Slurry,HCl_NaOH,60,6,20,4.86,None,None,Soil18_T0,0.01235,0.1424758906,0,0,0,0.00012,Soil18_Neutral1_pH7.68,10_20cm,7.681,24.24242424,1.906060606,0.06295707472,62.95707472,1.121212121,1.188815209,4.327327327,T0,11.87299089,3
C10,0,2,0,Soil18,Soil18_Neutral1,Slurry,HCl_NaOH,65,6.5,20,4.41,None,None,Soil18_T0,0.0128,0.1482101278,0,0,0,0.00013,Soil18_Neutral1_pH7.68,10_20cm,7.681,24.24242424,1.906060606,0.06820349762,68.20349762,1.121212121,1.188815209,4.027027027,T0,12.35084399,3
C11,0,2,0,Soil18,Soil18_Neutral1,Slurry,HCl_NaOH,75,7.5,20,3.96,None,None,Soil18_T0,0.01315,0.1526702073,0,0,0,0.00015,Soil18_Neutral1_pH7.68,10_20cm,7.681,24.24242424,1.906060606,0.0786963434,78.6963434,1.121212121,1.188815209,3.714714715,T0,12.72251728,3
C12,0,2,0,Soil18,Soil18_Neutral1,Slurry,HCl_NaOH,90,9,20,3.51,None,None,Soil18_T0,0.0173,0.2055618276,0,0,0,0.00018,Soil18_Neutral1_pH7.68,10_20cm,7.681,24.24242424,1.906060606,0.09443561208,94.43561208,1.121212121,1.188815209,3.39039039,T0,17.1301523,3
D01,0,2,0,Soil18,Soil18_Neutral1,Slurry,HCl_NaOH,-100,-10,20,8.91,None,CHX,Soil18_T0,0.02945,0.3604962268,0,0,0,-0.0002,Soil18_Neutral1_pH7.68,10_20cm,7.681,24.24242424,1.906060606,-0.1049284579,-104.9284579,1.121212121,1.188815209,8.46,T0,30.04135224,1
D02,0,2,0,Soil18,Soil18_Neutral1,Slurry,HCl_NaOH,90,9,20,3.51,None,CHX,Soil18_T0,0.0223,0.2693058427,0,0,0,0.00018,Soil18_Neutral1_pH7.68,10_20cm,7.681,24.24242424,1.906060606,0.09443561208,94.43561208,1.121212121,1.188815209,3.414414414,T0,22.44215356,1
D03,0,2,0,Soil18,Soil18_Neutral1,Slurry,HCl_NaOH,0,0,20,8.01,None,CHX,Soil18_T0,0.0186,0.2221332552,0,0,0,0,Soil18_Neutral1_pH7.68,10_20cm,7.681,24.24242424,1.906060606,0,0,1.121212121,1.188815209,8.075075075,T0,18.5111046,1
D04,0,0,0,Soil18,Soil18_Neutral1,No_Nitrate,No_Nitrate,0,0,20,8.01,None,None,Soil18_T0,0.00585,0.05966692346,0,0,0,0,Soil18_Neutral1_pH7.68,10_20cm,7.681,24.24242424,1.906060606,0,0,1.121212121,1.188815209,7.982982983,T0,4.972243622,1
D05,0,0,0,Soil18,Soil18_Neutral1,No_Nitrate,No_Nitrate,0,0,20,8.01,None,None,Soil18_T0,0.00465,0.04438297851,0,0,0,0,Soil18_Neutral1_pH7.68,10_20cm,7.681,24.24242424,1.906060606,0,0,1.121212121,1.188815209,7.982982983,T0,3.698581543,2
D06,0,0,0,Soil18,Soil18_Neutral1,No_Nitrate,No_Nitrate,0,0,20,8.01,None,None,Soil18_T0,0.00415,0.03801502341,0,0,0,0,Soil18_Neutral1_pH7.68,10_20cm,7.681,24.24242424,1.906060606,0,0,1.121212121,1.188815209,7.982982983,T0,3.167918618,3
D07,0,2,0,Soil18,Soil18_Neutral1,Slurry,HCl_NaOH,0,0,20,8.01,None,None,Soil18_T0,0.0039,0.03483112423,0,0,0,0,Soil18_Neutral1_pH7.68,10_20cm,7.681,24.24242424,1.906060606,0,0,1.121212121,1.188815209,8.063333333,T0,2.902593686,1
D08,0,2,0,Soil18,Soil18_Neutral1,Slurry,HCl_NaOH,0,0,20,8.01,None,None,Soil18_T0,0.0042,0.03865180952,0,0,0,0,Soil18_Neutral1_pH7.68,10_20cm,7.681,24.24242424,1.906060606,0,0,1.121212121,1.188815209,8.063333333,T0,3.220984127,2
D09,0,2,0,Soil18,Soil18_Neutral1,Slurry,HCl_NaOH,0,0,20,8.01,None,None,Soil18_T0,0.00345,0.02910023734,0,0,0,0,Soil18_Neutral1_pH7.68,10_20cm,7.681,24.24242424,1.906060606,0,0,1.121212121,1.188815209,8.063333333,T0,2.425019778,3
A01,0,2,0,Soil14,Soil14_Neutral2,Slurry,HCl_NaOH,-90,-9,20,8.32,None,None,Soil14_T0,0.04905,0.5517491686,0,0,0,-0.00018,Soil14_Neutral2_pH6.54,10_20cm,6.545,26.03550296,1.921301775,-0.09368647983,-93.68647983,1.130177515,1.234836021,8.63,T0,45.97909739,1
A02,0,2,0,Soil14,Soil14_Neutral2,Slurry,HCl_NaOH,-23,-2.3,20,7.87,None,None,Soil14_T0,0.02215,0.2391638546,0,0,0,-0.000046,Soil14_Neutral2_pH6.54,10_20cm,6.545,26.03550296,1.921301775,-0.0239421004,-23.9421004,1.130177515,1.234836021,8.279279279,T0,19.93032122,1
A03,0,2,0,Soil14,Soil14_Neutral2,Slurry,HCl_NaOH,-8,-0.8,20,7.42,None,None,Soil14_T0,0.0075,0.06886186116,0,0,0,-0.000016,Soil14_Neutral2_pH6.54,10_20cm,6.545,26.03550296,1.921301775,-0.008327687096,-8.327687096,1.130177515,1.234836021,7.894894895,T0,5.73848843,1
A04,0,2,0,Soil14,Soil14_Neutral2,Slurry,HCl_NaOH,-5,-0.5,20,6.97,None,None,Soil14_T0,0.00345,0.02177369258,0,0,0,-0.00001,Soil14_Neutral2_pH6.54,10_20cm,6.545,26.03550296,1.921301775,-0.005204804435,-5.204804435,1.130177515,1.234836021,7.666666667,T0,1.814474382,1
A05,0,2,0,Soil14,Soil14_Neutral2,Slurry,HCl_NaOH,-2,-0.2,20,6.52,None,None,Soil14_T0,0.0066,0.05839812681,0,0,0,-0.000004,Soil14_Neutral2_pH6.54,10_20cm,6.545,26.03550296,1.921301775,-0.002081921774,-2.081921774,1.130177515,1.234836021,7.222222222,T0,4.866510568,1
A06,0,2,0,Soil14,Soil14_Neutral2,Slurry,HCl_NaOH,2,0.2,20,5.62,None,None,Soil14_T0,0.00725,0.06595528566,0,0,0,0.000004,Soil14_Neutral2_pH6.54,10_20cm,6.545,26.03550296,1.921301775,0.002081921774,2.081921774,1.130177515,1.234836021,6.177177177,T0,5.496273805,1
A07,0,2,0,Soil14,Soil14_Neutral2,Slurry,HCl_NaOH,5,0.5,20,5.17,None,None,Soil14_T0,0.0073,0.06653660183,0,0,0,0.00001,Soil14_Neutral2_pH6.54,10_20cm,6.545,26.03550296,1.921301775,0.005204804435,5.204804435,1.130177515,1.234836021,5.444444444,T0,5.544716819,1
A08,0,2,0,Soil14,Soil14_Neutral2,Slurry,HCl_NaOH,9,0.9,20,4.72,None,None,Soil14_T0,0.006,0.0514222077,0,0,0,0.000018,Soil14_Neutral2_pH6.54,10_20cm,6.545,26.03550296,1.921301775,0.009368647983,9.368647983,1.130177515,1.234836021,4.747747748,T0,4.285183975,1
A09,0,2,0,Soil14,Soil14_Neutral2,Slurry,HCl_NaOH,14,1.4,20,4.27,None,None,Soil14_T0,0.00865,0.08223193633,0,0,0,0.000028,Soil14_Neutral2_pH6.54,10_20cm,6.545,26.03550296,1.921301775,0.01457345242,14.57345242,1.130177515,1.234836021,4.483483483,T0,6.852661361,1
A10,0,2,0,Soil14,Soil14_Neutral2,Slurry,HCl_NaOH,22,2.2,20,3.82,None,None,Soil14_T0,0.00825,0.07758150747,0,0,0,0.000044,Soil14_Neutral2_pH6.54,10_20cm,6.545,26.03550296,1.921301775,0.02290113951,22.90113951,1.130177515,1.234836021,3.882882883,T0,6.465125623,1
A11,0,2,0,Soil14,Soil14_Neutral2,Slurry,HCl_NaOH,34,3.4,20,3.37,None,None,Soil14_T0,0.0099,0.09676430602,0,0,0,0.000068,Soil14_Neutral2_pH6.54,10_20cm,6.545,26.03550296,1.921301775,0.03539267016,35.39267016,1.130177515,1.234836021,3.534534535,T0,8.063692169,1
A12,0,2,0,Soil14,Soil14_Neutral2,Slurry,HCl_NaOH,80,8,20,2.92,None,None,Soil14_T0,0.0129,0.1316406304,0,0,0,0.00016,Soil14_Neutral2_pH6.54,10_20cm,6.545,26.03550296,1.921301775,0.08327687096,83.27687096,1.130177515,1.234836021,2.95,T0,10.97005253,1
B01,0,2,0,Soil14,Soil14_Neutral2,Slurry,HCl_NaOH,-90,-9,20,8.32,None,None,Soil14_T0,0.04775,0.5366463669,0,0,0,-0.00018,Soil14_Neutral2_pH6.54,10_20cm,6.545,26.03550296,1.921301775,-0.09368647983,-93.68647983,1.130177515,1.234836021,8.63,T0,44.72053057,2
B02,0,2,0,Soil14,Soil14_Neutral2,Slurry,HCl_NaOH,-23,-2.3,20,7.87,None,None,Soil14_T0,0.023,0.2490434499,0,0,0,-0.000046,Soil14_Neutral2_pH6.54,10_20cm,6.545,26.03550296,1.921301775,-0.0239421004,-23.9421004,1.130177515,1.234836021,8.279279279,T0,20.75362082,2
B03,0,2,0,Soil14,Soil14_Neutral2,Slurry,HCl_NaOH,-8,-0.8,20,7.42,None,None,Soil14_T0,0.0106,0.1049022871,0,0,0,-0.000016,Soil14_Neutral2_pH6.54,10_20cm,6.545,26.03550296,1.921301775,-0.008327687096,-8.327687096,1.130177515,1.234836021,7.894894895,T0,8.741857261,2
B04,0,2,0,Soil14,Soil14_Neutral2,Slurry,HCl_NaOH,-5,-0.5,20,6.97,None,None,Soil14_T0,0.00515,0.04153952383,0,0,0,-0.00001,Soil14_Neutral2_pH6.54,10_20cm,6.545,26.03550296,1.921301775,-0.005204804435,-5.204804435,1.130177515,1.234836021,7.666666667,T0,3.461626986,2
B05,0,2,0,Soil14,Soil14_Neutral2,Slurry,HCl_NaOH,-2,-0.2,20,6.52,None,None,Soil14_T0,0.0075,0.06886186116,0,0,0,-0.000004,Soil14_Neutral2_pH6.54,10_20cm,6.545,26.03550296,1.921301775,-0.002081921774,-2.081921774,1.130177515,1.234836021,7.222222222,T0,5.73848843,2
B06,0,2,0,Soil14,Soil14_Neutral2,Slurry,HCl_NaOH,2,0.2,20,5.62,None,None,Soil14_T0,0.0064,0.05607282899,0,0,0,0.000004,Soil14_Neutral2_pH6.54,10_20cm,6.545,26.03550296,1.921301775,0.002081921774,2.081921774,1.130177515,1.234836021,6.177177177,T0,4.67273575,2
B07,0,2,0,Soil14,Soil14_Neutral2,Slurry,HCl_NaOH,5,0.5,20,5.17,None,None,Soil14_T0,0.0091,0.0874636279,0,0,0,0.00001,Soil14_Neutral2_pH6.54,10_20cm,6.545,26.03550296,1.921301775,0.005204804435,5.204804435,1.130177515,1.234836021,5.444444444,T0,7.288635659,2
B08,0,2,0,Soil14,Soil14_Neutral2,Slurry,HCl_NaOH,9,0.9,20,4.72,None,None,Soil14_T0,0.00635,0.0554915032,0,0,0,0.000018,Soil14_Neutral2_pH6.54,10_20cm,6.545,26.03550296,1.921301775,0.009368647983,9.368647983,1.130177515,1.234836021,4.747747748,T0,4.624291934,2
B09,0,2,0,Soil14,Soil14_Neutral2,Slurry,HCl_NaOH,14,1.4,20,4.27,None,None,Soil14_T0,0.0081,0.07583758783,0,0,0,0.000028,Soil14_Neutral2_pH6.54,10_20cm,6.545,26.03550296,1.921301775,0.01457345242,14.57345242,1.130177515,1.234836021,4.483483483,T0,6.319798986,2
B10,0,2,0,Soil14,Soil14_Neutral2,Slurry,HCl_NaOH,22,2.2,20,3.82,None,None,Soil14_T0,0.01075,0.1066461266,0,0,0,0.000044,Soil14_Neutral2_pH6.54,10_20cm,6.545,26.03550296,1.921301775,0.02290113951,22.90113951,1.130177515,1.234836021,3.882882883,T0,8.887177217,2
B11,0,2,0,Soil14,Soil14_Neutral2,Slurry,HCl_NaOH,34,3.4,20,3.37,None,None,Soil14_T0,0.0121,0.1223404654,0,0,0,0.000068,Soil14_Neutral2_pH6.54,10_20cm,6.545,26.03550296,1.921301775,0.03539267016,35.39267016,1.130177515,1.234836021,3.534534535,T0,10.19503878,2
B12,0,2,0,Soil14,Soil14_Neutral2,Slurry,HCl_NaOH,80,8,20,2.92,None,None,Soil14_T0,0.0183,0.1944131665,0,0,0,0.00016,Soil14_Neutral2_pH6.54,10_20cm,6.545,26.03550296,1.921301775,0.08327687096,83.27687096,1.130177515,1.234836021,2.95,T0,16.20109721,2
C01,0,2,0,Soil14,Soil14_Neutral2,Slurry,HCl_NaOH,-90,-9,20,8.32,None,None,Soil14_T0,0.04985,0.5610430213,0,0,0,-0.00018,Soil14_Neutral2_pH6.54,10_20cm,6.545,26.03550296,1.921301775,-0.09368647983,-93.68647983,1.130177515,1.234836021,8.63,T0,46.75358511,3
C02,0,2,0,Soil14,Soil14_Neutral2,Slurry,HCl_NaOH,-23,-2.3,20,7.87,None,None,Soil14_T0,0.02015,0.2159171392,0,0,0,-0.000046,Soil14_Neutral2_pH6.54,10_20cm,6.545,26.03550296,1.921301775,-0.0239421004,-23.9421004,1.130177515,1.234836021,8.279279279,T0,17.99309493,3
C03,0,2,0,Soil14,Soil14_Neutral2,Slurry,HCl_NaOH,-8,-0.8,20,7.42,None,None,Soil14_T0,0.00955,0.09269527618,0,0,0,-0.000016,Soil14_Neutral2_pH6.54,10_20cm,6.545,26.03550296,1.921301775,-0.008327687096,-8.327687096,1.130177515,1.234836021,7.894894895,T0,7.724606348,3
C04,0,2,0,Soil14,Soil14_Neutral2,Slurry,HCl_NaOH,-5,-0.5,20,6.97,None,None,Soil14_T0,0.00625,0.05432885002,0,0,0,-0.00001,Soil14_Neutral2_pH6.54,10_20cm,6.545,26.03550296,1.921301775,-0.005204804435,-5.204804435,1.130177515,1.234836021,7.666666667,T0,4.527404168,3
C05,0,2,0,Soil14,Soil14_Neutral2,Slurry,HCl_NaOH,-2,-0.2,20,6.52,None,None,Soil14_T0,0.0041,0.02933128928,0,0,0,-0.000004,Soil14_Neutral2_pH6.54,10_20cm,6.545,26.03550296,1.921301775,-0.002081921774,-2.081921774,1.130177515,1.234836021,7.222222222,T0,2.444274106,3
C06,0,2,0,Soil14,Soil14_Neutral2,Slurry,HCl_NaOH,2,0.2,20,5.62,None,None,Soil14_T0,0.00425,0.03107533722,0,0,0,0.000004,Soil14_Neutral2_pH6.54,10_20cm,6.545,26.03550296,1.921301775,0.002081921774,2.081921774,1.130177515,1.234836021,6.177177177,T0,2.589611435,3
C07,0,2,0,Soil14,Soil14_Neutral2,Slurry,HCl_NaOH,5,0.5,20,5.17,None,None,Soil14_T0,0.0053,0.0432835381,0,0,0,0.00001,Soil14_Neutral2_pH6.54,10_20cm,6.545,26.03550296,1.921301775,0.005204804435,5.204804435,1.130177515,1.234836021,5.444444444,T0,3.606961508,3
C08,0,2,0,Soil14,Soil14_Neutral2,Slurry,HCl_NaOH,9,0.9,20,4.72,None,None,Soil14_T0,0.0061,0.05258486623,0,0,0,0.000018,Soil14_Neutral2_pH6.54,10_20cm,6.545,26.03550296,1.921301775,0.009368647983,9.368647983,1.130177515,1.234836021,4.747747748,T0,4.382072186,3
C09,0,2,0,Soil14,Soil14_Neutral2,Slurry,HCl_NaOH,14,1.4,20,4.27,None,None,Soil14_T0,0.00575,0.04851555201,0,0,0,0.000028,Soil14_Neutral2_pH6.54,10_20cm,6.545,26.03550296,1.921301775,0.01457345242,14.57345242,1.130177515,1.234836021,4.483483483,T0,4.042962668,3
C10,0,2,0,Soil14,Soil14_Neutral2,Slurry,HCl_NaOH,22,2.2,20,3.82,None,None,Soil14_T0,0.0073,0.06653660183,0,0,0,0.000044,Soil14_Neutral2_pH6.54,10_20cm,6.545,26.03550296,1.921301775,0.02290113951,22.90113951,1.130177515,1.234836021,3.882882883,T0,5.544716819,3
C11,0,2,0,Soil14,Soil14_Neutral2,Slurry,HCl_NaOH,34,3.4,20,3.37,None,None,Soil14_T0,0.00825,0.07758150747,0,0,0,0.000068,Soil14_Neutral2_pH6.54,10_20cm,6.545,26.03550296,1.921301775,0.03539267016,35.39267016,1.130177515,1.234836021,3.534534535,T0,6.465125623,3
C12,0,2,0,Soil14,Soil14_Neutral2,Slurry,HCl_NaOH,80,8,20,2.92,None,None,Soil14_T0,0.0516,0.581372848,0,0,0,0.00016,Soil14_Neutral2_pH6.54,10_20cm,6.545,26.03550296,1.921301775,0.08327687096,83.27687096,1.130177515,1.234836021,2.95,T0,48.44773734,3
D01,0,2,0,Soil14,Soil14_Neutral2,Slurry,HCl_NaOH,-90,-9,20,8.32,None,CHX,Soil14_T0,0.0552,0.6231921519,0,0,0,-0.00018,Soil14_Neutral2_pH6.54,10_20cm,6.545,26.03550296,1.921301775,-0.09368647983,-93.68647983,1.130177515,1.234836021,8.63,T0,51.93267932,1
D02,0,2,0,Soil14,Soil14_Neutral2,Slurry,HCl_NaOH,80,8,20,2.92,None,CHX,Soil14_T0,0.0252,0.2746134503,0,0,0,0.00016,Soil14_Neutral2_pH6.54,10_20cm,6.545,26.03550296,1.921301775,0.08327687096,83.27687096,1.130177515,1.234836021,3.186186186,T0,22.88445419,1
D03,0,2,0,Soil14,Soil14_Neutral2,Slurry,HCl_NaOH,0,0,20,6.07,None,CHX,Soil14_T0,0.01755,0.1856951314,0,0,0,0,Soil14_Neutral2_pH6.54,10_20cm,6.545,26.03550296,1.921301775,0,0,1.130177515,1.234836021,6.861861862,T0,15.47459428,1
D04,0,0,0,Soil14,Soil14_Neutral2,No_Nitrate,No_Nitrate,0,0,20,6.07,None,None,Soil14_T0,0.0085,0.08048802952,0,0,0,0,Soil14_Neutral2_pH6.54,10_20cm,6.545,26.03550296,1.921301775,0,0,1.130177515,1.234836021,6.449449449,T0,6.707335793,1
D05,0,0,0,Soil14,Soil14_Neutral2,No_Nitrate,No_Nitrate,0,0,20,6.07,None,None,Soil14_T0,0.00765,0.07060580004,0,0,0,0,Soil14_Neutral2_pH6.54,10_20cm,6.545,26.03550296,1.921301775,0,0,1.130177515,1.234836021,6.449449449,T0,5.88381667,2
D06,0,0,0,Soil14,Soil14_Neutral2,No_Nitrate,No_Nitrate,0,0,20,6.07,None,None,Soil14_T0,0.00865,0.08223193633,0,0,0,0,Soil14_Neutral2_pH6.54,10_20cm,6.545,26.03550296,1.921301775,0,0,1.130177515,1.234836021,6.449449449,T0,6.852661361,3
D07,0,2,0,Soil14,Soil14_Neutral2,Slurry,HCl_NaOH,0,0,20,6.07,None,None,Soil14_T0,0.01165,0.1171090624,0,0,0,0,Soil14_Neutral2_pH6.54,10_20cm,6.545,26.03550296,1.921301775,0,0,1.130177515,1.234836021,6.72,T0,9.759088533,1
D08,0,2,0,Soil14,Soil14_Neutral2,Slurry,HCl_NaOH,0,0,20,6.07,None,None,Soil14_T0,0.0116,0.1165277927,0,0,0,0,Soil14_Neutral2_pH6.54,10_20cm,6.545,26.03550296,1.921301775,0,0,1.130177515,1.234836021,6.72,T0,9.710649394,2
D09,0,2,0,Soil14,Soil14_Neutral2,Slurry,HCl_NaOH,0,0,20,6.07,None,None,Soil14_T0,0.01155,0.1159465225,0,0,0,0,Soil14_Neutral2_pH6.54,10_20cm,6.545,26.03550296,1.921301775,0,0,1.130177515,1.234836021,6.72,T0,9.66221021,3
A01,0,2,0,Soil16,Soil16_Neutral6,Slurry,HCl_NaOH,-100,-10,20,8.39,None,None,Soil16_T0,0.02775,0.3015887723,0,0,0,-0.0002,Soil16_Neutral6_pH6.86,10_20cm,6.86,24.05832321,1.904495747,-0.105014674,-105.014674,1.120291616,1.288461828,8.43,T0,25.1323977,1
A02,0,2,0,Soil16,Soil16_Neutral6,Slurry,HCl_NaOH,-7,-0.7,20,7.94,None,None,Soil16_T0,0.00865,0.08151263641,0,0,0,-0.000014,Soil16_Neutral6_pH6.86,10_20cm,6.86,24.05832321,1.904495747,-0.007351027179,-7.351027179,1.120291616,1.288461828,8.075075075,T0,6.792719701,1
A03,0,2,0,Soil16,Soil16_Neutral6,Slurry,HCl_NaOH,3,0.3,20,7.04,None,None,Soil16_T0,0.00725,0.065378361,0,0,0,0.000006,Soil16_Neutral6_pH6.86,10_20cm,6.86,24.05832321,1.904495747,0.003150440219,3.150440219,1.120291616,1.288461828,6.777777778,T0,5.44819675,1
A04,0,2,0,Soil16,Soil16_Neutral6,Slurry,HCl_NaOH,6,0.6,20,6.59,None,None,Soil16_T0,0.01165,0.116084685,0,0,0,0.000012,Soil16_Neutral6_pH6.86,10_20cm,6.86,24.05832321,1.904495747,0.006300880439,6.300880439,1.120291616,1.288461828,6.081081081,T0,9.673723747,1
A05,0,2,0,Soil16,Soil16_Neutral6,Slurry,HCl_NaOH,8,0.8,20,6.14,None,None,Soil16_T0,0.01715,0.179461821,0,0,0,0.000016,Soil16_Neutral6_pH6.86,10_20cm,6.86,24.05832321,1.904495747,0.008401173919,8.401173919,1.120291616,1.288461828,5.888888889,T0,14.95515175,1
A06,0,2,0,Soil16,Soil16_Neutral6,Slurry,HCl_NaOH,11,1.1,20,5.69,None,None,Soil16_T0,0.01115,0.1103228093,0,0,0,0.000022,Soil16_Neutral6_pH6.86,10_20cm,6.86,24.05832321,1.904495747,0.01155161414,11.55161414,1.120291616,1.288461828,5.504504505,T0,9.193567443,1
A07,0,2,0,Soil16,Soil16_Neutral6,Slurry,HCl_NaOH,14,1.4,20,5.24,None,None,Soil16_T0,0.01425,0.1460455844,0,0,0,0.000028,Soil16_Neutral6_pH6.86,10_20cm,6.86,24.05832321,1.904495747,0.01470205436,14.70205436,1.120291616,1.288461828,4.891891892,T0,12.17046537,1
A08,0,2,0,Soil16,Soil16_Neutral6,Slurry,HCl_NaOH,18,1.8,20,4.79,None,None,Soil16_T0,0.0126,0.1270321027,0,0,0,0.000036,Soil16_Neutral6_pH6.86,10_20cm,6.86,24.05832321,1.904495747,0.01890264132,18.90264132,1.120291616,1.288461828,4.663663664,T0,10.58600856,1
A09,0,2,0,Soil16,Soil16_Neutral6,Slurry,HCl_NaOH,22,2.2,20,4.34,None,None,Soil16_T0,0.0112,0.1108989993,0,0,0,0.000044,Soil16_Neutral6_pH6.86,10_20cm,6.86,24.05832321,1.904495747,0.02310322828,23.10322828,1.120291616,1.288461828,4.195195195,T0,9.241583272,1
A10,0,2,0,Soil16,Soil16_Neutral6,Slurry,HCl_NaOH,28,2.8,20,3.89,None,None,Soil16_T0,0.0151,0.1558401831,0,0,0,0.000056,Soil16_Neutral6_pH6.86,10_20cm,6.86,24.05832321,1.904495747,0.02940410872,29.40410872,1.120291616,1.288461828,3.906906907,T0,12.98668193,1
A11,0,2,0,Soil16,Soil16_Neutral6,Slurry,HCl_NaOH,40,4,20,3.44,None,None,Soil16_T0,0.0163,0.1696675914,0,0,0,0.00008,Soil16_Neutral6_pH6.86,10_20cm,6.86,24.05832321,1.904495747,0.04200586959,42.00586959,1.120291616,1.288461828,3.582582583,T0,14.13896595,1
A12,0,2,0,Soil16,Soil16_Neutral6,Slurry,HCl_NaOH,90,9,20,2.99,None,None,Soil16_T0,0.0191,0.2019303577,0,0,0,0.00018,Soil16_Neutral6_pH6.86,10_20cm,6.86,24.05832321,1.904495747,0.09451320658,94.51320658,1.120291616,1.288461828,2.93,T0,16.82752981,1
B01,0,2,0,Soil16,Soil16_Neutral6,Slurry,HCl_NaOH,-100,-10,20,8.39,None,None,Soil16_T0,0.02715,0.2946765613,0,0,0,-0.0002,Soil16_Neutral6_pH6.86,10_20cm,6.86,24.05832321,1.904495747,-0.105014674,-105.014674,1.120291616,1.288461828,8.43,T0,24.55638011,2
B02,0,2,0,Soil16,Soil16_Neutral6,Slurry,HCl_NaOH,-7,-0.7,20,7.94,None,None,Soil16_T0,0.0075,0.06825951207,0,0,0,-0.000014,Soil16_Neutral6_pH6.86,10_20cm,6.86,24.05832321,1.904495747,-0.007351027179,-7.351027179,1.120291616,1.288461828,8.075075075,T0,5.688292673,2
B03,0,2,0,Soil16,Soil16_Neutral6,Slurry,HCl_NaOH,3,0.3,20,7.04,None,None,Soil16_T0,0.00745,0.06768328292,0,0,0,0.000006,Soil16_Neutral6_pH6.86,10_20cm,6.86,24.05832321,1.904495747,0.003150440219,3.150440219,1.120291616,1.288461828,6.777777778,T0,5.640273577,2
B04,0,2,0,Soil16,Soil16_Neutral6,Slurry,HCl_NaOH,6,0.6,20,6.59,None,None,Soil16_T0,0.00885,0.08381749898,0,0,0,0.000012,Soil16_Neutral6_pH6.86,10_20cm,6.86,24.05832321,1.904495747,0.006300880439,6.300880439,1.120291616,1.288461828,6.081081081,T0,6.984791582,2
B05,0,2,0,Soil16,Soil16_Neutral6,Slurry,HCl_NaOH,8,0.8,20,6.14,None,None,Soil16_T0,0.0121,0.1212703278,0,0,0,0.000016,Soil16_Neutral6_pH6.86,10_20cm,6.86,24.05832321,1.904495747,0.008401173919,8.401173919,1.120291616,1.288461828,5.888888889,T0,10.10586065,2
B06,0,2,0,Soil16,Soil16_Neutral6,Slurry,HCl_NaOH,11,1.1,20,5.69,None,None,Soil16_T0,0.0125,0.125879752,0,0,0,0.000022,Soil16_Neutral6_pH6.86,10_20cm,6.86,24.05832321,1.904495747,0.01155161414,11.55161414,1.120291616,1.288461828,5.504504505,T0,10.48997933,2
B07,0,2,0,Soil16,Soil16_Neutral6,Slurry,HCl_NaOH,14,1.4,20,5.24,None,None,Soil16_T0,0.01405,0.1437409507,0,0,0,0.000028,Soil16_Neutral6_pH6.86,10_20cm,6.86,24.05832321,1.904495747,0.01470205436,14.70205436,1.120291616,1.288461828,4.891891892,T0,11.97841256,2
B08,0,2,0,Soil16,Soil16_Neutral6,Slurry,HCl_NaOH,18,1.8,20,4.79,None,None,Soil16_T0,0.01445,0.1483502096,0,0,0,0.000036,Soil16_Neutral6_pH6.86,10_20cm,6.86,24.05832321,1.904495747,0.01890264132,18.90264132,1.120291616,1.288461828,4.663663664,T0,12.36251747,2
B09,0,2,0,Soil16,Soil16_Neutral6,Slurry,HCl_NaOH,22,2.2,20,4.34,None,None,Soil16_T0,0.00935,0.08957961834,0,0,0,0.000044,Soil16_Neutral6_pH6.86,10_20cm,6.86,24.05832321,1.904495747,0.02310322828,23.10322828,1.120291616,1.288461828,4.195195195,T0,7.464968195,2
B10,0,2,0,Soil16,Soil16_Neutral6,Slurry,HCl_NaOH,28,2.8,20,3.89,None,None,Soil16_T0,0.01055,0.1034084886,0,0,0,0.000056,Soil16_Neutral6_pH6.86,10_20cm,6.86,24.05832321,1.904495747,0.02940410872,29.40410872,1.120291616,1.288461828,3.906906907,T0,8.617374051,2
B11,0,2,0,Soil16,Soil16_Neutral6,Slurry,HCl_NaOH,40,4,20,3.44,None,None,Soil16_T0,0.0127,0.1281844514,0,0,0,0.00008,Soil16_Neutral6_pH6.86,10_20cm,6.86,24.05832321,1.904495747,0.04200586959,42.00586959,1.120291616,1.288461828,3.582582583,T0,10.68203762,2
B12,0,2,0,Soil16,Soil16_Neutral6,Slurry,HCl_NaOH,90,9,20,2.99,None,None,Soil16_T0,0.02055,0.2186372089,0,0,0,0.00018,Soil16_Neutral6_pH6.86,10_20cm,6.86,24.05832321,1.904495747,0.09451320658,94.51320658,1.120291616,1.288461828,2.93,T0,18.21976741,2
C01,0,2,0,Soil16,Soil16_Neutral6,Slurry,HCl_NaOH,-100,-10,20,8.39,None,None,Soil16_T0,0.02375,0.2555059257,0,0,0,-0.0002,Soil16_Neutral6_pH6.86,10_20cm,6.86,24.05832321,1.904495747,-0.105014674,-105.014674,1.120291616,1.288461828,8.43,T0,21.29216048,3
C02,0,2,0,Soil16,Soil16_Neutral6,Slurry,HCl_NaOH,-7,-0.7,20,7.94,None,None,Soil16_T0,0.01125,0.1114751887,0,0,0,-0.000014,Soil16_Neutral6_pH6.86,10_20cm,6.86,24.05832321,1.904495747,-0.007351027179,-7.351027179,1.120291616,1.288461828,8.075075075,T0,9.289599057,3
C03,0,2,0,Soil16,Soil16_Neutral6,Slurry,HCl_NaOH,3,0.3,20,7.04,None,None,Soil16_T0,0.0082,0.07632666461,0,0,0,0.000006,Soil16_Neutral6_pH6.86,10_20cm,6.86,24.05832321,1.904495747,0.003150440219,3.150440219,1.120291616,1.288461828,6.777777778,T0,6.360555385,3
C04,0,2,0,Soil16,Soil16_Neutral6,Slurry,HCl_NaOH,6,0.6,20,6.59,None,None,Soil16_T0,0.0098,0.09476548045,0,0,0,0.000012,Soil16_Neutral6_pH6.86,10_20cm,6.86,24.05832321,1.904495747,0.006300880439,6.300880439,1.120291616,1.288461828,6.081081081,T0,7.897123371,3
C05,0,2,0,Soil16,Soil16_Neutral6,Slurry,HCl_NaOH,8,0.8,20,6.14,None,None,Soil16_T0,0.0081,0.07517422061,0,0,0,0.000016,Soil16_Neutral6_pH6.86,10_20cm,6.86,24.05832321,1.904495747,0.008401173919,8.401173919,1.120291616,1.288461828,5.888888889,T0,6.264518384,3
C06,0,2,0,Soil16,Soil16_Neutral6,Slurry,HCl_NaOH,11,1.1,20,5.69,None,None,Soil16_T0,0.00845,0.07920776535,0,0,0,0.000022,Soil16_Neutral6_pH6.86,10_20cm,6.86,24.05832321,1.904495747,0.01155161414,11.55161414,1.120291616,1.288461828,5.504504505,T0,6.600647113,3
C07,0,2,0,Soil16,Soil16_Neutral6,Slurry,HCl_NaOH,14,1.4,20,5.24,None,None,Soil16_T0,0.0106,0.1039846849,0,0,0,0.000028,Soil16_Neutral6_pH6.86,10_20cm,6.86,24.05832321,1.904495747,0.01470205436,14.70205436,1.120291616,1.288461828,4.891891892,T0,8.66539041,3
C08,0,2,0,Soil16,Soil16_Neutral6,Slurry,HCl_NaOH,18,1.8,20,4.79,None,None,Soil16_T0,0.0111,0.1097466188,0,0,0,0.000036,Soil16_Neutral6_pH6.86,10_20cm,6.86,24.05832321,1.904495747,0.01890264132,18.90264132,1.120291616,1.288461828,4.663663664,T0,9.14555157,3
C09,0,2,0,Soil16,Soil16_Neutral6,Slurry,HCl_NaOH,22,2.2,20,4.34,None,None,Soil16_T0,0.01025,0.09995129966,0,0,0,0.000044,Soil16_Neutral6_pH6.86,10_20cm,6.86,24.05832321,1.904495747,0.02310322828,23.10322828,1.120291616,1.288461828,4.195195195,T0,8.329274971,3
C10,0,2,0,Soil16,Soil16_Neutral6,Slurry,HCl_NaOH,28,2.8,20,3.89,None,None,Soil16_T0,0.00865,0.08151263641,0,0,0,0.000056,Soil16_Neutral6_pH6.86,10_20cm,6.86,24.05832321,1.904495747,0.02940410872,29.40410872,1.120291616,1.288461828,3.906906907,T0,6.792719701,3
C11,0,2,0,Soil16,Soil16_Neutral6,Slurry,HCl_NaOH,40,4,20,3.44,None,None,Soil16_T0,0.0117,0.1166608696,0,0,0,0.00008,Soil16_Neutral6_pH6.86,10_20cm,6.86,24.05832321,1.904495747,0.04200586959,42.00586959,1.120291616,1.288461828,3.582582583,T0,9.721739135,3
C12,0,2,0,Soil16,Soil16_Neutral6,Slurry,HCl_NaOH,90,9,20,2.99,None,None,Soil16_T0,0.0176,0.1846469394,0,0,0,0.00018,Soil16_Neutral6_pH6.86,10_20cm,6.86,24.05832321,1.904495747,0.09451320658,94.51320658,1.120291616,1.288461828,2.93,T0,15.38724495,3
D01,0,2,0,Soil16,Soil16_Neutral6,Slurry,HCl_NaOH,-100,-10,20,8.39,None,CHX,Soil16_T0,0.03095,0.3384526107,0,0,0,-0.0002,Soil16_Neutral6_pH6.86,10_20cm,6.86,24.05832321,1.904495747,-0.105014674,-105.014674,1.120291616,1.288461828,8.42,T0,28.20438422,1
D02,0,2,0,Soil16,Soil16_Neutral6,Slurry,HCl_NaOH,90,9,20,2.99,None,CHX,Soil16_T0,0.02175,0.2324632319,0,0,0,0.00018,Soil16_Neutral6_pH6.86,10_20cm,6.86,24.05832321,1.904495747,0.09451320658,94.51320658,1.120291616,1.288461828,3.21021021,T0,19.37193599,1
D03,0,2,0,Soil16,Soil16_Neutral6,Slurry,HCl_NaOH,0,0,20,7.49,None,CHX,Soil16_T0,0.0141,0.1443171099,0,0,0,0,Soil16_Neutral6_pH6.86,10_20cm,6.86,24.05832321,1.904495747,0,0,1.120291616,1.288461828,7.630630631,T0,12.02642582,1
D04,0,0,0,Soil16,Soil16_Neutral6,No_Nitrate,No_Nitrate,0,0,20,7.49,None,None,Soil16_T0,0.0069,0.06134472724,0,0,0,0,Soil16_Neutral6_pH6.86,10_20cm,6.86,24.05832321,1.904495747,0,0,1.120291616,1.288461828,7.346346346,T0,5.112060603,1
D05,0,0,0,Soil16,Soil16_Neutral6,No_Nitrate,No_Nitrate,0,0,20,7.49,None,None,Soil16_T0,0.0068,0.06019225568,0,0,0,0,Soil16_Neutral6_pH6.86,10_20cm,6.86,24.05832321,1.904495747,0,0,1.120291616,1.288461828,7.346346346,T0,5.016021306,2
D06,0,0,0,Soil16,Soil16_Neutral6,No_Nitrate,No_Nitrate,0,0,20,7.49,None,None,Soil16_T0,0.00715,0.06422589686,0,0,0,0,Soil16_Neutral6_pH6.86,10_20cm,6.86,24.05832321,1.904495747,0,0,1.120291616,1.288461828,7.346346346,T0,5.352158072,3
D07,0,2,0,Soil16,Soil16_Neutral6,Slurry,HCl_NaOH,0,0,20,7.49,None,None,Soil16_T0,0.00905,0.08612235308,0,0,0,0,Soil16_Neutral6_pH6.86,10_20cm,6.86,24.05832321,1.904495747,0,0,1.120291616,1.288461828,7.496666667,T0,7.176862757,1
D08,0,2,0,Soil16,Soil16_Neutral6,Slurry,HCl_NaOH,0,0,20,7.49,None,None,Soil16_T0,0.0071,0.06364966399,0,0,0,0,Soil16_Neutral6_pH6.86,10_20cm,6.86,24.05832321,1.904495747,0,0,1.120291616,1.288461828,7.496666667,T0,5.304138666,2
D09,0,2,0,Soil16,Soil16_Neutral6,Slurry,HCl_NaOH,0,0,20,7.49,None,None,Soil16_T0,0.01015,0.0987988991,0,0,0,0,Soil16_Neutral6_pH6.86,10_20cm,6.86,24.05832321,1.904495747,0,0,1.120291616,1.288461828,7.496666667,T0,8.233241591,3
A01,0,2,0,Soil11,Soil11_CE234,Slurry,HCl_NaOH,-100,-10,20,8.58,None,None,Soil11_T0,0.12425,1.646696977,0,0,0,-0.0002,Soil11_CE234_pH6.19,10_20cm,6.186,25.1497006,1.913772455,-0.104505632,-104.505632,1.125748503,1.22703048,8.58,T0,137.2247481,1
A02,0,2,0,Soil11,Soil11_CE234,Slurry,HCl_NaOH,-50,-5,20,8.13,None,None,Soil11_T0,0.07255,0.9501303868,0,0,0,-0.0001,Soil11_CE234_pH6.19,10_20cm,6.186,25.1497006,1.913772455,-0.05225281602,-52.25281602,1.125748503,1.22703048,8.147147147,T0,79.17753224,1
A03,0,2,0,Soil11,Soil11_CE234,Slurry,HCl_NaOH,-25,-2.5,20,7.68,None,None,Soil11_T0,0.04395,0.5647785714,0,0,0,-0.00005,Soil11_CE234_pH6.19,10_20cm,6.186,25.1497006,1.913772455,-0.02612640801,-26.12640801,1.125748503,1.22703048,7.498498498,T0,47.06488095,1
A04,0,2,0,Soil11,Soil11_CE234,Slurry,HCl_NaOH,-18,-1.8,20,7.23,None,None,Soil11_T0,0.0344,0.4361006883,0,0,0,-0.000036,Soil11_CE234_pH6.19,10_20cm,6.186,25.1497006,1.913772455,-0.01881101377,-18.81101377,1.125748503,1.22703048,6.84,T0,36.34172402,1
A05,0,2,0,Soil11,Soil11_CE234,Slurry,HCl_NaOH,-14,-1.4,20,6.78,None,None,Soil11_T0,0.032,0.4037625773,0,0,0,-0.000028,Soil11_CE234_pH6.19,10_20cm,6.186,25.1497006,1.913772455,-0.01463078849,-14.63078849,1.125748503,1.22703048,6.537537538,T0,33.64688144,1
A06,0,2,0,Soil11,Soil11_CE234,Slurry,HCl_NaOH,-10,-1,20,6.33,None,None,Soil11_T0,0.0284,0.3552552499,0,0,0,-0.00002,Soil11_CE234_pH6.19,10_20cm,6.186,25.1497006,1.913772455,-0.0104505632,-10.4505632,1.125748503,1.22703048,5.888888889,T0,29.60460416,1
A07,0,2,0,Soil11,Soil11_CE234,Slurry,HCl_NaOH,-8,-0.8,20,5.88,None,None,Soil11_T0,0.02435,0.3006842758,0,0,0,-0.000016,Soil11_CE234_pH6.19,10_20cm,6.186,25.1497006,1.913772455,-0.008360450563,-8.360450563,1.125748503,1.22703048,5.21,T0,25.05702298,1
A08,0,2,0,Soil11,Soil11_CE234,Slurry,HCl_NaOH,-5,-0.5,20,5.43,None,None,Soil11_T0,0.0159,0.1868255306,0,0,0,-0.00001,Soil11_CE234_pH6.19,10_20cm,6.186,25.1497006,1.913772455,-0.005225281602,-5.225281602,1.125748503,1.22703048,5.12012012,T0,15.56879422,1
A09,0,2,0,Soil11,Soil11_CE234,Slurry,HCl_NaOH,-3,-0.3,20,4.98,None,None,Soil11_T0,0.0138,0.1585291094,0,0,0,-0.000006,Soil11_CE234_pH6.19,10_20cm,6.186,25.1497006,1.913772455,-0.003135168961,-3.135168961,1.125748503,1.22703048,4.783783784,T0,13.21075911,1
A10,0,2,0,Soil11,Soil11_CE234,Slurry,HCl_NaOH,3,0.3,20,4.08,None,None,Soil11_T0,0.0107,0.1167580817,0,0,0,0.000006,Soil11_CE234_pH6.19,10_20cm,6.186,25.1497006,1.913772455,0.003135168961,3.135168961,1.125748503,1.22703048,4.255255255,T0,9.729840142,1
A11,0,2,0,Soil11,Soil11_CE234,Slurry,HCl_NaOH,9,0.9,20,3.63,None,None,Soil11_T0,0.0113,0.1248428079,0,0,0,0.000018,Soil11_CE234_pH6.19,10_20cm,6.186,25.1497006,1.913772455,0.009405506884,9.405506884,1.125748503,1.22703048,3.882882883,T0,10.40356733,1
A12,0,2,0,Soil11,Soil11_CE234,Slurry,HCl_NaOH,30,3,20,3.18,None,None,Soil11_T0,0.0112,0.1234953539,0,0,0,0.00006,Soil11_CE234_pH6.19,10_20cm,6.186,25.1497006,1.913772455,0.03135168961,31.35168961,1.125748503,1.22703048,3.23,T0,10.29127949,1
B01,0,2,0,Soil11,Soil11_CE234,Slurry,HCl_NaOH,-100,-10,20,8.58,None,None,Soil11_T0,0.12075,1.599541888,0,0,0,-0.0002,Soil11_CE234_pH6.19,10_20cm,6.186,25.1497006,1.913772455,-0.104505632,-104.505632,1.125748503,1.22703048,8.58,T0,133.2951574,2
B02,0,2,0,Soil11,Soil11_CE234,Slurry,HCl_NaOH,-50,-5,20,8.13,None,None,Soil11_T0,0.06545,0.854467262,0,0,0,-0.0001,Soil11_CE234_pH6.19,10_20cm,6.186,25.1497006,1.913772455,-0.05225281602,-52.25281602,1.125748503,1.22703048,8.147147147,T0,71.20560517,2
B03,0,2,0,Soil11,Soil11_CE234,Slurry,HCl_NaOH,-25,-2.5,20,7.68,None,None,Soil11_T0,0.0348,0.4414903651,0,0,0,-0.00005,Soil11_CE234_pH6.19,10_20cm,6.186,25.1497006,1.913772455,-0.02612640801,-26.12640801,1.125748503,1.22703048,7.498498498,T0,36.79086376,2
B04,0,2,0,Soil11,Soil11_CE234,Slurry,HCl_NaOH,-18,-1.8,20,7.23,None,None,Soil11_T0,0.0241,0.2973156892,0,0,0,-0.000036,Soil11_CE234_pH6.19,10_20cm,6.186,25.1497006,1.913772455,-0.01881101377,-18.81101377,1.125748503,1.22703048,6.84,T0,24.77630743,2
B05,0,2,0,Soil11,Soil11_CE234,Slurry,HCl_NaOH,-14,-1.4,20,6.78,None,None,Soil11_T0,0.0232,0.2851887695,0,0,0,-0.000028,Soil11_CE234_pH6.19,10_20cm,6.186,25.1497006,1.913772455,-0.01463078849,-14.63078849,1.125748503,1.22703048,6.537537538,T0,23.76573079,2
B06,0,2,0,Soil11,Soil11_CE234,Slurry,HCl_NaOH,-10,-1,20,6.33,None,None,Soil11_T0,0.0194,0.2339860867,0,0,0,-0.00002,Soil11_CE234_pH6.19,10_20cm,6.186,25.1497006,1.913772455,-0.0104505632,-10.4505632,1.125748503,1.22703048,5.888888889,T0,19.49884056,2
B07,0,2,0,Soil11,Soil11_CE234,Slurry,HCl_NaOH,-8,-0.8,20,5.88,None,None,Soil11_T0,0.01475,0.1713298795,0,0,0,-0.000016,Soil11_CE234_pH6.19,10_20cm,6.186,25.1497006,1.913772455,-0.008360450563,-8.360450563,1.125748503,1.22703048,5.21,T0,14.27748996,2
B08,0,2,0,Soil11,Soil11_CE234,Slurry,HCl_NaOH,-5,-0.5,20,5.43,None,None,Soil11_T0,0.0092,0.09654624273,0,0,0,-0.00001,Soil11_CE234_pH6.19,10_20cm,6.186,25.1497006,1.913772455,-0.005225281602,-5.225281602,1.125748503,1.22703048,5.12012012,T0,8.045520227,2
B09,0,2,0,Soil11,Soil11_CE234,Slurry,HCl_NaOH,-3,-0.3,20,4.98,None,None,Soil11_T0,0.01035,0.1120419889,0,0,0,-0.000006,Soil11_CE234_pH6.19,10_20cm,6.186,25.1497006,1.913772455,-0.003135168961,-3.135168961,1.125748503,1.22703048,4.783783784,T0,9.336832412,2
B10,0,2,0,Soil11,Soil11_CE234,Slurry,HCl_NaOH,3,0.3,20,4.08,None,None,Soil11_T0,0.00995,0.1066521664,0,0,0,0.000006,Soil11_CE234_pH6.19,10_20cm,6.186,25.1497006,1.913772455,0.003135168961,3.135168961,1.125748503,1.22703048,4.255255255,T0,8.887680534,2
B11,0,2,0,Soil11,Soil11_CE234,Slurry,HCl_NaOH,9,0.9,20,3.63,None,None,Soil11_T0,0.0092,0.09654624273,0,0,0,0.000018,Soil11_CE234_pH6.19,10_20cm,6.186,25.1497006,1.913772455,0.009405506884,9.405506884,1.125748503,1.22703048,3.882882883,T0,8.045520227,2
B12,0,2,0,Soil11,Soil11_CE234,Slurry,HCl_NaOH,30,3,20,3.18,None,None,Soil11_T0,0.0133,0.1517918565,0,0,0,0.00006,Soil11_CE234_pH6.19,10_20cm,6.186,25.1497006,1.913772455,0.03135168961,31.35168961,1.125748503,1.22703048,3.23,T0,12.64932138,2
C01,0,2,0,Soil11,Soil11_CE234,Slurry,HCl_NaOH,-100,-10,20,8.58,None,None,Soil11_T0,0.12495,1.656127973,0,0,0,-0.0002,Soil11_CE234_pH6.19,10_20cm,6.186,25.1497006,1.913772455,-0.104505632,-104.505632,1.125748503,1.22703048,8.58,T0,138.0106644,3
C02,0,2,0,Soil11,Soil11_CE234,Slurry,HCl_NaOH,-50,-5,20,8.13,None,None,Soil11_T0,0.06655,0.8692883587,0,0,0,-0.0001,Soil11_CE234_pH6.19,10_20cm,6.186,25.1497006,1.913772455,-0.05225281602,-52.25281602,1.125748503,1.22703048,8.147147147,T0,72.44069656,3
C03,0,2,0,Soil11,Soil11_CE234,Slurry,HCl_NaOH,-25,-2.5,20,7.68,None,None,Soil11_T0,0.03775,0.481239158,0,0,0,-0.00005,Soil11_CE234_pH6.19,10_20cm,6.186,25.1497006,1.913772455,-0.02612640801,-26.12640801,1.125748503,1.22703048,7.498498498,T0,40.10326317,3
C04,0,2,0,Soil11,Soil11_CE234,Slurry,HCl_NaOH,-18,-1.8,20,7.23,None,None,Soil11_T0,0.0311,0.3916357636,0,0,0,-0.000036,Soil11_CE234_pH6.19,10_20cm,6.186,25.1497006,1.913772455,-0.01881101377,-18.81101377,1.125748503,1.22703048,6.84,T0,32.63631363,3
C05,0,2,0,Soil11,Soil11_CE234,Slurry,HCl_NaOH,-14,-1.4,20,6.78,None,None,Soil11_T0,0.023,0.2824938968,0,0,0,-0.000028,Soil11_CE234_pH6.19,10_20cm,6.186,25.1497006,1.913772455,-0.01463078849,-14.63078849,1.125748503,1.22703048,6.537537538,T0,23.54115807,3
C06,0,2,0,Soil11,Soil11_CE234,Slurry,HCl_NaOH,-10,-1,20,6.33,None,None,Soil11_T0,0.01625,0.1915415944,0,0,0,-0.00002,Soil11_CE234_pH6.19,10_20cm,6.186,25.1497006,1.913772455,-0.0104505632,-10.4505632,1.125748503,1.22703048,5.888888889,T0,15.96179954,3
C07,0,2,0,Soil11,Soil11_CE234,Slurry,HCl_NaOH,-8,-0.8,20,5.88,None,None,Soil11_T0,0.01375,0.1578553843,0,0,0,-0.000016,Soil11_CE234_pH6.19,10_20cm,6.186,25.1497006,1.913772455,-0.008360450563,-8.360450563,1.125748503,1.22703048,5.21,T0,13.15461535,3
C08,0,2,0,Soil11,Soil11_CE234,Slurry,HCl_NaOH,-5,-0.5,20,5.43,None,None,Soil11_T0,0.0141,0.1625714593,0,0,0,-0.00001,Soil11_CE234_pH6.19,10_20cm,6.186,25.1497006,1.913772455,-0.005225281602,-5.225281602,1.125748503,1.22703048,5.12012012,T0,13.54762161,3
C09,0,2,0,Soil11,Soil11_CE234,Slurry,HCl_NaOH,-3,-0.3,20,4.98,None,None,Soil11_T0,0.0118,0.1315800757,0,0,0,-0.000006,Soil11_CE234_pH6.19,10_20cm,6.186,25.1497006,1.913772455,-0.003135168961,-3.135168961,1.125748503,1.22703048,4.783783784,T0,10.9650063,3
C10,0,2,0,Soil11,Soil11_CE234,Slurry,HCl_NaOH,3,0.3,20,4.08,None,None,Soil11_T0,0.01245,0.1403385182,0,0,0,0.000006,Soil11_CE234_pH6.19,10_20cm,6.186,25.1497006,1.913772455,0.003135168961,3.135168961,1.125748503,1.22703048,4.255255255,T0,11.69487651,3
C11,0,2,0,Soil11,Soil11_CE234,Slurry,HCl_NaOH,9,0.9,20,3.63,None,None,Soil11_T0,0.01155,0.1282114423,0,0,0,0.000018,Soil11_CE234_pH6.19,10_20cm,6.186,25.1497006,1.913772455,0.009405506884,9.405506884,1.125748503,1.22703048,3.882882883,T0,10.68428685,3
C12,0,2,0,Soil11,Soil11_CE234,Slurry,HCl_NaOH,30,3,20,3.18,None,None,Soil11_T0,0.0136,0.1558342087,0,0,0,0.00006,Soil11_CE234_pH6.19,10_20cm,6.186,25.1497006,1.913772455,0.03135168961,31.35168961,1.125748503,1.22703048,3.23,T0,12.98618406,3
D01,0,2,0,Soil11,Soil11_CE234,Slurry,HCl_NaOH,-100,-10,20,8.58,None,CHX,Soil11_T0,0.1341,1.779403892,0,0,0,-0.0002,Soil11_CE234_pH6.19,10_20cm,6.186,25.1497006,1.913772455,-0.104505632,-104.505632,1.125748503,1.22703048,8.57,T0,148.2836577,1
D02,0,2,0,Soil11,Soil11_CE234,Slurry,HCl_NaOH,30,3,20,3.18,None,CHX,Soil11_T0,0.01625,0.1915415944,0,0,0,0.00006,Soil11_CE234_pH6.19,10_20cm,6.186,25.1497006,1.913772455,0.03135168961,31.35168961,1.125748503,1.22703048,3.33033033,T0,15.96179954,1
D03,0,2,0,Soil11,Soil11_CE234,Slurry,HCl_NaOH,0,0,20,4.53,None,CHX,Soil11_T0,0.01485,0.1726773282,0,0,0,0,Soil11_CE234_pH6.19,10_20cm,6.186,25.1497006,1.913772455,0,0,1.125748503,1.22703048,4.543543544,T0,14.38977735,1
D04,0,0,0,Soil11,Soil11_CE234,No_Nitrate,No_Nitrate,0,0,20,4.53,None,None,Soil11_T0,0.0093,0.0978936997,0,0,0,0,Soil11_CE234_pH6.19,10_20cm,6.186,25.1497006,1.913772455,0,0,1.125748503,1.22703048,4.487487487,T0,8.157808308,1
D05,0,0,0,Soil11,Soil11_CE234,No_Nitrate,No_Nitrate,0,0,20,4.53,None,None,Soil11_T0,0.0085,0.08711403973,0,0,0,0,Soil11_CE234_pH6.19,10_20cm,6.186,25.1497006,1.913772455,0,0,1.125748503,1.22703048,4.487487487,T0,7.25950331,2
D06,0,0,0,Soil11,Soil11_CE234,No_Nitrate,No_Nitrate,0,0,20,4.53,None,None,Soil11_T0,0.0091,0.0951987856,0,0,0,0,Soil11_CE234_pH6.19,10_20cm,6.186,25.1497006,1.913772455,0,0,1.125748503,1.22703048,4.487487487,T0,7.933232133,3
D07,0,2,0,Soil11,Soil11_CE234,Slurry,HCl_NaOH,0,0,20,4.53,None,None,Soil11_T0,0.00765,0.07566064056,0,0,0,0,Soil11_CE234_pH6.19,10_20cm,6.186,25.1497006,1.913772455,0,0,1.125748503,1.22703048,4.483333333,T0,6.30505338,1
D08,0,2,0,Soil11,Soil11_CE234,Slurry,HCl_NaOH,0,0,20,4.53,None,None,Soil11_T0,0.0089,0.09250387091,0,0,0,0,Soil11_CE234_pH6.19,10_20cm,6.186,25.1497006,1.913772455,0,0,1.125748503,1.22703048,4.483333333,T0,7.708655909,2
D09,0,2,0,Soil11,Soil11_CE234,Slurry,HCl_NaOH,0,0,20,4.53,None,None,Soil11_T0,0.0097,0.1032835261,0,0,0,0,Soil11_CE234_pH6.19,10_20cm,6.186,25.1497006,1.913772455,0,0,1.125748503,1.22703048,4.483333333,T0,8.606960509,3
A01,0,2,0,Soil13,Soil13_Neutral7,Slurry,HCl_NaOH,-100,-10,20,8.39,None,None,Soil13_T0,0.0717,0.9383036256,0,0,0,-0.0002,Soil13_Neutral7_pH6.43,10_20cm,6.435,25.05995204,1.913009592,-0.1045473064,-104.5473064,1.12529976,1.234836021,8.71,T0,78.1919688,1
A02,0,2,0,Soil13,Soil13_Neutral7,Slurry,HCl_NaOH,-16,-1.6,20,7.94,None,None,Soil13_T0,0.0383,0.4884551513,0,0,0,-0.000032,Soil13_Neutral7_pH6.43,10_20cm,6.435,25.05995204,1.913009592,-0.01672756902,-16.72756902,1.12529976,1.234836021,8.267267267,T0,40.70459594,1
A03,0,2,0,Soil13,Soil13_Neutral7,Slurry,HCl_NaOH,-7,-0.7,20,7.49,None,None,Soil13_T0,0.01625,0.1914652427,0,0,0,-0.000014,Soil13_Neutral7_pH6.43,10_20cm,6.435,25.05995204,1.913009592,-0.007318311448,-7.318311448,1.12529976,1.234836021,7.942942943,T0,15.95543689,1
A04,0,2,0,Soil13,Soil13_Neutral7,Slurry,HCl_NaOH,-4,-0.4,20,7.04,None,None,Soil13_T0,0.02205,0.2695857391,0,0,0,-0.000008,Soil13_Neutral7_pH6.43,10_20cm,6.435,25.05995204,1.913009592,-0.004181892256,-4.181892256,1.12529976,1.234836021,7.654654655,T0,22.46547826,1
A05,0,2,0,Soil13,Soil13_Neutral7,Slurry,HCl_NaOH,-1,-0.1,20,6.59,None,None,Soil13_T0,0.01575,0.1847306936,0,0,0,-0.000002,Soil13_Neutral7_pH6.43,10_20cm,6.435,25.05995204,1.913009592,-0.001045473064,-1.045473064,1.12529976,1.234836021,7.246246246,T0,15.39422447,1
A06,0,2,0,Soil13,Soil13_Neutral7,Slurry,HCl_NaOH,4,0.4,20,5.69,None,None,Soil13_T0,0.015,0.1746288632,0,0,0,0.000008,Soil13_Neutral7_pH6.43,10_20cm,6.435,25.05995204,1.913009592,0.004181892256,4.181892256,1.12529976,1.234836021,5.684684685,T0,14.55240526,1
A07,0,2,0,Soil13,Soil13_Neutral7,Slurry,HCl_NaOH,6,0.6,20,5.24,None,None,Soil13_T0,0.01365,0.1564455471,0,0,0,0.000012,Soil13_Neutral7_pH6.43,10_20cm,6.435,25.05995204,1.913009592,0.006272838384,6.272838384,1.12529976,1.234836021,5.324324324,T0,13.03712893,1
A08,0,2,0,Soil13,Soil13_Neutral7,Slurry,HCl_NaOH,9,0.9,20,4.79,None,None,Soil13_T0,0.01255,0.1416294918,0,0,0,0.000018,Soil13_Neutral7_pH6.43,10_20cm,6.435,25.05995204,1.913009592,0.009409257576,9.409257576,1.12529976,1.234836021,4.771771772,T0,11.80245765,1
A09,0,2,0,Soil13,Soil13_Neutral7,Slurry,HCl_NaOH,12,1.2,20,4.34,None,None,Soil13_T0,0.013,0.1476906075,0,0,0,0.000024,Soil13_Neutral7_pH6.43,10_20cm,6.435,25.05995204,1.913009592,0.01254567677,12.54567677,1.12529976,1.234836021,4.411411411,T0,12.30755063,1
A10,0,2,0,Soil13,Soil13_Neutral7,Slurry,HCl_NaOH,16,1.6,20,3.89,None,None,Soil13_T0,0.0148,0.1719350403,0,0,0,0.000032,Soil13_Neutral7_pH6.43,10_20cm,6.435,25.05995204,1.913009592,0.01672756902,16.72756902,1.12529976,1.234836021,4.123123123,T0,14.32792002,1
A11,0,2,0,Soil13,Soil13_Neutral7,Slurry,HCl_NaOH,26,2.6,20,3.44,None,None,Soil13_T0,0.01235,0.1389356616,0,0,0,0.000052,Soil13_Neutral7_pH6.43,10_20cm,6.435,25.05995204,1.913009592,0.02718229966,27.18229966,1.12529976,1.234836021,3.690690691,T0,11.5779718,1
A12,0,2,0,Soil13,Soil13_Neutral7,Slurry,HCl_NaOH,60,6,20,2.99,None,None,Soil13_T0,0.01695,0.200893605,0,0,0,0.00012,Soil13_Neutral7_pH6.43,10_20cm,6.435,25.05995204,1.913009592,0.06272838384,62.72838384,1.12529976,1.234836021,3,T0,16.74113375,1
B01,0,2,0,Soil13,Soil13_Neutral7,Slurry,HCl_NaOH,-100,-10,20,8.39,None,None,Soil13_T0,0.05285,0.6844241187,0,0,0,-0.0002,Soil13_Neutral7_pH6.43,10_20cm,6.435,25.05995204,1.913009592,-0.1045473064,-104.5473064,1.12529976,1.234836021,8.71,T0,57.03534322,2
B02,0,2,0,Soil13,Soil13_Neutral7,Slurry,HCl_NaOH,-16,-1.6,20,7.94,None,None,Soil13_T0,0.0305,0.3833983242,0,0,0,-0.000032,Soil13_Neutral7_pH6.43,10_20cm,6.435,25.05995204,1.913009592,-0.01672756902,-16.72756902,1.12529976,1.234836021,8.267267267,T0,31.94986035,2
B03,0,2,0,Soil13,Soil13_Neutral7,Slurry,HCl_NaOH,-7,-0.7,20,7.49,None,None,Soil13_T0,0.0271,0.3376040391,0,0,0,-0.000014,Soil13_Neutral7_pH6.43,10_20cm,6.435,25.05995204,1.913009592,-0.007318311448,-7.318311448,1.12529976,1.234836021,7.942942943,T0,28.13366993,2
B04,0,2,0,Soil13,Soil13_Neutral7,Slurry,HCl_NaOH,-4,-0.4,20,7.04,None,None,Soil13_T0,0.01475,0.1712615845,0,0,0,-0.000008,Soil13_Neutral7_pH6.43,10_20cm,6.435,25.05995204,1.913009592,-0.004181892256,-4.181892256,1.12529976,1.234836021,7.654654655,T0,14.2717987,2
B05,0,2,0,Soil13,Soil13_Neutral7,Slurry,HCl_NaOH,-1,-0.1,20,6.59,None,None,Soil13_T0,0.01255,0.1416294918,0,0,0,-0.000002,Soil13_Neutral7_pH6.43,10_20cm,6.435,25.05995204,1.913009592,-0.001045473064,-1.045473064,1.12529976,1.234836021,7.246246246,T0,11.80245765,2
B06,0,2,0,Soil13,Soil13_Neutral7,Slurry,HCl_NaOH,4,0.4,20,5.69,None,None,Soil13_T0,0.01145,0.1268134185,0,0,0,0.000008,Soil13_Neutral7_pH6.43,10_20cm,6.435,25.05995204,1.913009592,0.004181892256,4.181892256,1.12529976,1.234836021,5.684684685,T0,10.56778487,2
B07,0,2,0,Soil13,Soil13_Neutral7,Slurry,HCl_NaOH,6,0.6,20,5.24,None,None,Soil13_T0,0.0114,0.1261399601,0,0,0,0.000012,Soil13_Neutral7_pH6.43,10_20cm,6.435,25.05995204,1.913009592,0.006272838384,6.272838384,1.12529976,1.234836021,5.324324324,T0,10.51166335,2
B08,0,2,0,Soil13,Soil13_Neutral7,Slurry,HCl_NaOH,9,0.9,20,4.79,None,None,Soil13_T0,0.0112,0.1234461265,0,0,0,0.000018,Soil13_Neutral7_pH6.43,10_20cm,6.435,25.05995204,1.913009592,0.009409257576,9.409257576,1.12529976,1.234836021,4.771771772,T0,10.28717721,2
B09,0,2,0,Soil13,Soil13_Neutral7,Slurry,HCl_NaOH,12,1.2,20,4.34,None,None,Soil13_T0,0.0116,0.1288337932,0,0,0,0.000024,Soil13_Neutral7_pH6.43,10_20cm,6.435,25.05995204,1.913009592,0.01254567677,12.54567677,1.12529976,1.234836021,4.411411411,T0,10.73614943,2
B10,0,2,0,Soil13,Soil13_Neutral7,Slurry,HCl_NaOH,16,1.6,20,3.89,None,None,Soil13_T0,0.00865,0.08909969586,0,0,0,0.000032,Soil13_Neutral7_pH6.43,10_20cm,6.435,25.05995204,1.913009592,0.01672756902,16.72756902,1.12529976,1.234836021,4.123123123,T0,7.424974655,2
B11,0,2,0,Soil13,Soil13_Neutral7,Slurry,HCl_NaOH,26,2.6,20,3.44,None,None,Soil13_T0,0.0168,0.1988732423,0,0,0,0.000052,Soil13_Neutral7_pH6.43,10_20cm,6.435,25.05995204,1.913009592,0.02718229966,27.18229966,1.12529976,1.234836021,3.690690691,T0,16.57277019,2
B12,0,2,0,Soil13,Soil13_Neutral7,Slurry,HCl_NaOH,60,6,20,2.99,None,None,Soil13_T0,0.0143,0.1652004805,0,0,0,0.00012,Soil13_Neutral7_pH6.43,10_20cm,6.435,25.05995204,1.913009592,0.06272838384,62.72838384,1.12529976,1.234836021,3,T0,13.7667067,2
C01,0,2,0,Soil13,Soil13_Neutral7,Slurry,HCl_NaOH,-100,-10,20,8.39,None,None,Soil13_T0,0.05625,0.7302170999,0,0,0,-0.0002,Soil13_Neutral7_pH6.43,10_20cm,6.435,25.05995204,1.913009592,-0.1045473064,-104.5473064,1.12529976,1.234836021,8.71,T0,60.85142499,3
C02,0,2,0,Soil13,Soil13_Neutral7,Slurry,HCl_NaOH,-16,-1.6,20,7.94,None,None,Soil13_T0,0.0283,0.3537667476,0,0,0,-0.000032,Soil13_Neutral7_pH6.43,10_20cm,6.435,25.05995204,1.913009592,-0.01672756902,-16.72756902,1.12529976,1.234836021,8.267267267,T0,29.4805623,3
C03,0,2,0,Soil13,Soil13_Neutral7,Slurry,HCl_NaOH,-7,-0.7,20,7.49,None,None,Soil13_T0,0.0206,0.2500556619,0,0,0,-0.000014,Soil13_Neutral7_pH6.43,10_20cm,6.435,25.05995204,1.913009592,-0.007318311448,-7.318311448,1.12529976,1.234836021,7.942942943,T0,20.83797183,3
C04,0,2,0,Soil13,Soil13_Neutral7,Slurry,HCl_NaOH,-4,-0.4,20,7.04,None,None,Soil13_T0,0.01325,0.1510578927,0,0,0,-0.000008,Soil13_Neutral7_pH6.43,10_20cm,6.435,25.05995204,1.913009592,-0.004181892256,-4.181892256,1.12529976,1.234836021,7.654654655,T0,12.58815773,3
C05,0,2,0,Soil13,Soil13_Neutral7,Slurry,HCl_NaOH,-1,-0.1,20,6.59,None,None,Soil13_T0,0.01315,0.1497109788,0,0,0,-0.000002,Soil13_Neutral7_pH6.43,10_20cm,6.435,25.05995204,1.913009592,-0.001045473064,-1.045473064,1.12529976,1.234836021,7.246246246,T0,12.4759149,3
C06,0,2,0,Soil13,Soil13_Neutral7,Slurry,HCl_NaOH,4,0.4,20,5.69,None,None,Soil13_T0,0.00975,0.1039158151,0,0,0,0.000008,Soil13_Neutral7_pH6.43,10_20cm,6.435,25.05995204,1.913009592,0.004181892256,4.181892256,1.12529976,1.234836021,5.684684685,T0,8.659651257,3
C07,0,2,0,Soil13,Soil13_Neutral7,Slurry,HCl_NaOH,6,0.6,20,5.24,None,None,Soil13_T0,0.0098,0.1045892746,0,0,0,0.000012,Soil13_Neutral7_pH6.43,10_20cm,6.435,25.05995204,1.913009592,0.006272838384,6.272838384,1.12529976,1.234836021,5.324324324,T0,8.715772885,3
C08,0,2,0,Soil13,Soil13_Neutral7,Slurry,HCl_NaOH,9,0.9,20,4.79,None,None,Soil13_T0,0.0132,0.1503844358,0,0,0,0.000018,Soil13_Neutral7_pH6.43,10_20cm,6.435,25.05995204,1.913009592,0.009409257576,9.409257576,1.12529976,1.234836021,4.771771772,T0,12.53203631,3
C09,0,2,0,Soil13,Soil13_Neutral7,Slurry,HCl_NaOH,12,1.2,20,4.34,None,None,Soil13_T0,0.00955,0.1012219766,0,0,0,0.000024,Soil13_Neutral7_pH6.43,10_20cm,6.435,25.05995204,1.913009592,0.01254567677,12.54567677,1.12529976,1.234836021,4.411411411,T0,8.435164714,3
C10,0,2,0,Soil13,Soil13_Neutral7,Slurry,HCl_NaOH,16,1.6,20,3.89,None,None,Soil13_T0,0.0089,0.09246699727,0,0,0,0.000032,Soil13_Neutral7_pH6.43,10_20cm,6.435,25.05995204,1.913009592,0.01672756902,16.72756902,1.12529976,1.234836021,4.123123123,T0,7.705583105,3
C11,0,2,0,Soil13,Soil13_Neutral7,Slurry,HCl_NaOH,26,2.6,20,3.44,None,None,Soil13_T0,0.01035,0.1119973271,0,0,0,0.000052,Soil13_Neutral7_pH6.43,10_20cm,6.435,25.05995204,1.913009592,0.02718229966,27.18229966,1.12529976,1.234836021,3.690690691,T0,9.333110589,3
C12,0,2,0,Soil13,Soil13_Neutral7,Slurry,HCl_NaOH,60,6,20,2.99,None,None,Soil13_T0,0.0144,0.1665473927,0,0,0,0.00012,Soil13_Neutral7_pH6.43,10_20cm,6.435,25.05995204,1.913009592,0.06272838384,62.72838384,1.12529976,1.234836021,3,T0,13.87894939,3
D01,0,2,0,Soil13,Soil13_Neutral7,Slurry,HCl_NaOH,-100,-10,20,8.39,None,CHX,Soil13_T0,0.0558,0.724156274,0,0,0,-0.0002,Soil13_Neutral7_pH6.43,10_20cm,6.435,25.05995204,1.913009592,-0.1045473064,-104.5473064,1.12529976,1.234836021,8.72,T0,60.34635617,1
D02,0,2,0,Soil13,Soil13_Neutral7,Slurry,HCl_NaOH,60,6,20,2.99,None,CHX,Soil13_T0,0.019,0.2285051957,0,0,0,0.00012,Soil13_Neutral7_pH6.43,10_20cm,6.435,25.05995204,1.913009592,0.06272838384,62.72838384,1.12529976,1.234836021,3.522522523,T0,19.04209964,1
D03,0,2,0,Soil13,Soil13_Neutral7,Slurry,HCl_NaOH,0,0,20,6.14,None,CHX,Soil13_T0,0.0176,0.2096485064,0,0,0,0,Soil13_Neutral7_pH6.43,10_20cm,6.435,25.05995204,1.913009592,0,0,1.12529976,1.234836021,6.993993994,T0,17.47070887,1
D04,0,0,0,Soil13,Soil13_Neutral7,No_Nitrate,No_Nitrate,0,0,20,6.14,None,None,Soil13_T0,0.01665,0.1968528792,0,0,0,0,Soil13_Neutral7_pH6.43,10_20cm,6.435,25.05995204,1.913009592,0,0,1.12529976,1.234836021,6.393393393,T0,16.4044066,1
D05,0,0,0,Soil13,Soil13_Neutral7,No_Nitrate,No_Nitrate,0,0,20,6.14,None,None,Soil13_T0,0.0148,0.1719350403,0,0,0,0,Soil13_Neutral7_pH6.43,10_20cm,6.435,25.05995204,1.913009592,0,0,1.12529976,1.234836021,6.393393393,T0,14.32792002,2
D06,0,0,0,Soil13,Soil13_Neutral7,No_Nitrate,No_Nitrate,0,0,20,6.14,None,None,Soil13_T0,0.01455,0.1685677608,0,0,0,0,Soil13_Neutral7_pH6.43,10_20cm,6.435,25.05995204,1.913009592,0,0,1.12529976,1.234836021,6.393393393,T0,14.0473134,3
D07,0,2,0,Soil13,Soil13_Neutral7,Slurry,HCl_NaOH,0,0,20,6.14,None,None,Soil13_T0,0.0071,0.06822240635,0,0,0,0,Soil13_Neutral7_pH6.43,10_20cm,6.435,25.05995204,1.913009592,0,0,1.12529976,1.234836021,7.1,T0,5.685200529,1
D08,0,2,0,Soil13,Soil13_Neutral7,Slurry,HCl_NaOH,0,0,20,6.14,None,None,Soil13_T0,0.0075,0.07361009739,0,0,0,0,Soil13_Neutral7_pH6.43,10_20cm,6.435,25.05995204,1.913009592,0,0,1.12529976,1.234836021,7.1,T0,6.134174783,2
D09,0,2,0,Soil13,Soil13_Neutral7,Slurry,HCl_NaOH,0,0,20,6.14,None,None,Soil13_T0,0.00805,0.08101816868,0,0,0,0,Soil13_Neutral7_pH6.43,10_20cm,6.435,25.05995204,1.913009592,0,0,1.12529976,1.234836021,7.1,T0,6.751514057,3
A01,0,2,0,Soil5,Soil5_CE201,Slurry,HCl_NaOH,-100,-10,20,8.72,None,None,Soil5_T0,0.1351,1.783128829,0,0,0,-0.0002,Soil5_CE201_pH5.32,10_20cm,5.324,25.1497006,1.913772455,-0.104505632,-104.505632,1.125748503,1.202267654,8.5,T0,148.594069,1
A02,0,2,0,Soil5,Soil5_CE201,Slurry,HCl_NaOH,-55,-5.5,20,8.27,None,None,Soil5_T0,0.07245,0.9570108142,0,0,0,-0.00011,Soil5_CE201_pH5.32,10_20cm,5.324,25.1497006,1.913772455,-0.05747809762,-57.47809762,1.125748503,1.202267654,8.099099099,T0,79.75090118,1
A03,0,2,0,Soil5,Soil5_CE201,Slurry,HCl_NaOH,-35,-3.5,20,7.82,None,None,Soil5_T0,0.05165,0.6822301737,0,0,0,-0.00007,Soil5_CE201_pH5.32,10_20cm,5.324,25.1497006,1.913772455,-0.03657697121,-36.57697121,1.125748503,1.202267654,7.810810811,T0,56.85251447,1
A04,0,2,0,Soil5,Soil5_CE201,Slurry,HCl_NaOH,-28,-2.8,20,7.37,None,None,Soil5_T0,0.04185,0.5526782942,0,0,0,-0.000056,Soil5_CE201_pH5.32,10_20cm,5.324,25.1497006,1.913772455,-0.02926157697,-29.26157697,1.125748503,1.202267654,7.534534535,T0,46.05652452,1
A05,0,2,0,Soil5,Soil5_CE201,Slurry,HCl_NaOH,-23,-2.3,20,6.92,None,None,Soil5_T0,0.0268,0.3536137464,0,0,0,-0.000046,Soil5_CE201_pH5.32,10_20cm,5.324,25.1497006,1.913772455,-0.02403629537,-24.03629537,1.125748503,1.202267654,7.21021021,T0,29.4678122,1
A06,0,2,0,Soil5,Soil5_CE201,Slurry,HCl_NaOH,-19,-1.9,20,6.47,None,None,Soil5_T0,0.0216,0.2848029915,0,0,0,-0.000038,Soil5_CE201_pH5.32,10_20cm,5.324,25.1497006,1.913772455,-0.01985607009,-19.85607009,1.125748503,1.202267654,6.921921922,T0,23.73358262,1
A07,0,2,0,Soil5,Soil5_CE201,Slurry,HCl_NaOH,-15,-1.5,20,6.02,None,None,Soil5_T0,0.018,0.2371554469,0,0,0,-0.00003,Soil5_CE201_pH5.32,10_20cm,5.324,25.1497006,1.913772455,-0.01567584481,-15.67584481,1.125748503,1.202267654,6.333333333,T0,19.76295391,1
A08,0,2,0,Soil5,Soil5_CE201,Slurry,HCl_NaOH,-12,-1.2,20,5.57,None,None,Soil5_T0,0.01425,0.1875144663,0,0,0,-0.000024,Soil5_CE201_pH5.32,10_20cm,5.324,25.1497006,1.913772455,-0.01254067584,-12.54067584,1.125748503,1.202267654,5.732732733,T0,15.62620553,1
A09,0,2,0,Soil5,Soil5_CE201,Slurry,HCl_NaOH,-9,-0.9,20,5.12,None,None,Soil5_T0,0.0145,0.190824123,0,0,0,-0.000018,Soil5_CE201_pH5.32,10_20cm,5.324,25.1497006,1.913772455,-0.009405506884,-9.405506884,1.125748503,1.202267654,5.156156156,T0,15.90201025,1
A10,0,2,0,Soil5,Soil5_CE201,Slurry,HCl_NaOH,-5,-0.5,20,4.67,None,None,Soil5_T0,0.0104,0.1365411002,0,0,0,-0.00001,Soil5_CE201_pH5.32,10_20cm,5.324,25.1497006,1.913772455,-0.005225281602,-5.225281602,1.125748503,1.202267654,4.555555556,T0,11.37842502,1
A11,0,2,0,Soil5,Soil5_CE201,Slurry,HCl_NaOH,7,0.7,20,3.77,None,None,Soil5_T0,0.01035,0.1358790509,0,0,0,0.000014,Soil5_CE201_pH5.32,10_20cm,5.324,25.1497006,1.913772455,0.007315394243,7.315394243,1.125748503,1.202267654,3.774774775,T0,11.32325425,1
A12,0,2,0,Soil5,Soil5_CE201,Slurry,HCl_NaOH,20,2,20,3.32,None,None,Soil5_T0,0.01395,0.1835428298,0,0,0,0.00004,Soil5_CE201_pH5.32,10_20cm,5.324,25.1497006,1.913772455,0.02090112641,20.90112641,1.125748503,1.202267654,2.96996997,T0,15.29523581,1
B01,0,2,0,Soil5,Soil5_CE201,Slurry,HCl_NaOH,-100,-10,20,8.72,None,None,Soil5_T0,0.12345,1.629682053,0,0,0,-0.0002,Soil5_CE201_pH5.32,10_20cm,5.324,25.1497006,1.913772455,-0.104505632,-104.505632,1.125748503,1.202267654,8.5,T0,135.8068378,2
B02,0,2,0,Soil5,Soil5_CE201,Slurry,HCl_NaOH,-55,-5.5,20,8.27,None,None,Soil5_T0,0.06435,0.8500350227,0,0,0,-0.00011,Soil5_CE201_pH5.32,10_20cm,5.324,25.1497006,1.913772455,-0.05747809762,-57.47809762,1.125748503,1.202267654,8.099099099,T0,70.83625189,2
B03,0,2,0,Soil5,Soil5_CE201,Slurry,HCl_NaOH,-35,-3.5,20,7.82,None,None,Soil5_T0,0.0385,0.5083797673,0,0,0,-0.00007,Soil5_CE201_pH5.32,10_20cm,5.324,25.1497006,1.913772455,-0.03657697121,-36.57697121,1.125748503,1.202267654,7.810810811,T0,42.36498061,2
B04,0,2,0,Soil5,Soil5_CE201,Slurry,HCl_NaOH,-28,-2.8,20,7.37,None,None,Soil5_T0,0.02935,0.3873516649,0,0,0,-0.000056,Soil5_CE201_pH5.32,10_20cm,5.324,25.1497006,1.913772455,-0.02926157697,-29.26157697,1.125748503,1.202267654,7.534534535,T0,32.27930541,2
B05,0,2,0,Soil5,Soil5_CE201,Slurry,HCl_NaOH,-23,-2.3,20,6.92,None,None,Soil5_T0,0.02715,0.3582446677,0,0,0,-0.000046,Soil5_CE201_pH5.32,10_20cm,5.324,25.1497006,1.913772455,-0.02403629537,-24.03629537,1.125748503,1.202267654,7.21021021,T0,29.85372231,2
B06,0,2,0,Soil5,Soil5_CE201,Slurry,HCl_NaOH,-19,-1.9,20,6.47,None,None,Soil5_T0,0.0202,0.2662742981,0,0,0,-0.000038,Soil5_CE201_pH5.32,10_20cm,5.324,25.1497006,1.913772455,-0.01985607009,-19.85607009,1.125748503,1.202267654,6.921921922,T0,22.18952484,2
B07,0,2,0,Soil5,Soil5_CE201,Slurry,HCl_NaOH,-15,-1.5,20,6.02,None,None,Soil5_T0,0.0143,0.1881764006,0,0,0,-0.00003,Soil5_CE201_pH5.32,10_20cm,5.324,25.1497006,1.913772455,-0.01567584481,-15.67584481,1.125748503,1.202267654,6.333333333,T0,15.68136672,2
B08,0,2,0,Soil5,Soil5_CE201,Slurry,HCl_NaOH,-12,-1.2,20,5.57,None,None,Soil5_T0,0.01055,0.1385272392,0,0,0,-0.000024,Soil5_CE201_pH5.32,10_20cm,5.324,25.1497006,1.913772455,-0.01254067584,-12.54067584,1.125748503,1.202267654,5.732732733,T0,11.5439366,2
B09,0,2,0,Soil5,Soil5_CE201,Slurry,HCl_NaOH,-9,-0.9,20,5.12,None,None,Soil5_T0,0.00975,0.1279343446,0,0,0,-0.000018,Soil5_CE201_pH5.32,10_20cm,5.324,25.1497006,1.913772455,-0.009405506884,-9.405506884,1.125748503,1.202267654,5.156156156,T0,10.66119538,2
B10,0,2,0,Soil5,Soil5_CE201,Slurry,HCl_NaOH,-5,-0.5,20,4.67,None,None,Soil5_T0,0.00475,0.0617201973,0,0,0,-0.00001,Soil5_CE201_pH5.32,10_20cm,5.324,25.1497006,1.913772455,-0.005225281602,-5.225281602,1.125748503,1.202267654,4.555555556,T0,5.143349775,2
B11,0,2,0,Soil5,Soil5_CE201,Slurry,HCl_NaOH,7,0.7,20,3.77,None,None,Soil5_T0,0.00325,0.04185307554,0,0,0,0.000014,Soil5_CE201_pH5.32,10_20cm,5.324,25.1497006,1.913772455,0.007315394243,7.315394243,1.125748503,1.202267654,3.774774775,T0,3.487756295,2
B12,0,2,0,Soil5,Soil5_CE201,Slurry,HCl_NaOH,20,2,20,3.32,None,None,Soil5_T0,0.0093,0.1219756755,0,0,0,0.00004,Soil5_CE201_pH5.32,10_20cm,5.324,25.1497006,1.913772455,0.02090112641,20.90112641,1.125748503,1.202267654,2.96996997,T0,10.16463962,2
C01,0,2,0,Soil5,Soil5_CE201,Slurry,HCl_NaOH,-100,-10,20,8.72,None,None,Soil5_T0,0.13025,1.719257128,0,0,0,-0.0002,Soil5_CE201_pH5.32,10_20cm,5.324,25.1497006,1.913772455,-0.104505632,-104.505632,1.125748503,1.202267654,8.5,T0,143.2714273,3
C02,0,2,0,Soil5,Soil5_CE201,Slurry,HCl_NaOH,-55,-5.5,20,8.27,None,None,Soil5_T0,0.06605,0.8724899168,0,0,0,-0.00011,Soil5_CE201_pH5.32,10_20cm,5.324,25.1497006,1.913772455,-0.05747809762,-57.47809762,1.125748503,1.202267654,8.099099099,T0,72.70749307,3
C03,0,2,0,Soil5,Soil5_CE201,Slurry,HCl_NaOH,-35,-3.5,20,7.82,None,None,Soil5_T0,0.04205,0.5553227738,0,0,0,-0.00007,Soil5_CE201_pH5.32,10_20cm,5.324,25.1497006,1.913772455,-0.03657697121,-36.57697121,1.125748503,1.202267654,7.810810811,T0,46.27689782,3
C04,0,2,0,Soil5,Soil5_CE201,Slurry,HCl_NaOH,-28,-2.8,20,7.37,None,None,Soil5_T0,0.0305,0.4025655527,0,0,0,-0.000056,Soil5_CE201_pH5.32,10_20cm,5.324,25.1497006,1.913772455,-0.02926157697,-29.26157697,1.125748503,1.202267654,7.534534535,T0,33.54712939,3
C05,0,2,0,Soil5,Soil5_CE201,Slurry,HCl_NaOH,-23,-2.3,20,6.92,None,None,Soil5_T0,0.02475,0.3264883307,0,0,0,-0.000046,Soil5_CE201_pH5.32,10_20cm,5.324,25.1497006,1.913772455,-0.02403629537,-24.03629537,1.125748503,1.202267654,7.21021021,T0,27.20736089,3
C06,0,2,0,Soil5,Soil5_CE201,Slurry,HCl_NaOH,-19,-1.9,20,6.47,None,None,Soil5_T0,0.0207,0.2728918212,0,0,0,-0.000038,Soil5_CE201_pH5.32,10_20cm,5.324,25.1497006,1.913772455,-0.01985607009,-19.85607009,1.125748503,1.202267654,6.921921922,T0,22.7409851,3
C07,0,2,0,Soil5,Soil5_CE201,Slurry,HCl_NaOH,-15,-1.5,20,6.02,None,None,Soil5_T0,0.0139,0.1828808852,0,0,0,-0.00003,Soil5_CE201_pH5.32,10_20cm,5.324,25.1497006,1.913772455,-0.01567584481,-15.67584481,1.125748503,1.202267654,6.333333333,T0,15.24007376,3
C08,0,2,0,Soil5,Soil5_CE201,Slurry,HCl_NaOH,-12,-1.2,20,5.57,None,None,Soil5_T0,0.01275,0.1676557527,0,0,0,-0.000024,Soil5_CE201_pH5.32,10_20cm,5.324,25.1497006,1.913772455,-0.01254067584,-12.54067584,1.125748503,1.202267654,5.732732733,T0,13.97131273,3
C09,0,2,0,Soil5,Soil5_CE201,Slurry,HCl_NaOH,-9,-0.9,20,5.12,None,None,Soil5_T0,0.00945,0.1239619118,0,0,0,-0.000018,Soil5_CE201_pH5.32,10_20cm,5.324,25.1497006,1.913772455,-0.009405506884,-9.405506884,1.125748503,1.202267654,5.156156156,T0,10.33015932,3
C10,0,2,0,Soil5,Soil5_CE201,Slurry,HCl_NaOH,-5,-0.5,20,4.67,None,None,Soil5_T0,0.0074,0.09681553299,0,0,0,-0.00001,Soil5_CE201_pH5.32,10_20cm,5.324,25.1497006,1.913772455,-0.005225281602,-5.225281602,1.125748503,1.202267654,4.555555556,T0,8.067961083,3
C11,0,2,0,Soil5,Soil5_CE201,Slurry,HCl_NaOH,7,0.7,20,3.77,None,None,Soil5_T0,0.0044,0.05708465438,0,0,0,0.000014,Soil5_CE201_pH5.32,10_20cm,5.324,25.1497006,1.913772455,0.007315394243,7.315394243,1.125748503,1.202267654,3.774774775,T0,4.757054531,3
C12,0,2,0,Soil5,Soil5_CE201,Slurry,HCl_NaOH,20,2,20,3.32,None,None,Soil5_T0,0.00985,0.1292584771,0,0,0,0.00004,Soil5_CE201_pH5.32,10_20cm,5.324,25.1497006,1.913772455,0.02090112641,20.90112641,1.125748503,1.202267654,2.96996997,T0,10.77153976,3
D01,0,2,0,Soil5,Soil5_CE201,Slurry,HCl_NaOH,-100,-10,20,8.72,None,CHX,Soil5_T0,0.13825,1.824605199,0,0,0,-0.0002,Soil5_CE201_pH5.32,10_20cm,5.324,25.1497006,1.913772455,-0.104505632,-104.505632,1.125748503,1.202267654,8.54,T0,152.0504333,1
D02,0,2,0,Soil5,Soil5_CE201,Slurry,HCl_NaOH,20,2,20,3.32,None,CHX,Soil5_T0,0.01245,0.1636838508,0,0,0,0.00004,Soil5_CE201_pH5.32,10_20cm,5.324,25.1497006,1.913772455,0.02090112641,20.90112641,1.125748503,1.202267654,4.411411411,T0,13.6403209,1
D03,0,2,0,Soil5,Soil5_CE201,Slurry,HCl_NaOH,0,0,20,4.22,None,CHX,Soil5_T0,0.0146,0.1921479753,0,0,0,0,Soil5_CE201_pH5.32,10_20cm,5.324,25.1497006,1.913772455,0,0,1.125748503,1.202267654,4.255255255,T0,16.01233127,1
D04,0,0,0,Soil5,Soil5_CE201,No_Nitrate,No_Nitrate,0,0,20,4.22,None,None,Soil5_T0,0.0136,0.1789091867,0,0,0,0,Soil5_CE201_pH5.32,10_20cm,5.324,25.1497006,1.913772455,0,0,1.125748503,1.202267654,4.111111111,T0,14.90909889,1
D05,0,0,0,Soil5,Soil5_CE201,No_Nitrate,No_Nitrate,0,0,20,4.22,None,None,Soil5_T0,0.0069,0.09019408879,0,0,0,0,Soil5_CE201_pH5.32,10_20cm,5.324,25.1497006,1.913772455,0,0,1.125748503,1.202267654,4.111111111,T0,7.516174066,2
D06,0,0,0,Soil5,Soil5_CE201,No_Nitrate,No_Nitrate,0,0,20,4.22,None,None,Soil5_T0,0.00495,0.0643690465,0,0,0,0,Soil5_CE201_pH5.32,10_20cm,5.324,25.1497006,1.913772455,0,0,1.125748503,1.202267654,4.111111111,T0,5.364087209,3
D07,0,2,0,Soil5,Soil5_CE201,Slurry,HCl_NaOH,0,0,20,4.22,None,None,Soil5_T0,0.01955,0.257671298,0,0,0,0,Soil5_CE201_pH5.32,10_20cm,5.324,25.1497006,1.913772455,0,0,1.125748503,1.202267654,4.163333333,T0,21.47260817,1
D08,0,2,0,Soil5,Soil5_CE201,Slurry,HCl_NaOH,0,0,20,4.22,None,None,Soil5_T0,0.0066,0.08622115145,0,0,0,0,Soil5_CE201_pH5.32,10_20cm,5.324,25.1497006,1.913772455,0,0,1.125748503,1.202267654,4.163333333,T0,7.185095954,2
D09,0,2,0,Soil5,Soil5_CE201,Slurry,HCl_NaOH,0,0,20,4.22,None,None,Soil5_T0,0.00515,0.06701787209,0,0,0,0,Soil5_CE201_pH5.32,10_20cm,5.324,25.1497006,1.913772455,0,0,1.125748503,1.202267654,4.163333333,T0,5.584822674,3
A01,0,2,0,Soil12,Soil12_CE229,Slurry,HCl_NaOH,-100,-10,20,8.52,None,None,Soil12_T0,0.06025,0.7926650444,0,0,0,-0.0002,Soil12_CE229_pH6.26,10_20cm,6.255,24.24242424,1.906060606,-0.1049284579,-104.9284579,1.121212121,1.22703048,8.243243243,T0,66.05542036,1
A02,0,2,0,Soil12,Soil12_CE229,Slurry,HCl_NaOH,-32,-3.2,20,8.07,None,None,Soil12_T0,0.03215,0.4226826573,0,0,0,-0.000064,Soil12_CE229_pH6.26,10_20cm,6.255,24.24242424,1.906060606,-0.03357710652,-33.57710652,1.121212121,1.22703048,8.075075075,T0,35.22355477,1
A03,0,2,0,Soil12,Soil12_CE229,Slurry,HCl_NaOH,-13,-1.3,20,7.62,None,None,Soil12_T0,0.0192,0.2520191503,0,0,0,-0.000026,Soil12_CE229_pH6.26,10_20cm,6.255,24.24242424,1.906060606,-0.01364069952,-13.64069952,1.121212121,1.22703048,7.426426426,T0,21.00159585,1
A04,0,2,0,Soil12,Soil12_CE229,Slurry,HCl_NaOH,-9,-0.9,20,7.17,None,None,Soil12_T0,0.01545,0.2025808476,0,0,0,-0.000018,Soil12_CE229_pH6.26,10_20cm,6.255,24.24242424,1.906060606,-0.009443561208,-9.443561208,1.121212121,1.22703048,6.90990991,T0,16.8817373,1
A05,0,2,0,Soil12,Soil12_CE229,Slurry,HCl_NaOH,-6,-0.6,20,6.72,None,None,Soil12_T0,0.00885,0.1155493785,0,0,0,-0.000012,Soil12_CE229_pH6.26,10_20cm,6.255,24.24242424,1.906060606,-0.006295707472,-6.295707472,1.121212121,1.22703048,6.441441441,T0,9.629114872,1
A06,0,2,0,Soil12,Soil12_CE229,Slurry,HCl_NaOH,-4,-0.4,20,6.27,None,None,Soil12_T0,0.0092,0.1201653262,0,0,0,-0.000008,Soil12_CE229_pH6.26,10_20cm,6.255,24.24242424,1.906060606,-0.004197138315,-4.197138315,1.121212121,1.22703048,6.009009009,T0,10.01377718,1
A07,0,2,0,Soil12,Soil12_CE229,Slurry,HCl_NaOH,-2,-0.2,20,5.82,None,None,Soil12_T0,0.0105,0.1373096447,0,0,0,-0.000004,Soil12_CE229_pH6.26,10_20cm,6.255,24.24242424,1.906060606,-0.002098569157,-2.098569157,1.121212121,1.22703048,5.528528529,T0,11.44247039,1
A08,0,2,0,Soil12,Soil12_CE229,Slurry,HCl_NaOH,3,0.3,20,4.92,None,None,Soil12_T0,0.00765,0.09972272539,0,0,0,0.000006,Soil12_CE229_pH6.26,10_20cm,6.255,24.24242424,1.906060606,0.003147853736,3.147853736,1.121212121,1.22703048,4.723723724,T0,8.310227116,1
A09,0,2,0,Soil12,Soil12_CE229,Slurry,HCl_NaOH,6,0.6,20,4.47,None,None,Soil12_T0,0.01095,0.1432439852,0,0,0,0.000012,Soil12_CE229_pH6.26,10_20cm,6.255,24.24242424,1.906060606,0.006295707472,6.295707472,1.121212121,1.22703048,4.363363363,T0,11.93699876,1
A10,0,2,0,Soil12,Soil12_CE229,Slurry,HCl_NaOH,10,1,20,4.02,None,None,Soil12_T0,0.0071,0.09246855988,0,0,0,0.00002,Soil12_CE229_pH6.26,10_20cm,6.255,24.24242424,1.906060606,0.01049284579,10.49284579,1.121212121,1.22703048,4.051051051,T0,7.705713324,1
A11,0,2,0,Soil12,Soil12_CE229,Slurry,HCl_NaOH,20,2,20,3.57,None,None,Soil12_T0,0.01035,0.1353315048,0,0,0,0.00004,Soil12_CE229_pH6.26,10_20cm,6.255,24.24242424,1.906060606,0.02098569157,20.98569157,1.121212121,1.22703048,3.606606607,T0,11.2776254,1
A12,0,2,0,Soil12,Soil12_CE229,Slurry,HCl_NaOH,40,4,20,3.12,None,None,Soil12_T0,0.01305,0.170936001,0,0,0,0.00008,Soil12_CE229_pH6.26,10_20cm,6.255,24.24242424,1.906060606,0.04197138315,41.97138315,1.121212121,1.22703048,3.186186186,T0,14.24466675,1
B01,0,2,0,Soil12,Soil12_CE229,Slurry,HCl_NaOH,-100,-10,20,8.52,None,None,Soil12_T0,0.07125,0.9373723987,0,0,0,-0.0002,Soil12_CE229_pH6.26,10_20cm,6.255,24.24242424,1.906060606,-0.1049284579,-104.9284579,1.121212121,1.22703048,8.243243243,T0,78.11436656,2
B02,0,2,0,Soil12,Soil12_CE229,Slurry,HCl_NaOH,-32,-3.2,20,8.07,None,None,Soil12_T0,0.0403,0.5300382658,0,0,0,-0.000064,Soil12_CE229_pH6.26,10_20cm,6.255,24.24242424,1.906060606,-0.03357710652,-33.57710652,1.121212121,1.22703048,8.075075075,T0,44.16985548,2
B03,0,2,0,Soil12,Soil12_CE229,Slurry,HCl_NaOH,-13,-1.3,20,7.62,None,None,Soil12_T0,0.019,0.2493826491,0,0,0,-0.000026,Soil12_CE229_pH6.26,10_20cm,6.255,24.24242424,1.906060606,-0.01364069952,-13.64069952,1.121212121,1.22703048,7.426426426,T0,20.78188743,2
B04,0,2,0,Soil12,Soil12_CE229,Slurry,HCl_NaOH,-9,-0.9,20,7.17,None,None,Soil12_T0,0.0165,0.2164244044,0,0,0,-0.000018,Soil12_CE229_pH6.26,10_20cm,6.255,24.24242424,1.906060606,-0.009443561208,-9.443561208,1.121212121,1.22703048,6.90990991,T0,18.03536704,2
B05,0,2,0,Soil12,Soil12_CE229,Slurry,HCl_NaOH,-6,-0.6,20,6.72,None,None,Soil12_T0,0.0099,0.1293970057,0,0,0,-0.000012,Soil12_CE229_pH6.26,10_20cm,6.255,24.24242424,1.906060606,-0.006295707472,-6.295707472,1.121212121,1.22703048,6.441441441,T0,10.78308381,2
B06,0,2,0,Soil12,Soil12_CE229,Slurry,HCl_NaOH,-4,-0.4,20,6.27,None,None,Soil12_T0,0.0099,0.1293970057,0,0,0,-0.000008,Soil12_CE229_pH6.26,10_20cm,6.255,24.24242424,1.906060606,-0.004197138315,-4.197138315,1.121212121,1.22703048,6.009009009,T0,10.78308381,2
B07,0,2,0,Soil12,Soil12_CE229,Slurry,HCl_NaOH,-2,-0.2,20,5.82,None,None,Soil12_T0,0.00805,0.1049983704,0,0,0,-0.000004,Soil12_CE229_pH6.26,10_20cm,6.255,24.24242424,1.906060606,-0.002098569157,-2.098569157,1.121212121,1.22703048,5.528528529,T0,8.749864204,2
B08,0,2,0,Soil12,Soil12_CE229,Slurry,HCl_NaOH,3,0.3,20,4.92,None,None,Soil12_T0,0.0053,0.06872641133,0,0,0,0.000006,Soil12_CE229_pH6.26,10_20cm,6.255,24.24242424,1.906060606,0.003147853736,3.147853736,1.121212121,1.22703048,4.723723724,T0,5.727200944,2
B09,0,2,0,Soil12,Soil12_CE229,Slurry,HCl_NaOH,6,0.6,20,4.47,None,None,Soil12_T0,0.0069,0.08983063743,0,0,0,0.000012,Soil12_CE229_pH6.26,10_20cm,6.255,24.24242424,1.906060606,0.006295707472,6.295707472,1.121212121,1.22703048,4.363363363,T0,7.485886453,2
B10,0,2,0,Soil12,Soil12_CE229,Slurry,HCl_NaOH,10,1,20,4.02,None,None,Soil12_T0,0.00635,0.08257622946,0,0,0,0.00002,Soil12_CE229_pH6.26,10_20cm,6.255,24.24242424,1.906060606,0.01049284579,10.49284579,1.121212121,1.22703048,4.051051051,T0,6.881352455,2
B11,0,2,0,Soil12,Soil12_CE229,Slurry,HCl_NaOH,20,2,20,3.57,None,None,Soil12_T0,0.0066,0.08587370967,0,0,0,0.00004,Soil12_CE229_pH6.26,10_20cm,6.255,24.24242424,1.906060606,0.02098569157,20.98569157,1.121212121,1.22703048,3.606606607,T0,7.156142473,2
B12,0,2,0,Soil12,Soil12_CE229,Slurry,HCl_NaOH,40,4,20,3.12,None,None,Soil12_T0,0.0089,0.116208804,0,0,0,0.00008,Soil12_CE229_pH6.26,10_20cm,6.255,24.24242424,1.906060606,0.04197138315,41.97138315,1.121212121,1.22703048,3.186186186,T0,9.684066998,2
C01,0,2,0,Soil12,Soil12_CE229,Slurry,HCl_NaOH,-100,-10,20,8.52,None,None,Soil12_T0,0.0661,0.8696318318,0,0,0,-0.0002,Soil12_CE229_pH6.26,10_20cm,6.255,24.24242424,1.906060606,-0.1049284579,-104.9284579,1.121212121,1.22703048,8.243243243,T0,72.46931931,3
C02,0,2,0,Soil12,Soil12_CE229,Slurry,HCl_NaOH,-32,-3.2,20,8.07,None,None,Soil12_T0,0.0413,0.5432080549,0,0,0,-0.000064,Soil12_CE229_pH6.26,10_20cm,6.255,24.24242424,1.906060606,-0.03357710652,-33.57710652,1.121212121,1.22703048,8.075075075,T0,45.26733791,3
C03,0,2,0,Soil12,Soil12_CE229,Slurry,HCl_NaOH,-13,-1.3,20,7.62,None,None,Soil12_T0,0.02165,0.2843143839,0,0,0,-0.000026,Soil12_CE229_pH6.26,10_20cm,6.255,24.24242424,1.906060606,-0.01364069952,-13.64069952,1.121212121,1.22703048,7.426426426,T0,23.69286533,3
C04,0,2,0,Soil12,Soil12_CE229,Slurry,HCl_NaOH,-9,-0.9,20,7.17,None,None,Soil12_T0,0.01805,0.2368589483,0,0,0,-0.000018,Soil12_CE229_pH6.26,10_20cm,6.255,24.24242424,1.906060606,-0.009443561208,-9.443561208,1.121212121,1.22703048,6.90990991,T0,19.73824569,3
C05,0,2,0,Soil12,Soil12_CE229,Slurry,HCl_NaOH,-6,-0.6,20,6.72,None,None,Soil12_T0,0.0089,0.116208804,0,0,0,-0.000012,Soil12_CE229_pH6.26,10_20cm,6.255,24.24242424,1.906060606,-0.006295707472,-6.295707472,1.121212121,1.22703048,6.441441441,T0,9.684066998,3
C06,0,2,0,Soil12,Soil12_CE229,Slurry,HCl_NaOH,-4,-0.4,20,6.27,None,None,Soil12_T0,0.00945,0.1234623877,0,0,0,-0.000008,Soil12_CE229_pH6.26,10_20cm,6.255,24.24242424,1.906060606,-0.004197138315,-4.197138315,1.121212121,1.22703048,6.009009009,T0,10.2885323,3
C07,0,2,0,Soil12,Soil12_CE229,Slurry,HCl_NaOH,-2,-0.2,20,5.82,None,None,Soil12_T0,0.0084,0.1096144827,0,0,0,-0.000004,Soil12_CE229_pH6.26,10_20cm,6.255,24.24242424,1.906060606,-0.002098569157,-2.098569157,1.121212121,1.22703048,5.528528529,T0,9.134540228,3
C08,0,2,0,Soil12,Soil12_CE229,Slurry,HCl_NaOH,3,0.3,20,4.92,None,None,Soil12_T0,0.00665,0.08653320131,0,0,0,0.000006,Soil12_CE229_pH6.26,10_20cm,6.255,24.24242424,1.906060606,0.003147853736,3.147853736,1.121212121,1.22703048,4.723723724,T0,7.211100109,3
C09,0,2,0,Soil12,Soil12_CE229,Slurry,HCl_NaOH,6,0.6,20,4.47,None,None,Soil12_T0,0.0039,0.05025897882,0,0,0,0.000012,Soil12_CE229_pH6.26,10_20cm,6.255,24.24242424,1.906060606,0.006295707472,6.295707472,1.121212121,1.22703048,4.363363363,T0,4.188248235,3
C10,0,2,0,Soil12,Soil12_CE229,Slurry,HCl_NaOH,10,1,20,4.02,None,None,Soil12_T0,0.0066,0.08587370967,0,0,0,0.00002,Soil12_CE229_pH6.26,10_20cm,6.255,24.24242424,1.906060606,0.01049284579,10.49284579,1.121212121,1.22703048,4.051051051,T0,7.156142473,3
C11,0,2,0,Soil12,Soil12_CE229,Slurry,HCl_NaOH,20,2,20,3.57,None,None,Soil12_T0,0.00375,0.04828025698,0,0,0,0.00004,Soil12_CE229_pH6.26,10_20cm,6.255,24.24242424,1.906060606,0.02098569157,20.98569157,1.121212121,1.22703048,3.606606607,T0,4.023354748,3
C12,0,2,0,Soil12,Soil12_CE229,Slurry,HCl_NaOH,40,4,20,3.12,None,None,Soil12_T0,0.00905,0.1181870717,0,0,0,0.00008,Soil12_CE229_pH6.26,10_20cm,6.255,24.24242424,1.906060606,0.04197138315,41.97138315,1.121212121,1.22703048,3.186186186,T0,9.848922642,3
D01,0,2,0,Soil12,Soil12_CE229,Slurry,HCl_NaOH,-100,-10,20,8.52,None,CHX,Soil12_T0,0.0602,0.7920071225,0,0,0,-0.0002,Soil12_CE229_pH6.26,10_20cm,6.255,24.24242424,1.906060606,-0.1049284579,-104.9284579,1.121212121,1.22703048,8.255255255,T0,66.00059354,1
D02,0,2,0,Soil12,Soil12_CE229,Slurry,HCl_NaOH,40,4,20,3.12,None,CHX,Soil12_T0,0.0142,0.1860995787,0,0,0,0.00008,Soil12_CE229_pH6.26,10_20cm,6.255,24.24242424,1.906060606,0.04197138315,41.97138315,1.121212121,1.22703048,3.21021021,T0,15.50829823,1
D03,0,2,0,Soil12,Soil12_CE229,Slurry,HCl_NaOH,0,0,20,5.37,None,CHX,Soil12_T0,0.0106,0.1386283973,0,0,0,0,Soil12_CE229_pH6.26,10_20cm,6.255,24.24242424,1.906060606,0,0,1.121212121,1.22703048,5.396396396,T0,11.55236644,1
D04,0,0,0,Soil12,Soil12_CE229,No_Nitrate,No_Nitrate,0,0,20,5.37,None,None,Soil12_T0,0.00675,0.08785218017,0,0,0,0,Soil12_CE229_pH6.26,10_20cm,6.255,24.24242424,1.906060606,0,0,1.121212121,1.22703048,5.22022022,T0,7.321015014,1
D05,0,0,0,Soil12,Soil12_CE229,No_Nitrate,No_Nitrate,0,0,20,5.37,None,None,Soil12_T0,0.0034,0.04366318789,0,0,0,0,Soil12_CE229_pH6.26,10_20cm,6.255,24.24242424,1.906060606,0,0,1.121212121,1.22703048,5.22022022,T0,3.638598991,2
D06,0,0,0,Soil12,Soil12_CE229,No_Nitrate,No_Nitrate,0,0,20,5.37,None,None,Soil12_T0,0.0038,0.04893983239,0,0,0,0,Soil12_CE229_pH6.26,10_20cm,6.255,24.24242424,1.906060606,0,0,1.121212121,1.22703048,5.22022022,T0,4.078319366,3
D07,0,2,0,Soil12,Soil12_CE229,Slurry,HCl_NaOH,0,0,20,5.37,None,None,Soil12_T0,0.00555,0.07202404586,0,0,0,0,Soil12_CE229_pH6.26,10_20cm,6.255,24.24242424,1.906060606,0,0,1.121212121,1.22703048,4.836666667,T0,6.002003822,1
D08,0,2,0,Soil12,Soil12_CE229,Slurry,HCl_NaOH,0,0,20,5.37,None,None,Soil12_T0,0.00405,0.05223768743,0,0,0,0,Soil12_CE229_pH6.26,10_20cm,6.255,24.24242424,1.906060606,0,0,1.121212121,1.22703048,4.836666667,T0,4.353140619,2
D09,0,2,0,Soil12,Soil12_CE229,Slurry,HCl_NaOH,0,0,20,5.37,None,None,Soil12_T0,0.00365,0.04696110173,0,0,0,0,Soil12_CE229_pH6.26,10_20cm,6.255,24.24242424,1.906060606,0,0,1.121212121,1.22703048,4.836666667,T0,3.913425144,3
A01,0,2,0,Soil3,Soil3_CE239,Slurry,HCl_NaOH,-85,-8.5,20,8.47,None,None,Soil3_T0,0.12925,1.72419745,0,0,0,-0.00017,Soil3_CE239_pH4.99,10_20cm,4.987,24.78941035,1.910709988,-0.08897216274,-88.97216274,1.123947052,1.202267654,8.48,T0,143.6831208,1
A02,0,2,0,Soil3,Soil3_CE239,Slurry,HCl_NaOH,-50,-5,20,8.02,None,None,Soil3_T0,0.05905,0.7822088548,0,0,0,-0.0001,Soil3_CE239_pH4.99,10_20cm,4.987,24.78941035,1.910709988,-0.05233656632,-52.33656632,1.123947052,1.202267654,8.22,T0,65.18407123,1
A03,0,2,0,Soil3,Soil3_CE239,Slurry,HCl_NaOH,-32,-3.2,20,7.57,None,None,Soil3_T0,0.03875,0.5087382333,0,0,0,-0.000064,Soil3_CE239_pH4.99,10_20cm,4.987,24.78941035,1.910709988,-0.03349540244,-33.49540244,1.123947052,1.202267654,7.642642643,T0,42.39485277,1
A04,0,2,0,Soil3,Soil3_CE239,Slurry,HCl_NaOH,-26,-2.6,20,7.12,None,None,Soil3_T0,0.03055,0.3981346994,0,0,0,-0.000052,Soil3_CE239_pH4.99,10_20cm,4.987,24.78941035,1.910709988,-0.02721501449,-27.21501449,1.123947052,1.202267654,7.174174174,T0,33.17789162,1
A05,0,2,0,Soil3,Soil3_CE239,Slurry,HCl_NaOH,-22,-2.2,20,6.67,None,None,Soil3_T0,0.02365,0.3050043502,0,0,0,-0.000044,Soil3_CE239_pH4.99,10_20cm,4.987,24.78941035,1.910709988,-0.02302808918,-23.02808918,1.123947052,1.202267654,6.777777778,T0,25.41702918,1
A06,0,2,0,Soil3,Soil3_CE239,Slurry,HCl_NaOH,-19,-1.9,20,6.22,None,None,Soil3_T0,0.02025,0.2590933211,0,0,0,-0.000038,Soil3_CE239_pH4.99,10_20cm,4.987,24.78941035,1.910709988,-0.0198878952,-19.8878952,1.123947052,1.202267654,6.381381381,T0,21.59111009,1
A07,0,2,0,Soil3,Soil3_CE239,Slurry,HCl_NaOH,-16,-1.6,20,5.77,None,None,Soil3_T0,0.01915,0.2442368224,0,0,0,-0.000032,Soil3_CE239_pH4.99,10_20cm,4.987,24.78941035,1.910709988,-0.01674770122,-16.74770122,1.123947052,1.202267654,5.444444444,T0,20.35306853,1
A08,0,2,0,Soil3,Soil3_CE239,Slurry,HCl_NaOH,-14,-1.4,20,5.32,None,None,Soil3_T0,0.01825,0.232080439,0,0,0,-0.000028,Soil3_CE239_pH4.99,10_20cm,4.987,24.78941035,1.910709988,-0.01465423857,-14.65423857,1.123947052,1.202267654,4.975975976,T0,19.34003659,1
A09,0,2,0,Soil3,Soil3_CE239,Slurry,HCl_NaOH,-11,-1.1,20,4.87,None,None,Soil3_T0,0.0116,0.1422285126,0,0,0,-0.000022,Soil3_CE239_pH4.99,10_20cm,4.987,24.78941035,1.910709988,-0.01151404459,-11.51404459,1.123947052,1.202267654,4.711711712,T0,11.85237605,1
A10,0,2,0,Soil3,Soil3_CE239,Slurry,HCl_NaOH,-7,-0.7,20,4.42,None,None,Soil3_T0,0.0102,0.1233056319,0,0,0,-0.000014,Soil3_CE239_pH4.99,10_20cm,4.987,24.78941035,1.910709988,-0.007327119285,-7.327119285,1.123947052,1.202267654,4.315315315,T0,10.27546932,1
A11,0,2,0,Soil3,Soil3_CE239,Slurry,HCl_NaOH,9,0.9,20,3.52,None,None,Soil3_T0,0.0077,0.08950898427,0,0,0,0.000018,Soil3_CE239_pH4.99,10_20cm,4.987,24.78941035,1.910709988,0.009420581937,9.420581937,1.123947052,1.202267654,3.486486486,T0,7.459082022,1
A12,0,2,0,Soil3,Soil3_CE239,Slurry,HCl_NaOH,32,3.2,20,3.07,None,None,Soil3_T0,0.0115,0.1408769554,0,0,0,0.000064,Soil3_CE239_pH4.99,10_20cm,4.987,24.78941035,1.910709988,0.03349540244,33.49540244,1.123947052,1.202267654,3.07,T0,11.73974628,1
B01,0,2,0,Soil3,Soil3_CE239,Slurry,HCl_NaOH,-85,-8.5,20,8.47,None,None,Soil3_T0,0.14175,1.891332496,0,0,0,-0.00017,Soil3_CE239_pH4.99,10_20cm,4.987,24.78941035,1.910709988,-0.08897216274,-88.97216274,1.123947052,1.202267654,8.48,T0,157.6110413,2
B02,0,2,0,Soil3,Soil3_CE239,Slurry,HCl_NaOH,-50,-5,20,8.02,None,None,Soil3_T0,0.06815,0.9046421606,0,0,0,-0.0001,Soil3_CE239_pH4.99,10_20cm,4.987,24.78941035,1.910709988,-0.05233656632,-52.33656632,1.123947052,1.202267654,8.22,T0,75.38684672,2
B03,0,2,0,Soil3,Soil3_CE239,Slurry,HCl_NaOH,-32,-3.2,20,7.57,None,None,Soil3_T0,0.03905,0.5127832003,0,0,0,-0.000064,Soil3_CE239_pH4.99,10_20cm,4.987,24.78941035,1.910709988,-0.03349540244,-33.49540244,1.123947052,1.202267654,7.642642643,T0,42.73193336,2
B04,0,2,0,Soil3,Soil3_CE239,Slurry,HCl_NaOH,-26,-2.6,20,7.12,None,None,Soil3_T0,0.0291,0.3785684991,0,0,0,-0.000052,Soil3_CE239_pH4.99,10_20cm,4.987,24.78941035,1.910709988,-0.02721501449,-27.21501449,1.123947052,1.202267654,7.174174174,T0,31.54737493,2
B05,0,2,0,Soil3,Soil3_CE239,Slurry,HCl_NaOH,-22,-2.2,20,6.67,None,None,Soil3_T0,0.02605,0.3374038994,0,0,0,-0.000044,Soil3_CE239_pH4.99,10_20cm,4.987,24.78941035,1.910709988,-0.02302808918,-23.02808918,1.123947052,1.202267654,6.777777778,T0,28.11699162,2
B06,0,2,0,Soil3,Soil3_CE239,Slurry,HCl_NaOH,-19,-1.9,20,6.22,None,None,Soil3_T0,0.0198,0.2530158358,0,0,0,-0.000038,Soil3_CE239_pH4.99,10_20cm,4.987,24.78941035,1.910709988,-0.0198878952,-19.8878952,1.123947052,1.202267654,6.381381381,T0,21.08465298,2
B07,0,2,0,Soil3,Soil3_CE239,Slurry,HCl_NaOH,-16,-1.6,20,5.77,None,None,Soil3_T0,0.0154,0.1935788922,0,0,0,-0.000032,Soil3_CE239_pH4.99,10_20cm,4.987,24.78941035,1.910709988,-0.01674770122,-16.74770122,1.123947052,1.202267654,5.444444444,T0,16.13157435,2
B08,0,2,0,Soil3,Soil3_CE239,Slurry,HCl_NaOH,-14,-1.4,20,5.32,None,None,Soil3_T0,0.01145,0.1402011724,0,0,0,-0.000028,Soil3_CE239_pH4.99,10_20cm,4.987,24.78941035,1.910709988,-0.01465423857,-14.65423857,1.123947052,1.202267654,4.975975976,T0,11.68343103,2
B09,0,2,0,Soil3,Soil3_CE239,Slurry,HCl_NaOH,-11,-1.1,20,4.87,None,None,Soil3_T0,0.0071,0.08139668398,0,0,0,-0.000022,Soil3_CE239_pH4.99,10_20cm,4.987,24.78941035,1.910709988,-0.01151404459,-11.51404459,1.123947052,1.202267654,4.711711712,T0,6.783056999,2
B10,0,2,0,Soil3,Soil3_CE239,Slurry,HCl_NaOH,-7,-0.7,20,4.42,None,None,Soil3_T0,0.00445,0.04556223926,0,0,0,-0.000014,Soil3_CE239_pH4.99,10_20cm,4.987,24.78941035,1.910709988,-0.007327119285,-7.327119285,1.123947052,1.202267654,4.315315315,T0,3.796853272,2
B11,0,2,0,Soil3,Soil3_CE239,Slurry,HCl_NaOH,9,0.9,20,3.52,None,None,Soil3_T0,0.0079,0.0922129893,0,0,0,0.000018,Soil3_CE239_pH4.99,10_20cm,4.987,24.78941035,1.910709988,0.009420581937,9.420581937,1.123947052,1.202267654,3.486486486,T0,7.684415775,2
B12,0,2,0,Soil3,Soil3_CE239,Slurry,HCl_NaOH,32,3.2,20,3.07,None,None,Soil3_T0,0.01425,0.1780404534,0,0,0,0.000064,Soil3_CE239_pH4.99,10_20cm,4.987,24.78941035,1.910709988,0.03349540244,33.49540244,1.123947052,1.202267654,3.07,T0,14.83670445,2
C01,0,2,0,Soil3,Soil3_CE239,Slurry,HCl_NaOH,-85,-8.5,20,8.47,None,None,Soil3_T0,0.13245,1.767001127,0,0,0,-0.00017,Soil3_CE239_pH4.99,10_20cm,4.987,24.78941035,1.910709988,-0.08897216274,-88.97216274,1.123947052,1.202267654,8.48,T0,147.2500939,3
C02,0,2,0,Soil3,Soil3_CE239,Slurry,HCl_NaOH,-50,-5,20,8.02,None,None,Soil3_T0,0.071,0.9429667311,0,0,0,-0.0001,Soil3_CE239_pH4.99,10_20cm,4.987,24.78941035,1.910709988,-0.05233656632,-52.33656632,1.123947052,1.202267654,8.22,T0,78.58056093,3
C03,0,2,0,Soil3,Soil3_CE239,Slurry,HCl_NaOH,-32,-3.2,20,7.57,None,None,Soil3_T0,0.04525,0.5963554525,0,0,0,-0.000064,Soil3_CE239_pH4.99,10_20cm,4.987,24.78941035,1.910709988,-0.03349540244,-33.49540244,1.123947052,1.202267654,7.642642643,T0,49.69628771,3
C04,0,2,0,Soil3,Soil3_CE239,Slurry,HCl_NaOH,-26,-2.6,20,7.12,None,None,Soil3_T0,0.0398,0.522895154,0,0,0,-0.000052,Soil3_CE239_pH4.99,10_20cm,4.987,24.78941035,1.910709988,-0.02721501449,-27.21501449,1.123947052,1.202267654,7.174174174,T0,43.57459616,3
C05,0,2,0,Soil3,Soil3_CE239,Slurry,HCl_NaOH,-22,-2.2,20,6.67,None,None,Soil3_T0,0.0318,0.4150001203,0,0,0,-0.000044,Soil3_CE239_pH4.99,10_20cm,4.987,24.78941035,1.910709988,-0.02302808918,-23.02808918,1.123947052,1.202267654,6.777777778,T0,34.58334336,3
C06,0,2,0,Soil3,Soil3_CE239,Slurry,HCl_NaOH,-19,-1.9,20,6.22,None,None,Soil3_T0,0.02585,0.3347041972,0,0,0,-0.000038,Soil3_CE239_pH4.99,10_20cm,4.987,24.78941035,1.910709988,-0.0198878952,-19.8878952,1.123947052,1.202267654,6.381381381,T0,27.89201643,3
C07,0,2,0,Soil3,Soil3_CE239,Slurry,HCl_NaOH,-16,-1.6,20,5.77,None,None,Soil3_T0,0.0254,0.3286296942,0,0,0,-0.000032,Soil3_CE239_pH4.99,10_20cm,4.987,24.78941035,1.910709988,-0.01674770122,-16.74770122,1.123947052,1.202267654,5.444444444,T0,27.38580785,3
C08,0,2,0,Soil3,Soil3_CE239,Slurry,HCl_NaOH,-14,-1.4,20,5.32,None,None,Soil3_T0,0.0216,0.2773243384,0,0,0,-0.000028,Soil3_CE239_pH4.99,10_20cm,4.987,24.78941035,1.910709988,-0.01465423857,-14.65423857,1.123947052,1.202267654,4.975975976,T0,23.11036153,3
C09,0,2,0,Soil3,Soil3_CE239,Slurry,HCl_NaOH,-11,-1.1,20,4.87,None,None,Soil3_T0,0.01675,0.2118176672,0,0,0,-0.000022,Soil3_CE239_pH4.99,10_20cm,4.987,24.78941035,1.910709988,-0.01151404459,-11.51404459,1.123947052,1.202267654,4.711711712,T0,17.65147227,3
C10,0,2,0,Soil3,Soil3_CE239,Slurry,HCl_NaOH,-7,-0.7,20,4.42,None,None,Soil3_T0,0.0151,0.1895255376,0,0,0,-0.000014,Soil3_CE239_pH4.99,10_20cm,4.987,24.78941035,1.910709988,-0.007327119285,-7.327119285,1.123947052,1.202267654,4.315315315,T0,15.7937948,3
C11,0,2,0,Soil3,Soil3_CE239,Slurry,HCl_NaOH,9,0.9,20,3.52,None,None,Soil3_T0,0.0056,0.0611140614,0,0,0,0.000018,Soil3_CE239_pH4.99,10_20cm,4.987,24.78941035,1.910709988,0.009420581937,9.420581937,1.123947052,1.202267654,3.486486486,T0,5.09283845,3
C12,0,2,0,Soil3,Soil3_CE239,Slurry,HCl_NaOH,32,3.2,20,3.07,None,None,Soil3_T0,0.014,0.1746623244,0,0,0,0.000064,Soil3_CE239_pH4.99,10_20cm,4.987,24.78941035,1.910709988,0.03349540244,33.49540244,1.123947052,1.202267654,3.07,T0,14.5551937,3
D01,0,2,0,Soil3,Soil3_CE239,Slurry,HCl_NaOH,-85,-8.5,20,8.47,None,CHX,Soil3_T0,0.1502,2.004214189,0,0,0,-0.00017,Soil3_CE239_pH4.99,10_20cm,4.987,24.78941035,1.910709988,-0.08897216274,-88.97216274,1.123947052,1.202267654,8.46,T0,167.0178491,1
D02,0,2,0,Soil3,Soil3_CE239,Slurry,HCl_NaOH,32,3.2,20,3.07,None,CHX,Soil3_T0,0.01635,0.206413811,0,0,0,0.000064,Soil3_CE239_pH4.99,10_20cm,4.987,24.78941035,1.910709988,0.03349540244,33.49540244,1.123947052,1.202267654,3.078078078,T0,17.20115092,1
D03,0,2,0,Soil3,Soil3_CE239,Slurry,HCl_NaOH,0,0,20,3.97,None,CHX,Soil3_T0,0.01605,0.2023607943,0,0,0,0,Soil3_CE239_pH4.99,10_20cm,4.987,24.78941035,1.910709988,0,0,1.123947052,1.202267654,4.051051051,T0,16.86339953,1
D04,0,0,0,Soil3,Soil3_CE239,No_Nitrate,No_Nitrate,0,0,20,3.97,None,None,Soil3_T0,0.0064,0.07193179293,0,0,0,0,Soil3_CE239_pH4.99,10_20cm,4.987,24.78941035,1.910709988,0,0,1.123947052,1.202267654,3.870870871,T0,5.994316077,1
D05,0,0,0,Soil3,Soil3_CE239,No_Nitrate,No_Nitrate,0,0,20,3.97,None,None,Soil3_T0,0.00365,0.03474265281,0,0,0,0,Soil3_CE239_pH4.99,10_20cm,4.987,24.78941035,1.910709988,0,0,1.123947052,1.202267654,3.870870871,T0,2.895221068,2
D06,0,0,0,Soil3,Soil3_CE239,No_Nitrate,No_Nitrate,0,0,20,3.97,None,None,Soil3_T0,0.0043,0.04353362478,0,0,0,0,Soil3_CE239_pH4.99,10_20cm,4.987,24.78941035,1.910709988,0,0,1.123947052,1.202267654,3.870870871,T0,3.627802065,3
D07,0,2,0,Soil3,Soil3_CE239,Slurry,HCl_NaOH,0,0,20,3.97,None,None,Soil3_T0,0.00495,0.05232409428,0,0,0,0,Soil3_CE239_pH4.99,10_20cm,4.987,24.78941035,1.910709988,0,0,1.123947052,1.202267654,3.933333333,T0,4.36034119,1
D08,0,2,0,Soil3,Soil3_CE239,Slurry,HCl_NaOH,0,0,20,3.97,None,None,Soil3_T0,0.0068,0.07734037341,0,0,0,0,Soil3_CE239_pH4.99,10_20cm,4.987,24.78941035,1.910709988,0,0,1.123947052,1.202267654,3.933333333,T0,6.445031118,2
D09,0,2,0,Soil3,Soil3_CE239,Slurry,HCl_NaOH,0,0,20,3.97,None,None,Soil3_T0,0.0052,0.05570491032,0,0,0,0,Soil3_CE239_pH4.99,10_20cm,4.987,24.78941035,1.910709988,0,0,1.123947052,1.202267654,3.933333333,T0,4.64207586,3
A01,0,2,0,Soil9,Soil9_CE277,Slurry,HCl_NaOH,-75,-7.5,20,8.46,None,None,Soil9_T0,0.0654,0.8319186321,0,0,0,-0.00015,Soil9_CE277_pH5.82,10_20cm,5.822,24.15048544,1.905279126,-0.07872862193,-78.72862193,1.120752427,1.217914003,8.53,T0,69.32655268,1
A02,0,2,0,Soil9,Soil9_CE277,Slurry,HCl_NaOH,-28,-2.8,20,8.01,None,None,Soil9_T0,0.0419,0.527515629,0,0,0,-0.000056,Soil9_CE277_pH5.82,10_20cm,5.822,24.15048544,1.905279126,-0.02939201885,-29.39201885,1.120752427,1.217914003,7.870870871,T0,43.95963575,1
A03,0,2,0,Soil9,Soil9_CE277,Slurry,HCl_NaOH,-20,-2,20,7.56,None,None,Soil9_T0,0.0325,0.4056801122,0,0,0,-0.00004,Soil9_CE277_pH5.82,10_20cm,5.822,24.15048544,1.905279126,-0.02099429918,-20.99429918,1.120752427,1.217914003,7.498498498,T0,33.80667602,1
A04,0,2,0,Soil9,Soil9_CE277,Slurry,HCl_NaOH,-16,-1.6,20,7.11,None,None,Soil9_T0,0.0241,0.2967698357,0,0,0,-0.000032,Soil9_CE277_pH5.82,10_20cm,5.822,24.15048544,1.905279126,-0.01679543935,-16.79543935,1.120752427,1.217914003,7.066066066,T0,24.73081964,1
A05,0,2,0,Soil9,Soil9_CE277,Slurry,HCl_NaOH,-13,-1.3,20,6.66,None,None,Soil9_T0,0.0178,0.2150648199,0,0,0,-0.000026,Soil9_CE277_pH5.82,10_20cm,5.822,24.15048544,1.905279126,-0.01364629447,-13.64629447,1.120752427,1.217914003,6.861861862,T0,17.92206832,1
A06,0,2,0,Soil9,Soil9_CE277,Slurry,HCl_NaOH,-10,-1,20,6.21,None,None,Soil9_T0,0.01245,0.1456653767,0,0,0,-0.00002,Soil9_CE277_pH5.82,10_20cm,5.822,24.15048544,1.905279126,-0.01049714959,-10.49714959,1.120752427,1.217914003,6.393393393,T0,12.13878139,1
A07,0,2,0,Soil9,Soil9_CE277,Slurry,HCl_NaOH,-7,-0.7,20,5.76,None,None,Soil9_T0,0.0147,0.1748537404,0,0,0,-0.000014,Soil9_CE277_pH5.82,10_20cm,5.822,24.15048544,1.905279126,-0.007348004714,-7.348004714,1.120752427,1.217914003,5.660660661,T0,14.57114503,1
A08,0,2,0,Soil9,Soil9_CE277,Slurry,HCl_NaOH,-5,-0.5,20,5.31,None,None,Soil9_T0,0.00805,0.08857885128,0,0,0,-0.00001,Soil9_CE277_pH5.82,10_20cm,5.822,24.15048544,1.905279126,-0.005248574795,-5.248574795,1.120752427,1.217914003,5.144144144,T0,7.38157094,1
A09,0,2,0,Soil9,Soil9_CE277,Slurry,HCl_NaOH,-2,-0.2,20,4.86,None,None,Soil9_T0,0.00895,0.1002564006,0,0,0,-0.000004,Soil9_CE277_pH5.82,10_20cm,5.822,24.15048544,1.905279126,-0.002099429918,-2.099429918,1.120752427,1.217914003,4.687687688,T0,8.354700052,1
A10,0,2,0,Soil9,Soil9_CE277,Slurry,HCl_NaOH,4,0.4,20,3.96,None,None,Soil9_T0,0.0045,0.04251359376,0,0,0,0.000008,Soil9_CE277_pH5.82,10_20cm,5.822,24.15048544,1.905279126,0.004198859836,4.198859836,1.120752427,1.217914003,4.051051051,T0,3.54279948,1
A11,0,2,0,Soil9,Soil9_CE277,Slurry,HCl_NaOH,13,1.3,20,3.51,None,None,Soil9_T0,0.00605,0.06262734182,0,0,0,0.000026,Soil9_CE277_pH5.82,10_20cm,5.822,24.15048544,1.905279126,0.01364629447,13.64629447,1.120752427,1.217914003,3.606606607,T0,5.218945151,1
A12,0,2,0,Soil9,Soil9_CE277,Slurry,HCl_NaOH,38,3.8,20,3.06,None,None,Soil9_T0,0.009,0.1009051419,0,0,0,0.000076,Soil9_CE277_pH5.82,10_20cm,5.822,24.15048544,1.905279126,0.03988916844,39.88916844,1.120752427,1.217914003,3.06,T0,8.408761825,1
B01,0,2,0,Soil9,Soil9_CE277,Slurry,HCl_NaOH,-75,-7.5,20,8.46,None,None,Soil9_T0,0.05755,0.73026457,0,0,0,-0.00015,Soil9_CE277_pH5.82,10_20cm,5.822,24.15048544,1.905279126,-0.07872862193,-78.72862193,1.120752427,1.217914003,8.53,T0,60.85538083,2
B02,0,2,0,Soil9,Soil9_CE277,Slurry,HCl_NaOH,-28,-2.8,20,8.01,None,None,Soil9_T0,0.0342,0.4277173443,0,0,0,-0.000056,Soil9_CE277_pH5.82,10_20cm,5.822,24.15048544,1.905279126,-0.02939201885,-29.39201885,1.120752427,1.217914003,7.870870871,T0,35.64311202,2
B03,0,2,0,Soil9,Soil9_CE277,Slurry,HCl_NaOH,-20,-2,20,7.56,None,None,Soil9_T0,0.02595,0.3207589456,0,0,0,-0.00004,Soil9_CE277_pH5.82,10_20cm,5.822,24.15048544,1.905279126,-0.02099429918,-20.99429918,1.120752427,1.217914003,7.498498498,T0,26.72991213,2
B04,0,2,0,Soil9,Soil9_CE277,Slurry,HCl_NaOH,-16,-1.6,20,7.11,None,None,Soil9_T0,0.0176,0.2124706965,0,0,0,-0.000032,Soil9_CE277_pH5.82,10_20cm,5.822,24.15048544,1.905279126,-0.01679543935,-16.79543935,1.120752427,1.217914003,7.066066066,T0,17.70589138,2
B05,0,2,0,Soil9,Soil9_CE277,Slurry,HCl_NaOH,-13,-1.3,20,6.66,None,None,Soil9_T0,0.01525,0.1819883024,0,0,0,-0.000026,Soil9_CE277_pH5.82,10_20cm,5.822,24.15048544,1.905279126,-0.01364629447,-13.64629447,1.120752427,1.217914003,6.861861862,T0,15.16569186,2
B06,0,2,0,Soil9,Soil9_CE277,Slurry,HCl_NaOH,-10,-1,20,6.21,None,None,Soil9_T0,0.01155,0.1339893474,0,0,0,-0.00002,Soil9_CE277_pH5.82,10_20cm,5.822,24.15048544,1.905279126,-0.01049714959,-10.49714959,1.120752427,1.217914003,6.393393393,T0,11.16577895,2
B07,0,2,0,Soil9,Soil9_CE277,Slurry,HCl_NaOH,-7,-0.7,20,5.76,None,None,Soil9_T0,0.01055,0.1210155231,0,0,0,-0.000014,Soil9_CE277_pH5.82,10_20cm,5.822,24.15048544,1.905279126,-0.007348004714,-7.348004714,1.120752427,1.217914003,5.660660661,T0,10.08462693,2
B08,0,2,0,Soil9,Soil9_CE277,Slurry,HCl_NaOH,-5,-0.5,20,5.31,None,None,Soil9_T0,0.00555,0.05613916273,0,0,0,-0.00001,Soil9_CE277_pH5.82,10_20cm,5.822,24.15048544,1.905279126,-0.005248574795,-5.248574795,1.120752427,1.217914003,5.144144144,T0,4.678263561,2
B09,0,2,0,Soil9,Soil9_CE277,Slurry,HCl_NaOH,-2,-0.2,20,4.86,None,None,Soil9_T0,0.00375,0.03278071856,0,0,0,-0.000004,Soil9_CE277_pH5.82,10_20cm,5.822,24.15048544,1.905279126,-0.002099429918,-2.099429918,1.120752427,1.217914003,4.687687688,T0,2.731726547,2
B10,0,2,0,Soil9,Soil9_CE277,Slurry,HCl_NaOH,4,0.4,20,3.96,None,None,Soil9_T0,0.00065,0,0,0,0,0.000008,Soil9_CE277_pH5.82,10_20cm,5.822,24.15048544,1.905279126,0.004198859836,4.198859836,1.120752427,1.217914003,4.051051051,T0,0,2
B11,0,2,0,Soil9,Soil9_CE277,Slurry,HCl_NaOH,13,1.3,20,3.51,None,None,Soil9_T0,0.004,0.03602504048,0,0,0,0.000026,Soil9_CE277_pH5.82,10_20cm,5.822,24.15048544,1.905279126,0.01364629447,13.64629447,1.120752427,1.217914003,3.606606607,T0,3.002086706,2
B12,0,2,0,Soil9,Soil9_CE277,Slurry,HCl_NaOH,38,3.8,20,3.06,None,None,Soil9_T0,0.00875,0.09766142344,0,0,0,0.000076,Soil9_CE277_pH5.82,10_20cm,5.822,24.15048544,1.905279126,0.03988916844,39.88916844,1.120752427,1.217914003,3.06,T0,8.138451954,2
C01,0,2,0,Soil9,Soil9_CE277,Slurry,HCl_NaOH,-75,-7.5,20,8.46,None,None,Soil9_T0,0.0624,0.7930734364,0,0,0,-0.00015,Soil9_CE277_pH5.82,10_20cm,5.822,24.15048544,1.905279126,-0.07872862193,-78.72862193,1.120752427,1.217914003,8.53,T0,66.08945304,3
C02,0,2,0,Soil9,Soil9_CE277,Slurry,HCl_NaOH,-28,-2.8,20,8.01,None,None,Soil9_T0,0.03755,0.4711395837,0,0,0,-0.000056,Soil9_CE277_pH5.82,10_20cm,5.822,24.15048544,1.905279126,-0.02939201885,-29.39201885,1.120752427,1.217914003,7.870870871,T0,39.26163198,3
C03,0,2,0,Soil9,Soil9_CE277,Slurry,HCl_NaOH,-20,-2,20,7.56,None,None,Soil9_T0,0.02485,0.3064953492,0,0,0,-0.00004,Soil9_CE277_pH5.82,10_20cm,5.822,24.15048544,1.905279126,-0.02099429918,-20.99429918,1.120752427,1.217914003,7.498498498,T0,25.5412791,3
C04,0,2,0,Soil9,Soil9_CE277,Slurry,HCl_NaOH,-16,-1.6,20,7.11,None,None,Soil9_T0,0.01855,0.2247926107,0,0,0,-0.000032,Soil9_CE277_pH5.82,10_20cm,5.822,24.15048544,1.905279126,-0.01679543935,-16.79543935,1.120752427,1.217914003,7.066066066,T0,18.73271755,3
C05,0,2,0,Soil9,Soil9_CE277,Slurry,HCl_NaOH,-13,-1.3,20,6.66,None,None,Soil9_T0,0.01535,0.1832854798,0,0,0,-0.000026,Soil9_CE277_pH5.82,10_20cm,5.822,24.15048544,1.905279126,-0.01364629447,-13.64629447,1.120752427,1.217914003,6.861861862,T0,15.27378998,3
C06,0,2,0,Soil9,Soil9_CE277,Slurry,HCl_NaOH,-10,-1,20,6.21,None,None,Soil9_T0,0.01195,0.139178742,0,0,0,-0.00002,Soil9_CE277_pH5.82,10_20cm,5.822,24.15048544,1.905279126,-0.01049714959,-10.49714959,1.120752427,1.217914003,6.393393393,T0,11.5982285,3
C07,0,2,0,Soil9,Soil9_CE277,Slurry,HCl_NaOH,-7,-0.7,20,5.76,None,None,Soil9_T0,0.0117,0.1359353794,0,0,0,-0.000014,Soil9_CE277_pH5.82,10_20cm,5.822,24.15048544,1.905279126,-0.007348004714,-7.348004714,1.120752427,1.217914003,5.660660661,T0,11.32794828,3
C08,0,2,0,Soil9,Soil9_CE277,Slurry,HCl_NaOH,-5,-0.5,20,5.31,None,None,Soil9_T0,0.00815,0.08987637607,0,0,0,-0.00001,Soil9_CE277_pH5.82,10_20cm,5.822,24.15048544,1.905279126,-0.005248574795,-5.248574795,1.120752427,1.217914003,5.144144144,T0,7.489698006,3
C09,0,2,0,Soil9,Soil9_CE277,Slurry,HCl_NaOH,-2,-0.2,20,4.86,None,None,Soil9_T0,0.00565,0.0574368082,0,0,0,-0.000004,Soil9_CE277_pH5.82,10_20cm,5.822,24.15048544,1.905279126,-0.002099429918,-2.099429918,1.120752427,1.217914003,4.687687688,T0,4.786400684,3
C10,0,2,0,Soil9,Soil9_CE277,Slurry,HCl_NaOH,4,0.4,20,3.96,None,None,Soil9_T0,0.0045,0.04251359376,0,0,0,0.000008,Soil9_CE277_pH5.82,10_20cm,5.822,24.15048544,1.905279126,0.004198859836,4.198859836,1.120752427,1.217914003,4.051051051,T0,3.54279948,3
C11,0,2,0,Soil9,Soil9_CE277,Slurry,HCl_NaOH,13,1.3,20,3.51,None,None,Soil9_T0,0.00345,0.02888749243,0,0,0,0.000026,Soil9_CE277_pH5.82,10_20cm,5.822,24.15048544,1.905279126,0.01364629447,13.64629447,1.120752427,1.217914003,3.606606607,T0,2.407291036,3
C12,0,2,0,Soil9,Soil9_CE277,Slurry,HCl_NaOH,38,3.8,20,3.06,None,None,Soil9_T0,0.01415,0.1677190326,0,0,0,0.000076,Soil9_CE277_pH5.82,10_20cm,5.822,24.15048544,1.905279126,0.03988916844,39.88916844,1.120752427,1.217914003,3.06,T0,13.97658605,3
D01,0,2,0,Soil9,Soil9_CE277,Slurry,HCl_NaOH,-75,-7.5,20,8.46,None,CHX,Soil9_T0,0.0674,0.8578130312,0,0,0,-0.00015,Soil9_CE277_pH5.82,10_20cm,5.822,24.15048544,1.905279126,-0.07872862193,-78.72862193,1.120752427,1.217914003,8.52,T0,71.48441926,1
D02,0,2,0,Soil9,Soil9_CE277,Slurry,HCl_NaOH,38,3.8,20,3.06,None,CHX,Soil9_T0,0.0171,0.2059853037,0,0,0,0.000076,Soil9_CE277_pH5.82,10_20cm,5.822,24.15048544,1.905279126,0.03988916844,39.88916844,1.120752427,1.217914003,3.174174174,T0,17.16544198,1
D03,0,2,0,Soil9,Soil9_CE277,Slurry,HCl_NaOH,0,0,20,4.41,None,CHX,Soil9_T0,0.01615,0.1936627254,0,0,0,0,Soil9_CE277_pH5.82,10_20cm,5.822,24.15048544,1.905279126,0,0,1.120752427,1.217914003,4.447447447,T0,16.13856045,1
D04,0,0,0,Soil9,Soil9_CE277,No_Nitrate,No_Nitrate,0,0,20,4.41,None,None,Soil9_T0,0.00695,0.07430576002,0,0,0,0,Soil9_CE277_pH5.82,10_20cm,5.822,24.15048544,1.905279126,0,0,1.120752427,1.217914003,4.471471471,T0,6.192146669,1
D05,0,0,0,Soil9,Soil9_CE277,No_Nitrate,No_Nitrate,0,0,20,4.41,None,None,Soil9_T0,0.00705,0.07560333791,0,0,0,0,Soil9_CE277_pH5.82,10_20cm,5.822,24.15048544,1.905279126,0,0,1.120752427,1.217914003,4.471471471,T0,6.300278159,2
D06,0,0,0,Soil9,Soil9_CE277,No_Nitrate,No_Nitrate,0,0,20,4.41,None,None,Soil9_T0,0.0034,0.02823861718,0,0,0,0,Soil9_CE277_pH5.82,10_20cm,5.822,24.15048544,1.905279126,0,0,1.120752427,1.217914003,4.471471471,T0,2.353218099,3
D07,0,2,0,Soil9,Soil9_CE277,Slurry,HCl_NaOH,0,0,20,4.41,None,None,Soil9_T0,0.00825,0.09117389603,0,0,0,0,Soil9_CE277_pH5.82,10_20cm,5.822,24.15048544,1.905279126,0,0,1.120752427,1.217914003,4.373333333,T0,7.597824669,1
D08,0,2,0,Soil9,Soil9_CE277,Slurry,HCl_NaOH,0,0,20,4.41,None,None,Soil9_T0,0.009,0.1009051419,0,0,0,0,Soil9_CE277_pH5.82,10_20cm,5.822,24.15048544,1.905279126,0,0,1.120752427,1.217914003,4.373333333,T0,8.408761825,2
D09,0,2,0,Soil9,Soil9_CE277,Slurry,HCl_NaOH,0,0,20,4.41,None,None,Soil9_T0,0.0076,0.08273993,0,0,0,0,Soil9_CE277_pH5.82,10_20cm,5.822,24.15048544,1.905279126,0,0,1.120752427,1.217914003,4.373333333,T0,6.894994166,3
A01,0,2,0,Soil10,Soil10_CE253,Slurry,HCl_NaOH,-100,-10,20,8.76,None,None,Soil10_T0,0.0668,0.852467905,0,0,0,-0.0002,Soil10_CE253_pH5.97,10_20cm,5.975,24.78941035,1.910709988,-0.1046731326,-104.6731326,1.123947052,1.213903643,8.63,T0,71.03899209,1
A02,0,2,0,Soil10,Soil10_CE253,Slurry,HCl_NaOH,-65,-6.5,20,8.31,None,None,Soil10_T0,0.0539,0.6849354058,0,0,0,-0.00013,Soil10_CE253_pH5.97,10_20cm,5.975,24.78941035,1.910709988,-0.06803753621,-68.03753621,1.123947052,1.213903643,8.171171171,T0,57.07795048,1
A03,0,2,0,Soil10,Soil10_CE253,Slurry,HCl_NaOH,-26,-2.6,20,7.86,None,None,Soil10_T0,0.0329,0.412036611,0,0,0,-0.000052,Soil10_CE253_pH5.97,10_20cm,5.975,24.78941035,1.910709988,-0.02721501449,-27.21501449,1.123947052,1.213903643,7.894894895,T0,34.33638425,1
A04,0,2,0,Soil10,Soil10_CE253,Slurry,HCl_NaOH,-21,-2.1,20,7.41,None,None,Soil10_T0,0.03215,0.4022862914,0,0,0,-0.000042,Soil10_CE253_pH5.97,10_20cm,5.975,24.78941035,1.910709988,-0.02198135785,-21.98135785,1.123947052,1.213903643,7.678678679,T0,33.52385762,1
A05,0,2,0,Soil10,Soil10_CE253,Slurry,HCl_NaOH,-17,-1.7,20,6.96,None,None,Soil10_T0,0.0206,0.2520970641,0,0,0,-0.000034,Soil10_CE253_pH5.97,10_20cm,5.975,24.78941035,1.910709988,-0.01779443255,-17.79443255,1.123947052,1.213903643,7.39039039,T0,21.00808868,1
A06,0,2,0,Soil10,Soil10_CE253,Slurry,HCl_NaOH,-14,-1.4,20,6.51,None,None,Soil10_T0,0.0185,0.2247830064,0,0,0,-0.000028,Soil10_CE253_pH5.97,10_20cm,5.975,24.78941035,1.910709988,-0.01465423857,-14.65423857,1.123947052,1.213903643,7.042042042,T0,18.7319172,1
A07,0,2,0,Soil10,Soil10_CE253,Slurry,HCl_NaOH,-12,-1.2,20,6.06,None,None,Soil10_T0,0.0168,0.2026700647,0,0,0,-0.000024,Soil10_CE253_pH5.97,10_20cm,5.975,24.78941035,1.910709988,-0.01256077592,-12.56077592,1.123947052,1.213903643,6.813813814,T0,16.88917206,1
A08,0,2,0,Soil10,Soil10_CE253,Slurry,HCl_NaOH,-9,-0.9,20,5.61,None,None,Soil10_T0,0.0121,0.141527011,0,0,0,-0.000018,Soil10_CE253_pH5.97,10_20cm,5.975,24.78941035,1.910709988,-0.009420581937,-9.420581937,1.123947052,1.213903643,6.213213213,T0,11.79391759,1
A09,0,2,0,Soil10,Soil10_CE253,Slurry,HCl_NaOH,-6,-0.6,20,5.16,None,None,Soil10_T0,0.0151,0.1805557255,0,0,0,-0.000012,Soil10_CE253_pH5.97,10_20cm,5.975,24.78941035,1.910709988,-0.006280387958,-6.280387958,1.123947052,1.213903643,5.408408408,T0,15.04631046,1
A10,0,2,0,Soil10,Soil10_CE253,Slurry,HCl_NaOH,-3,-0.3,20,4.71,None,None,Soil10_T0,0.0059,0.06085386733,0,0,0,-0.000006,Soil10_CE253_pH5.97,10_20cm,5.975,24.78941035,1.910709988,-0.003140193979,-3.140193979,1.123947052,1.213903643,4.687687688,T0,5.071155611,1
A11,0,2,0,Soil10,Soil10_CE253,Slurry,HCl_NaOH,5,0.5,20,3.81,None,None,Soil10_T0,0.0064,0.06736045577,0,0,0,0.00001,Soil10_CE253_pH5.97,10_20cm,5.975,24.78941035,1.910709988,0.005233656632,5.233656632,1.123947052,1.213903643,3.810810811,T0,5.613371315,1
A12,0,2,0,Soil10,Soil10_CE253,Slurry,HCl_NaOH,14,1.4,20,3.36,None,None,Soil10_T0,0.0084,0.09338559929,0,0,0,0.000028,Soil10_CE253_pH5.97,10_20cm,5.975,24.78941035,1.910709988,0.01465423857,14.65423857,1.123947052,1.213903643,3.486486486,T0,7.782133274,1
B01,0,2,0,Soil10,Soil10_CE253,Slurry,HCl_NaOH,-100,-10,20,8.76,None,None,Soil10_T0,0.0601,0.7654648969,0,0,0,-0.0002,Soil10_CE253_pH5.97,10_20cm,5.975,24.78941035,1.910709988,-0.1046731326,-104.6731326,1.123947052,1.213903643,8.63,T0,63.78874141,2
B02,0,2,0,Soil10,Soil10_CE253,Slurry,HCl_NaOH,-65,-6.5,20,8.31,None,None,Soil10_T0,0.04435,0.5608577898,0,0,0,-0.00013,Soil10_CE253_pH5.97,10_20cm,5.975,24.78941035,1.910709988,-0.06803753621,-68.03753621,1.123947052,1.213903643,8.171171171,T0,46.73814915,2
B03,0,2,0,Soil10,Soil10_CE253,Slurry,HCl_NaOH,-26,-2.6,20,7.86,None,None,Soil10_T0,0.02485,0.3073689923,0,0,0,-0.000052,Soil10_CE253_pH5.97,10_20cm,5.975,24.78941035,1.910709988,-0.02721501449,-27.21501449,1.123947052,1.213903643,7.894894895,T0,25.61408269,2
B04,0,2,0,Soil10,Soil10_CE253,Slurry,HCl_NaOH,-21,-2.1,20,7.41,None,None,Soil10_T0,0.02155,0.2644527232,0,0,0,-0.000042,Soil10_CE253_pH5.97,10_20cm,5.975,24.78941035,1.910709988,-0.02198135785,-21.98135785,1.123947052,1.213903643,7.678678679,T0,22.03772694,2
B05,0,2,0,Soil10,Soil10_CE253,Slurry,HCl_NaOH,-17,-1.7,20,6.96,None,None,Soil10_T0,0.0218,0.26770414,0,0,0,-0.000034,Soil10_CE253_pH5.97,10_20cm,5.975,24.78941035,1.910709988,-0.01779443255,-17.79443255,1.123947052,1.213903643,7.39039039,T0,22.30867833,2
B06,0,2,0,Soil10,Soil10_CE253,Slurry,HCl_NaOH,-14,-1.4,20,6.51,None,None,Soil10_T0,0.0141,0.1675466378,0,0,0,-0.000028,Soil10_CE253_pH5.97,10_20cm,5.975,24.78941035,1.910709988,-0.01465423857,-14.65423857,1.123947052,1.213903643,7.042042042,T0,13.96221981,2
B07,0,2,0,Soil10,Soil10_CE253,Slurry,HCl_NaOH,-12,-1.2,20,6.06,None,None,Soil10_T0,0.0126,0.1480320991,0,0,0,-0.000024,Soil10_CE253_pH5.97,10_20cm,5.975,24.78941035,1.910709988,-0.01256077592,-12.56077592,1.123947052,1.213903643,6.813813814,T0,12.33600826,2
B08,0,2,0,Soil10,Soil10_CE253,Slurry,HCl_NaOH,-9,-0.9,20,5.61,None,None,Soil10_T0,0.0084,0.09338559929,0,0,0,-0.000018,Soil10_CE253_pH5.97,10_20cm,5.975,24.78941035,1.910709988,-0.009420581937,-9.420581937,1.123947052,1.213903643,6.213213213,T0,7.782133274,2
B09,0,2,0,Soil10,Soil10_CE253,Slurry,HCl_NaOH,-6,-0.6,20,5.16,None,None,Soil10_T0,0.0079,0.08687949494,0,0,0,-0.000012,Soil10_CE253_pH5.97,10_20cm,5.975,24.78941035,1.910709988,-0.006280387958,-6.280387958,1.123947052,1.213903643,5.408408408,T0,7.239957912,2
B10,0,2,0,Soil10,Soil10_CE253,Slurry,HCl_NaOH,-3,-0.3,20,4.71,None,None,Soil10_T0,0.00245,0.01595510771,0,0,0,-0.000006,Soil10_CE253_pH5.97,10_20cm,5.975,24.78941035,1.910709988,-0.003140193979,-3.140193979,1.123947052,1.213903643,4.687687688,T0,1.329592309,2
B11,0,2,0,Soil10,Soil10_CE253,Slurry,HCl_NaOH,5,0.5,20,3.81,None,None,Soil10_T0,0.0031,0.02441473499,0,0,0,0.00001,Soil10_CE253_pH5.97,10_20cm,5.975,24.78941035,1.910709988,0.005233656632,5.233656632,1.123947052,1.213903643,3.810810811,T0,2.034561249,2
B12,0,2,0,Soil10,Soil10_CE253,Slurry,HCl_NaOH,14,1.4,20,3.36,None,None,Soil10_T0,0.005,0.04914170309,0,0,0,0.000028,Soil10_CE253_pH5.97,10_20cm,5.975,24.78941035,1.910709988,0.01465423857,14.65423857,1.123947052,1.213903643,3.486486486,T0,4.095141924,2
C01,0,2,0,Soil10,Soil10_CE253,Slurry,HCl_NaOH,-100,-10,20,8.76,None,None,Soil10_T0,0.0584,0.7433860713,0,0,0,-0.0002,Soil10_CE253_pH5.97,10_20cm,5.975,24.78941035,1.910709988,-0.1046731326,-104.6731326,1.123947052,1.213903643,8.63,T0,61.94883927,3
C02,0,2,0,Soil10,Soil10_CE253,Slurry,HCl_NaOH,-65,-6.5,20,8.31,None,None,Soil10_T0,0.0422,0.5329180238,0,0,0,-0.00013,Soil10_CE253_pH5.97,10_20cm,5.975,24.78941035,1.910709988,-0.06803753621,-68.03753621,1.123947052,1.213903643,8.171171171,T0,44.40983532,3
C03,0,2,0,Soil10,Soil10_CE253,Slurry,HCl_NaOH,-26,-2.6,20,7.86,None,None,Soil10_T0,0.02455,0.3034677307,0,0,0,-0.000052,Soil10_CE253_pH5.97,10_20cm,5.975,24.78941035,1.910709988,-0.02721501449,-27.21501449,1.123947052,1.213903643,7.894894895,T0,25.28897756,3
C04,0,2,0,Soil10,Soil10_CE253,Slurry,HCl_NaOH,-21,-2.1,20,7.41,None,None,Soil10_T0,0.0228,0.2807095049,0,0,0,-0.000042,Soil10_CE253_pH5.97,10_20cm,5.975,24.78941035,1.910709988,-0.02198135785,-21.98135785,1.123947052,1.213903643,7.678678679,T0,23.39245874,3
C05,0,2,0,Soil10,Soil10_CE253,Slurry,HCl_NaOH,-17,-1.7,20,6.96,None,None,Soil10_T0,0.0141,0.1675466378,0,0,0,-0.000034,Soil10_CE253_pH5.97,10_20cm,5.975,24.78941035,1.910709988,-0.01779443255,-17.79443255,1.123947052,1.213903643,7.39039039,T0,13.96221981,3
C06,0,2,0,Soil10,Soil10_CE253,Slurry,HCl_NaOH,-14,-1.4,20,6.51,None,None,Soil10_T0,0.00975,0.1109514766,0,0,0,-0.000028,Soil10_CE253_pH5.97,10_20cm,5.975,24.78941035,1.910709988,-0.01465423857,-14.65423857,1.123947052,1.213903643,7.042042042,T0,9.245956386,3
C07,0,2,0,Soil10,Soil10_CE253,Slurry,HCl_NaOH,-12,-1.2,20,6.06,None,None,Soil10_T0,0.00975,0.1109514766,0,0,0,-0.000024,Soil10_CE253_pH5.97,10_20cm,5.975,24.78941035,1.910709988,-0.01256077592,-12.56077592,1.123947052,1.213903643,6.813813814,T0,9.245956386,3
C08,0,2,0,Soil10,Soil10_CE253,Slurry,HCl_NaOH,-9,-0.9,20,5.61,None,None,Soil10_T0,0.0068,0.07256563939,0,0,0,-0.000018,Soil10_CE253_pH5.97,10_20cm,5.975,24.78941035,1.910709988,-0.009420581937,-9.420581937,1.123947052,1.213903643,6.213213213,T0,6.047136616,3
C09,0,2,0,Soil10,Soil10_CE253,Slurry,HCl_NaOH,-6,-0.6,20,5.16,None,None,Soil10_T0,0.00485,0.04718963759,0,0,0,-0.000012,Soil10_CE253_pH5.97,10_20cm,5.975,24.78941035,1.910709988,-0.006280387958,-6.280387958,1.123947052,1.213903643,5.408408408,T0,3.932469799,3
C10,0,2,0,Soil10,Soil10_CE253,Slurry,HCl_NaOH,-3,-0.3,20,4.71,None,None,Soil10_T0,0.002,0.01009832278,0,0,0,-0.000006,Soil10_CE253_pH5.97,10_20cm,5.975,24.78941035,1.910709988,-0.003140193979,-3.140193979,1.123947052,1.213903643,4.687687688,T0,0.8415268987,3
C11,0,2,0,Soil10,Soil10_CE253,Slurry,HCl_NaOH,5,0.5,20,3.81,None,None,Soil10_T0,0.0005,0,0,0,0,0.00001,Soil10_CE253_pH5.97,10_20cm,5.975,24.78941035,1.910709988,0.005233656632,5.233656632,1.123947052,1.213903643,3.810810811,T0,0,3
C12,0,2,0,Soil10,Soil10_CE253,Slurry,HCl_NaOH,14,1.4,20,3.36,None,None,Soil10_T0,0.0025,0.01660585553,0,0,0,0.000028,Soil10_CE253_pH5.97,10_20cm,5.975,24.78941035,1.910709988,0.01465423857,14.65423857,1.123947052,1.213903643,3.486486486,T0,1.383821294,3
D01,0,2,0,Soil10,Soil10_CE253,Slurry,HCl_NaOH,-100,-10,20,8.76,None,CHX,Soil10_T0,0.0601,0.7654648969,0,0,0,-0.0002,Soil10_CE253_pH5.97,10_20cm,5.975,24.78941035,1.910709988,-0.1046731326,-104.6731326,1.123947052,1.213903643,8.63,T0,63.78874141,1
D02,0,2,0,Soil10,Soil10_CE253,Slurry,HCl_NaOH,14,1.4,20,3.36,None,CHX,Soil10_T0,0.01365,0.1616923905,0,0,0,0.000028,Soil10_CE253_pH5.97,10_20cm,5.975,24.78941035,1.910709988,0.01465423857,14.65423857,1.123947052,1.213903643,3.462462462,T0,13.47436587,1
D03,0,2,0,Soil10,Soil10_CE253,Slurry,HCl_NaOH,0,0,20,4.26,None,CHX,Soil10_T0,0.0157,0.188360946,0,0,0,0,Soil10_CE253_pH5.97,10_20cm,5.975,24.78941035,1.910709988,0,0,1.123947052,1.213903643,4.327327327,T0,15.6967455,1
D04,0,0,0,Soil10,Soil10_CE253,No_Nitrate,No_Nitrate,0,0,20,4.26,None,None,Soil10_T0,0.0049,0.0478403273,0,0,0,0,Soil10_CE253_pH5.97,10_20cm,5.975,24.78941035,1.910709988,0,0,1.123947052,1.213903643,4.279279279,T0,3.986693942,1
D05,0,0,0,Soil10,Soil10_CE253,No_Nitrate,No_Nitrate,0,0,20,4.26,None,None,Soil10_T0,0.0043,0.04003197087,0,0,0,0,Soil10_CE253_pH5.97,10_20cm,5.975,24.78941035,1.910709988,0,0,1.123947052,1.213903643,4.279279279,T0,3.335997572,2
D06,0,0,0,Soil10,Soil10_CE253,No_Nitrate,No_Nitrate,0,0,20,4.26,None,None,Soil10_T0,0.00025,0,0,0,0,0,Soil10_CE253_pH5.97,10_20cm,5.975,24.78941035,1.910709988,0,0,1.123947052,1.213903643,4.279279279,T0,0,3
D07,0,2,0,Soil10,Soil10_CE253,Slurry,HCl_NaOH,0,0,20,4.26,None,None,Soil10_T0,0.0193,0.2351886131,0,0,0,0,Soil10_CE253_pH5.97,10_20cm,5.975,24.78941035,1.910709988,0,0,1.123947052,1.213903643,4.27,T0,19.59905109,1
D08,0,2,0,Soil10,Soil10_CE253,Slurry,HCl_NaOH,0,0,20,4.26,None,None,Soil10_T0,0.0014,0.002289123646,0,0,0,0,Soil10_CE253_pH5.97,10_20cm,5.975,24.78941035,1.910709988,0,0,1.123947052,1.213903643,4.27,T0,0.1907603038,2
D09,0,2,0,Soil10,Soil10_CE253,Slurry,HCl_NaOH,0,0,20,4.26,None,None,Soil10_T0,0.00035,0,0,0,0,0,Soil10_CE253_pH5.97,10_20cm,5.975,24.78941035,1.910709988,0,0,1.123947052,1.213903643,4.27,T0,0,3
A01,0,2,0,Soil6,Soil6_CE73,Slurry,HCl_NaOH,-70,-7,20,8.28,None,None,Soil6_T0,0.1177,1.5890096,0,0,0,-0.00014,Soil6_CE73_pH5.4,10_20cm,5.405,26.9005848,1.928654971,-0.07258944815,-72.58944815,1.134502924,1.217914003,8.48,T0,132.4174667,1
A02,0,2,0,Soil6,Soil6_CE73,Slurry,HCl_NaOH,-40,-4,20,7.83,None,None,Soil6_T0,0.0628,0.8365977098,0,0,0,-0.00008,Soil6_CE73_pH5.4,10_20cm,5.405,26.9005848,1.928654971,-0.04147968466,-41.47968466,1.134502924,1.217914003,7.930930931,T0,69.71647582,1
A03,0,2,0,Soil6,Soil6_CE73,Slurry,HCl_NaOH,-26,-2.6,20,7.38,None,None,Soil6_T0,0.04255,0.5579869514,0,0,0,-0.000052,Soil6_CE73_pH5.4,10_20cm,5.405,26.9005848,1.928654971,-0.02696179503,-26.96179503,1.134502924,1.217914003,7.318318318,T0,46.49891262,1
A04,0,2,0,Soil6,Soil6_CE73,Slurry,HCl_NaOH,-21,-2.1,20,6.93,None,None,Soil6_T0,0.03725,0.4849695374,0,0,0,-0.000042,Soil6_CE73_pH5.4,10_20cm,5.405,26.9005848,1.928654971,-0.02177683445,-21.77683445,1.134502924,1.217914003,6.933933934,T0,40.41412811,1
A05,0,2,0,Soil6,Soil6_CE73,Slurry,HCl_NaOH,-17,-1.7,20,6.48,None,None,Soil6_T0,0.03135,0.4036384784,0,0,0,-0.000034,Soil6_CE73_pH5.4,10_20cm,5.405,26.9005848,1.928654971,-0.01762886598,-17.62886598,1.134502924,1.217914003,6.501501502,T0,33.63653987,1
A06,0,2,0,Soil6,Soil6_CE73,Slurry,HCl_NaOH,-14,-1.4,20,6.03,None,None,Soil6_T0,0.0244,0.307768899,0,0,0,-0.000028,Soil6_CE73_pH5.4,10_20cm,5.405,26.9005848,1.928654971,-0.01451788963,-14.51788963,1.134502924,1.217914003,6.093093093,T0,25.64740825,1
A07,0,2,0,Soil6,Soil6_CE73,Slurry,HCl_NaOH,-11,-1.1,20,5.58,None,None,Soil6_T0,0.02035,0.251870297,0,0,0,-0.000022,Soil6_CE73_pH5.4,10_20cm,5.405,26.9005848,1.928654971,-0.01140691328,-11.40691328,1.134502924,1.217914003,5.492492492,T0,20.98919142,1
A08,0,2,0,Soil6,Soil6_CE73,Slurry,HCl_NaOH,-7,-0.7,20,5.13,None,None,Soil6_T0,0.0141,0.1655604721,0,0,0,-0.000014,Soil6_CE73_pH5.4,10_20cm,5.405,26.9005848,1.928654971,-0.007258944815,-7.258944815,1.134502924,1.217914003,4.903903904,T0,13.79670601,1
A09,0,2,0,Soil6,Soil6_CE73,Slurry,HCl_NaOH,-4,-0.4,20,4.68,None,None,Soil6_T0,0.0108,0.1199660632,0,0,0,-0.000008,Soil6_CE73_pH5.4,10_20cm,5.405,26.9005848,1.928654971,-0.004147968466,-4.147968466,1.134502924,1.217914003,4.627627628,T0,9.997171931,1
A10,0,2,0,Soil6,Soil6_CE73,Slurry,HCl_NaOH,7,0.7,20,3.78,None,None,Soil6_T0,0.0088,0.09232540287,0,0,0,0.000014,Soil6_CE73_pH5.4,10_20cm,5.405,26.9005848,1.928654971,0.007258944815,7.258944815,1.134502924,1.217914003,3.846846847,T0,7.693783572,1
A11,0,2,0,Soil6,Soil6_CE73,Slurry,HCl_NaOH,22,2.2,20,3.33,None,None,Soil6_T0,0.0122,0.1393110736,0,0,0,0.000044,Soil6_CE73_pH5.4,10_20cm,5.405,26.9005848,1.928654971,0.02281382656,22.81382656,1.134502924,1.217914003,3.378378378,T0,11.60925613,1
A12,0,2,0,Soil6,Soil6_CE73,Slurry,HCl_NaOH,60,6,20,2.88,None,None,Soil6_T0,0.0193,0.2373741967,0,0,0,0.00012,Soil6_CE73_pH5.4,10_20cm,5.405,26.9005848,1.928654971,0.06221952699,62.21952699,1.134502924,1.217914003,2.82,T0,19.78118306,1
B01,0,2,0,Soil6,Soil6_CE73,Slurry,HCl_NaOH,-70,-7,20,8.28,None,None,Soil6_T0,0.1072,1.445434881,0,0,0,-0.00014,Soil6_CE73_pH5.4,10_20cm,5.405,26.9005848,1.928654971,-0.07258944815,-72.58944815,1.134502924,1.217914003,8.48,T0,120.4529068,2
B02,0,2,0,Soil6,Soil6_CE73,Slurry,HCl_NaOH,-40,-4,20,7.83,None,None,Soil6_T0,0.05325,0.705276626,0,0,0,-0.00008,Soil6_CE73_pH5.4,10_20cm,5.405,26.9005848,1.928654971,-0.04147968466,-41.47968466,1.134502924,1.217914003,7.930930931,T0,58.77305217,2
B03,0,2,0,Soil6,Soil6_CE73,Slurry,HCl_NaOH,-26,-2.6,20,7.38,None,None,Soil6_T0,0.0391,0.5104613343,0,0,0,-0.000052,Soil6_CE73_pH5.4,10_20cm,5.405,26.9005848,1.928654971,-0.02696179503,-26.96179503,1.134502924,1.217914003,7.318318318,T0,42.53844453,2
B04,0,2,0,Soil6,Soil6_CE73,Slurry,HCl_NaOH,-21,-2.1,20,6.93,None,None,Soil6_T0,0.0308,0.3960542151,0,0,0,-0.000042,Soil6_CE73_pH5.4,10_20cm,5.405,26.9005848,1.928654971,-0.02177683445,-21.77683445,1.134502924,1.217914003,6.933933934,T0,33.00451793,2
B05,0,2,0,Soil6,Soil6_CE73,Slurry,HCl_NaOH,-17,-1.7,20,6.48,None,None,Soil6_T0,0.0313,0.4029490179,0,0,0,-0.000034,Soil6_CE73_pH5.4,10_20cm,5.405,26.9005848,1.928654971,-0.01762886598,-17.62886598,1.134502924,1.217914003,6.501501502,T0,33.57908483,2
B06,0,2,0,Soil6,Soil6_CE73,Slurry,HCl_NaOH,-14,-1.4,20,6.03,None,None,Soil6_T0,0.02215,0.2767170463,0,0,0,-0.000028,Soil6_CE73_pH5.4,10_20cm,5.405,26.9005848,1.928654971,-0.01451788963,-14.51788963,1.134502924,1.217914003,6.093093093,T0,23.05975386,2
B07,0,2,0,Soil6,Soil6_CE73,Slurry,HCl_NaOH,-11,-1.1,20,5.58,None,None,Soil6_T0,0.0162,0.1945668806,0,0,0,-0.000022,Soil6_CE73_pH5.4,10_20cm,5.405,26.9005848,1.928654971,-0.01140691328,-11.40691328,1.134502924,1.217914003,5.492492492,T0,16.21390672,2
B08,0,2,0,Soil6,Soil6_CE73,Slurry,HCl_NaOH,-7,-0.7,20,5.13,None,None,Soil6_T0,0.0121,0.1379293814,0,0,0,-0.000014,Soil6_CE73_pH5.4,10_20cm,5.405,26.9005848,1.928654971,-0.007258944815,-7.258944815,1.134502924,1.217914003,4.903903904,T0,11.49411512,2
B09,0,2,0,Soil6,Soil6_CE73,Slurry,HCl_NaOH,-4,-0.4,20,4.68,None,None,Soil6_T0,0.0093,0.09923611198,0,0,0,-0.000008,Soil6_CE73_pH5.4,10_20cm,5.405,26.9005848,1.928654971,-0.004147968466,-4.147968466,1.134502924,1.217914003,4.627627628,T0,8.269675999,2
B10,0,2,0,Soil6,Soil6_CE73,Slurry,HCl_NaOH,7,0.7,20,3.78,None,None,Soil6_T0,0.00565,0.04877959082,0,0,0,0.000014,Soil6_CE73_pH5.4,10_20cm,5.405,26.9005848,1.928654971,0.007258944815,7.258944815,1.134502924,1.217914003,3.846846847,T0,4.064965902,2
B11,0,2,0,Soil6,Soil6_CE73,Slurry,HCl_NaOH,22,2.2,20,3.33,None,None,Soil6_T0,0.00765,0.07642939503,0,0,0,0.000044,Soil6_CE73_pH5.4,10_20cm,5.405,26.9005848,1.928654971,0.02281382656,22.81382656,1.134502924,1.217914003,3.378378378,T0,6.369116253,2
B12,0,2,0,Soil6,Soil6_CE73,Slurry,HCl_NaOH,60,6,20,2.88,None,None,Soil6_T0,0.01515,0.1800644747,0,0,0,0.00012,Soil6_CE73_pH5.4,10_20cm,5.405,26.9005848,1.928654971,0.06221952699,62.21952699,1.134502924,1.217914003,2.82,T0,15.00537289,2
C01,0,2,0,Soil6,Soil6_CE73,Slurry,HCl_NaOH,-70,-7,20,8.28,None,None,Soil6_T0,0.11395,1.537750695,0,0,0,-0.00014,Soil6_CE73_pH5.4,10_20cm,5.405,26.9005848,1.928654971,-0.07258944815,-72.58944815,1.134502924,1.217914003,8.48,T0,128.1458912,3
C02,0,2,0,Soil6,Soil6_CE73,Slurry,HCl_NaOH,-40,-4,20,7.83,None,None,Soil6_T0,0.08135,1.091305362,0,0,0,-0.00008,Soil6_CE73_pH5.4,10_20cm,5.405,26.9005848,1.928654971,-0.04147968466,-41.47968466,1.134502924,1.217914003,7.930930931,T0,90.94211351,3
C03,0,2,0,Soil6,Soil6_CE73,Slurry,HCl_NaOH,-26,-2.6,20,7.38,None,None,Soil6_T0,0.05125,0.6777583125,0,0,0,-0.000052,Soil6_CE73_pH5.4,10_20cm,5.405,26.9005848,1.928654971,-0.02696179503,-26.96179503,1.134502924,1.217914003,7.318318318,T0,56.47985938,3
C04,0,2,0,Soil6,Soil6_CE73,Slurry,HCl_NaOH,-21,-2.1,20,6.93,None,None,Soil6_T0,0.0378,0.4925486938,0,0,0,-0.000042,Soil6_CE73_pH5.4,10_20cm,5.405,26.9005848,1.928654971,-0.02177683445,-21.77683445,1.134502924,1.217914003,6.933933934,T0,41.04572448,3
C05,0,2,0,Soil6,Soil6_CE73,Slurry,HCl_NaOH,-17,-1.7,20,6.48,None,None,Soil6_T0,0.02875,0.3677817562,0,0,0,-0.000034,Soil6_CE73_pH5.4,10_20cm,5.405,26.9005848,1.928654971,-0.01762886598,-17.62886598,1.134502924,1.217914003,6.501501502,T0,30.64847969,3
C06,0,2,0,Soil6,Soil6_CE73,Slurry,HCl_NaOH,-14,-1.4,20,6.03,None,None,Soil6_T0,0.0203,0.2511800427,0,0,0,-0.000028,Soil6_CE73_pH5.4,10_20cm,5.405,26.9005848,1.928654971,-0.01451788963,-14.51788963,1.134502924,1.217914003,6.093093093,T0,20.93167022,3
C07,0,2,0,Soil6,Soil6_CE73,Slurry,HCl_NaOH,-11,-1.1,20,5.58,None,None,Soil6_T0,0.0164,0.1973290626,0,0,0,-0.000022,Soil6_CE73_pH5.4,10_20cm,5.405,26.9005848,1.928654971,-0.01140691328,-11.40691328,1.134502924,1.217914003,5.492492492,T0,16.44408855,3
C08,0,2,0,Soil6,Soil6_CE73,Slurry,HCl_NaOH,-7,-0.7,20,5.13,None,None,Soil6_T0,0.01575,0.1883517593,0,0,0,-0.000014,Soil6_CE73_pH5.4,10_20cm,5.405,26.9005848,1.928654971,-0.007258944815,-7.258944815,1.134502924,1.217914003,4.903903904,T0,15.69597994,3
C09,0,2,0,Soil6,Soil6_CE73,Slurry,HCl_NaOH,-4,-0.4,20,4.68,None,None,Soil6_T0,0.01,0.1089104954,0,0,0,-0.000008,Soil6_CE73_pH5.4,10_20cm,5.405,26.9005848,1.928654971,-0.004147968466,-4.147968466,1.134502924,1.217914003,4.627627628,T0,9.075874614,3
C10,0,2,0,Soil6,Soil6_CE73,Slurry,HCl_NaOH,7,0.7,20,3.78,None,None,Soil6_T0,0.0144,0.1697046358,0,0,0,0.000014,Soil6_CE73_pH5.4,10_20cm,5.405,26.9005848,1.928654971,0.007258944815,7.258944815,1.134502924,1.217914003,3.846846847,T0,14.14205298,3
C11,0,2,0,Soil6,Soil6_CE73,Slurry,HCl_NaOH,22,2.2,20,3.33,None,None,Soil6_T0,0.00955,0.1026913305,0,0,0,0.000044,Soil6_CE73_pH5.4,10_20cm,5.405,26.9005848,1.928654971,0.02281382656,22.81382656,1.134502924,1.217914003,3.378378378,T0,8.557610876,3
C12,0,2,0,Soil6,Soil6_CE73,Slurry,HCl_NaOH,60,6,20,2.88,None,None,Soil6_T0,0.019,0.2332321609,0,0,0,0.00012,Soil6_CE73_pH5.4,10_20cm,5.405,26.9005848,1.928654971,0.06221952699,62.21952699,1.134502924,1.217914003,2.82,T0,19.43601341,3
D01,0,2,0,Soil6,Soil6_CE73,Slurry,HCl_NaOH,-70,-7,20,8.28,None,CHX,Soil6_T0,0.10815,1.458431351,0,0,0,-0.00014,Soil6_CE73_pH5.4,10_20cm,5.405,26.9005848,1.928654971,-0.07258944815,-72.58944815,1.134502924,1.217914003,8.44,T0,121.535946,1
D02,0,2,0,Soil6,Soil6_CE73,Slurry,HCl_NaOH,60,6,20,2.88,None,CHX,Soil6_T0,0.019,0.2332321609,0,0,0,0.00012,Soil6_CE73_pH5.4,10_20cm,5.405,26.9005848,1.928654971,0.06221952699,62.21952699,1.134502924,1.217914003,2.957957958,T0,19.43601341,1
D03,0,2,0,Soil6,Soil6_CE73,Slurry,HCl_NaOH,0,0,20,4.23,None,CHX,Soil6_T0,0.01505,0.1786832099,0,0,0,0,Soil6_CE73_pH5.4,10_20cm,5.405,26.9005848,1.928654971,0,0,1.134502924,1.217914003,4.339339339,T0,14.89026749,1
D04,0,0,0,Soil6,Soil6_CE73,No_Nitrate,No_Nitrate,0,0,20,4.23,None,None,Soil6_T0,0.008,0.08126751366,0,0,0,0,Soil6_CE73_pH5.4,10_20cm,5.405,26.9005848,1.928654971,0,0,1.134502924,1.217914003,4.247247247,T0,6.772292805,1
D05,0,0,0,Soil6,Soil6_CE73,No_Nitrate,No_Nitrate,0,0,20,4.23,None,None,Soil6_T0,0.0182,0.2221860956,0,0,0,0,Soil6_CE73_pH5.4,10_20cm,5.405,26.9005848,1.928654971,0,0,1.134502924,1.217914003,4.247247247,T0,18.51550797,2
D06,0,0,0,Soil6,Soil6_CE73,No_Nitrate,No_Nitrate,0,0,20,4.23,None,None,Soil6_T0,0.00795,0.08057636475,0,0,0,0,Soil6_CE73_pH5.4,10_20cm,5.405,26.9005848,1.928654971,0,0,1.134502924,1.217914003,4.247247247,T0,6.714697062,3
D07,0,2,0,Soil6,Soil6_CE73,Slurry,HCl_NaOH,0,0,20,4.23,None,None,Soil6_T0,0.00455,0.03356972207,0,0,0,0,Soil6_CE73_pH5.4,10_20cm,5.405,26.9005848,1.928654971,0,0,1.134502924,1.217914003,4.25,T0,2.797476839,1
D08,0,2,0,Soil6,Soil6_CE73,Slurry,HCl_NaOH,0,0,20,4.23,None,None,Soil6_T0,0.00505,0.0404835167,0,0,0,0,Soil6_CE73_pH5.4,10_20cm,5.405,26.9005848,1.928654971,0,0,1.134502924,1.217914003,4.25,T0,3.373626392,2
D09,0,2,0,Soil6,Soil6_CE73,Slurry,HCl_NaOH,0,0,20,4.23,None,None,Soil6_T0,0.0068,0.06467893796,0,0,0,0,Soil6_CE73_pH5.4,10_20cm,5.405,26.9005848,1.928654971,0,0,1.134502924,1.217914003,4.25,T0,5.389911497,3
A01,0,2,0,Soil8,Soil8_CE56a,Slurry,HCl_NaOH,-95,-9.5,20,8.56,None,None,Soil8_T0,0.11735,1.61988534,0,0,0,-0.00019,Soil8_CE56a_pH5.55,10_20cm,5.552,24.42563482,1.907617896,-0.09960065923,-99.60065923,1.122128174,1.213903643,8.57,T0,134.990445,1
A02,0,2,0,Soil8,Soil8_CE56a,Slurry,HCl_NaOH,-40,-4,20,8.11,None,None,Soil8_T0,0.0979,1.346091671,0,0,0,-0.00008,Soil8_CE56a_pH5.55,10_20cm,5.552,24.42563482,1.907617896,-0.04193711968,-41.93711968,1.122128174,1.213903643,8.111111111,T0,112.174306,1
A03,0,2,0,Soil8,Soil8_CE56a,Slurry,HCl_NaOH,-22,-2.2,20,7.66,None,None,Soil8_T0,0.0582,0.7847992066,0,0,0,-0.000044,Soil8_CE56a_pH5.55,10_20cm,5.552,24.42563482,1.907617896,-0.02306541582,-23.06541582,1.122128174,1.213903643,7.606606607,T0,65.39993389,1
A04,0,2,0,Soil8,Soil8_CE56a,Slurry,HCl_NaOH,-17,-1.7,20,7.21,None,None,Soil8_T0,0.04665,0.6208788016,0,0,0,-0.000034,Soil8_CE56a_pH5.55,10_20cm,5.552,24.42563482,1.907617896,-0.01782327586,-17.82327586,1.122128174,1.213903643,7.198198198,T0,51.73990013,1
A05,0,2,0,Soil8,Soil8_CE56a,Slurry,HCl_NaOH,-13,-1.3,20,6.76,None,None,Soil8_T0,0.0292,0.3726865413,0,0,0,-0.000026,Soil8_CE56a_pH5.55,10_20cm,5.552,24.42563482,1.907617896,-0.01362956389,-13.62956389,1.122128174,1.213903643,6.801801802,T0,31.05721178,1
A06,0,2,0,Soil8,Soil8_CE56a,Slurry,HCl_NaOH,-10,-1,20,6.31,None,None,Soil8_T0,0.02325,0.2879106882,0,0,0,-0.00002,Soil8_CE56a_pH5.55,10_20cm,5.552,24.42563482,1.907617896,-0.01048427992,-10.48427992,1.122128174,1.213903643,6.261261261,T0,23.99255735,1
A07,0,2,0,Soil8,Soil8_CE56a,Slurry,HCl_NaOH,-8,-0.8,20,5.86,None,None,Soil8_T0,0.02075,0.2522679332,0,0,0,-0.000016,Soil8_CE56a_pH5.55,10_20cm,5.552,24.42563482,1.907617896,-0.008387423935,-8.387423935,1.122128174,1.213903643,5.948948949,T0,21.02232777,1
A08,0,2,0,Soil8,Soil8_CE56a,Slurry,HCl_NaOH,-5,-0.5,20,5.41,None,None,Soil8_T0,0.0097,0.09456595731,0,0,0,-0.00001,Soil8_CE56a_pH5.55,10_20cm,5.552,24.42563482,1.907617896,-0.005242139959,-5.242139959,1.122128174,1.213903643,5.252252252,T0,7.880496442,1
A09,0,2,0,Soil8,Soil8_CE56a,Slurry,HCl_NaOH,-2,-0.2,20,4.96,None,None,Soil8_T0,0.0092,0.08742389838,0,0,0,-0.000004,Soil8_CE56a_pH5.55,10_20cm,5.552,24.42563482,1.907617896,-0.002096855984,-2.096855984,1.122128174,1.213903643,4.6996997,T0,7.285324865,1
A10,0,2,0,Soil8,Soil8_CE56a,Slurry,HCl_NaOH,4,0.4,20,4.06,None,None,Soil8_T0,0.0067,0.05170550488,0,0,0,0.000008,Soil8_CE56a_pH5.55,10_20cm,5.552,24.42563482,1.907617896,0.004193711968,4.193711968,1.122128174,1.213903643,4.135135135,T0,4.308792074,1
A11,0,2,0,Soil8,Soil8_CE56a,Slurry,HCl_NaOH,10,1,20,3.61,None,None,Soil8_T0,0.00765,0.06528008498,0,0,0,0.00002,Soil8_CE56a_pH5.55,10_20cm,5.552,24.42563482,1.907617896,0.01048427992,10.48427992,1.122128174,1.213903643,3.702702703,T0,5.440007082,1
A12,0,2,0,Soil8,Soil8_CE56a,Slurry,HCl_NaOH,30,3,20,3.16,None,None,Soil8_T0,0.0099,0.09742262977,0,0,0,0.00006,Soil8_CE56a_pH5.55,10_20cm,5.552,24.42563482,1.907617896,0.03145283976,31.45283976,1.122128174,1.213903643,3.22,T0,8.118552481,1
B01,0,2,0,Soil8,Soil8_CE56a,Slurry,HCl_NaOH,-95,-9.5,20,8.56,None,None,Soil8_T0,0.09005,1.235366862,0,0,0,-0.00019,Soil8_CE56a_pH5.55,10_20cm,5.552,24.42563482,1.907617896,-0.09960065923,-99.60065923,1.122128174,1.213903643,8.57,T0,102.9472385,2
B02,0,2,0,Soil8,Soil8_CE56a,Slurry,HCl_NaOH,-40,-4,20,8.11,None,None,Soil8_T0,0.0611,0.8259124032,0,0,0,-0.00008,Soil8_CE56a_pH5.55,10_20cm,5.552,24.42563482,1.907617896,-0.04193711968,-41.93711968,1.122128174,1.213903643,8.111111111,T0,68.8260336,2
B03,0,2,0,Soil8,Soil8_CE56a,Slurry,HCl_NaOH,-22,-2.2,20,7.66,None,None,Soil8_T0,0.03585,0.4673463945,0,0,0,-0.000044,Soil8_CE56a_pH5.55,10_20cm,5.552,24.42563482,1.907617896,-0.02306541582,-23.06541582,1.122128174,1.213903643,7.606606607,T0,38.94553288,2
B04,0,2,0,Soil8,Soil8_CE56a,Slurry,HCl_NaOH,-17,-1.7,20,7.21,None,None,Soil8_T0,0.02805,0.3563072041,0,0,0,-0.000034,Soil8_CE56a_pH5.55,10_20cm,5.552,24.42563482,1.907617896,-0.01782327586,-17.82327586,1.122128174,1.213903643,7.198198198,T0,29.692267,2
B05,0,2,0,Soil8,Soil8_CE56a,Slurry,HCl_NaOH,-13,-1.3,20,6.76,None,None,Soil8_T0,0.025,0.3128526378,0,0,0,-0.000026,Soil8_CE56a_pH5.55,10_20cm,5.552,24.42563482,1.907617896,-0.01362956389,-13.62956389,1.122128174,1.213903643,6.801801802,T0,26.07105315,2
B06,0,2,0,Soil8,Soil8_CE56a,Slurry,HCl_NaOH,-10,-1,20,6.31,None,None,Soil8_T0,0.0164,0.1902175313,0,0,0,-0.00002,Soil8_CE56a_pH5.55,10_20cm,5.552,24.42563482,1.907617896,-0.01048427992,-10.48427992,1.122128174,1.213903643,6.261261261,T0,15.85146094,2
B07,0,2,0,Soil8,Soil8_CE56a,Slurry,HCl_NaOH,-8,-0.8,20,5.86,None,None,Soil8_T0,0.01185,0.125270663,0,0,0,-0.000016,Soil8_CE56a_pH5.55,10_20cm,5.552,24.42563482,1.907617896,-0.008387423935,-8.387423935,1.122128174,1.213903643,5.948948949,T0,10.43922192,2
B08,0,2,0,Soil8,Soil8_CE56a,Slurry,HCl_NaOH,-5,-0.5,20,5.41,None,None,Soil8_T0,0.00575,0.03812897403,0,0,0,-0.00001,Soil8_CE56a_pH5.55,10_20cm,5.552,24.42563482,1.907617896,-0.005242139959,-5.242139959,1.122128174,1.213903643,5.252252252,T0,3.177414503,2
B09,0,2,0,Soil8,Soil8_CE56a,Slurry,HCl_NaOH,-2,-0.2,20,4.96,None,None,Soil8_T0,0.0057,0.03741436573,0,0,0,-0.000004,Soil8_CE56a_pH5.55,10_20cm,5.552,24.42563482,1.907617896,-0.002096855984,-2.096855984,1.122128174,1.213903643,4.6996997,T0,3.11786381,2
B10,0,2,0,Soil8,Soil8_CE56a,Slurry,HCl_NaOH,4,0.4,20,4.06,None,None,Soil8_T0,0.0029,0,0,0,0,0.000008,Soil8_CE56a_pH5.55,10_20cm,5.552,24.42563482,1.907617896,0.004193711968,4.193711968,1.122128174,1.213903643,4.135135135,T0,0,2
B11,0,2,0,Soil8,Soil8_CE56a,Slurry,HCl_NaOH,10,1,20,3.61,None,None,Soil8_T0,0.0051,0.02883864431,0,0,0,0.00002,Soil8_CE56a_pH5.55,10_20cm,5.552,24.42563482,1.907617896,0.01048427992,10.48427992,1.122128174,1.213903643,3.702702703,T0,2.403220359,2
B12,0,2,0,Soil8,Soil8_CE56a,Slurry,HCl_NaOH,30,3,20,3.16,None,None,Soil8_T0,0.012,0.1274124797,0,0,0,0.00006,Soil8_CE56a_pH5.55,10_20cm,5.552,24.42563482,1.907617896,0.03145283976,31.45283976,1.122128174,1.213903643,3.22,T0,10.61770664,2
C01,0,2,0,Soil8,Soil8_CE56a,Slurry,HCl_NaOH,-95,-9.5,20,8.56,None,None,Soil8_T0,0.09395,1.29039265,0,0,0,-0.00019,Soil8_CE56a_pH5.55,10_20cm,5.552,24.42563482,1.907617896,-0.09960065923,-99.60065923,1.122128174,1.213903643,8.57,T0,107.5327209,3
C02,0,2,0,Soil8,Soil8_CE56a,Slurry,HCl_NaOH,-40,-4,20,8.11,None,None,Soil8_T0,0.0685,0.9307416109,0,0,0,-0.00008,Soil8_CE56a_pH5.55,10_20cm,5.552,24.42563482,1.907617896,-0.04193711968,-41.93711968,1.122128174,1.213903643,8.111111111,T0,77.5618009,3
C03,0,2,0,Soil8,Soil8_CE56a,Slurry,HCl_NaOH,-22,-2.2,20,7.66,None,None,Soil8_T0,0.03795,0.4972193674,0,0,0,-0.000044,Soil8_CE56a_pH5.55,10_20cm,5.552,24.42563482,1.907617896,-0.02306541582,-23.06541582,1.122128174,1.213903643,7.606606607,T0,41.43494728,3
C04,0,2,0,Soil8,Soil8_CE56a,Slurry,HCl_NaOH,-17,-1.7,20,7.21,None,None,Soil8_T0,0.0339,0.439598782,0,0,0,-0.000034,Soil8_CE56a_pH5.55,10_20cm,5.552,24.42563482,1.907617896,-0.01782327586,-17.82327586,1.122128174,1.213903643,7.198198198,T0,36.63323184,3
C05,0,2,0,Soil8,Soil8_CE56a,Slurry,HCl_NaOH,-13,-1.3,20,6.76,None,None,Soil8_T0,0.0193,0.2315889856,0,0,0,-0.000026,Soil8_CE56a_pH5.55,10_20cm,5.552,24.42563482,1.907617896,-0.01362956389,-13.62956389,1.122128174,1.213903643,6.801801802,T0,19.29908213,3
C06,0,2,0,Soil8,Soil8_CE56a,Slurry,HCl_NaOH,-10,-1,20,6.31,None,None,Soil8_T0,0.01895,0.2265968386,0,0,0,-0.00002,Soil8_CE56a_pH5.55,10_20cm,5.552,24.42563482,1.907617896,-0.01048427992,-10.48427992,1.122128174,1.213903643,6.261261261,T0,18.88306988,3
C07,0,2,0,Soil8,Soil8_CE56a,Slurry,HCl_NaOH,-8,-0.8,20,5.86,None,None,Soil8_T0,0.017,0.1987786266,0,0,0,-0.000016,Soil8_CE56a_pH5.55,10_20cm,5.552,24.42563482,1.907617896,-0.008387423935,-8.387423935,1.122128174,1.213903643,5.948948949,T0,16.56488555,3
C08,0,2,0,Soil8,Soil8_CE56a,Slurry,HCl_NaOH,-5,-0.5,20,5.41,None,None,Soil8_T0,0.011,0.1131327853,0,0,0,-0.00001,Soil8_CE56a_pH5.55,10_20cm,5.552,24.42563482,1.907617896,-0.005242139959,-5.242139959,1.122128174,1.213903643,5.252252252,T0,9.427732109,3
C09,0,2,0,Soil8,Soil8_CE56a,Slurry,HCl_NaOH,-2,-0.2,20,4.96,None,None,Soil8_T0,0.00625,0.04527475981,0,0,0,-0.000004,Soil8_CE56a_pH5.55,10_20cm,5.552,24.42563482,1.907617896,-0.002096855984,-2.096855984,1.122128174,1.213903643,4.6996997,T0,3.77289665,3
C10,0,2,0,Soil8,Soil8_CE56a,Slurry,HCl_NaOH,4,0.4,20,4.06,None,None,Soil8_T0,0.00435,0.01811789745,0,0,0,0.000008,Soil8_CE56a_pH5.55,10_20cm,5.552,24.42563482,1.907617896,0.004193711968,4.193711968,1.122128174,1.213903643,4.135135135,T0,1.509824788,3
C11,0,2,0,Soil8,Soil8_CE56a,Slurry,HCl_NaOH,10,1,20,3.61,None,None,Soil8_T0,0.0045,0.02026214418,0,0,0,0.00002,Soil8_CE56a_pH5.55,10_20cm,5.552,24.42563482,1.907617896,0.01048427992,10.48427992,1.122128174,1.213903643,3.702702703,T0,1.688512015,3
C12,0,2,0,Soil8,Soil8_CE56a,Slurry,HCl_NaOH,30,3,20,3.16,None,None,Soil8_T0,0.0099,0.09742262977,0,0,0,0.00006,Soil8_CE56a_pH5.55,10_20cm,5.552,24.42563482,1.907617896,0.03145283976,31.45283976,1.122128174,1.213903643,3.22,T0,8.118552481,3
D01,0,2,0,Soil8,Soil8_CE56a,Slurry,HCl_NaOH,-95,-9.5,20,8.56,None,CHX,Soil8_T0,0.0946,1.29956054,0,0,0,-0.00019,Soil8_CE56a_pH5.55,10_20cm,5.552,24.42563482,1.907617896,-0.09960065923,-99.60065923,1.122128174,1.213903643,8.56,T0,108.2967117,1
D02,0,2,0,Soil8,Soil8_CE56a,Slurry,HCl_NaOH,30,3,20,3.16,None,CHX,Soil8_T0,0.0153,0.1745201775,0,0,0,0.00006,Soil8_CE56a_pH5.55,10_20cm,5.552,24.42563482,1.907617896,0.03145283976,31.45283976,1.122128174,1.213903643,3.186186186,T0,14.54334813,1
D03,0,2,0,Soil8,Soil8_CE56a,Slurry,HCl_NaOH,0,0,20,4.51,None,CHX,Soil8_T0,0.0119,0.1259846073,0,0,0,0,Soil8_CE56a_pH5.55,10_20cm,5.552,24.42563482,1.907617896,0,0,1.122128174,1.213903643,4.543543544,T0,10.49871728,1
D04,0,0,0,Soil8,Soil8_CE56a,No_Nitrate,No_Nitrate,0,0,20,4.51,None,None,Soil8_T0,0.00345,0.005251394575,0,0,0,0,Soil8_CE56a_pH5.55,10_20cm,5.552,24.42563482,1.907617896,0,0,1.122128174,1.213903643,4.443443443,T0,0.4376162146,1
D05,0,0,0,Soil8,Soil8_CE56a,No_Nitrate,No_Nitrate,0,0,20,4.51,None,None,Soil8_T0,0.0035,0.005966246283,0,0,0,0,Soil8_CE56a_pH5.55,10_20cm,5.552,24.42563482,1.907617896,0,0,1.122128174,1.213903643,4.443443443,T0,0.4971871903,2
D06,0,0,0,Soil8,Soil8_CE56a,No_Nitrate,No_Nitrate,0,0,20,4.51,None,None,Soil8_T0,0.0044,0.01883265177,0,0,0,0,Soil8_CE56a_pH5.55,10_20cm,5.552,24.42563482,1.907617896,0,0,1.122128174,1.213903643,4.443443443,T0,1.569387648,3
D07,0,2,0,Soil8,Soil8_CE56a,Slurry,HCl_NaOH,0,0,20,4.51,None,None,Soil8_T0,0.0055,0.03455587843,0,0,0,0,Soil8_CE56a_pH5.55,10_20cm,5.552,24.42563482,1.907617896,0,0,1.122128174,1.213903643,4.426666667,T0,2.879656536,1
D08,0,2,0,Soil8,Soil8_CE56a,Slurry,HCl_NaOH,0,0,20,4.51,None,None,Soil8_T0,0.00445,0.01954740068,0,0,0,0,Soil8_CE56a_pH5.55,10_20cm,5.552,24.42563482,1.907617896,0,0,1.122128174,1.213903643,4.426666667,T0,1.628950057,2
D09,0,2,0,Soil8,Soil8_CE56a,Slurry,HCl_NaOH,0,0,20,4.51,None,None,Soil8_T0,0.00485,0.02526519723,0,0,0,0,Soil8_CE56a_pH5.55,10_20cm,5.552,24.42563482,1.907617896,0,0,1.122128174,1.213903643,4.426666667,T0,2.105433103,3
D10,2,0,0,Soil17,Soil17_Neutral3,Nitrite_Blank,Nitrite,0,0,20,None,None,None,Soil17_T0,0.00195,0.03132969784,0,0,0,0,Soil17_Neutral3_pH7.05,10_20cm,7.052,23.7804878,1.902134146,0,0,1.118902439,1.188815209,,T0,2.610808153,1
D11,0,2,0,Soil17,Soil17_Neutral3,Nitrate_Blank,Nitrate,0,0,20,None,None,None,Soil17_T0,0.0021,0.03309676686,0,0,0,0,Soil17_Neutral3_pH7.05,10_20cm,7.052,23.7804878,1.902134146,0,0,1.118902439,1.188815209,,T0,2.758063905,2
D12,0,0,2,Soil17,Soil17_Neutral3,Ammonium_Blank,Ammonium,0,0,20,None,None,None,Soil17_T0,0.0001,0.009535725299,0,0,0,0,Soil17_Neutral3_pH7.05,10_20cm,7.052,23.7804878,1.902134146,0,0,1.118902439,1.188815209,,T0,0.7946437749,3
A12,2,0,0,Soil20,Soil20_CE251,Nitrite_Blank,Nitrite,0,0,20,4.43,None,None,Soil20_T0,0.0043,0.0590136099,0,0,0,0,Soil20_CE251_pH8.32,10_20cm,8.323,23.31288344,1.898159509,0,0,1.116564417,1.283617654,,T0,4.917800825,1
B12,0,2,0,Soil20,Soil20_CE251,Nitrate_Blank,Nitrate,0,0,20,4.43,None,None,Soil20_T0,0,0.008357666342,0,0,0,0,Soil20_CE251_pH8.32,10_20cm,8.323,23.31288344,1.898159509,0,0,1.116564417,1.283617654,,T0,0.6964721951,2
C12,0,0,2,Soil20,Soil20_CE251,Ammonium_Blank,Ammonium,0,0,20,4.43,None,None,Soil20_T0,0.00225,0.03486383442,0,0,0,0,Soil20_CE251_pH8.32,10_20cm,8.323,23.31288344,1.898159509,0,0,1.116564417,1.283617654,,T0,2.905319535,3
D10,2,0,0,Soil19,Soil19_Neutral4,Nitrite_Blank,Nitrite,0,0,20,None,None,None,Soil19_T0,0.0037,0.05194541143,0,0,0,0,Soil19_Neutral4_pH8.23,10_20cm,8.232,23.87332521,1.902923264,0,0,1.119366626,1.283617654,,T0,4.328784286,1
D11,0,2,0,Soil19,Soil19_Neutral4,Nitrate_Blank,Nitrate,0,0,20,None,None,None,Soil19_T0,0.00025,0.01130281251,0,0,0,0,Soil19_Neutral4_pH8.23,10_20cm,8.232,23.87332521,1.902923264,0,0,1.119366626,1.283617654,,T0,0.9419010423,2
D12,0,0,2,Soil19,Soil19_Neutral4,Ammonium_Blank,Ammonium,0,0,20,None,None,None,Soil19_T0,0.0019,0.0307406745,0,0,0,0,Soil19_Neutral4_pH8.23,10_20cm,8.232,23.87332521,1.902923264,0,0,1.119366626,1.283617654,,T0,2.561722875,3
D10,2,0,0,Soil15,Soil15_Neutral5,Nitrite_Blank,Nitrite,0,0,20,None,None,None,Soil15_T0,0.01265,0.1304826213,0,0,0,0,Soil15_Neutral5_pH6.79,10_20cm,6.789,24.24242424,1.906060606,0,0,1.121212121,1.288461828,,T0,10.87355177,1
D11,0,2,0,Soil15,Soil15_Neutral5,Nitrate_Blank,Nitrate,0,0,20,None,None,None,Soil15_T0,0.01885,0.2009612868,0,0,0,0,Soil15_Neutral5_pH6.79,10_20cm,6.789,24.24242424,1.906060606,0,0,1.121212121,1.288461828,,T0,16.7467739,2
D12,0,0,2,Soil15,Soil15_Neutral5,Ammonium_Blank,Ammonium,0,0,20,None,None,None,Soil15_T0,0.01025,0.1032082657,0,0,0,0,Soil15_Neutral5_pH6.79,10_20cm,6.789,24.24242424,1.906060606,0,0,1.121212121,1.288461828,,T0,8.600688809,3
D10,2,0,0,Soil18,Soil18_Neutral1,Nitrite_Blank,Nitrite,0,0,20,None,None,None,Soil18_T0,0.0028,0.01857149775,0,0,0,0,Soil18_Neutral1_pH7.68,10_20cm,7.681,24.24242424,1.906060606,0,0,1.121212121,1.188815209,,T0,1.547624813,1
D11,0,2,0,Soil18,Soil18_Neutral1,Nitrate_Blank,Nitrate,0,0,20,None,None,None,Soil18_T0,0.00035,0,0,0,0,0,Soil18_Neutral1_pH7.68,10_20cm,7.681,24.24242424,1.906060606,0,0,1.121212121,1.188815209,,T0,0,2
D12,0,0,2,Soil18,Soil18_Neutral1,Ammonium_Blank,Ammonium,0,0,20,None,None,None,Soil18_T0,0.0029,0.01970728771,0,0,0,0,Soil18_Neutral1_pH7.68,10_20cm,7.681,24.24242424,1.906060606,0,0,1.121212121,1.188815209,,T0,1.642273976,3
D10,2,0,0,Soil14,Soil14_Neutral2,Nitrite_Blank,Nitrite,0,0,20,None,None,None,Soil14_T0,0.0079,0.06504496258,0,0,0,0,Soil14_Neutral2_pH6.54,10_20cm,6.545,26.03550296,1.921301775,0,0,1.130177515,1.234836021,,T0,5.420413548,1
D11,0,2,0,Soil14,Soil14_Neutral2,Nitrate_Blank,Nitrate,0,0,20,None,None,None,Soil14_T0,0.0077,0.0629875493,0,0,0,0,Soil14_Neutral2_pH6.54,10_20cm,6.545,26.03550296,1.921301775,0,0,1.130177515,1.234836021,,T0,5.248962442,2
D12,0,0,2,Soil14,Soil14_Neutral2,Ammonium_Blank,Ammonium,0,0,20,None,None,None,Soil14_T0,0.0055,0.04035550377,0,0,0,0,Soil14_Neutral2_pH6.54,10_20cm,6.545,26.03550296,1.921301775,0,0,1.130177515,1.234836021,,T0,3.362958647,3
D10,2,0,0,Soil16,Soil16_Neutral6,Nitrite_Blank,Nitrite,0,0,20,None,None,None,Soil16_T0,0.0078,0.06401625689,0,0,0,0,Soil16_Neutral6_pH6.86,10_20cm,6.86,24.05832321,1.904495747,0,0,1.120291616,1.288461828,,T0,5.334688074,1
D11,0,2,0,Soil16,Soil16_Neutral6,Nitrate_Blank,Nitrate,0,0,20,None,None,None,Soil16_T0,0.00645,0.05012854486,0,0,0,0,Soil16_Neutral6_pH6.86,10_20cm,6.86,24.05832321,1.904495747,0,0,1.120291616,1.288461828,,T0,4.177378738,2
D12,0,0,2,Soil16,Soil16_Neutral6,Ammonium_Blank,Ammonium,0,0,20,None,None,None,Soil16_T0,0.0052,0.03726924479,0,0,0,0,Soil16_Neutral6_pH6.86,10_20cm,6.86,24.05832321,1.904495747,0,0,1.120291616,1.288461828,,T0,3.105770399,3
D10,2,0,0,Soil11,Soil11_CE234,Nitrite_Blank,Nitrite,0,0,20,None,None,None,Soil11_T0,0.0075,0.06541376795,0,0,0,0,Soil11_CE234_pH6.19,10_20cm,6.186,25.1497006,1.913772455,0,0,1.125748503,1.22703048,,T0,5.451147329,1
D11,0,2,0,Soil11,Soil11_CE234,Nitrate_Blank,Nitrate,0,0,20,None,None,None,Soil11_T0,0.0058,0.04506567566,0,0,0,0,Soil11_CE234_pH6.19,10_20cm,6.186,25.1497006,1.913772455,0,0,1.125748503,1.22703048,,T0,3.755472972,2
D12,0,0,2,Soil11,Soil11_CE234,Ammonium_Blank,Ammonium,0,0,20,None,None,None,Soil11_T0,0.005,0.03549008958,0,0,0,0,Soil11_CE234_pH6.19,10_20cm,6.186,25.1497006,1.913772455,0,0,1.125748503,1.22703048,,T0,2.957507465,3
D10,2,0,0,Soil13,Soil13_Neutral7,Nitrite_Blank,Nitrite,0,0,20,None,None,None,Soil13_T0,0.0075,0.06541376795,0,0,0,0,Soil13_Neutral7_pH6.43,10_20cm,6.435,25.05995204,1.913009592,0,0,1.12529976,1.234836021,,T0,5.451147329,1
D11,0,2,0,Soil13,Soil13_Neutral7,Nitrate_Blank,Nitrate,0,0,20,None,None,None,Soil13_T0,0.0045,0.02950534398,0,0,0,0,Soil13_Neutral7_pH6.43,10_20cm,6.435,25.05995204,1.913009592,0,0,1.12529976,1.234836021,,T0,2.458778665,2
D12,0,0,2,Soil13,Soil13_Neutral7,Ammonium_Blank,Ammonium,0,0,20,None,None,None,Soil13_T0,0.00455,0.03010381869,0,0,0,0,Soil13_Neutral7_pH6.43,10_20cm,6.435,25.05995204,1.913009592,0,0,1.12529976,1.234836021,,T0,2.508651557,3
D10,2,0,0,Soil5,Soil5_CE201,Nitrite_Blank,Nitrite,0,0,20,None,None,None,Soil5_T0,0.00265,0.03011849872,0,0,0,0,Soil5_CE201_pH5.32,10_20cm,5.324,25.1497006,1.913772455,0,0,1.125748503,1.202267654,,T0,2.509874893,1
D11,0,2,0,Soil5,Soil5_CE201,Nitrate_Blank,Nitrate,0,0,20,None,None,None,Soil5_T0,0.00145,0.01599893371,0,0,0,0,Soil5_CE201_pH5.32,10_20cm,5.324,25.1497006,1.913772455,0,0,1.125748503,1.202267654,,T0,1.333244476,2
D12,0,0,2,Soil5,Soil5_CE201,Ammonium_Blank,Ammonium,0,0,20,None,None,None,Soil5_T0,0.00265,0.03011849872,0,0,0,0,Soil5_CE201_pH5.32,10_20cm,5.324,25.1497006,1.913772455,0,0,1.125748503,1.202267654,,T0,2.509874893,3
D10,2,0,0,Soil12,Soil12_CE229,Nitrite_Blank,Nitrite,0,0,20,None,None,None,Soil12_T0,0.00265,0.03011849872,0,0,0,0,Soil12_CE229_pH6.26,10_20cm,6.255,24.24242424,1.906060606,0,0,1.121212121,1.22703048,,T0,2.509874893,1
D11,0,2,0,Soil12,Soil12_CE229,Nitrate_Blank,Nitrate,0,0,20,None,None,None,Soil12_T0,0.0013,0.01423393497,0,0,0,0,Soil12_CE229_pH6.26,10_20cm,6.255,24.24242424,1.906060606,0,0,1.121212121,1.22703048,,T0,1.186161247,2
D12,0,0,2,Soil12,Soil12_CE229,Ammonium_Blank,Ammonium,0,0,20,None,None,None,Soil12_T0,0.00125,0.01364559943,0,0,0,0,Soil12_CE229_pH6.26,10_20cm,6.255,24.24242424,1.906060606,0,0,1.121212121,1.22703048,,T0,1.137133286,3
D10,2,0,0,Soil3,Soil3_CE239,Nitrite_Blank,Nitrite,0,0,20,None,None,None,Soil3_T0,0.002,0.01105465896,0,0,0,0,Soil3_CE239_pH4.99,10_20cm,4.987,24.78941035,1.910709988,0,0,1.123947052,1.202267654,,T0,0.9212215796,1
D11,0,2,0,Soil3,Soil3_CE239,Nitrate_Blank,Nitrate,0,0,20,None,None,None,Soil3_T0,0.00135,0.003231558553,0,0,0,0,Soil3_CE239_pH4.99,10_20cm,4.987,24.78941035,1.910709988,0,0,1.123947052,1.202267654,,T0,0.269296546,2
D12,0,0,2,Soil3,Soil3_CE239,Ammonium_Blank,Ammonium,0,0,20,None,None,None,Soil3_T0,0.003,0.02308932458,0,0,0,0,Soil3_CE239_pH4.99,10_20cm,4.987,24.78941035,1.910709988,0,0,1.123947052,1.202267654,,T0,1.924110382,3
D10,2,0,0,Soil9,Soil9_CE277,Nitrite_Blank,Nitrite,0,0,20,None,None,None,Soil9_T0,0.0041,0.03330152127,0,0,0,0,Soil9_CE277_pH5.82,10_20cm,5.822,24.15048544,1.905279126,0,0,1.120752427,1.217914003,,T0,2.775126772,1
D11,0,2,0,Soil9,Soil9_CE277,Nitrate_Blank,Nitrate,0,0,20,None,None,None,Soil9_T0,0.0017,0.005510708893,0,0,0,0,Soil9_CE277_pH5.82,10_20cm,5.822,24.15048544,1.905279126,0,0,1.120752427,1.217914003,,T0,0.459225741,2
D12,0,0,2,Soil9,Soil9_CE277,Ammonium_Blank,Ammonium,0,0,20,None,None,None,Soil9_T0,0.0021,0.01014268333,0,0,0,0,Soil9_CE277_pH5.82,10_20cm,5.822,24.15048544,1.905279126,0,0,1.120752427,1.217914003,,T0,0.8452236105,3
D10,2,0,0,Soil10,Soil10_CE253,Nitrite_Blank,Nitrite,0,0,20,None,None,None,Soil10_T0,0,0,0,0,0,0,Soil10_CE253_pH5.97,10_20cm,5.975,24.78941035,1.910709988,0,0,1.123947052,1.213903643,,T0,0,1
D11,0,2,0,Soil10,Soil10_CE253,Nitrate_Blank,Nitrate,0,0,20,None,None,None,Soil10_T0,0,0,0,0,0,0,Soil10_CE253_pH5.97,10_20cm,5.975,24.78941035,1.910709988,0,0,1.123947052,1.213903643,,T0,0,2
D12,0,0,2,Soil10,Soil10_CE253,Ammonium_Blank,Ammonium,0,0,20,None,None,None,Soil10_T0,0,0,0,0,0,0,Soil10_CE253_pH5.97,10_20cm,5.975,24.78941035,1.910709988,0,0,1.123947052,1.213903643,,T0,0,3
D10,2,0,0,Soil6,Soil6_CE73,Nitrite_Blank,Nitrite,0,0,20,None,None,None,Soil6_T0,0.00415,0.02471428166,0,0,0,0,Soil6_CE73_pH5.4,10_20cm,5.405,26.9005848,1.928654971,0,0,1.134502924,1.217914003,,T0,2.059523472,1
D11,0,2,0,Soil6,Soil6_CE73,Nitrate_Blank,Nitrate,0,0,20,None,None,None,Soil6_T0,0.0009,0,0,0,0,0,Soil6_CE73_pH5.4,10_20cm,5.405,26.9005848,1.928654971,0,0,1.134502924,1.217914003,,T0,0,2
D12,0,0,2,Soil6,Soil6_CE73,Ammonium_Blank,Ammonium,0,0,20,None,None,None,Soil6_T0,0.0023,0.002162312522,0,0,0,0,Soil6_CE73_pH5.4,10_20cm,5.405,26.9005848,1.928654971,0,0,1.134502924,1.217914003,,T0,0.1801927102,3
D10,2,0,0,Soil8,Soil8_CE56a,Nitrite_Blank,Nitrite,0,0,20,None,None,None,Soil8_T0,0.00335,0.00340573832,0,0,0,0,Soil8_CE56a_pH5.55,10_20cm,5.552,24.42563482,1.907617896,0,0,1.122128174,1.213903643,,T0,0.2838115267,1
D11,0,2,0,Soil8,Soil8_CE56a,Nitrate_Blank,Nitrate,0,0,20,None,None,None,Soil8_T0,0.05045,0.6013934309,0,0,0,0,Soil8_CE56a_pH5.55,10_20cm,5.552,24.42563482,1.907617896,0,0,1.122128174,1.213903643,,T0,50.11611924,2
D12,0,0,2,Soil8,Soil8_CE56a,Ammonium_Blank,Ammonium,0,0,20,None,None,None,Soil8_T0,0.0041,0.01296112606,0,0,0,0,Soil8_CE56a_pH5.55,10_20cm,5.552,24.42563482,1.907617896,0,0,1.122128174,1.213903643,,T0,1.080093838,3